run_group,category,model,prompt_setting,language,raw_generation_files,automatic_metric_files,correctness_files,raw_present,metrics_present,correctness_present,complete_raw_metrics_correctness,raw_paths,metric_paths,correctness_paths
core_400_report_run,open-source-base,codegemma_2b,zero_shot,python,2,2,2,True,True,True,True,outputs/segregated_results/open-source-base/raw/codegemma_2b_P1_zero_shot_python_400_v1.jsonl | outputs/segregated_results/open-source-base/raw/open-source/codegemma_2b_P1_zero_shot_python_400_v1.jsonl,outputs/segregated_results/open-source-base/may2026/open-source/codegemma_2b_P1_zero_shot_python_400_v1_detailed.jsonl | outputs/segregated_results/open-source-base/may2026/open-source/codegemma_2b_P1_zero_shot_python_400_v1_summary.json,outputs/segregated_results/open-source-base/may2026/open-source/codegemma_2b_P1_zero_shot_python_400_v1_code_grounded_detailed.jsonl | outputs/segregated_results/open-source-base/may2026/open-source/codegemma_2b_P1_zero_shot_python_400_v1_code_grounded_summary.json
core_400_report_run,open-source-base,codegemma_2b,zero_shot,java,2,2,2,True,True,True,True,outputs/segregated_results/open-source-base/raw/codegemma_2b_P1_zero_shot_java_400_v1.jsonl | outputs/segregated_results/open-source-base/raw/open-source/codegemma_2b_P1_zero_shot_java_400_v1.jsonl,outputs/segregated_results/open-source-base/may2026/open-source/codegemma_2b_P1_zero_shot_java_400_v1_detailed.jsonl | outputs/segregated_results/open-source-base/may2026/open-source/codegemma_2b_P1_zero_shot_java_400_v1_summary.json,outputs/segregated_results/open-source-base/may2026/open-source/codegemma_2b_P1_zero_shot_java_400_v1_code_grounded_detailed.jsonl | outputs/segregated_results/open-source-base/may2026/open-source/codegemma_2b_P1_zero_shot_java_400_v1_code_grounded_summary.json
core_400_report_run,open-source-base,codegemma_2b,zero_shot,javascript,2,2,2,True,True,True,True,outputs/segregated_results/open-source-base/raw/codegemma_2b_P1_zero_shot_javascript_400_v1.jsonl | outputs/segregated_results/open-source-base/raw/open-source/codegemma_2b_P1_zero_shot_javascript_400_v1.jsonl,outputs/segregated_results/open-source-base/may2026/open-source/codegemma_2b_P1_zero_shot_javascript_400_v1_detailed.jsonl | outputs/segregated_results/open-source-base/may2026/open-source/codegemma_2b_P1_zero_shot_javascript_400_v1_summary.json,outputs/segregated_results/open-source-base/may2026/open-source/codegemma_2b_P1_zero_shot_javascript_400_v1_code_grounded_detailed.jsonl | outputs/segregated_results/open-source-base/may2026/open-source/codegemma_2b_P1_zero_shot_javascript_400_v1_code_grounded_summary.json
core_400_report_run,open-source-base,codegemma_2b,one_shot,python,2,4,4,True,True,True,True,outputs/segregated_results/open-source-base/raw/codegemma_2b_P1_one_shot_python_400_v1.jsonl | outputs/segregated_results/open-source-base/raw/open-source/codegemma_2b_P1_one_shot_python_400_v1.jsonl,outputs/segregated_results/open-source-base/may2026/open-source/codegemma_2b_P1_one_shot_python_400_v1_detailed.jsonl | outputs/segregated_results/open-source-base/may2026/open-source/codegemma_2b_P1_one_shot_python_400_v1_summary.json | outputs/segregated_results/open-source-base/eval/codegemma_2b_P1_one_shot_python_400_v1_eval.json_detailed.jsonl | outputs/segregated_results/open-source-base/eval/codegemma_2b_P1_one_shot_python_400_v1_eval.json_summary.json,outputs/segregated_results/open-source-base/correctness/codegemma_2b_P1_one_shot_python_400_v1_correctness.json_detailed.jsonl | outputs/segregated_results/open-source-base/correctness/codegemma_2b_P1_one_shot_python_400_v1_correctness.json_summary.json | outputs/segregated_results/open-source-base/may2026/open-source/codegemma_2b_P1_one_shot_python_400_v1_code_grounded_detailed.jsonl | outputs/segregated_results/open-source-base/may2026/open-source/codegemma_2b_P1_one_shot_python_400_v1_code_grounded_summary.json
core_400_report_run,open-source-base,codegemma_2b,one_shot,java,2,4,4,True,True,True,True,outputs/segregated_results/open-source-base/raw/codegemma_2b_P1_one_shot_java_400_v1.jsonl | outputs/segregated_results/open-source-base/raw/open-source/codegemma_2b_P1_one_shot_java_400_v1.jsonl,outputs/segregated_results/open-source-base/may2026/open-source/codegemma_2b_P1_one_shot_java_400_v1_detailed.jsonl | outputs/segregated_results/open-source-base/may2026/open-source/codegemma_2b_P1_one_shot_java_400_v1_summary.json | outputs/segregated_results/open-source-base/eval/codegemma_2b_P1_one_shot_java_400_v1_eval.json_detailed.jsonl | outputs/segregated_results/open-source-base/eval/codegemma_2b_P1_one_shot_java_400_v1_eval.json_summary.json,outputs/segregated_results/open-source-base/correctness/codegemma_2b_P1_one_shot_java_400_v1_correctness.json_detailed.jsonl | outputs/segregated_results/open-source-base/correctness/codegemma_2b_P1_one_shot_java_400_v1_correctness.json_summary.json | outputs/segregated_results/open-source-base/may2026/open-source/codegemma_2b_P1_one_shot_java_400_v1_code_grounded_detailed.jsonl | outputs/segregated_results/open-source-base/may2026/open-source/codegemma_2b_P1_one_shot_java_400_v1_code_grounded_summary.json
core_400_report_run,open-source-base,codegemma_2b,one_shot,javascript,2,4,4,True,True,True,True,outputs/segregated_results/open-source-base/raw/codegemma_2b_P1_one_shot_javascript_400_v1.jsonl | outputs/segregated_results/open-source-base/raw/open-source/codegemma_2b_P1_one_shot_javascript_400_v1.jsonl,outputs/segregated_results/open-source-base/may2026/open-source/codegemma_2b_P1_one_shot_javascript_400_v1_detailed.jsonl | outputs/segregated_results/open-source-base/may2026/open-source/codegemma_2b_P1_one_shot_javascript_400_v1_summary.json | outputs/segregated_results/open-source-base/eval/codegemma_2b_P1_one_shot_javascript_400_v1_eval.json_detailed.jsonl | outputs/segregated_results/open-source-base/eval/codegemma_2b_P1_one_shot_javascript_400_v1_eval.json_summary.json,outputs/segregated_results/open-source-base/correctness/codegemma_2b_P1_one_shot_javascript_400_v1_correctness.json_detailed.jsonl | outputs/segregated_results/open-source-base/correctness/codegemma_2b_P1_one_shot_javascript_400_v1_correctness.json_summary.json | outputs/segregated_results/open-source-base/may2026/open-source/codegemma_2b_P1_one_shot_javascript_400_v1_code_grounded_detailed.jsonl | outputs/segregated_results/open-source-base/may2026/open-source/codegemma_2b_P1_one_shot_javascript_400_v1_code_grounded_summary.json
core_400_report_run,open-source-base,codegemma_2b,few_shot,python,2,2,2,True,True,True,True,outputs/segregated_results/open-source-base/raw/codegemma_2b_P1_few_shot_python_400_v1.jsonl | outputs/segregated_results/open-source-base/raw/open-source/codegemma_2b_P1_few_shot_python_400_v1.jsonl,outputs/segregated_results/open-source-base/may2026/open-source/codegemma_2b_P1_few_shot_python_400_v1_detailed.jsonl | outputs/segregated_results/open-source-base/may2026/open-source/codegemma_2b_P1_few_shot_python_400_v1_summary.json,outputs/segregated_results/open-source-base/may2026/open-source/codegemma_2b_P1_few_shot_python_400_v1_code_grounded_detailed.jsonl | outputs/segregated_results/open-source-base/may2026/open-source/codegemma_2b_P1_few_shot_python_400_v1_code_grounded_summary.json
core_400_report_run,open-source-base,codegemma_2b,few_shot,java,2,2,2,True,True,True,True,outputs/segregated_results/open-source-base/raw/codegemma_2b_P1_few_shot_java_400_v1.jsonl | outputs/segregated_results/open-source-base/raw/open-source/codegemma_2b_P1_few_shot_java_400_v1.jsonl,outputs/segregated_results/open-source-base/may2026/open-source/codegemma_2b_P1_few_shot_java_400_v1_detailed.jsonl | outputs/segregated_results/open-source-base/may2026/open-source/codegemma_2b_P1_few_shot_java_400_v1_summary.json,outputs/segregated_results/open-source-base/may2026/open-source/codegemma_2b_P1_few_shot_java_400_v1_code_grounded_detailed.jsonl | outputs/segregated_results/open-source-base/may2026/open-source/codegemma_2b_P1_few_shot_java_400_v1_code_grounded_summary.json
core_400_report_run,open-source-base,codegemma_2b,few_shot,javascript,2,2,2,True,True,True,True,outputs/segregated_results/open-source-base/raw/codegemma_2b_P1_few_shot_javascript_400_v1.jsonl | outputs/segregated_results/open-source-base/raw/open-source/codegemma_2b_P1_few_shot_javascript_400_v1.jsonl,outputs/segregated_results/open-source-base/may2026/open-source/codegemma_2b_P1_few_shot_javascript_400_v1_detailed.jsonl | outputs/segregated_results/open-source-base/may2026/open-source/codegemma_2b_P1_few_shot_javascript_400_v1_summary.json,outputs/segregated_results/open-source-base/may2026/open-source/codegemma_2b_P1_few_shot_javascript_400_v1_code_grounded_detailed.jsonl | outputs/segregated_results/open-source-base/may2026/open-source/codegemma_2b_P1_few_shot_javascript_400_v1_code_grounded_summary.json
core_400_report_run,open-source-base,gemma_2_2b_it,zero_shot,python,2,2,2,True,True,True,True,outputs/segregated_results/open-source-base/raw/gemma_2_2b_it_P1_zero_shot_python_400_v2.jsonl | outputs/segregated_results/open-source-base/raw/open-source/gemma_2_2b_it_P1_zero_shot_python_400_v2.jsonl,outputs/segregated_results/open-source-base/may2026/open-source/gemma_2_2b_it_P1_zero_shot_python_400_v2_detailed.jsonl | outputs/segregated_results/open-source-base/may2026/open-source/gemma_2_2b_it_P1_zero_shot_python_400_v2_summary.json,outputs/segregated_results/open-source-base/may2026/open-source/gemma_2_2b_it_P1_zero_shot_python_400_v2_code_grounded_detailed.jsonl | outputs/segregated_results/open-source-base/may2026/open-source/gemma_2_2b_it_P1_zero_shot_python_400_v2_code_grounded_summary.json
core_400_report_run,open-source-base,gemma_2_2b_it,zero_shot,java,2,2,2,True,True,True,True,outputs/segregated_results/open-source-base/raw/gemma_2_2b_it_P1_zero_shot_java_400_v2.jsonl | outputs/segregated_results/open-source-base/raw/open-source/gemma_2_2b_it_P1_zero_shot_java_400_v2.jsonl,outputs/segregated_results/open-source-base/may2026/open-source/gemma_2_2b_it_P1_zero_shot_java_400_v2_detailed.jsonl | outputs/segregated_results/open-source-base/may2026/open-source/gemma_2_2b_it_P1_zero_shot_java_400_v2_summary.json,outputs/segregated_results/open-source-base/may2026/open-source/gemma_2_2b_it_P1_zero_shot_java_400_v2_code_grounded_detailed.jsonl | outputs/segregated_results/open-source-base/may2026/open-source/gemma_2_2b_it_P1_zero_shot_java_400_v2_code_grounded_summary.json
core_400_report_run,open-source-base,gemma_2_2b_it,zero_shot,javascript,2,2,2,True,True,True,True,outputs/segregated_results/open-source-base/raw/gemma_2_2b_it_P1_zero_shot_javascript_400_v2.jsonl | outputs/segregated_results/open-source-base/raw/open-source/gemma_2_2b_it_P1_zero_shot_javascript_400_v2.jsonl,outputs/segregated_results/open-source-base/may2026/open-source/gemma_2_2b_it_P1_zero_shot_javascript_400_v2_detailed.jsonl | outputs/segregated_results/open-source-base/may2026/open-source/gemma_2_2b_it_P1_zero_shot_javascript_400_v2_summary.json,outputs/segregated_results/open-source-base/may2026/open-source/gemma_2_2b_it_P1_zero_shot_javascript_400_v2_code_grounded_detailed.jsonl | outputs/segregated_results/open-source-base/may2026/open-source/gemma_2_2b_it_P1_zero_shot_javascript_400_v2_code_grounded_summary.json
core_400_report_run,open-source-base,gemma_2_2b_it,one_shot,python,2,4,4,True,True,True,True,outputs/segregated_results/open-source-base/raw/gemma_2_2b_it_P1_one_shot_python_400_v1.jsonl | outputs/segregated_results/open-source-base/raw/open-source/gemma_2_2b_it_P1_one_shot_python_400_v1.jsonl,outputs/segregated_results/open-source-base/may2026/open-source/gemma_2_2b_it_P1_one_shot_python_400_v1_detailed.jsonl | outputs/segregated_results/open-source-base/may2026/open-source/gemma_2_2b_it_P1_one_shot_python_400_v1_summary.json | outputs/segregated_results/open-source-base/eval/gemma_2_2b_it_P1_one_shot_python_400_v1_eval.json_detailed.jsonl | outputs/segregated_results/open-source-base/eval/gemma_2_2b_it_P1_one_shot_python_400_v1_eval.json_summary.json,outputs/segregated_results/open-source-base/correctness/gemma_2_2b_it_P1_one_shot_python_400_v1_correctness.json_detailed.jsonl | outputs/segregated_results/open-source-base/correctness/gemma_2_2b_it_P1_one_shot_python_400_v1_correctness.json_summary.json | outputs/segregated_results/open-source-base/may2026/open-source/gemma_2_2b_it_P1_one_shot_python_400_v1_code_grounded_detailed.jsonl | outputs/segregated_results/open-source-base/may2026/open-source/gemma_2_2b_it_P1_one_shot_python_400_v1_code_grounded_summary.json
core_400_report_run,open-source-base,gemma_2_2b_it,one_shot,java,2,4,4,True,True,True,True,outputs/segregated_results/open-source-base/raw/gemma_2_2b_it_P1_one_shot_java_400_v1.jsonl | outputs/segregated_results/open-source-base/raw/open-source/gemma_2_2b_it_P1_one_shot_java_400_v1.jsonl,outputs/segregated_results/open-source-base/may2026/open-source/gemma_2_2b_it_P1_one_shot_java_400_v1_detailed.jsonl | outputs/segregated_results/open-source-base/may2026/open-source/gemma_2_2b_it_P1_one_shot_java_400_v1_summary.json | outputs/segregated_results/open-source-base/eval/gemma_2_2b_it_P1_one_shot_java_400_v1_eval.json_detailed.jsonl | outputs/segregated_results/open-source-base/eval/gemma_2_2b_it_P1_one_shot_java_400_v1_eval.json_summary.json,outputs/segregated_results/open-source-base/correctness/gemma_2_2b_it_P1_one_shot_java_400_v1_correctness.json_detailed.jsonl | outputs/segregated_results/open-source-base/correctness/gemma_2_2b_it_P1_one_shot_java_400_v1_correctness.json_summary.json | outputs/segregated_results/open-source-base/may2026/open-source/gemma_2_2b_it_P1_one_shot_java_400_v1_code_grounded_detailed.jsonl | outputs/segregated_results/open-source-base/may2026/open-source/gemma_2_2b_it_P1_one_shot_java_400_v1_code_grounded_summary.json
core_400_report_run,open-source-base,gemma_2_2b_it,one_shot,javascript,2,4,4,True,True,True,True,outputs/segregated_results/open-source-base/raw/gemma_2_2b_it_P1_one_shot_javascript_400_v1.jsonl | outputs/segregated_results/open-source-base/raw/open-source/gemma_2_2b_it_P1_one_shot_javascript_400_v1.jsonl,outputs/segregated_results/open-source-base/may2026/open-source/gemma_2_2b_it_P1_one_shot_javascript_400_v1_detailed.jsonl | outputs/segregated_results/open-source-base/may2026/open-source/gemma_2_2b_it_P1_one_shot_javascript_400_v1_summary.json | outputs/segregated_results/open-source-base/eval/gemma_2_2b_it_P1_one_shot_javascript_400_v1_eval.json_detailed.jsonl | outputs/segregated_results/open-source-base/eval/gemma_2_2b_it_P1_one_shot_javascript_400_v1_eval.json_summary.json,outputs/segregated_results/open-source-base/correctness/gemma_2_2b_it_P1_one_shot_javascript_400_v1_correctness.json_detailed.jsonl | outputs/segregated_results/open-source-base/correctness/gemma_2_2b_it_P1_one_shot_javascript_400_v1_correctness.json_summary.json | outputs/segregated_results/open-source-base/may2026/open-source/gemma_2_2b_it_P1_one_shot_javascript_400_v1_code_grounded_detailed.jsonl | outputs/segregated_results/open-source-base/may2026/open-source/gemma_2_2b_it_P1_one_shot_javascript_400_v1_code_grounded_summary.json
core_400_report_run,open-source-base,gemma_2_2b_it,few_shot,python,2,2,2,True,True,True,True,outputs/segregated_results/open-source-base/raw/gemma_2_2b_it_P1_few_shot_python_400_v1.jsonl | outputs/segregated_results/open-source-base/raw/open-source/gemma_2_2b_it_P1_few_shot_python_400_v1.jsonl,outputs/segregated_results/open-source-base/may2026/open-source/gemma_2_2b_it_P1_few_shot_python_400_v1_detailed.jsonl | outputs/segregated_results/open-source-base/may2026/open-source/gemma_2_2b_it_P1_few_shot_python_400_v1_summary.json,outputs/segregated_results/open-source-base/may2026/open-source/gemma_2_2b_it_P1_few_shot_python_400_v1_code_grounded_detailed.jsonl | outputs/segregated_results/open-source-base/may2026/open-source/gemma_2_2b_it_P1_few_shot_python_400_v1_code_grounded_summary.json
core_400_report_run,open-source-base,gemma_2_2b_it,few_shot,java,2,2,2,True,True,True,True,outputs/segregated_results/open-source-base/raw/gemma_2_2b_it_P1_few_shot_java_400_v1.jsonl | outputs/segregated_results/open-source-base/raw/open-source/gemma_2_2b_it_P1_few_shot_java_400_v1.jsonl,outputs/segregated_results/open-source-base/may2026/open-source/gemma_2_2b_it_P1_few_shot_java_400_v1_detailed.jsonl | outputs/segregated_results/open-source-base/may2026/open-source/gemma_2_2b_it_P1_few_shot_java_400_v1_summary.json,outputs/segregated_results/open-source-base/may2026/open-source/gemma_2_2b_it_P1_few_shot_java_400_v1_code_grounded_detailed.jsonl | outputs/segregated_results/open-source-base/may2026/open-source/gemma_2_2b_it_P1_few_shot_java_400_v1_code_grounded_summary.json
core_400_report_run,open-source-base,gemma_2_2b_it,few_shot,javascript,2,2,2,True,True,True,True,outputs/segregated_results/open-source-base/raw/gemma_2_2b_it_P1_few_shot_javascript_400_v1.jsonl | outputs/segregated_results/open-source-base/raw/open-source/gemma_2_2b_it_P1_few_shot_javascript_400_v1.jsonl,outputs/segregated_results/open-source-base/may2026/open-source/gemma_2_2b_it_P1_few_shot_javascript_400_v1_detailed.jsonl | outputs/segregated_results/open-source-base/may2026/open-source/gemma_2_2b_it_P1_few_shot_javascript_400_v1_summary.json,outputs/segregated_results/open-source-base/may2026/open-source/gemma_2_2b_it_P1_few_shot_javascript_400_v1_code_grounded_detailed.jsonl | outputs/segregated_results/open-source-base/may2026/open-source/gemma_2_2b_it_P1_few_shot_javascript_400_v1_code_grounded_summary.json
core_400_report_run,open-source-base,qwen25_1_5b_instruct,zero_shot,python,1,4,4,True,True,True,True,outputs/segregated_results/open-source-base/raw/qwen25_1_5b_instruct_P1_zero_shot_python_400_v1.jsonl,outputs/segregated_results/open-source-base/may2026/open-source/qwen25_1_5b_instruct_P1_zero_shot_python_400_v1_detailed.jsonl | outputs/segregated_results/open-source-base/may2026/open-source/qwen25_1_5b_instruct_P1_zero_shot_python_400_v1_summary.json | outputs/segregated_results/open-source-base/eval/qwen25_1_5b_instruct_P1_zero_shot_python_400_v1_eval.json_detailed.jsonl | outputs/segregated_results/open-source-base/eval/qwen25_1_5b_instruct_P1_zero_shot_python_400_v1_eval.json_summary.json,outputs/segregated_results/open-source-base/correctness/qwen25_1_5b_instruct_P1_zero_shot_python_400_v1_correctness_detailed.jsonl | outputs/segregated_results/open-source-base/correctness/qwen25_1_5b_instruct_P1_zero_shot_python_400_v1_correctness_summary.json | outputs/segregated_results/open-source-base/may2026/open-source/qwen25_1_5b_instruct_P1_zero_shot_python_400_v1_code_grounded_detailed.jsonl | outputs/segregated_results/open-source-base/may2026/open-source/qwen25_1_5b_instruct_P1_zero_shot_python_400_v1_code_grounded_summary.json
core_400_report_run,open-source-base,qwen25_1_5b_instruct,zero_shot,java,1,4,4,True,True,True,True,outputs/segregated_results/open-source-base/raw/qwen25_1_5b_instruct_P1_zero_shot_java_400_v1.jsonl,outputs/segregated_results/open-source-base/may2026/open-source/qwen25_1_5b_instruct_P1_zero_shot_java_400_v1_detailed.jsonl | outputs/segregated_results/open-source-base/may2026/open-source/qwen25_1_5b_instruct_P1_zero_shot_java_400_v1_summary.json | outputs/segregated_results/open-source-base/eval/qwen25_1_5b_instruct_P1_zero_shot_java_400_v1_eval.json_detailed.jsonl | outputs/segregated_results/open-source-base/eval/qwen25_1_5b_instruct_P1_zero_shot_java_400_v1_eval.json_summary.json,outputs/segregated_results/open-source-base/correctness/qwen25_1_5b_instruct_P1_zero_shot_java_400_v1_correctness_detailed.jsonl | outputs/segregated_results/open-source-base/correctness/qwen25_1_5b_instruct_P1_zero_shot_java_400_v1_correctness_summary.json | outputs/segregated_results/open-source-base/may2026/open-source/qwen25_1_5b_instruct_P1_zero_shot_java_400_v1_code_grounded_detailed.jsonl | outputs/segregated_results/open-source-base/may2026/open-source/qwen25_1_5b_instruct_P1_zero_shot_java_400_v1_code_grounded_summary.json
core_400_report_run,open-source-base,qwen25_1_5b_instruct,zero_shot,javascript,1,4,4,True,True,True,True,outputs/segregated_results/open-source-base/raw/qwen25_1_5b_instruct_P1_zero_shot_javascript_400_v1.jsonl,outputs/segregated_results/open-source-base/may2026/open-source/qwen25_1_5b_instruct_P1_zero_shot_javascript_400_v1_detailed.jsonl | outputs/segregated_results/open-source-base/may2026/open-source/qwen25_1_5b_instruct_P1_zero_shot_javascript_400_v1_summary.json | outputs/segregated_results/open-source-base/eval/qwen25_1_5b_instruct_P1_zero_shot_javascript_400_v1_eval.json_detailed.jsonl | outputs/segregated_results/open-source-base/eval/qwen25_1_5b_instruct_P1_zero_shot_javascript_400_v1_eval.json_summary.json,outputs/segregated_results/open-source-base/correctness/qwen25_1_5b_instruct_P1_zero_shot_javascript_400_v1_correctness_detailed.jsonl | outputs/segregated_results/open-source-base/correctness/qwen25_1_5b_instruct_P1_zero_shot_javascript_400_v1_correctness_summary.json | outputs/segregated_results/open-source-base/may2026/open-source/qwen25_1_5b_instruct_P1_zero_shot_javascript_400_v1_code_grounded_detailed.jsonl | outputs/segregated_results/open-source-base/may2026/open-source/qwen25_1_5b_instruct_P1_zero_shot_javascript_400_v1_code_grounded_summary.json
core_400_report_run,open-source-base,qwen25_1_5b_instruct,one_shot,python,2,4,4,True,True,True,True,outputs/segregated_results/open-source-base/raw/open-source/qwen25_1_5b_instruct_P1_one_shot_python_400_v1.jsonl | outputs/segregated_results/open-source-base/raw/qwen25_1_5b_instruct_P1_one_shot_python_400_v1.jsonl,outputs/segregated_results/open-source-base/may2026/open-source/qwen25_1_5b_instruct_P1_one_shot_python_400_v1_detailed.jsonl | outputs/segregated_results/open-source-base/may2026/open-source/qwen25_1_5b_instruct_P1_one_shot_python_400_v1_summary.json | outputs/segregated_results/open-source-base/eval/qwen25_1_5b_instruct_P1_one_shot_python_400_v1_eval.json_detailed.jsonl | outputs/segregated_results/open-source-base/eval/qwen25_1_5b_instruct_P1_one_shot_python_400_v1_eval.json_summary.json,outputs/segregated_results/open-source-base/correctness/qwen25_1_5b_instruct_P1_one_shot_python_400_v1_correctness.json_detailed.jsonl | outputs/segregated_results/open-source-base/correctness/qwen25_1_5b_instruct_P1_one_shot_python_400_v1_correctness.json_summary.json | outputs/segregated_results/open-source-base/may2026/open-source/qwen25_1_5b_instruct_P1_one_shot_python_400_v1_code_grounded_detailed.jsonl | outputs/segregated_results/open-source-base/may2026/open-source/qwen25_1_5b_instruct_P1_one_shot_python_400_v1_code_grounded_summary.json
core_400_report_run,open-source-base,qwen25_1_5b_instruct,one_shot,java,2,4,4,True,True,True,True,outputs/segregated_results/open-source-base/raw/open-source/qwen25_1_5b_instruct_P1_one_shot_java_400_v1.jsonl | outputs/segregated_results/open-source-base/raw/qwen25_1_5b_instruct_P1_one_shot_java_400_v1.jsonl,outputs/segregated_results/open-source-base/may2026/open-source/qwen25_1_5b_instruct_P1_one_shot_java_400_v1_detailed.jsonl | outputs/segregated_results/open-source-base/may2026/open-source/qwen25_1_5b_instruct_P1_one_shot_java_400_v1_summary.json | outputs/segregated_results/open-source-base/eval/qwen25_1_5b_instruct_P1_one_shot_java_400_v1_eval.json_detailed.jsonl | outputs/segregated_results/open-source-base/eval/qwen25_1_5b_instruct_P1_one_shot_java_400_v1_eval.json_summary.json,outputs/segregated_results/open-source-base/correctness/qwen25_1_5b_instruct_P1_one_shot_java_400_v1_correctness.json_detailed.jsonl | outputs/segregated_results/open-source-base/correctness/qwen25_1_5b_instruct_P1_one_shot_java_400_v1_correctness.json_summary.json | outputs/segregated_results/open-source-base/may2026/open-source/qwen25_1_5b_instruct_P1_one_shot_java_400_v1_code_grounded_detailed.jsonl | outputs/segregated_results/open-source-base/may2026/open-source/qwen25_1_5b_instruct_P1_one_shot_java_400_v1_code_grounded_summary.json
core_400_report_run,open-source-base,qwen25_1_5b_instruct,one_shot,javascript,2,4,4,True,True,True,True,outputs/segregated_results/open-source-base/raw/open-source/qwen25_1_5b_instruct_P1_one_shot_javascript_400_v1.jsonl | outputs/segregated_results/open-source-base/raw/qwen25_1_5b_instruct_P1_one_shot_javascript_400_v1.jsonl,outputs/segregated_results/open-source-base/may2026/open-source/qwen25_1_5b_instruct_P1_one_shot_javascript_400_v1_detailed.jsonl | outputs/segregated_results/open-source-base/may2026/open-source/qwen25_1_5b_instruct_P1_one_shot_javascript_400_v1_summary.json | outputs/segregated_results/open-source-base/eval/qwen25_1_5b_instruct_P1_one_shot_javascript_400_v1_eval.json_detailed.jsonl | outputs/segregated_results/open-source-base/eval/qwen25_1_5b_instruct_P1_one_shot_javascript_400_v1_eval.json_summary.json,outputs/segregated_results/open-source-base/correctness/qwen25_1_5b_instruct_P1_one_shot_javascript_400_v1_correctness.json_detailed.jsonl | outputs/segregated_results/open-source-base/correctness/qwen25_1_5b_instruct_P1_one_shot_javascript_400_v1_correctness.json_summary.json | outputs/segregated_results/open-source-base/may2026/open-source/qwen25_1_5b_instruct_P1_one_shot_javascript_400_v1_code_grounded_detailed.jsonl | outputs/segregated_results/open-source-base/may2026/open-source/qwen25_1_5b_instruct_P1_one_shot_javascript_400_v1_code_grounded_summary.json
core_400_report_run,open-source-base,qwen25_1_5b_instruct,few_shot,python,1,4,4,True,True,True,True,outputs/segregated_results/open-source-base/raw/qwen25_1_5b_instruct_P1_few_shot_python_400_v1.jsonl,outputs/segregated_results/open-source-base/may2026/open-source/qwen25_1_5b_instruct_P1_few_shot_python_400_v1_detailed.jsonl | outputs/segregated_results/open-source-base/may2026/open-source/qwen25_1_5b_instruct_P1_few_shot_python_400_v1_summary.json | outputs/segregated_results/open-source-base/eval/qwen25_1_5b_instruct_P1_few_shot_python_400_v1_eval.json_detailed.jsonl | outputs/segregated_results/open-source-base/eval/qwen25_1_5b_instruct_P1_few_shot_python_400_v1_eval.json_summary.json,outputs/segregated_results/open-source-base/correctness/qwen25_1_5b_instruct_P1_few_shot_python_400_v1_correctness_detailed.jsonl | outputs/segregated_results/open-source-base/correctness/qwen25_1_5b_instruct_P1_few_shot_python_400_v1_correctness_summary.json | outputs/segregated_results/open-source-base/may2026/open-source/qwen25_1_5b_instruct_P1_few_shot_python_400_v1_code_grounded_detailed.jsonl | outputs/segregated_results/open-source-base/may2026/open-source/qwen25_1_5b_instruct_P1_few_shot_python_400_v1_code_grounded_summary.json
core_400_report_run,open-source-base,qwen25_1_5b_instruct,few_shot,java,1,4,4,True,True,True,True,outputs/segregated_results/open-source-base/raw/qwen25_1_5b_instruct_P1_few_shot_java_400_v1.jsonl,outputs/segregated_results/open-source-base/may2026/open-source/qwen25_1_5b_instruct_P1_few_shot_java_400_v1_detailed.jsonl | outputs/segregated_results/open-source-base/may2026/open-source/qwen25_1_5b_instruct_P1_few_shot_java_400_v1_summary.json | outputs/segregated_results/open-source-base/eval/qwen25_1_5b_instruct_P1_few_shot_java_400_v1_eval.json_detailed.jsonl | outputs/segregated_results/open-source-base/eval/qwen25_1_5b_instruct_P1_few_shot_java_400_v1_eval.json_summary.json,outputs/segregated_results/open-source-base/correctness/qwen25_1_5b_instruct_P1_few_shot_java_400_v1_correctness_detailed.jsonl | outputs/segregated_results/open-source-base/correctness/qwen25_1_5b_instruct_P1_few_shot_java_400_v1_correctness_summary.json | outputs/segregated_results/open-source-base/may2026/open-source/qwen25_1_5b_instruct_P1_few_shot_java_400_v1_code_grounded_detailed.jsonl | outputs/segregated_results/open-source-base/may2026/open-source/qwen25_1_5b_instruct_P1_few_shot_java_400_v1_code_grounded_summary.json
core_400_report_run,open-source-base,qwen25_1_5b_instruct,few_shot,javascript,1,4,4,True,True,True,True,outputs/segregated_results/open-source-base/raw/qwen25_1_5b_instruct_P1_few_shot_javascript_400_v1.jsonl,outputs/segregated_results/open-source-base/may2026/open-source/qwen25_1_5b_instruct_P1_few_shot_javascript_400_v1_detailed.jsonl | outputs/segregated_results/open-source-base/may2026/open-source/qwen25_1_5b_instruct_P1_few_shot_javascript_400_v1_summary.json | outputs/segregated_results/open-source-base/eval/qwen25_1_5b_instruct_P1_few_shot_javascript_400_v1_eval.json_detailed.jsonl | outputs/segregated_results/open-source-base/eval/qwen25_1_5b_instruct_P1_few_shot_javascript_400_v1_eval.json_summary.json,outputs/segregated_results/open-source-base/correctness/qwen25_1_5b_instruct_P1_few_shot_javascript_400_v1_correctness_detailed.jsonl | outputs/segregated_results/open-source-base/correctness/qwen25_1_5b_instruct_P1_few_shot_javascript_400_v1_correctness_summary.json | outputs/segregated_results/open-source-base/may2026/open-source/qwen25_1_5b_instruct_P1_few_shot_javascript_400_v1_code_grounded_detailed.jsonl | outputs/segregated_results/open-source-base/may2026/open-source/qwen25_1_5b_instruct_P1_few_shot_javascript_400_v1_code_grounded_summary.json
core_400_report_run,open-source-base,qwen25_coder_1_5b_instruct,zero_shot,python,6,6,16,True,True,True,True,outputs/segregated_results/open-source-base/raw/open-source/qwen25_coder_1_5b_instruct_P1_zero_shot_python_400_greedy_v1.jsonl | outputs/segregated_results/open-source-base/raw/open-source/qwen25_coder_1_5b_instruct_P1_zero_shot_python_400_t02_p09_k50_v1.jsonl | outputs/segregated_results/open-source-base/raw/open-source/qwen25_coder_1_5b_instruct_P1_zero_shot_python_400_t05_p09_k50_v1.jsonl | outputs/segregated_results/open-source-base/raw/open-source/qwen25_coder_1_5b_instruct_P1_zero_shot_python_400_t07_p095_k50_v1.jsonl | outputs/segregated_results/open-source-base/raw/open-source/qwen25_coder_1_5b_instruct_P1_zero_shot_python_400_v1.jsonl | outputs/segregated_results/open-source-base/raw/qwen25_coder_1_5b_instruct_P1_zero_shot_python_400_v1.jsonl,outputs/segregated_results/open-source-base/may2026/open-source/qwen25_coder_1_5b_instruct_P1_zero_shot_python_400_v1_detailed.jsonl | outputs/segregated_results/open-source-base/may2026/open-source/qwen25_coder_1_5b_instruct_P1_zero_shot_python_400_v1_summary.json | outputs/segregated_results/open-source-base/eval/qwen25_coder_1_5b_instruct_P1_zero_shot_python_400_v1_detailed.jsonl | outputs/segregated_results/open-source-base/eval/qwen25_coder_1_5b_instruct_P1_zero_shot_python_400_v1_eval.json_detailed.jsonl | outputs/segregated_results/open-source-base/eval/qwen25_coder_1_5b_instruct_P1_zero_shot_python_400_v1_eval.json_summary.json | outputs/segregated_results/open-source-base/eval/qwen25_coder_1_5b_instruct_P1_zero_shot_python_400_v1_summary.json,outputs/segregated_results/open-source-base/correctness/qwen25_coder_1_5b_instruct_P1_zero_shot_python_400_v1_correctness.json_detailed.jsonl | outputs/segregated_results/open-source-base/correctness/qwen25_coder_1_5b_instruct_P1_zero_shot_python_400_v1_correctness.json_summary.json | outputs/segregated_results/open-source-base/correctness/qwen25_coder_1_5b_instruct_P1_zero_shot_python_400_v1_correctness_detailed.jsonl | outputs/segregated_results/open-source-base/correctness/qwen25_coder_1_5b_instruct_P1_zero_shot_python_400_v1_correctness_summary.json | outputs/segregated_results/open-source-base/may2026/open-source/qwen25_coder_1_5b_instruct_P1_zero_shot_python_400_v1_code_grounded_detailed.jsonl | outputs/segregated_results/open-source-base/may2026/open-source/qwen25_coder_1_5b_instruct_P1_zero_shot_python_400_v1_code_grounded_summary.json | outputs/segregated_results/open-source-base/_long_paths/1a8e71020e29_qwen25_coder_1_5b_instruct_P1_zero_shot_python_400_greedy_v1_code_grounded_detailed.jsonl | outputs/segregated_results/open-source-base/_long_paths/1746f6e13838_qwen25_coder_1_5b_instruct_P1_zero_shot_python_400_greedy_v1_code_grounded_summary.json | outputs/segregated_results/open-source-base/_long_paths/283c82ef40ed_qwen25_coder_1_5b_instruct_P1_zero_shot_python_400_t02_p09_k50_v1_code_grounded_deta.jsonl | outputs/segregated_results/open-source-base/_long_paths/c6d21a1cb433_qwen25_coder_1_5b_instruct_P1_zero_shot_python_400_t02_p09_k50_v1_code_grounded_summa.json | outputs/segregated_results/open-source-base/_long_paths/e51316d5e1ff_qwen25_coder_1_5b_instruct_P1_zero_shot_python_400_t05_p09_k50_v1_code_grounded_deta.jsonl | outputs/segregated_results/open-source-base/_long_paths/3eb7243d13bf_qwen25_coder_1_5b_instruct_P1_zero_shot_python_400_t05_p09_k50_v1_code_grounded_summa.json | outputs/segregated_results/open-source-base/_long_paths/4090d8eafcb3_qwen25_coder_1_5b_instruct_P1_zero_shot_python_400_t07_p095_k50_v1_code_grounded_det.jsonl | outputs/segregated_results/open-source-base/_long_paths/037eb0224ba7_qwen25_coder_1_5b_instruct_P1_zero_shot_python_400_t07_p095_k50_v1_code_grounded_summ.json | outputs/segregated_results/open-source-base/_long_paths/867cc405e2ce_qwen25_coder_1_5b_instruct_P1_zero_shot_python_400_v1_code_grounded_detailed.jsonl | outputs/segregated_results/open-source-base/_long_paths/d3e632044bd1_qwen25_coder_1_5b_instruct_P1_zero_shot_python_400_v1_code_grounded_summary.json
core_400_report_run,open-source-base,qwen25_coder_1_5b_instruct,zero_shot,java,1,2,2,True,True,True,True,outputs/segregated_results/open-source-base/raw/qwen25_coder_1_5b_instruct_P1_zero_shot_java_400_v1.jsonl,outputs/segregated_results/open-source-base/eval/qwen25_coder_1_5b_instruct_P1_zero_shot_java_400_v1_eval.json_detailed.jsonl | outputs/segregated_results/open-source-base/eval/qwen25_coder_1_5b_instruct_P1_zero_shot_java_400_v1_eval.json_summary.json,outputs/segregated_results/open-source-base/correctness/qwen25_coder_1_5b_instruct_P1_zero_shot_java_400_v1_correctness_detailed.jsonl | outputs/segregated_results/open-source-base/correctness/qwen25_coder_1_5b_instruct_P1_zero_shot_java_400_v1_correctness_summary.json
core_400_report_run,open-source-base,qwen25_coder_1_5b_instruct,zero_shot,javascript,1,2,2,True,True,True,True,outputs/segregated_results/open-source-base/raw/qwen25_coder_1_5b_instruct_P1_zero_shot_javascript_400_v1.jsonl,outputs/segregated_results/open-source-base/eval/qwen25_coder_1_5b_instruct_P1_zero_shot_javascript_400_v1_eval.json_detailed.jsonl | outputs/segregated_results/open-source-base/eval/qwen25_coder_1_5b_instruct_P1_zero_shot_javascript_400_v1_eval.json_summary.json,outputs/segregated_results/open-source-base/correctness/qwen25_coder_1_5b_instruct_P1_zero_shot_javascript_400_v1_correctness_detailed.jsonl | outputs/segregated_results/open-source-base/correctness/qwen25_coder_1_5b_instruct_P1_zero_shot_javascript_400_v1_correctness_summary.json
core_400_report_run,open-source-base,qwen25_coder_1_5b_instruct,one_shot,python,2,6,4,True,True,True,True,outputs/segregated_results/open-source-base/raw/open-source/qwen25_coder_1_5b_instruct_P1_one_shot_python_400_v1.jsonl | outputs/segregated_results/open-source-base/raw/qwen25_coder_1_5b_instruct_P1_one_shot_python_400_v1.jsonl,outputs/segregated_results/open-source-base/may2026/open-source/qwen25_coder_1_5b_instruct_P1_one_shot_python_400_v1_detailed.jsonl | outputs/segregated_results/open-source-base/may2026/open-source/qwen25_coder_1_5b_instruct_P1_one_shot_python_400_v1_summary.json | outputs/segregated_results/open-source-base/eval/qwen25_coder_1_5b_instruct_P1_one_shot_python_400_v1_detailed.jsonl | outputs/segregated_results/open-source-base/eval/qwen25_coder_1_5b_instruct_P1_one_shot_python_400_v1_eval.json_detailed.jsonl | outputs/segregated_results/open-source-base/eval/qwen25_coder_1_5b_instruct_P1_one_shot_python_400_v1_eval.json_summary.json | outputs/segregated_results/open-source-base/eval/qwen25_coder_1_5b_instruct_P1_one_shot_python_400_v1_summary.json,outputs/segregated_results/open-source-base/correctness/qwen25_coder_1_5b_instruct_P1_one_shot_python_400_v1_correctness.json_detailed.jsonl | outputs/segregated_results/open-source-base/correctness/qwen25_coder_1_5b_instruct_P1_one_shot_python_400_v1_correctness.json_summary.json | outputs/segregated_results/open-source-base/may2026/open-source/qwen25_coder_1_5b_instruct_P1_one_shot_python_400_v1_code_grounded_detailed.jsonl | outputs/segregated_results/open-source-base/may2026/open-source/qwen25_coder_1_5b_instruct_P1_one_shot_python_400_v1_code_grounded_summary.json
core_400_report_run,open-source-base,qwen25_coder_1_5b_instruct,one_shot,java,2,4,4,True,True,True,True,outputs/segregated_results/open-source-base/raw/open-source/qwen25_coder_1_5b_instruct_P1_one_shot_java_400_v2_rerun.jsonl | outputs/segregated_results/open-source-base/raw/qwen25_coder_1_5b_instruct_P1_one_shot_java_400_v2_rerun.jsonl,outputs/segregated_results/open-source-base/may2026/open-source/qwen25_coder_1_5b_instruct_P1_one_shot_java_400_v2_rerun_detailed.jsonl | outputs/segregated_results/open-source-base/may2026/open-source/qwen25_coder_1_5b_instruct_P1_one_shot_java_400_v2_rerun_summary.json | outputs/segregated_results/open-source-base/eval/qwen25_coder_1_5b_instruct_P1_one_shot_java_400_v2_rerun_eval.json_detailed.jsonl | outputs/segregated_results/open-source-base/eval/qwen25_coder_1_5b_instruct_P1_one_shot_java_400_v2_rerun_eval.json_summary.json,outputs/segregated_results/open-source-base/correctness/qwen25_coder_1_5b_instruct_P1_one_shot_java_400_v2_rerun_correctness.json_detailed.jsonl | outputs/segregated_results/open-source-base/correctness/qwen25_coder_1_5b_instruct_P1_one_shot_java_400_v2_rerun_correctness.json_summary.json | outputs/segregated_results/open-source-base/may2026/open-source/qwen25_coder_1_5b_instruct_P1_one_shot_java_400_v2_rerun_code_grounded_detailed.jsonl | outputs/segregated_results/open-source-base/may2026/open-source/qwen25_coder_1_5b_instruct_P1_one_shot_java_400_v2_rerun_code_grounded_summary.json
core_400_report_run,open-source-base,qwen25_coder_1_5b_instruct,one_shot,javascript,6,12,12,True,True,True,True,outputs/segregated_results/open-source-base/raw/open-source/qwen25_coder_1_5b_instruct_P1_one_shot_javascript_400_v1.jsonl | outputs/segregated_results/open-source-base/raw/open-source/qwen25_coder_1_5b_instruct_P1_one_shot_javascript_400_v2_repaired.jsonl | outputs/segregated_results/open-source-base/raw/open-source/qwen25_coder_1_5b_instruct_P1_one_shot_javascript_400_v3_repaired.jsonl | outputs/segregated_results/open-source-base/raw/qwen25_coder_1_5b_instruct_P1_one_shot_javascript_400_v1.jsonl | outputs/segregated_results/open-source-base/raw/qwen25_coder_1_5b_instruct_P1_one_shot_javascript_400_v2_repaired.jsonl | outputs/segregated_results/open-source-base/raw/qwen25_coder_1_5b_instruct_P1_one_shot_javascript_400_v3_repaired.jsonl,outputs/segregated_results/open-source-base/may2026/open-source/qwen25_coder_1_5b_instruct_P1_one_shot_javascript_400_v1_detailed.jsonl | outputs/segregated_results/open-source-base/may2026/open-source/qwen25_coder_1_5b_instruct_P1_one_shot_javascript_400_v1_summary.json | outputs/segregated_results/open-source-base/may2026/open-source/qwen25_coder_1_5b_instruct_P1_one_shot_javascript_400_v2_repaired_detailed.jsonl | outputs/segregated_results/open-source-base/may2026/open-source/qwen25_coder_1_5b_instruct_P1_one_shot_javascript_400_v2_repaired_summary.json | outputs/segregated_results/open-source-base/may2026/open-source/qwen25_coder_1_5b_instruct_P1_one_shot_javascript_400_v3_repaired_detailed.jsonl | outputs/segregated_results/open-source-base/may2026/open-source/qwen25_coder_1_5b_instruct_P1_one_shot_javascript_400_v3_repaired_summary.json | outputs/segregated_results/open-source-base/eval/qwen25_coder_1_5b_instruct_P1_one_shot_javascript_400_v1_eval.json_detailed.jsonl | outputs/segregated_results/open-source-base/eval/qwen25_coder_1_5b_instruct_P1_one_shot_javascript_400_v1_eval.json_summary.json | outputs/segregated_results/open-source-base/eval/qwen25_coder_1_5b_instruct_P1_one_shot_javascript_400_v2_repaired_eval.json_detailed.jsonl | outputs/segregated_results/open-source-base/eval/qwen25_coder_1_5b_instruct_P1_one_shot_javascript_400_v2_repaired_eval.json_summary.json | outputs/segregated_results/open-source-base/eval/qwen25_coder_1_5b_instruct_P1_one_shot_javascript_400_v3_repaired_eval.json_detailed.jsonl | outputs/segregated_results/open-source-base/eval/qwen25_coder_1_5b_instruct_P1_one_shot_javascript_400_v3_repaired_eval.json_summary.json,outputs/segregated_results/open-source-base/correctness/qwen25_coder_1_5b_instruct_P1_one_shot_javascript_400_v1_correctness.json_detailed.jsonl | outputs/segregated_results/open-source-base/correctness/qwen25_coder_1_5b_instruct_P1_one_shot_javascript_400_v1_correctness.json_summary.json | outputs/segregated_results/open-source-base/correctness/qwen25_coder_1_5b_instruct_P1_one_shot_javascript_400_v2_repaired_correctness.json_detailed.jsonl | outputs/segregated_results/open-source-base/correctness/qwen25_coder_1_5b_instruct_P1_one_shot_javascript_400_v2_repaired_correctness.json_summary.json | outputs/segregated_results/open-source-base/correctness/qwen25_coder_1_5b_instruct_P1_one_shot_javascript_400_v3_repaired_correctness.json_detailed.jsonl | outputs/segregated_results/open-source-base/correctness/qwen25_coder_1_5b_instruct_P1_one_shot_javascript_400_v3_repaired_correctness.json_summary.json | outputs/segregated_results/open-source-base/may2026/open-source/qwen25_coder_1_5b_instruct_P1_one_shot_javascript_400_v1_code_grounded_detailed.jsonl | outputs/segregated_results/open-source-base/may2026/open-source/qwen25_coder_1_5b_instruct_P1_one_shot_javascript_400_v1_code_grounded_summary.json | outputs/segregated_results/open-source-base/may2026/open-source/qwen25_coder_1_5b_instruct_P1_one_shot_javascript_400_v2_repaired_code_grounded_detailed.jsonl | outputs/segregated_results/open-source-base/may2026/open-source/qwen25_coder_1_5b_instruct_P1_one_shot_javascript_400_v2_repaired_code_grounded_summary.json | outputs/segregated_results/open-source-base/may2026/open-source/qwen25_coder_1_5b_instruct_P1_one_shot_javascript_400_v3_repaired_code_grounded_detailed.jsonl | outputs/segregated_results/open-source-base/may2026/open-source/qwen25_coder_1_5b_instruct_P1_one_shot_javascript_400_v3_repaired_code_grounded_summary.json
core_400_report_run,open-source-base,qwen25_coder_1_5b_instruct,few_shot,python,2,6,6,True,True,True,True,outputs/segregated_results/open-source-base/raw/open-source/qwen25_coder_1_5b_instruct_P1_few_shot_python_400_v1.jsonl | outputs/segregated_results/open-source-base/raw/qwen25_coder_1_5b_instruct_P1_few_shot_python_400_v1.jsonl,outputs/segregated_results/open-source-base/may2026/open-source/qwen25_coder_1_5b_instruct_P1_few_shot_python_400_v1_detailed.jsonl | outputs/segregated_results/open-source-base/may2026/open-source/qwen25_coder_1_5b_instruct_P1_few_shot_python_400_v1_summary.json | outputs/segregated_results/open-source-base/eval/qwen25_coder_1_5b_instruct_P1_few_shot_python_400_v1_detailed.jsonl | outputs/segregated_results/open-source-base/eval/qwen25_coder_1_5b_instruct_P1_few_shot_python_400_v1_eval.json_detailed.jsonl | outputs/segregated_results/open-source-base/eval/qwen25_coder_1_5b_instruct_P1_few_shot_python_400_v1_eval.json_summary.json | outputs/segregated_results/open-source-base/eval/qwen25_coder_1_5b_instruct_P1_few_shot_python_400_v1_summary.json,outputs/segregated_results/open-source-base/correctness/qwen25_coder_1_5b_instruct_P1_few_shot_python_400_v1_correctness.json_detailed.jsonl | outputs/segregated_results/open-source-base/correctness/qwen25_coder_1_5b_instruct_P1_few_shot_python_400_v1_correctness.json_summary.json | outputs/segregated_results/open-source-base/correctness/qwen25_coder_1_5b_instruct_P1_few_shot_python_400_v1_correctness_detailed.jsonl | outputs/segregated_results/open-source-base/correctness/qwen25_coder_1_5b_instruct_P1_few_shot_python_400_v1_correctness_summary.json | outputs/segregated_results/open-source-base/may2026/open-source/qwen25_coder_1_5b_instruct_P1_few_shot_python_400_v1_code_grounded_detailed.jsonl | outputs/segregated_results/open-source-base/may2026/open-source/qwen25_coder_1_5b_instruct_P1_few_shot_python_400_v1_code_grounded_summary.json
core_400_report_run,open-source-base,qwen25_coder_1_5b_instruct,few_shot,java,1,2,2,True,True,True,True,outputs/segregated_results/open-source-base/raw/qwen25_coder_1_5b_instruct_P1_few_shot_java_400_v1.jsonl,outputs/segregated_results/open-source-base/eval/qwen25_coder_1_5b_instruct_P1_few_shot_java_400_v1_eval.json_detailed.jsonl | outputs/segregated_results/open-source-base/eval/qwen25_coder_1_5b_instruct_P1_few_shot_java_400_v1_eval.json_summary.json,outputs/segregated_results/open-source-base/correctness/qwen25_coder_1_5b_instruct_P1_few_shot_java_400_v1_correctness_detailed.jsonl | outputs/segregated_results/open-source-base/correctness/qwen25_coder_1_5b_instruct_P1_few_shot_java_400_v1_correctness_summary.json
core_400_report_run,open-source-base,qwen25_coder_1_5b_instruct,few_shot,javascript,1,2,2,True,True,True,True,outputs/segregated_results/open-source-base/raw/qwen25_coder_1_5b_instruct_P1_few_shot_javascript_400_v1.jsonl,outputs/segregated_results/open-source-base/eval/qwen25_coder_1_5b_instruct_P1_few_shot_javascript_400_v1_eval.json_detailed.jsonl | outputs/segregated_results/open-source-base/eval/qwen25_coder_1_5b_instruct_P1_few_shot_javascript_400_v1_eval.json_summary.json,outputs/segregated_results/open-source-base/correctness/qwen25_coder_1_5b_instruct_P1_few_shot_javascript_400_v1_correctness_detailed.jsonl | outputs/segregated_results/open-source-base/correctness/qwen25_coder_1_5b_instruct_P1_few_shot_javascript_400_v1_correctness_summary.json
core_400_report_run,open-source-lora,codegemma_2b_lora_multilang,zero_shot,python,1,2,2,True,True,True,True,outputs/segregated_results/open-source-lora/raw/open-source-fine-tuned/codegemma_2b_lora_multilang/codegemma_2b_lora_multilang_P1_zero_shot_python_400_v1.jsonl,outputs/segregated_results/open-source-lora/_long_paths/de0687726e79_codegemma_2b_lora_multilang_P1_zero_shot_python_400_v1_detailed.jsonl | outputs/segregated_results/open-source-lora/_long_paths/2a91692c4753_codegemma_2b_lora_multilang_P1_zero_shot_python_400_v1_summary.json,outputs/segregated_results/open-source-lora/_long_paths/300a156093a9_codegemma_2b_lora_multilang_P1_zero_shot_python_400_v1_code_grounded_detailed.jsonl | outputs/segregated_results/open-source-lora/_long_paths/e11cabe07d49_codegemma_2b_lora_multilang_P1_zero_shot_python_400_v1_code_grounded_summary.json
core_400_report_run,open-source-lora,codegemma_2b_lora_multilang,zero_shot,java,1,2,2,True,True,True,True,outputs/segregated_results/open-source-lora/raw/open-source-fine-tuned/codegemma_2b_lora_multilang/codegemma_2b_lora_multilang_P1_zero_shot_java_400_v1.jsonl,outputs/segregated_results/open-source-lora/_long_paths/b1cb2f4a2a43_codegemma_2b_lora_multilang_P1_zero_shot_java_400_v1_detailed.jsonl | outputs/segregated_results/open-source-lora/_long_paths/270741d35bb9_codegemma_2b_lora_multilang_P1_zero_shot_java_400_v1_summary.json,outputs/segregated_results/open-source-lora/_long_paths/4540f2b9759a_codegemma_2b_lora_multilang_P1_zero_shot_java_400_v1_code_grounded_detailed.jsonl | outputs/segregated_results/open-source-lora/_long_paths/3e1aadbf72d2_codegemma_2b_lora_multilang_P1_zero_shot_java_400_v1_code_grounded_summary.json
core_400_report_run,open-source-lora,codegemma_2b_lora_multilang,zero_shot,javascript,1,2,1,True,True,True,True,outputs/segregated_results/open-source-lora/_long_paths/9e28743cb46e_codegemma_2b_lora_multilang_P1_zero_shot_javascript_400_v1.jsonl,outputs/segregated_results/open-source-lora/_long_paths/0fb6fd599eba_codegemma_2b_lora_multilang_P1_zero_shot_javascript_400_v1_detailed.jsonl | outputs/segregated_results/open-source-lora/_long_paths/89492be77129_codegemma_2b_lora_multilang_P1_zero_shot_javascript_400_v1_summary.json,outputs/segregated_results/open-source-lora/_long_paths/2fe56860627b_codegemma_2b_lora_multilang_P1_zero_shot_javascript_400_v1_code_grounded_summary.json
core_400_report_run,open-source-lora,codegemma_2b_lora_multilang,one_shot,python,1,2,2,True,True,True,True,outputs/segregated_results/open-source-lora/raw/open-source-fine-tuned/codegemma_2b_lora_multilang/codegemma_2b_lora_multilang_P1_one_shot_python_400_v1.jsonl,outputs/segregated_results/open-source-lora/_long_paths/cb05daad1eb1_codegemma_2b_lora_multilang_P1_one_shot_python_400_v1_detailed.jsonl | outputs/segregated_results/open-source-lora/_long_paths/7e611c0afe5d_codegemma_2b_lora_multilang_P1_one_shot_python_400_v1_summary.json,outputs/segregated_results/open-source-lora/_long_paths/ef3b2778e498_codegemma_2b_lora_multilang_P1_one_shot_python_400_v1_code_grounded_detailed.jsonl | outputs/segregated_results/open-source-lora/_long_paths/adfde55fd9fa_codegemma_2b_lora_multilang_P1_one_shot_python_400_v1_code_grounded_summary.json
core_400_report_run,open-source-lora,codegemma_2b_lora_multilang,one_shot,java,1,2,2,True,True,True,True,outputs/segregated_results/open-source-lora/raw/open-source-fine-tuned/codegemma_2b_lora_multilang/codegemma_2b_lora_multilang_P1_one_shot_java_400_v1.jsonl,outputs/segregated_results/open-source-lora/_long_paths/579df635231b_codegemma_2b_lora_multilang_P1_one_shot_java_400_v1_detailed.jsonl | outputs/segregated_results/open-source-lora/_long_paths/636e0ce9eb98_codegemma_2b_lora_multilang_P1_one_shot_java_400_v1_summary.json,outputs/segregated_results/open-source-lora/_long_paths/a52c42120b30_codegemma_2b_lora_multilang_P1_one_shot_java_400_v1_code_grounded_detailed.jsonl | outputs/segregated_results/open-source-lora/_long_paths/b074b30c28ae_codegemma_2b_lora_multilang_P1_one_shot_java_400_v1_code_grounded_summary.json
core_400_report_run,open-source-lora,codegemma_2b_lora_multilang,one_shot,javascript,1,2,1,True,True,True,True,outputs/segregated_results/open-source-lora/_long_paths/4b1afd8dc165_codegemma_2b_lora_multilang_P1_one_shot_javascript_400_v1.jsonl,outputs/segregated_results/open-source-lora/_long_paths/3cc8b4b3d5b6_codegemma_2b_lora_multilang_P1_one_shot_javascript_400_v1_detailed.jsonl | outputs/segregated_results/open-source-lora/_long_paths/e2a20de86823_codegemma_2b_lora_multilang_P1_one_shot_javascript_400_v1_summary.json,outputs/segregated_results/open-source-lora/_long_paths/539848342fd4_codegemma_2b_lora_multilang_P1_one_shot_javascript_400_v1_code_grounded_summary.json
core_400_report_run,open-source-lora,codegemma_2b_lora_multilang,few_shot,python,1,2,2,True,True,True,True,outputs/segregated_results/open-source-lora/raw/open-source-fine-tuned/codegemma_2b_lora_multilang/codegemma_2b_lora_multilang_P1_few_shot_python_400_v1.jsonl,outputs/segregated_results/open-source-lora/_long_paths/2e2c711d2fef_codegemma_2b_lora_multilang_P1_few_shot_python_400_v1_detailed.jsonl | outputs/segregated_results/open-source-lora/_long_paths/af4956e5b212_codegemma_2b_lora_multilang_P1_few_shot_python_400_v1_summary.json,outputs/segregated_results/open-source-lora/_long_paths/3e7e9eaf03ce_codegemma_2b_lora_multilang_P1_few_shot_python_400_v1_code_grounded_detailed.jsonl | outputs/segregated_results/open-source-lora/_long_paths/018cb82dbd08_codegemma_2b_lora_multilang_P1_few_shot_python_400_v1_code_grounded_summary.json
core_400_report_run,open-source-lora,codegemma_2b_lora_multilang,few_shot,java,3,2,2,True,True,True,True,outputs/segregated_results/open-source-lora/raw/open-source-fine-tuned/codegemma_2b_lora_multilang/codegemma_2b_lora_multilang_P1_few_shot_java_400_v1.jsonl | outputs/segregated_results/open-source-lora/_long_paths/d68a3cd92923_codegemma_2b_lora_multilang_P1_few_shot_java_400_v1_detailed.jsonl | outputs/segregated_results/open-source-lora/_long_paths/6f12b9cca668_codegemma_2b_lora_multilang_P1_few_shot_java_400_v1_summary.json,outputs/segregated_results/open-source-lora/_long_paths/0d80507c2725_codegemma_2b_lora_multilang_P1_few_shot_java_400_v1_detailed.jsonl | outputs/segregated_results/open-source-lora/_long_paths/48d8e5003004_codegemma_2b_lora_multilang_P1_few_shot_java_400_v1_summary.json,outputs/segregated_results/open-source-lora/_long_paths/d150c88262dc_codegemma_2b_lora_multilang_P1_few_shot_java_400_v1_code_grounded_detailed.jsonl | outputs/segregated_results/open-source-lora/_long_paths/0964db02192c_codegemma_2b_lora_multilang_P1_few_shot_java_400_v1_code_grounded_summary.json
core_400_report_run,open-source-lora,codegemma_2b_lora_multilang,few_shot,javascript,1,2,1,True,True,True,True,outputs/segregated_results/open-source-lora/_long_paths/915102c223dd_codegemma_2b_lora_multilang_P1_few_shot_javascript_400_v1.jsonl,outputs/segregated_results/open-source-lora/_long_paths/8e441d243530_codegemma_2b_lora_multilang_P1_few_shot_javascript_400_v1_detailed.jsonl | outputs/segregated_results/open-source-lora/_long_paths/1e905ee70c42_codegemma_2b_lora_multilang_P1_few_shot_javascript_400_v1_summary.json,outputs/segregated_results/open-source-lora/_long_paths/95cf5347020a_codegemma_2b_lora_multilang_P1_few_shot_javascript_400_v1_code_grounded_summary.json
core_400_report_run,open-source-lora,gemma_2_2b_it_lora_multilang,zero_shot,python,1,2,2,True,True,True,True,outputs/segregated_results/open-source-lora/_long_paths/6b6576e01b1d_gemma_2_2b_it_lora_multilang_P1_zero_shot_python_400_v1.jsonl,outputs/segregated_results/open-source-lora/_long_paths/72a1090ffca3_gemma_2_2b_it_lora_multilang_P1_zero_shot_python_400_v1_detailed.jsonl | outputs/segregated_results/open-source-lora/_long_paths/bdd6d3732e5c_gemma_2_2b_it_lora_multilang_P1_zero_shot_python_400_v1_summary.json,outputs/segregated_results/open-source-lora/_long_paths/c7a243b99c39_gemma_2_2b_it_lora_multilang_P1_zero_shot_python_400_v1_code_grounded_detailed.jsonl | outputs/segregated_results/open-source-lora/_long_paths/5ab05b514686_gemma_2_2b_it_lora_multilang_P1_zero_shot_python_400_v1_code_grounded_summary.json
core_400_report_run,open-source-lora,gemma_2_2b_it_lora_multilang,zero_shot,java,1,2,2,True,True,True,True,outputs/segregated_results/open-source-lora/raw/open-source-fine-tuned/gemma_2_2b_it_lora_multilang/gemma_2_2b_it_lora_multilang_P1_zero_shot_java_400_v1.jsonl,outputs/segregated_results/open-source-lora/_long_paths/08d226ed11bb_gemma_2_2b_it_lora_multilang_P1_zero_shot_java_400_v1_detailed.jsonl | outputs/segregated_results/open-source-lora/_long_paths/670bfc675768_gemma_2_2b_it_lora_multilang_P1_zero_shot_java_400_v1_summary.json,outputs/segregated_results/open-source-lora/_long_paths/750317c8fd74_gemma_2_2b_it_lora_multilang_P1_zero_shot_java_400_v1_code_grounded_detailed.jsonl | outputs/segregated_results/open-source-lora/_long_paths/e959266be815_gemma_2_2b_it_lora_multilang_P1_zero_shot_java_400_v1_code_grounded_summary.json
core_400_report_run,open-source-lora,gemma_2_2b_it_lora_multilang,zero_shot,javascript,1,2,2,True,True,True,True,outputs/segregated_results/open-source-lora/_long_paths/1b79b5aa920d_gemma_2_2b_it_lora_multilang_P1_zero_shot_javascript_400_v1.jsonl,outputs/segregated_results/open-source-lora/_long_paths/7378152c8177_gemma_2_2b_it_lora_multilang_P1_zero_shot_javascript_400_v1_detailed.jsonl | outputs/segregated_results/open-source-lora/_long_paths/57ff5b938915_gemma_2_2b_it_lora_multilang_P1_zero_shot_javascript_400_v1_summary.json,outputs/segregated_results/open-source-lora/correctness/gemma_2_2b_it_lora_multilang_P1_zero_shot_javascript_400_v1_correctness_detailed.jsonl | outputs/segregated_results/open-source-lora/correctness/gemma_2_2b_it_lora_multilang_P1_zero_shot_javascript_400_v1_correctness_summary.json
core_400_report_run,open-source-lora,gemma_2_2b_it_lora_multilang,one_shot,python,1,2,2,True,True,True,True,outputs/segregated_results/open-source-lora/raw/open-source-fine-tuned/gemma_2_2b_it_lora_multilang/gemma_2_2b_it_lora_multilang_P1_one_shot_python_400_v1.jsonl,outputs/segregated_results/open-source-lora/_long_paths/c7e655e028a8_gemma_2_2b_it_lora_multilang_P1_one_shot_python_400_v1_detailed.jsonl | outputs/segregated_results/open-source-lora/_long_paths/45a7659e10fa_gemma_2_2b_it_lora_multilang_P1_one_shot_python_400_v1_summary.json,outputs/segregated_results/open-source-lora/_long_paths/f72808e905b9_gemma_2_2b_it_lora_multilang_P1_one_shot_python_400_v1_code_grounded_detailed.jsonl | outputs/segregated_results/open-source-lora/_long_paths/83406dbe4444_gemma_2_2b_it_lora_multilang_P1_one_shot_python_400_v1_code_grounded_summary.json
core_400_report_run,open-source-lora,gemma_2_2b_it_lora_multilang,one_shot,java,1,2,2,True,True,True,True,outputs/segregated_results/open-source-lora/raw/open-source-fine-tuned/gemma_2_2b_it_lora_multilang/gemma_2_2b_it_lora_multilang_P1_one_shot_java_400_v1.jsonl,outputs/segregated_results/open-source-lora/_long_paths/09ab61533cec_gemma_2_2b_it_lora_multilang_P1_one_shot_java_400_v1_detailed.jsonl | outputs/segregated_results/open-source-lora/_long_paths/394c99e547f8_gemma_2_2b_it_lora_multilang_P1_one_shot_java_400_v1_summary.json,outputs/segregated_results/open-source-lora/_long_paths/74c2a63f1252_gemma_2_2b_it_lora_multilang_P1_one_shot_java_400_v1_code_grounded_detailed.jsonl | outputs/segregated_results/open-source-lora/_long_paths/fe63a138ddea_gemma_2_2b_it_lora_multilang_P1_one_shot_java_400_v1_code_grounded_summary.json
core_400_report_run,open-source-lora,gemma_2_2b_it_lora_multilang,one_shot,javascript,1,2,2,True,True,True,True,outputs/segregated_results/open-source-lora/_long_paths/3756b933559a_gemma_2_2b_it_lora_multilang_P1_one_shot_javascript_400_v1.jsonl,outputs/segregated_results/open-source-lora/_long_paths/9e505b72d399_gemma_2_2b_it_lora_multilang_P1_one_shot_javascript_400_v1_detailed.jsonl | outputs/segregated_results/open-source-lora/_long_paths/52a9cc8133b2_gemma_2_2b_it_lora_multilang_P1_one_shot_javascript_400_v1_summary.json,outputs/segregated_results/open-source-lora/correctness/gemma_2_2b_it_lora_multilang_P1_one_shot_javascript_400_v1_correctness_detailed.jsonl | outputs/segregated_results/open-source-lora/correctness/gemma_2_2b_it_lora_multilang_P1_one_shot_javascript_400_v1_correctness_summary.json
core_400_report_run,open-source-lora,gemma_2_2b_it_lora_multilang,few_shot,python,1,2,2,True,True,True,True,outputs/segregated_results/open-source-lora/raw/open-source-fine-tuned/gemma_2_2b_it_lora_multilang/gemma_2_2b_it_lora_multilang_P1_few_shot_python_400_v1.jsonl,outputs/segregated_results/open-source-lora/_long_paths/a9b0dd53b8f0_gemma_2_2b_it_lora_multilang_P1_few_shot_python_400_v1_detailed.jsonl | outputs/segregated_results/open-source-lora/_long_paths/80f917558e10_gemma_2_2b_it_lora_multilang_P1_few_shot_python_400_v1_summary.json,outputs/segregated_results/open-source-lora/_long_paths/2c94041537c6_gemma_2_2b_it_lora_multilang_P1_few_shot_python_400_v1_code_grounded_detailed.jsonl | outputs/segregated_results/open-source-lora/_long_paths/592b1872a60d_gemma_2_2b_it_lora_multilang_P1_few_shot_python_400_v1_code_grounded_summary.json
core_400_report_run,open-source-lora,gemma_2_2b_it_lora_multilang,few_shot,java,1,2,2,True,True,True,True,outputs/segregated_results/open-source-lora/raw/open-source-fine-tuned/gemma_2_2b_it_lora_multilang/gemma_2_2b_it_lora_multilang_P1_few_shot_java_400_v1.jsonl,outputs/segregated_results/open-source-lora/_long_paths/f05f222ea0ae_gemma_2_2b_it_lora_multilang_P1_few_shot_java_400_v1_detailed.jsonl | outputs/segregated_results/open-source-lora/_long_paths/9d5e2f5144b4_gemma_2_2b_it_lora_multilang_P1_few_shot_java_400_v1_summary.json,outputs/segregated_results/open-source-lora/_long_paths/70da3716a4c4_gemma_2_2b_it_lora_multilang_P1_few_shot_java_400_v1_code_grounded_detailed.jsonl | outputs/segregated_results/open-source-lora/_long_paths/0feca74d7094_gemma_2_2b_it_lora_multilang_P1_few_shot_java_400_v1_code_grounded_summary.json
core_400_report_run,open-source-lora,gemma_2_2b_it_lora_multilang,few_shot,javascript,1,2,2,True,True,True,True,outputs/segregated_results/open-source-lora/_long_paths/76bbecc30eff_gemma_2_2b_it_lora_multilang_P1_few_shot_javascript_400_v1.jsonl,outputs/segregated_results/open-source-lora/_long_paths/c334122bb3e7_gemma_2_2b_it_lora_multilang_P1_few_shot_javascript_400_v1_detailed.jsonl | outputs/segregated_results/open-source-lora/_long_paths/6e9d63f16b22_gemma_2_2b_it_lora_multilang_P1_few_shot_javascript_400_v1_summary.json,outputs/segregated_results/open-source-lora/correctness/gemma_2_2b_it_lora_multilang_P1_few_shot_javascript_400_v1_correctness_detailed.jsonl | outputs/segregated_results/open-source-lora/correctness/gemma_2_2b_it_lora_multilang_P1_few_shot_javascript_400_v1_correctness_summary.json
core_400_report_run,open-source-lora,qwen25_1_5b_instruct_lora_multilang,zero_shot,python,1,2,2,True,True,True,True,outputs/segregated_results/open-source-lora/_long_paths/78e17dcbd498_qwen25_1_5b_instruct_lora_multilang_P1_zero_shot_python_400_v1.jsonl,outputs/segregated_results/open-source-lora/_long_paths/071f4061ff9a_qwen25_1_5b_instruct_lora_multilang_P1_zero_shot_python_400_v1_detailed.jsonl | outputs/segregated_results/open-source-lora/_long_paths/cc7dab0b70c4_qwen25_1_5b_instruct_lora_multilang_P1_zero_shot_python_400_v1_summary.json,outputs/segregated_results/open-source-lora/correctness/qwen25_1_5b_instruct_lora_multilang_P1_zero_shot_python_400_v1_correctness_detailed.jsonl | outputs/segregated_results/open-source-lora/correctness/qwen25_1_5b_instruct_lora_multilang_P1_zero_shot_python_400_v1_correctness_summary.json
core_400_report_run,open-source-lora,qwen25_1_5b_instruct_lora_multilang,zero_shot,java,1,2,2,True,True,True,True,outputs/segregated_results/open-source-lora/_long_paths/e81392b1067e_qwen25_1_5b_instruct_lora_multilang_P1_zero_shot_java_400_v1.jsonl,outputs/segregated_results/open-source-lora/_long_paths/9762da604375_qwen25_1_5b_instruct_lora_multilang_P1_zero_shot_java_400_v1_detailed.jsonl | outputs/segregated_results/open-source-lora/_long_paths/711346bcad27_qwen25_1_5b_instruct_lora_multilang_P1_zero_shot_java_400_v1_summary.json,outputs/segregated_results/open-source-lora/correctness/qwen25_1_5b_instruct_lora_multilang_P1_zero_shot_java_400_v1_correctness_detailed.jsonl | outputs/segregated_results/open-source-lora/correctness/qwen25_1_5b_instruct_lora_multilang_P1_zero_shot_java_400_v1_correctness_summary.json
core_400_report_run,open-source-lora,qwen25_1_5b_instruct_lora_multilang,zero_shot,javascript,1,2,2,True,True,True,True,outputs/segregated_results/open-source-lora/_long_paths/cd234f6f2ae2_qwen25_1_5b_instruct_lora_multilang_P1_zero_shot_javascript_400_v1.jsonl,outputs/segregated_results/open-source-lora/eval/qwen25_1_5b_instruct_lora_multilang_P1_zero_shot_javascript_400_v1_eval.json_detailed.jsonl | outputs/segregated_results/open-source-lora/eval/qwen25_1_5b_instruct_lora_multilang_P1_zero_shot_javascript_400_v1_eval.json_summary.json,outputs/segregated_results/open-source-lora/correctness/qwen25_1_5b_instruct_lora_multilang_P1_zero_shot_javascript_400_v1_correctness_detailed.jsonl | outputs/segregated_results/open-source-lora/correctness/qwen25_1_5b_instruct_lora_multilang_P1_zero_shot_javascript_400_v1_correctness_summary.json
core_400_report_run,open-source-lora,qwen25_1_5b_instruct_lora_multilang,one_shot,python,1,2,2,True,True,True,True,outputs/segregated_results/open-source-lora/_long_paths/3e5c59387be8_qwen25_1_5b_instruct_lora_multilang_P1_one_shot_python_400_v1.jsonl,outputs/segregated_results/open-source-lora/_long_paths/2099859b62f6_qwen25_1_5b_instruct_lora_multilang_P1_one_shot_python_400_v1_detailed.jsonl | outputs/segregated_results/open-source-lora/_long_paths/68ff91b210ec_qwen25_1_5b_instruct_lora_multilang_P1_one_shot_python_400_v1_summary.json,outputs/segregated_results/open-source-lora/correctness/qwen25_1_5b_instruct_lora_multilang_P1_one_shot_python_400_v1_correctness_detailed.jsonl | outputs/segregated_results/open-source-lora/correctness/qwen25_1_5b_instruct_lora_multilang_P1_one_shot_python_400_v1_correctness_summary.json
core_400_report_run,open-source-lora,qwen25_1_5b_instruct_lora_multilang,one_shot,java,1,2,2,True,True,True,True,outputs/segregated_results/open-source-lora/_long_paths/e9c80e057196_qwen25_1_5b_instruct_lora_multilang_P1_one_shot_java_400_v1.jsonl,outputs/segregated_results/open-source-lora/_long_paths/2825b40ca031_qwen25_1_5b_instruct_lora_multilang_P1_one_shot_java_400_v1_detailed.jsonl | outputs/segregated_results/open-source-lora/_long_paths/44a4931de7af_qwen25_1_5b_instruct_lora_multilang_P1_one_shot_java_400_v1_summary.json,outputs/segregated_results/open-source-lora/correctness/qwen25_1_5b_instruct_lora_multilang_P1_one_shot_java_400_v1_correctness_detailed.jsonl | outputs/segregated_results/open-source-lora/correctness/qwen25_1_5b_instruct_lora_multilang_P1_one_shot_java_400_v1_correctness_summary.json
core_400_report_run,open-source-lora,qwen25_1_5b_instruct_lora_multilang,one_shot,javascript,1,2,2,True,True,True,True,outputs/segregated_results/open-source-lora/_long_paths/4b0c4859f8f4_qwen25_1_5b_instruct_lora_multilang_P1_one_shot_javascript_400_v1.jsonl,outputs/segregated_results/open-source-lora/eval/qwen25_1_5b_instruct_lora_multilang_P1_one_shot_javascript_400_v1_eval.json_detailed.jsonl | outputs/segregated_results/open-source-lora/eval/qwen25_1_5b_instruct_lora_multilang_P1_one_shot_javascript_400_v1_eval.json_summary.json,outputs/segregated_results/open-source-lora/correctness/qwen25_1_5b_instruct_lora_multilang_P1_one_shot_javascript_400_v1_correctness_detailed.jsonl | outputs/segregated_results/open-source-lora/correctness/qwen25_1_5b_instruct_lora_multilang_P1_one_shot_javascript_400_v1_correctness_summary.json
core_400_report_run,open-source-lora,qwen25_1_5b_instruct_lora_multilang,few_shot,python,1,2,2,True,True,True,True,outputs/segregated_results/open-source-lora/_long_paths/db939e55cfdc_qwen25_1_5b_instruct_lora_multilang_P1_few_shot_python_400_v1.jsonl,outputs/segregated_results/open-source-lora/_long_paths/33ebecd20a80_qwen25_1_5b_instruct_lora_multilang_P1_few_shot_python_400_v1_detailed.jsonl | outputs/segregated_results/open-source-lora/_long_paths/4dc9f6a70648_qwen25_1_5b_instruct_lora_multilang_P1_few_shot_python_400_v1_summary.json,outputs/segregated_results/open-source-lora/correctness/qwen25_1_5b_instruct_lora_multilang_P1_few_shot_python_400_v1_correctness_detailed.jsonl | outputs/segregated_results/open-source-lora/correctness/qwen25_1_5b_instruct_lora_multilang_P1_few_shot_python_400_v1_correctness_summary.json
core_400_report_run,open-source-lora,qwen25_1_5b_instruct_lora_multilang,few_shot,java,1,2,2,True,True,True,True,outputs/segregated_results/open-source-lora/_long_paths/aefbed18c90d_qwen25_1_5b_instruct_lora_multilang_P1_few_shot_java_400_v1.jsonl,outputs/segregated_results/open-source-lora/_long_paths/549b42690914_qwen25_1_5b_instruct_lora_multilang_P1_few_shot_java_400_v1_detailed.jsonl | outputs/segregated_results/open-source-lora/_long_paths/d55b8e9f9b3a_qwen25_1_5b_instruct_lora_multilang_P1_few_shot_java_400_v1_summary.json,outputs/segregated_results/open-source-lora/correctness/qwen25_1_5b_instruct_lora_multilang_P1_few_shot_java_400_v1_correctness_detailed.jsonl | outputs/segregated_results/open-source-lora/correctness/qwen25_1_5b_instruct_lora_multilang_P1_few_shot_java_400_v1_correctness_summary.json
core_400_report_run,open-source-lora,qwen25_1_5b_instruct_lora_multilang,few_shot,javascript,1,2,2,True,True,True,True,outputs/segregated_results/open-source-lora/_long_paths/4e4599ab715f_qwen25_1_5b_instruct_lora_multilang_P1_few_shot_javascript_400_v1.jsonl,outputs/segregated_results/open-source-lora/eval/qwen25_1_5b_instruct_lora_multilang_P1_few_shot_javascript_400_v1_eval.json_detailed.jsonl | outputs/segregated_results/open-source-lora/eval/qwen25_1_5b_instruct_lora_multilang_P1_few_shot_javascript_400_v1_eval.json_summary.json,outputs/segregated_results/open-source-lora/correctness/qwen25_1_5b_instruct_lora_multilang_P1_few_shot_javascript_400_v1_correctness_detailed.jsonl | outputs/segregated_results/open-source-lora/correctness/qwen25_1_5b_instruct_lora_multilang_P1_few_shot_javascript_400_v1_correctness_summary.json
core_400_report_run,open-source-lora,qwen25_coder_1_5b_instruct_lora_multilang,zero_shot,python,1,2,2,True,True,True,True,outputs/segregated_results/open-source-lora/_long_paths/a17d9c9b056f_qwen25_coder_1_5b_instruct_lora_multilang_P1_zero_shot_python_400_v1.jsonl,outputs/segregated_results/open-source-lora/eval/qwen25_coder_1_5b_instruct_lora_multilang_P1_zero_shot_python_400_v1_eval.json_detailed.jsonl | outputs/segregated_results/open-source-lora/eval/qwen25_coder_1_5b_instruct_lora_multilang_P1_zero_shot_python_400_v1_eval.json_summary.json,outputs/segregated_results/open-source-lora/correctness/qwen25_coder_1_5b_instruct_lora_multilang_P1_zero_shot_python_400_v1_correctness.json_detailed.jsonl | outputs/segregated_results/open-source-lora/correctness/qwen25_coder_1_5b_instruct_lora_multilang_P1_zero_shot_python_400_v1_correctness.json_summary.json
core_400_report_run,open-source-lora,qwen25_coder_1_5b_instruct_lora_multilang,zero_shot,java,1,1,2,True,True,True,True,outputs/segregated_results/open-source-lora/_long_paths/3e38693e10ff_qwen25_coder_1_5b_instruct_lora_multilang_P1_zero_shot_java_400_v1.jsonl,outputs/segregated_results/open-source-lora/_long_paths/90cdffc2d3f5_qwen25_coder_1_5b_instruct_lora_multilang_P1_zero_shot_java_400_v1_summary.json,outputs/segregated_results/open-source-lora/correctness/qwen25_coder_1_5b_instruct_lora_multilang_P1_zero_shot_java_400_v1_correctness_detailed.jsonl | outputs/segregated_results/open-source-lora/correctness/qwen25_coder_1_5b_instruct_lora_multilang_P1_zero_shot_java_400_v1_correctness_summary.json
core_400_report_run,open-source-lora,qwen25_coder_1_5b_instruct_lora_multilang,zero_shot,javascript,1,2,2,True,True,True,True,outputs/segregated_results/open-source-lora/_long_paths/67ba25550d0b_qwen25_coder_1_5b_instruct_lora_multilang_P1_zero_shot_javascript_400_v1.jsonl,outputs/segregated_results/open-source-lora/eval/qwen25_coder_1_5b_instruct_lora_multilang_P1_zero_shot_javascript_400_v1_eval.json_detailed.jsonl | outputs/segregated_results/open-source-lora/eval/qwen25_coder_1_5b_instruct_lora_multilang_P1_zero_shot_javascript_400_v1_eval.json_summary.json,outputs/segregated_results/open-source-lora/correctness/qwen25_coder_1_5b_instruct_lora_multilang_P1_zero_shot_javascript_400_v1_correctness_detailed.jsonl | outputs/segregated_results/open-source-lora/correctness/qwen25_coder_1_5b_instruct_lora_multilang_P1_zero_shot_javascript_400_v1_correctness_summary.json
core_400_report_run,open-source-lora,qwen25_coder_1_5b_instruct_lora_multilang,one_shot,python,1,1,2,True,True,True,True,outputs/segregated_results/open-source-lora/_long_paths/259bc904b3cd_qwen25_coder_1_5b_instruct_lora_multilang_P1_one_shot_python_400_v1.jsonl,outputs/segregated_results/open-source-lora/_long_paths/f6996898f5ad_qwen25_coder_1_5b_instruct_lora_multilang_P1_one_shot_python_400_v1_summary.json,outputs/segregated_results/open-source-lora/correctness/qwen25_coder_1_5b_instruct_lora_multilang_P1_one_shot_python_400_v1_correctness_detailed.jsonl | outputs/segregated_results/open-source-lora/correctness/qwen25_coder_1_5b_instruct_lora_multilang_P1_one_shot_python_400_v1_correctness_summary.json
core_400_report_run,open-source-lora,qwen25_coder_1_5b_instruct_lora_multilang,one_shot,java,1,2,2,True,True,True,True,outputs/segregated_results/open-source-lora/_long_paths/d35ebf04a593_qwen25_coder_1_5b_instruct_lora_multilang_P1_one_shot_java_400_v1.jsonl,outputs/segregated_results/open-source-lora/_long_paths/14355b534339_qwen25_coder_1_5b_instruct_lora_multilang_P1_one_shot_java_400_v1_detailed.jsonl | outputs/segregated_results/open-source-lora/_long_paths/484a82a3a6e0_qwen25_coder_1_5b_instruct_lora_multilang_P1_one_shot_java_400_v1_summary.json,outputs/segregated_results/open-source-lora/correctness/qwen25_coder_1_5b_instruct_lora_multilang_P1_one_shot_java_400_v1_correctness_detailed.jsonl | outputs/segregated_results/open-source-lora/correctness/qwen25_coder_1_5b_instruct_lora_multilang_P1_one_shot_java_400_v1_correctness_summary.json
core_400_report_run,open-source-lora,qwen25_coder_1_5b_instruct_lora_multilang,one_shot,javascript,1,2,2,True,True,True,True,outputs/segregated_results/open-source-lora/_long_paths/d3355fd565f2_qwen25_coder_1_5b_instruct_lora_multilang_P1_one_shot_javascript_400_v1.jsonl,outputs/segregated_results/open-source-lora/eval/qwen25_coder_1_5b_instruct_lora_multilang_P1_one_shot_javascript_400_v1_eval.json_detailed.jsonl | outputs/segregated_results/open-source-lora/eval/qwen25_coder_1_5b_instruct_lora_multilang_P1_one_shot_javascript_400_v1_eval.json_summary.json,outputs/segregated_results/open-source-lora/correctness/qwen25_coder_1_5b_instruct_lora_multilang_P1_one_shot_javascript_400_v1_correctness_detailed.jsonl | outputs/segregated_results/open-source-lora/correctness/qwen25_coder_1_5b_instruct_lora_multilang_P1_one_shot_javascript_400_v1_correctness_summary.json
core_400_report_run,open-source-lora,qwen25_coder_1_5b_instruct_lora_multilang,few_shot,python,1,1,2,True,True,True,True,outputs/segregated_results/open-source-lora/_long_paths/ca2701d198cb_qwen25_coder_1_5b_instruct_lora_multilang_P1_few_shot_python_400_v1.jsonl,outputs/segregated_results/open-source-lora/_long_paths/4bf3ff8b1b15_qwen25_coder_1_5b_instruct_lora_multilang_P1_few_shot_python_400_v1_summary.json,outputs/segregated_results/open-source-lora/correctness/qwen25_coder_1_5b_instruct_lora_multilang_P1_few_shot_python_400_v1_correctness_detailed.jsonl | outputs/segregated_results/open-source-lora/correctness/qwen25_coder_1_5b_instruct_lora_multilang_P1_few_shot_python_400_v1_correctness_summary.json
core_400_report_run,open-source-lora,qwen25_coder_1_5b_instruct_lora_multilang,few_shot,java,1,2,2,True,True,True,True,outputs/segregated_results/open-source-lora/_long_paths/a50cb9a42dc7_qwen25_coder_1_5b_instruct_lora_multilang_P1_few_shot_java_400_v1.jsonl,outputs/segregated_results/open-source-lora/_long_paths/d9c56edcac4e_qwen25_coder_1_5b_instruct_lora_multilang_P1_few_shot_java_400_v1_detailed.jsonl | outputs/segregated_results/open-source-lora/_long_paths/16723c3d7658_qwen25_coder_1_5b_instruct_lora_multilang_P1_few_shot_java_400_v1_summary.json,outputs/segregated_results/open-source-lora/correctness/qwen25_coder_1_5b_instruct_lora_multilang_P1_few_shot_java_400_v1_correctness_detailed.jsonl | outputs/segregated_results/open-source-lora/correctness/qwen25_coder_1_5b_instruct_lora_multilang_P1_few_shot_java_400_v1_correctness_summary.json
core_400_report_run,open-source-lora,qwen25_coder_1_5b_instruct_lora_multilang,few_shot,javascript,1,2,2,True,True,True,True,outputs/segregated_results/open-source-lora/_long_paths/46b7b479ea96_qwen25_coder_1_5b_instruct_lora_multilang_P1_few_shot_javascript_400_v1.jsonl,outputs/segregated_results/open-source-lora/eval/qwen25_coder_1_5b_instruct_lora_multilang_P1_few_shot_javascript_400_v1_eval.json_detailed.jsonl | outputs/segregated_results/open-source-lora/eval/qwen25_coder_1_5b_instruct_lora_multilang_P1_few_shot_javascript_400_v1_eval.json_summary.json,outputs/segregated_results/open-source-lora/correctness/qwen25_coder_1_5b_instruct_lora_multilang_P1_few_shot_javascript_400_v1_correctness_detailed.jsonl | outputs/segregated_results/open-source-lora/correctness/qwen25_coder_1_5b_instruct_lora_multilang_P1_few_shot_javascript_400_v1_correctness_summary.json
core_400_report_run,commercial-base,deepseek_chat,zero_shot,python,2,4,4,True,True,True,True,outputs/segregated_results/commercial-base/raw/commercial-new/deepseek_chat_P1_zero_shot_python_400_v1.jsonl | outputs/segregated_results/commercial-base/raw/deepseek_chat_P1_zero_shot_python_400_v1.jsonl,outputs/segregated_results/commercial-base/may2026/commercial-new/deepseek_chat_P1_zero_shot_python_400_v1_detailed.jsonl | outputs/segregated_results/commercial-base/may2026/commercial-new/deepseek_chat_P1_zero_shot_python_400_v1_summary.json | outputs/segregated_results/commercial-base/eval/deepseek_chat_P1_zero_shot_python_400_v1_eval.json_detailed.jsonl | outputs/segregated_results/commercial-base/eval/deepseek_chat_P1_zero_shot_python_400_v1_eval.json_summary.json,outputs/segregated_results/commercial-base/correctness/deepseek_chat_P1_zero_shot_python_400_v1_correctness.json_detailed.jsonl | outputs/segregated_results/commercial-base/correctness/deepseek_chat_P1_zero_shot_python_400_v1_correctness.json_summary.json | outputs/segregated_results/commercial-base/may2026/commercial-new/deepseek_chat_P1_zero_shot_python_400_v1_code_grounded_detailed.jsonl | outputs/segregated_results/commercial-base/may2026/commercial-new/deepseek_chat_P1_zero_shot_python_400_v1_code_grounded_summary.json
core_400_report_run,commercial-base,deepseek_chat,zero_shot,java,2,4,4,True,True,True,True,outputs/segregated_results/commercial-base/raw/commercial-new/deepseek_chat_P1_zero_shot_java_400_v1.jsonl | outputs/segregated_results/commercial-base/raw/deepseek_chat_P1_zero_shot_java_400_v1.jsonl,outputs/segregated_results/commercial-base/may2026/commercial-new/deepseek_chat_P1_zero_shot_java_400_v1_detailed.jsonl | outputs/segregated_results/commercial-base/may2026/commercial-new/deepseek_chat_P1_zero_shot_java_400_v1_summary.json | outputs/segregated_results/commercial-base/eval/deepseek_chat_P1_zero_shot_java_400_v1_eval.json_detailed.jsonl | outputs/segregated_results/commercial-base/eval/deepseek_chat_P1_zero_shot_java_400_v1_eval.json_summary.json,outputs/segregated_results/commercial-base/correctness/deepseek_chat_P1_zero_shot_java_400_v1_correctness.json_detailed.jsonl | outputs/segregated_results/commercial-base/correctness/deepseek_chat_P1_zero_shot_java_400_v1_correctness.json_summary.json | outputs/segregated_results/commercial-base/may2026/commercial-new/deepseek_chat_P1_zero_shot_java_400_v1_code_grounded_detailed.jsonl | outputs/segregated_results/commercial-base/may2026/commercial-new/deepseek_chat_P1_zero_shot_java_400_v1_code_grounded_summary.json
core_400_report_run,commercial-base,deepseek_chat,zero_shot,javascript,2,4,4,True,True,True,True,outputs/segregated_results/commercial-base/raw/commercial-new/deepseek_chat_P1_zero_shot_javascript_400_v1.jsonl | outputs/segregated_results/commercial-base/raw/deepseek_chat_P1_zero_shot_javascript_400_v1.jsonl,outputs/segregated_results/commercial-base/may2026/commercial-new/deepseek_chat_P1_zero_shot_javascript_400_v1_detailed.jsonl | outputs/segregated_results/commercial-base/may2026/commercial-new/deepseek_chat_P1_zero_shot_javascript_400_v1_summary.json | outputs/segregated_results/commercial-base/eval/deepseek_chat_P1_zero_shot_javascript_400_v1_eval.json_detailed.jsonl | outputs/segregated_results/commercial-base/eval/deepseek_chat_P1_zero_shot_javascript_400_v1_eval.json_summary.json,outputs/segregated_results/commercial-base/correctness/deepseek_chat_P1_zero_shot_javascript_400_v1_correctness.json_detailed.jsonl | outputs/segregated_results/commercial-base/correctness/deepseek_chat_P1_zero_shot_javascript_400_v1_correctness.json_summary.json | outputs/segregated_results/commercial-base/may2026/commercial-new/deepseek_chat_P1_zero_shot_javascript_400_v1_code_grounded_detailed.jsonl | outputs/segregated_results/commercial-base/may2026/commercial-new/deepseek_chat_P1_zero_shot_javascript_400_v1_code_grounded_summary.json
core_400_report_run,commercial-base,deepseek_chat,one_shot,python,2,6,6,True,True,True,True,outputs/segregated_results/commercial-base/raw/commercial-new/deepseek_chat_P1_one_shot_python_400_v1.jsonl | outputs/segregated_results/commercial-base/raw/deepseek_chat_P1_one_shot_python_400_v1.jsonl,outputs/segregated_results/commercial-base/may2026/commercial-new/deepseek_chat_P1_one_shot_python_400_v1_detailed.jsonl | outputs/segregated_results/commercial-base/may2026/commercial-new/deepseek_chat_P1_one_shot_python_400_v1_summary.json | outputs/segregated_results/commercial-base/eval/deepseek_chat_P1_one_shot_python_400_smoke_eval.json_detailed.jsonl | outputs/segregated_results/commercial-base/eval/deepseek_chat_P1_one_shot_python_400_smoke_eval.json_summary.json | outputs/segregated_results/commercial-base/eval/deepseek_chat_P1_one_shot_python_400_v1_eval.json_detailed.jsonl | outputs/segregated_results/commercial-base/eval/deepseek_chat_P1_one_shot_python_400_v1_eval.json_summary.json,outputs/segregated_results/commercial-base/correctness/deepseek_chat_P1_one_shot_python_400_smoke_correctness.json_detailed.jsonl | outputs/segregated_results/commercial-base/correctness/deepseek_chat_P1_one_shot_python_400_smoke_correctness.json_summary.json | outputs/segregated_results/commercial-base/correctness/deepseek_chat_P1_one_shot_python_400_v1_correctness.json_detailed.jsonl | outputs/segregated_results/commercial-base/correctness/deepseek_chat_P1_one_shot_python_400_v1_correctness.json_summary.json | outputs/segregated_results/commercial-base/may2026/commercial-new/deepseek_chat_P1_one_shot_python_400_v1_code_grounded_detailed.jsonl | outputs/segregated_results/commercial-base/may2026/commercial-new/deepseek_chat_P1_one_shot_python_400_v1_code_grounded_summary.json
core_400_report_run,commercial-base,deepseek_chat,one_shot,java,2,4,4,True,True,True,True,outputs/segregated_results/commercial-base/raw/commercial-new/deepseek_chat_P1_one_shot_java_400_v1.jsonl | outputs/segregated_results/commercial-base/raw/deepseek_chat_P1_one_shot_java_400_v1.jsonl,outputs/segregated_results/commercial-base/may2026/commercial-new/deepseek_chat_P1_one_shot_java_400_v1_detailed.jsonl | outputs/segregated_results/commercial-base/may2026/commercial-new/deepseek_chat_P1_one_shot_java_400_v1_summary.json | outputs/segregated_results/commercial-base/eval/deepseek_chat_P1_one_shot_java_400_v1_eval.json_detailed.jsonl | outputs/segregated_results/commercial-base/eval/deepseek_chat_P1_one_shot_java_400_v1_eval.json_summary.json,outputs/segregated_results/commercial-base/correctness/deepseek_chat_P1_one_shot_java_400_v1_correctness.json_detailed.jsonl | outputs/segregated_results/commercial-base/correctness/deepseek_chat_P1_one_shot_java_400_v1_correctness.json_summary.json | outputs/segregated_results/commercial-base/may2026/commercial-new/deepseek_chat_P1_one_shot_java_400_v1_code_grounded_detailed.jsonl | outputs/segregated_results/commercial-base/may2026/commercial-new/deepseek_chat_P1_one_shot_java_400_v1_code_grounded_summary.json
core_400_report_run,commercial-base,deepseek_chat,one_shot,javascript,2,4,4,True,True,True,True,outputs/segregated_results/commercial-base/raw/commercial-new/deepseek_chat_P1_one_shot_javascript_400_v1.jsonl | outputs/segregated_results/commercial-base/raw/deepseek_chat_P1_one_shot_javascript_400_v1.jsonl,outputs/segregated_results/commercial-base/may2026/commercial-new/deepseek_chat_P1_one_shot_javascript_400_v1_detailed.jsonl | outputs/segregated_results/commercial-base/may2026/commercial-new/deepseek_chat_P1_one_shot_javascript_400_v1_summary.json | outputs/segregated_results/commercial-base/eval/deepseek_chat_P1_one_shot_javascript_400_v1_eval.json_detailed.jsonl | outputs/segregated_results/commercial-base/eval/deepseek_chat_P1_one_shot_javascript_400_v1_eval.json_summary.json,outputs/segregated_results/commercial-base/correctness/deepseek_chat_P1_one_shot_javascript_400_v1_correctness.json_detailed.jsonl | outputs/segregated_results/commercial-base/correctness/deepseek_chat_P1_one_shot_javascript_400_v1_correctness.json_summary.json | outputs/segregated_results/commercial-base/may2026/commercial-new/deepseek_chat_P1_one_shot_javascript_400_v1_code_grounded_detailed.jsonl | outputs/segregated_results/commercial-base/may2026/commercial-new/deepseek_chat_P1_one_shot_javascript_400_v1_code_grounded_summary.json
core_400_report_run,commercial-base,deepseek_chat,few_shot,python,2,4,4,True,True,True,True,outputs/segregated_results/commercial-base/raw/commercial-new/deepseek_chat_P1_few_shot_python_400_v1.jsonl | outputs/segregated_results/commercial-base/raw/deepseek_chat_P1_few_shot_python_400_v1.jsonl,outputs/segregated_results/commercial-base/may2026/commercial-new/deepseek_chat_P1_few_shot_python_400_v1_detailed.jsonl | outputs/segregated_results/commercial-base/may2026/commercial-new/deepseek_chat_P1_few_shot_python_400_v1_summary.json | outputs/segregated_results/commercial-base/eval/deepseek_chat_P1_few_shot_python_400_v1_eval.json_detailed.jsonl | outputs/segregated_results/commercial-base/eval/deepseek_chat_P1_few_shot_python_400_v1_eval.json_summary.json,outputs/segregated_results/commercial-base/may2026/commercial-new/deepseek_chat_P1_few_shot_python_400_v1_code_grounded_detailed.jsonl | outputs/segregated_results/commercial-base/may2026/commercial-new/deepseek_chat_P1_few_shot_python_400_v1_code_grounded_summary.json | outputs/segregated_results/commercial-base/eval/deepseek_chat_P1_few_shot_python_400_v1_code_grounded_detailed.jsonl | outputs/segregated_results/commercial-base/eval/deepseek_chat_P1_few_shot_python_400_v1_code_grounded_summary.json
core_400_report_run,commercial-base,deepseek_chat,few_shot,java,2,4,4,True,True,True,True,outputs/segregated_results/commercial-base/raw/commercial-new/deepseek_chat_P1_few_shot_java_400_v1.jsonl | outputs/segregated_results/commercial-base/raw/deepseek_chat_P1_few_shot_java_400_v1.jsonl,outputs/segregated_results/commercial-base/may2026/commercial-new/deepseek_chat_P1_few_shot_java_400_v1_detailed.jsonl | outputs/segregated_results/commercial-base/may2026/commercial-new/deepseek_chat_P1_few_shot_java_400_v1_summary.json | outputs/segregated_results/commercial-base/eval/deepseek_chat_P1_few_shot_java_400_v1_eval.json_detailed.jsonl | outputs/segregated_results/commercial-base/eval/deepseek_chat_P1_few_shot_java_400_v1_eval.json_summary.json,outputs/segregated_results/commercial-base/may2026/commercial-new/deepseek_chat_P1_few_shot_java_400_v1_code_grounded_detailed.jsonl | outputs/segregated_results/commercial-base/may2026/commercial-new/deepseek_chat_P1_few_shot_java_400_v1_code_grounded_summary.json | outputs/segregated_results/commercial-base/eval/deepseek_chat_P1_few_shot_java_400_v1_code_grounded_detailed.jsonl | outputs/segregated_results/commercial-base/eval/deepseek_chat_P1_few_shot_java_400_v1_code_grounded_summary.json
core_400_report_run,commercial-base,deepseek_chat,few_shot,javascript,2,4,4,True,True,True,True,outputs/segregated_results/commercial-base/raw/commercial-new/deepseek_chat_P1_few_shot_javascript_400_v1.jsonl | outputs/segregated_results/commercial-base/raw/deepseek_chat_P1_few_shot_javascript_400_v1.jsonl,outputs/segregated_results/commercial-base/may2026/commercial-new/deepseek_chat_P1_few_shot_javascript_400_v1_detailed.jsonl | outputs/segregated_results/commercial-base/may2026/commercial-new/deepseek_chat_P1_few_shot_javascript_400_v1_summary.json | outputs/segregated_results/commercial-base/eval/deepseek_chat_P1_few_shot_javascript_400_v1_eval.json_detailed.jsonl | outputs/segregated_results/commercial-base/eval/deepseek_chat_P1_few_shot_javascript_400_v1_eval.json_summary.json,outputs/segregated_results/commercial-base/may2026/commercial-new/deepseek_chat_P1_few_shot_javascript_400_v1_code_grounded_detailed.jsonl | outputs/segregated_results/commercial-base/may2026/commercial-new/deepseek_chat_P1_few_shot_javascript_400_v1_code_grounded_summary.json | outputs/segregated_results/commercial-base/eval/deepseek_chat_P1_few_shot_javascript_400_v1_code_grounded_detailed.jsonl | outputs/segregated_results/commercial-base/eval/deepseek_chat_P1_few_shot_javascript_400_v1_code_grounded_summary.json
core_400_report_run,commercial-base,gemini_3_flash_preview,zero_shot,python,2,4,4,True,True,True,True,outputs/segregated_results/commercial-base/raw/commercial-new/gemini_3_flash_preview_P1_zero_shot_python_400_v1.jsonl | outputs/segregated_results/commercial-base/raw/gemini_3_flash_preview_P1_zero_shot_python_400_v1.jsonl,outputs/segregated_results/commercial-base/may2026/commercial-new/gemini_3_flash_preview_P1_zero_shot_python_400_v1_detailed.jsonl | outputs/segregated_results/commercial-base/may2026/commercial-new/gemini_3_flash_preview_P1_zero_shot_python_400_v1_summary.json | outputs/segregated_results/commercial-base/eval/gemini_3_flash_preview_P1_zero_shot_python_400_v1_eval.json_detailed.jsonl | outputs/segregated_results/commercial-base/eval/gemini_3_flash_preview_P1_zero_shot_python_400_v1_eval.json_summary.json,outputs/segregated_results/commercial-base/correctness/gemini_3_flash_preview_P1_zero_shot_python_400_v1_correctness.json_detailed.jsonl | outputs/segregated_results/commercial-base/correctness/gemini_3_flash_preview_P1_zero_shot_python_400_v1_correctness.json_summary.json | outputs/segregated_results/commercial-base/may2026/commercial-new/gemini_3_flash_preview_P1_zero_shot_python_400_v1_code_grounded_detailed.jsonl | outputs/segregated_results/commercial-base/may2026/commercial-new/gemini_3_flash_preview_P1_zero_shot_python_400_v1_code_grounded_summary.json
core_400_report_run,commercial-base,gemini_3_flash_preview,zero_shot,java,2,4,4,True,True,True,True,outputs/segregated_results/commercial-base/raw/commercial-new/gemini_3_flash_preview_P1_zero_shot_java_400_v1.jsonl | outputs/segregated_results/commercial-base/raw/gemini_3_flash_preview_P1_zero_shot_java_400_v1.jsonl,outputs/segregated_results/commercial-base/may2026/commercial-new/gemini_3_flash_preview_P1_zero_shot_java_400_v1_detailed.jsonl | outputs/segregated_results/commercial-base/may2026/commercial-new/gemini_3_flash_preview_P1_zero_shot_java_400_v1_summary.json | outputs/segregated_results/commercial-base/eval/gemini_3_flash_preview_P1_zero_shot_java_400_v1_eval.json_detailed.jsonl | outputs/segregated_results/commercial-base/eval/gemini_3_flash_preview_P1_zero_shot_java_400_v1_eval.json_summary.json,outputs/segregated_results/commercial-base/correctness/gemini_3_flash_preview_P1_zero_shot_java_400_v1_correctness.json_detailed.jsonl | outputs/segregated_results/commercial-base/correctness/gemini_3_flash_preview_P1_zero_shot_java_400_v1_correctness.json_summary.json | outputs/segregated_results/commercial-base/may2026/commercial-new/gemini_3_flash_preview_P1_zero_shot_java_400_v1_code_grounded_detailed.jsonl | outputs/segregated_results/commercial-base/may2026/commercial-new/gemini_3_flash_preview_P1_zero_shot_java_400_v1_code_grounded_summary.json
core_400_report_run,commercial-base,gemini_3_flash_preview,zero_shot,javascript,2,4,4,True,True,True,True,outputs/segregated_results/commercial-base/raw/commercial-new/gemini_3_flash_preview_P1_zero_shot_javascript_400_v1.jsonl | outputs/segregated_results/commercial-base/raw/gemini_3_flash_preview_P1_zero_shot_javascript_400_v1.jsonl,outputs/segregated_results/commercial-base/may2026/commercial-new/gemini_3_flash_preview_P1_zero_shot_javascript_400_v1_detailed.jsonl | outputs/segregated_results/commercial-base/may2026/commercial-new/gemini_3_flash_preview_P1_zero_shot_javascript_400_v1_summary.json | outputs/segregated_results/commercial-base/eval/gemini_3_flash_preview_P1_zero_shot_javascript_400_v1_eval.json_detailed.jsonl | outputs/segregated_results/commercial-base/eval/gemini_3_flash_preview_P1_zero_shot_javascript_400_v1_eval.json_summary.json,outputs/segregated_results/commercial-base/correctness/gemini_3_flash_preview_P1_zero_shot_javascript_400_v1_correctness.json_detailed.jsonl | outputs/segregated_results/commercial-base/correctness/gemini_3_flash_preview_P1_zero_shot_javascript_400_v1_correctness.json_summary.json | outputs/segregated_results/commercial-base/may2026/commercial-new/gemini_3_flash_preview_P1_zero_shot_javascript_400_v1_code_grounded_detailed.jsonl | outputs/segregated_results/commercial-base/may2026/commercial-new/gemini_3_flash_preview_P1_zero_shot_javascript_400_v1_code_grounded_summary.json
core_400_report_run,commercial-base,gemini_3_flash_preview,one_shot,python,2,6,6,True,True,True,True,outputs/segregated_results/commercial-base/raw/commercial-new/gemini_3_flash_preview_P1_one_shot_python_400_v1.jsonl | outputs/segregated_results/commercial-base/raw/gemini_3_flash_preview_P1_one_shot_python_400_v1.jsonl,outputs/segregated_results/commercial-base/may2026/commercial-new/gemini_3_flash_preview_P1_one_shot_python_400_v1_detailed.jsonl | outputs/segregated_results/commercial-base/may2026/commercial-new/gemini_3_flash_preview_P1_one_shot_python_400_v1_summary.json | outputs/segregated_results/commercial-base/eval/gemini_3_flash_preview_P1_one_shot_python_400_smoke_eval.json_detailed.jsonl | outputs/segregated_results/commercial-base/eval/gemini_3_flash_preview_P1_one_shot_python_400_smoke_eval.json_summary.json | outputs/segregated_results/commercial-base/eval/gemini_3_flash_preview_P1_one_shot_python_400_v1_eval.json_detailed.jsonl | outputs/segregated_results/commercial-base/eval/gemini_3_flash_preview_P1_one_shot_python_400_v1_eval.json_summary.json,outputs/segregated_results/commercial-base/correctness/gemini_3_flash_preview_P1_one_shot_python_400_smoke_correctness.json_detailed.jsonl | outputs/segregated_results/commercial-base/correctness/gemini_3_flash_preview_P1_one_shot_python_400_smoke_correctness.json_summary.json | outputs/segregated_results/commercial-base/correctness/gemini_3_flash_preview_P1_one_shot_python_400_v1_correctness.json_detailed.jsonl | outputs/segregated_results/commercial-base/correctness/gemini_3_flash_preview_P1_one_shot_python_400_v1_correctness.json_summary.json | outputs/segregated_results/commercial-base/may2026/commercial-new/gemini_3_flash_preview_P1_one_shot_python_400_v1_code_grounded_detailed.jsonl | outputs/segregated_results/commercial-base/may2026/commercial-new/gemini_3_flash_preview_P1_one_shot_python_400_v1_code_grounded_summary.json
core_400_report_run,commercial-base,gemini_3_flash_preview,one_shot,java,2,2,2,True,True,True,True,outputs/segregated_results/commercial-base/raw/commercial-new/gemini_3_flash_preview_P1_one_shot_java_400_v1.jsonl | outputs/segregated_results/commercial-base/raw/gemini_3_flash_preview_P1_one_shot_java_400_v1.jsonl,outputs/segregated_results/commercial-base/may2026/commercial-new/gemini_3_flash_preview_P1_one_shot_java_400_v1_detailed.jsonl | outputs/segregated_results/commercial-base/may2026/commercial-new/gemini_3_flash_preview_P1_one_shot_java_400_v1_summary.json,outputs/segregated_results/commercial-base/may2026/commercial-new/gemini_3_flash_preview_P1_one_shot_java_400_v1_code_grounded_detailed.jsonl | outputs/segregated_results/commercial-base/may2026/commercial-new/gemini_3_flash_preview_P1_one_shot_java_400_v1_code_grounded_summary.json
core_400_report_run,commercial-base,gemini_3_flash_preview,one_shot,javascript,2,2,2,True,True,True,True,outputs/segregated_results/commercial-base/raw/commercial-new/gemini_3_flash_preview_P1_one_shot_javascript_400_v1.jsonl | outputs/segregated_results/commercial-base/raw/gemini_3_flash_preview_P1_one_shot_javascript_400_v1.jsonl,outputs/segregated_results/commercial-base/may2026/commercial-new/gemini_3_flash_preview_P1_one_shot_javascript_400_v1_detailed.jsonl | outputs/segregated_results/commercial-base/may2026/commercial-new/gemini_3_flash_preview_P1_one_shot_javascript_400_v1_summary.json,outputs/segregated_results/commercial-base/may2026/commercial-new/gemini_3_flash_preview_P1_one_shot_javascript_400_v1_code_grounded_detailed.jsonl | outputs/segregated_results/commercial-base/may2026/commercial-new/gemini_3_flash_preview_P1_one_shot_javascript_400_v1_code_grounded_summary.json
core_400_report_run,commercial-base,gemini_3_flash_preview,few_shot,python,2,2,2,True,True,True,True,outputs/segregated_results/commercial-base/raw/commercial-new/gemini_3_flash_preview_P1_few_shot_python_400_v1.jsonl | outputs/segregated_results/commercial-base/raw/gemini_3_flash_preview_P1_few_shot_python_400_v1.jsonl,outputs/segregated_results/commercial-base/may2026/commercial-new/gemini_3_flash_preview_P1_few_shot_python_400_v1_detailed.jsonl | outputs/segregated_results/commercial-base/may2026/commercial-new/gemini_3_flash_preview_P1_few_shot_python_400_v1_summary.json,outputs/segregated_results/commercial-base/may2026/commercial-new/gemini_3_flash_preview_P1_few_shot_python_400_v1_code_grounded_detailed.jsonl | outputs/segregated_results/commercial-base/may2026/commercial-new/gemini_3_flash_preview_P1_few_shot_python_400_v1_code_grounded_summary.json
core_400_report_run,commercial-base,gemini_3_flash_preview,few_shot,java,2,2,2,True,True,True,True,outputs/segregated_results/commercial-base/raw/commercial-new/gemini_3_flash_preview_P1_few_shot_java_400_v1.jsonl | outputs/segregated_results/commercial-base/raw/gemini_3_flash_preview_P1_few_shot_java_400_v1.jsonl,outputs/segregated_results/commercial-base/may2026/commercial-new/gemini_3_flash_preview_P1_few_shot_java_400_v1_detailed.jsonl | outputs/segregated_results/commercial-base/may2026/commercial-new/gemini_3_flash_preview_P1_few_shot_java_400_v1_summary.json,outputs/segregated_results/commercial-base/may2026/commercial-new/gemini_3_flash_preview_P1_few_shot_java_400_v1_code_grounded_detailed.jsonl | outputs/segregated_results/commercial-base/may2026/commercial-new/gemini_3_flash_preview_P1_few_shot_java_400_v1_code_grounded_summary.json
core_400_report_run,commercial-base,gemini_3_flash_preview,few_shot,javascript,2,2,2,True,True,True,True,outputs/segregated_results/commercial-base/raw/commercial-new/gemini_3_flash_preview_P1_few_shot_javascript_400_v1.jsonl | outputs/segregated_results/commercial-base/raw/gemini_3_flash_preview_P1_few_shot_javascript_400_v1.jsonl,outputs/segregated_results/commercial-base/may2026/commercial-new/gemini_3_flash_preview_P1_few_shot_javascript_400_v1_detailed.jsonl | outputs/segregated_results/commercial-base/may2026/commercial-new/gemini_3_flash_preview_P1_few_shot_javascript_400_v1_summary.json,outputs/segregated_results/commercial-base/may2026/commercial-new/gemini_3_flash_preview_P1_few_shot_javascript_400_v1_code_grounded_detailed.jsonl | outputs/segregated_results/commercial-base/may2026/commercial-new/gemini_3_flash_preview_P1_few_shot_javascript_400_v1_code_grounded_summary.json
core_400_report_run,commercial-base,gpt_5_1,zero_shot,python,4,8,8,True,True,True,True,outputs/segregated_results/commercial-base/raw/commercial-new/gpt_5_1_P1_zero_shot_python_400_v2.jsonl | outputs/segregated_results/commercial-base/raw/commercial-new/gpt_5_1_codex_P1_zero_shot_python_400_v1.jsonl | outputs/segregated_results/commercial-base/raw/gpt_5_1_P1_zero_shot_python_400_v2.jsonl | outputs/segregated_results/commercial-base/raw/gpt_5_1_codex_P1_zero_shot_python_400_v1.jsonl,outputs/segregated_results/commercial-base/may2026/commercial-new/gpt_5_1_P1_zero_shot_python_400_v2_detailed.jsonl | outputs/segregated_results/commercial-base/may2026/commercial-new/gpt_5_1_P1_zero_shot_python_400_v2_summary.json | outputs/segregated_results/commercial-base/may2026/commercial-new/gpt_5_1_codex_P1_zero_shot_python_400_v1_detailed.jsonl | outputs/segregated_results/commercial-base/may2026/commercial-new/gpt_5_1_codex_P1_zero_shot_python_400_v1_summary.json | outputs/segregated_results/commercial-base/eval/gpt_5_1_P1_zero_shot_python_400_v2_eval.json_detailed.jsonl | outputs/segregated_results/commercial-base/eval/gpt_5_1_P1_zero_shot_python_400_v2_eval.json_summary.json | outputs/segregated_results/commercial-base/eval/gpt_5_1_codex_P1_zero_shot_python_400_v1_eval.json_detailed.jsonl | outputs/segregated_results/commercial-base/eval/gpt_5_1_codex_P1_zero_shot_python_400_v1_eval.json_summary.json,outputs/segregated_results/commercial-base/correctness/gpt_5_1_P1_zero_shot_python_400_v2_correctness.json_detailed.jsonl | outputs/segregated_results/commercial-base/correctness/gpt_5_1_P1_zero_shot_python_400_v2_correctness.json_summary.json | outputs/segregated_results/commercial-base/correctness/gpt_5_1_codex_P1_zero_shot_python_400_v1_correctness.json_detailed.jsonl | outputs/segregated_results/commercial-base/correctness/gpt_5_1_codex_P1_zero_shot_python_400_v1_correctness.json_summary.json | outputs/segregated_results/commercial-base/may2026/commercial-new/gpt_5_1_P1_zero_shot_python_400_v2_code_grounded_detailed.jsonl | outputs/segregated_results/commercial-base/may2026/commercial-new/gpt_5_1_P1_zero_shot_python_400_v2_code_grounded_summary.json | outputs/segregated_results/commercial-base/may2026/commercial-new/gpt_5_1_codex_P1_zero_shot_python_400_v1_code_grounded_detailed.jsonl | outputs/segregated_results/commercial-base/may2026/commercial-new/gpt_5_1_codex_P1_zero_shot_python_400_v1_code_grounded_summary.json
core_400_report_run,commercial-base,gpt_5_1,zero_shot,java,4,8,8,True,True,True,True,outputs/segregated_results/commercial-base/raw/commercial-new/gpt_5_1_P1_zero_shot_java_400_v1.jsonl | outputs/segregated_results/commercial-base/raw/commercial-new/gpt_5_1_codex_P1_zero_shot_java_400_v1.jsonl | outputs/segregated_results/commercial-base/raw/gpt_5_1_P1_zero_shot_java_400_v1.jsonl | outputs/segregated_results/commercial-base/raw/gpt_5_1_codex_P1_zero_shot_java_400_v1.jsonl,outputs/segregated_results/commercial-base/may2026/commercial-new/gpt_5_1_P1_zero_shot_java_400_v1_detailed.jsonl | outputs/segregated_results/commercial-base/may2026/commercial-new/gpt_5_1_P1_zero_shot_java_400_v1_summary.json | outputs/segregated_results/commercial-base/may2026/commercial-new/gpt_5_1_codex_P1_zero_shot_java_400_v1_detailed.jsonl | outputs/segregated_results/commercial-base/may2026/commercial-new/gpt_5_1_codex_P1_zero_shot_java_400_v1_summary.json | outputs/segregated_results/commercial-base/eval/gpt_5_1_P1_zero_shot_java_400_v1_eval.json_detailed.jsonl | outputs/segregated_results/commercial-base/eval/gpt_5_1_P1_zero_shot_java_400_v1_eval.json_summary.json | outputs/segregated_results/commercial-base/eval/gpt_5_1_codex_P1_zero_shot_java_400_v1_eval.json_detailed.jsonl | outputs/segregated_results/commercial-base/eval/gpt_5_1_codex_P1_zero_shot_java_400_v1_eval.json_summary.json,outputs/segregated_results/commercial-base/correctness/gpt_5_1_P1_zero_shot_java_400_v1_correctness.json_detailed.jsonl | outputs/segregated_results/commercial-base/correctness/gpt_5_1_P1_zero_shot_java_400_v1_correctness.json_summary.json | outputs/segregated_results/commercial-base/correctness/gpt_5_1_codex_P1_zero_shot_java_400_v1_correctness.json_detailed.jsonl | outputs/segregated_results/commercial-base/correctness/gpt_5_1_codex_P1_zero_shot_java_400_v1_correctness.json_summary.json | outputs/segregated_results/commercial-base/may2026/commercial-new/gpt_5_1_P1_zero_shot_java_400_v1_code_grounded_detailed.jsonl | outputs/segregated_results/commercial-base/may2026/commercial-new/gpt_5_1_P1_zero_shot_java_400_v1_code_grounded_summary.json | outputs/segregated_results/commercial-base/may2026/commercial-new/gpt_5_1_codex_P1_zero_shot_java_400_v1_code_grounded_detailed.jsonl | outputs/segregated_results/commercial-base/may2026/commercial-new/gpt_5_1_codex_P1_zero_shot_java_400_v1_code_grounded_summary.json
core_400_report_run,commercial-base,gpt_5_1,zero_shot,javascript,4,8,8,True,True,True,True,outputs/segregated_results/commercial-base/raw/commercial-new/gpt_5_1_P1_zero_shot_javascript_400_v1.jsonl | outputs/segregated_results/commercial-base/raw/commercial-new/gpt_5_1_codex_P1_zero_shot_javascript_400_v1.jsonl | outputs/segregated_results/commercial-base/raw/gpt_5_1_P1_zero_shot_javascript_400_v1.jsonl | outputs/segregated_results/commercial-base/raw/gpt_5_1_codex_P1_zero_shot_javascript_400_v1.jsonl,outputs/segregated_results/commercial-base/may2026/commercial-new/gpt_5_1_P1_zero_shot_javascript_400_v1_detailed.jsonl | outputs/segregated_results/commercial-base/may2026/commercial-new/gpt_5_1_P1_zero_shot_javascript_400_v1_summary.json | outputs/segregated_results/commercial-base/may2026/commercial-new/gpt_5_1_codex_P1_zero_shot_javascript_400_v1_detailed.jsonl | outputs/segregated_results/commercial-base/may2026/commercial-new/gpt_5_1_codex_P1_zero_shot_javascript_400_v1_summary.json | outputs/segregated_results/commercial-base/eval/gpt_5_1_P1_zero_shot_javascript_400_v1_eval.json_detailed.jsonl | outputs/segregated_results/commercial-base/eval/gpt_5_1_P1_zero_shot_javascript_400_v1_eval.json_summary.json | outputs/segregated_results/commercial-base/eval/gpt_5_1_codex_P1_zero_shot_javascript_400_v1_eval.json_detailed.jsonl | outputs/segregated_results/commercial-base/eval/gpt_5_1_codex_P1_zero_shot_javascript_400_v1_eval.json_summary.json,outputs/segregated_results/commercial-base/correctness/gpt_5_1_P1_zero_shot_javascript_400_v1_correctness.json_detailed.jsonl | outputs/segregated_results/commercial-base/correctness/gpt_5_1_P1_zero_shot_javascript_400_v1_correctness.json_summary.json | outputs/segregated_results/commercial-base/correctness/gpt_5_1_codex_P1_zero_shot_javascript_400_v1_correctness.json_detailed.jsonl | outputs/segregated_results/commercial-base/correctness/gpt_5_1_codex_P1_zero_shot_javascript_400_v1_correctness.json_summary.json | outputs/segregated_results/commercial-base/may2026/commercial-new/gpt_5_1_P1_zero_shot_javascript_400_v1_code_grounded_detailed.jsonl | outputs/segregated_results/commercial-base/may2026/commercial-new/gpt_5_1_P1_zero_shot_javascript_400_v1_code_grounded_summary.json | outputs/segregated_results/commercial-base/may2026/commercial-new/gpt_5_1_codex_P1_zero_shot_javascript_400_v1_code_grounded_detailed.jsonl | outputs/segregated_results/commercial-base/may2026/commercial-new/gpt_5_1_codex_P1_zero_shot_javascript_400_v1_code_grounded_summary.json
core_400_report_run,commercial-base,gpt_5_1,one_shot,python,4,4,4,True,True,True,True,outputs/segregated_results/commercial-base/raw/commercial-new/gpt_5_1_P1_one_shot_python_400_v1.jsonl | outputs/segregated_results/commercial-base/raw/commercial-new/gpt_5_1_codex_P1_one_shot_python_400_v1.jsonl | outputs/segregated_results/commercial-base/raw/gpt_5_1_P1_one_shot_python_400_v1.jsonl | outputs/segregated_results/commercial-base/raw/gpt_5_1_codex_P1_one_shot_python_400_v1.jsonl,outputs/segregated_results/commercial-base/may2026/commercial-new/gpt_5_1_P1_one_shot_python_400_v1_detailed.jsonl | outputs/segregated_results/commercial-base/may2026/commercial-new/gpt_5_1_P1_one_shot_python_400_v1_summary.json | outputs/segregated_results/commercial-base/may2026/commercial-new/gpt_5_1_codex_P1_one_shot_python_400_v1_detailed.jsonl | outputs/segregated_results/commercial-base/may2026/commercial-new/gpt_5_1_codex_P1_one_shot_python_400_v1_summary.json,outputs/segregated_results/commercial-base/may2026/commercial-new/gpt_5_1_P1_one_shot_python_400_v1_code_grounded_detailed.jsonl | outputs/segregated_results/commercial-base/may2026/commercial-new/gpt_5_1_P1_one_shot_python_400_v1_code_grounded_summary.json | outputs/segregated_results/commercial-base/may2026/commercial-new/gpt_5_1_codex_P1_one_shot_python_400_v1_code_grounded_detailed.jsonl | outputs/segregated_results/commercial-base/may2026/commercial-new/gpt_5_1_codex_P1_one_shot_python_400_v1_code_grounded_summary.json
core_400_report_run,commercial-base,gpt_5_1,one_shot,java,4,4,4,True,True,True,True,outputs/segregated_results/commercial-base/raw/commercial-new/gpt_5_1_P1_one_shot_java_400_v1.jsonl | outputs/segregated_results/commercial-base/raw/commercial-new/gpt_5_1_codex_P1_one_shot_java_400_v1.jsonl | outputs/segregated_results/commercial-base/raw/gpt_5_1_P1_one_shot_java_400_v1.jsonl | outputs/segregated_results/commercial-base/raw/gpt_5_1_codex_P1_one_shot_java_400_v1.jsonl,outputs/segregated_results/commercial-base/may2026/commercial-new/gpt_5_1_P1_one_shot_java_400_v1_detailed.jsonl | outputs/segregated_results/commercial-base/may2026/commercial-new/gpt_5_1_P1_one_shot_java_400_v1_summary.json | outputs/segregated_results/commercial-base/may2026/commercial-new/gpt_5_1_codex_P1_one_shot_java_400_v1_detailed.jsonl | outputs/segregated_results/commercial-base/may2026/commercial-new/gpt_5_1_codex_P1_one_shot_java_400_v1_summary.json,outputs/segregated_results/commercial-base/may2026/commercial-new/gpt_5_1_P1_one_shot_java_400_v1_code_grounded_detailed.jsonl | outputs/segregated_results/commercial-base/may2026/commercial-new/gpt_5_1_P1_one_shot_java_400_v1_code_grounded_summary.json | outputs/segregated_results/commercial-base/may2026/commercial-new/gpt_5_1_codex_P1_one_shot_java_400_v1_code_grounded_detailed.jsonl | outputs/segregated_results/commercial-base/may2026/commercial-new/gpt_5_1_codex_P1_one_shot_java_400_v1_code_grounded_summary.json
core_400_report_run,commercial-base,gpt_5_1,one_shot,javascript,4,4,4,True,True,True,True,outputs/segregated_results/commercial-base/raw/commercial-new/gpt_5_1_P1_one_shot_javascript_400_v1.jsonl | outputs/segregated_results/commercial-base/raw/commercial-new/gpt_5_1_codex_P1_one_shot_javascript_400_v1.jsonl | outputs/segregated_results/commercial-base/raw/gpt_5_1_P1_one_shot_javascript_400_v1.jsonl | outputs/segregated_results/commercial-base/raw/gpt_5_1_codex_P1_one_shot_javascript_400_v1.jsonl,outputs/segregated_results/commercial-base/may2026/commercial-new/gpt_5_1_P1_one_shot_javascript_400_v1_detailed.jsonl | outputs/segregated_results/commercial-base/may2026/commercial-new/gpt_5_1_P1_one_shot_javascript_400_v1_summary.json | outputs/segregated_results/commercial-base/may2026/commercial-new/gpt_5_1_codex_P1_one_shot_javascript_400_v1_detailed.jsonl | outputs/segregated_results/commercial-base/may2026/commercial-new/gpt_5_1_codex_P1_one_shot_javascript_400_v1_summary.json,outputs/segregated_results/commercial-base/may2026/commercial-new/gpt_5_1_P1_one_shot_javascript_400_v1_code_grounded_detailed.jsonl | outputs/segregated_results/commercial-base/may2026/commercial-new/gpt_5_1_P1_one_shot_javascript_400_v1_code_grounded_summary.json | outputs/segregated_results/commercial-base/may2026/commercial-new/gpt_5_1_codex_P1_one_shot_javascript_400_v1_code_grounded_detailed.jsonl | outputs/segregated_results/commercial-base/may2026/commercial-new/gpt_5_1_codex_P1_one_shot_javascript_400_v1_code_grounded_summary.json
core_400_report_run,commercial-base,gpt_5_1,few_shot,python,4,4,4,True,True,True,True,outputs/segregated_results/commercial-base/raw/commercial-new/gpt_5_1_P1_few_shot_python_400_v1.jsonl | outputs/segregated_results/commercial-base/raw/commercial-new/gpt_5_1_codex_P1_few_shot_python_400_v1.jsonl | outputs/segregated_results/commercial-base/raw/gpt_5_1_P1_few_shot_python_400_v1.jsonl | outputs/segregated_results/commercial-base/raw/gpt_5_1_codex_P1_few_shot_python_400_v1.jsonl,outputs/segregated_results/commercial-base/may2026/commercial-new/gpt_5_1_P1_few_shot_python_400_v1_detailed.jsonl | outputs/segregated_results/commercial-base/may2026/commercial-new/gpt_5_1_P1_few_shot_python_400_v1_summary.json | outputs/segregated_results/commercial-base/may2026/commercial-new/gpt_5_1_codex_P1_few_shot_python_400_v1_detailed.jsonl | outputs/segregated_results/commercial-base/may2026/commercial-new/gpt_5_1_codex_P1_few_shot_python_400_v1_summary.json,outputs/segregated_results/commercial-base/may2026/commercial-new/gpt_5_1_P1_few_shot_python_400_v1_code_grounded_detailed.jsonl | outputs/segregated_results/commercial-base/may2026/commercial-new/gpt_5_1_P1_few_shot_python_400_v1_code_grounded_summary.json | outputs/segregated_results/commercial-base/may2026/commercial-new/gpt_5_1_codex_P1_few_shot_python_400_v1_code_grounded_detailed.jsonl | outputs/segregated_results/commercial-base/may2026/commercial-new/gpt_5_1_codex_P1_few_shot_python_400_v1_code_grounded_summary.json
core_400_report_run,commercial-base,gpt_5_1,few_shot,java,3,4,4,True,True,True,True,outputs/segregated_results/commercial-base/raw/commercial-new/gpt_5_1_P1_few_shot_java_400_v1.jsonl | outputs/segregated_results/commercial-base/raw/gpt_5_1_P1_few_shot_java_400_v1.jsonl | outputs/segregated_results/commercial-base/raw/gpt_5_1_codex_P1_few_shot_java_400_v1.jsonl,outputs/segregated_results/commercial-base/may2026/commercial-new/gpt_5_1_P1_few_shot_java_400_v1_detailed.jsonl | outputs/segregated_results/commercial-base/may2026/commercial-new/gpt_5_1_P1_few_shot_java_400_v1_summary.json | outputs/segregated_results/commercial-base/may2026/commercial-new/gpt_5_1_codex_P1_few_shot_java_400_v1_detailed.jsonl | outputs/segregated_results/commercial-base/may2026/commercial-new/gpt_5_1_codex_P1_few_shot_java_400_v1_summary.json,outputs/segregated_results/commercial-base/may2026/commercial-new/gpt_5_1_P1_few_shot_java_400_v1_code_grounded_detailed.jsonl | outputs/segregated_results/commercial-base/may2026/commercial-new/gpt_5_1_P1_few_shot_java_400_v1_code_grounded_summary.json | outputs/segregated_results/commercial-base/may2026/commercial-new/gpt_5_1_codex_P1_few_shot_java_400_v1_code_grounded_detailed.jsonl | outputs/segregated_results/commercial-base/may2026/commercial-new/gpt_5_1_codex_P1_few_shot_java_400_v1_code_grounded_summary.json
core_400_report_run,commercial-base,gpt_5_1,few_shot,javascript,4,4,4,True,True,True,True,outputs/segregated_results/commercial-base/raw/commercial-new/gpt_5_1_P1_few_shot_javascript_400_v1.jsonl | outputs/segregated_results/commercial-base/raw/commercial-new/gpt_5_1_codex_P1_few_shot_javascript_400_v1.jsonl | outputs/segregated_results/commercial-base/raw/gpt_5_1_P1_few_shot_javascript_400_v1.jsonl | outputs/segregated_results/commercial-base/raw/gpt_5_1_codex_P1_few_shot_javascript_400_v1.jsonl,outputs/segregated_results/commercial-base/may2026/commercial-new/gpt_5_1_P1_few_shot_javascript_400_v1_detailed.jsonl | outputs/segregated_results/commercial-base/may2026/commercial-new/gpt_5_1_P1_few_shot_javascript_400_v1_summary.json | outputs/segregated_results/commercial-base/may2026/commercial-new/gpt_5_1_codex_P1_few_shot_javascript_400_v1_detailed.jsonl | outputs/segregated_results/commercial-base/may2026/commercial-new/gpt_5_1_codex_P1_few_shot_javascript_400_v1_summary.json,outputs/segregated_results/commercial-base/may2026/commercial-new/gpt_5_1_P1_few_shot_javascript_400_v1_code_grounded_detailed.jsonl | outputs/segregated_results/commercial-base/may2026/commercial-new/gpt_5_1_P1_few_shot_javascript_400_v1_code_grounded_summary.json | outputs/segregated_results/commercial-base/may2026/commercial-new/gpt_5_1_codex_P1_few_shot_javascript_400_v1_code_grounded_detailed.jsonl | outputs/segregated_results/commercial-base/may2026/commercial-new/gpt_5_1_codex_P1_few_shot_javascript_400_v1_code_grounded_summary.json
core_400_report_run,commercial-base,gpt_5_1_codex,zero_shot,python,2,4,4,True,True,True,True,outputs/segregated_results/commercial-base/raw/commercial-new/gpt_5_1_codex_P1_zero_shot_python_400_v1.jsonl | outputs/segregated_results/commercial-base/raw/gpt_5_1_codex_P1_zero_shot_python_400_v1.jsonl,outputs/segregated_results/commercial-base/may2026/commercial-new/gpt_5_1_codex_P1_zero_shot_python_400_v1_detailed.jsonl | outputs/segregated_results/commercial-base/may2026/commercial-new/gpt_5_1_codex_P1_zero_shot_python_400_v1_summary.json | outputs/segregated_results/commercial-base/eval/gpt_5_1_codex_P1_zero_shot_python_400_v1_eval.json_detailed.jsonl | outputs/segregated_results/commercial-base/eval/gpt_5_1_codex_P1_zero_shot_python_400_v1_eval.json_summary.json,outputs/segregated_results/commercial-base/correctness/gpt_5_1_codex_P1_zero_shot_python_400_v1_correctness.json_detailed.jsonl | outputs/segregated_results/commercial-base/correctness/gpt_5_1_codex_P1_zero_shot_python_400_v1_correctness.json_summary.json | outputs/segregated_results/commercial-base/may2026/commercial-new/gpt_5_1_codex_P1_zero_shot_python_400_v1_code_grounded_detailed.jsonl | outputs/segregated_results/commercial-base/may2026/commercial-new/gpt_5_1_codex_P1_zero_shot_python_400_v1_code_grounded_summary.json
core_400_report_run,commercial-base,gpt_5_1_codex,zero_shot,java,2,4,4,True,True,True,True,outputs/segregated_results/commercial-base/raw/commercial-new/gpt_5_1_codex_P1_zero_shot_java_400_v1.jsonl | outputs/segregated_results/commercial-base/raw/gpt_5_1_codex_P1_zero_shot_java_400_v1.jsonl,outputs/segregated_results/commercial-base/may2026/commercial-new/gpt_5_1_codex_P1_zero_shot_java_400_v1_detailed.jsonl | outputs/segregated_results/commercial-base/may2026/commercial-new/gpt_5_1_codex_P1_zero_shot_java_400_v1_summary.json | outputs/segregated_results/commercial-base/eval/gpt_5_1_codex_P1_zero_shot_java_400_v1_eval.json_detailed.jsonl | outputs/segregated_results/commercial-base/eval/gpt_5_1_codex_P1_zero_shot_java_400_v1_eval.json_summary.json,outputs/segregated_results/commercial-base/correctness/gpt_5_1_codex_P1_zero_shot_java_400_v1_correctness.json_detailed.jsonl | outputs/segregated_results/commercial-base/correctness/gpt_5_1_codex_P1_zero_shot_java_400_v1_correctness.json_summary.json | outputs/segregated_results/commercial-base/may2026/commercial-new/gpt_5_1_codex_P1_zero_shot_java_400_v1_code_grounded_detailed.jsonl | outputs/segregated_results/commercial-base/may2026/commercial-new/gpt_5_1_codex_P1_zero_shot_java_400_v1_code_grounded_summary.json
core_400_report_run,commercial-base,gpt_5_1_codex,zero_shot,javascript,2,4,4,True,True,True,True,outputs/segregated_results/commercial-base/raw/commercial-new/gpt_5_1_codex_P1_zero_shot_javascript_400_v1.jsonl | outputs/segregated_results/commercial-base/raw/gpt_5_1_codex_P1_zero_shot_javascript_400_v1.jsonl,outputs/segregated_results/commercial-base/may2026/commercial-new/gpt_5_1_codex_P1_zero_shot_javascript_400_v1_detailed.jsonl | outputs/segregated_results/commercial-base/may2026/commercial-new/gpt_5_1_codex_P1_zero_shot_javascript_400_v1_summary.json | outputs/segregated_results/commercial-base/eval/gpt_5_1_codex_P1_zero_shot_javascript_400_v1_eval.json_detailed.jsonl | outputs/segregated_results/commercial-base/eval/gpt_5_1_codex_P1_zero_shot_javascript_400_v1_eval.json_summary.json,outputs/segregated_results/commercial-base/correctness/gpt_5_1_codex_P1_zero_shot_javascript_400_v1_correctness.json_detailed.jsonl | outputs/segregated_results/commercial-base/correctness/gpt_5_1_codex_P1_zero_shot_javascript_400_v1_correctness.json_summary.json | outputs/segregated_results/commercial-base/may2026/commercial-new/gpt_5_1_codex_P1_zero_shot_javascript_400_v1_code_grounded_detailed.jsonl | outputs/segregated_results/commercial-base/may2026/commercial-new/gpt_5_1_codex_P1_zero_shot_javascript_400_v1_code_grounded_summary.json
core_400_report_run,commercial-base,gpt_5_1_codex,one_shot,python,2,2,2,True,True,True,True,outputs/segregated_results/commercial-base/raw/commercial-new/gpt_5_1_codex_P1_one_shot_python_400_v1.jsonl | outputs/segregated_results/commercial-base/raw/gpt_5_1_codex_P1_one_shot_python_400_v1.jsonl,outputs/segregated_results/commercial-base/may2026/commercial-new/gpt_5_1_codex_P1_one_shot_python_400_v1_detailed.jsonl | outputs/segregated_results/commercial-base/may2026/commercial-new/gpt_5_1_codex_P1_one_shot_python_400_v1_summary.json,outputs/segregated_results/commercial-base/may2026/commercial-new/gpt_5_1_codex_P1_one_shot_python_400_v1_code_grounded_detailed.jsonl | outputs/segregated_results/commercial-base/may2026/commercial-new/gpt_5_1_codex_P1_one_shot_python_400_v1_code_grounded_summary.json
core_400_report_run,commercial-base,gpt_5_1_codex,one_shot,java,2,2,2,True,True,True,True,outputs/segregated_results/commercial-base/raw/commercial-new/gpt_5_1_codex_P1_one_shot_java_400_v1.jsonl | outputs/segregated_results/commercial-base/raw/gpt_5_1_codex_P1_one_shot_java_400_v1.jsonl,outputs/segregated_results/commercial-base/may2026/commercial-new/gpt_5_1_codex_P1_one_shot_java_400_v1_detailed.jsonl | outputs/segregated_results/commercial-base/may2026/commercial-new/gpt_5_1_codex_P1_one_shot_java_400_v1_summary.json,outputs/segregated_results/commercial-base/may2026/commercial-new/gpt_5_1_codex_P1_one_shot_java_400_v1_code_grounded_detailed.jsonl | outputs/segregated_results/commercial-base/may2026/commercial-new/gpt_5_1_codex_P1_one_shot_java_400_v1_code_grounded_summary.json
core_400_report_run,commercial-base,gpt_5_1_codex,one_shot,javascript,2,2,2,True,True,True,True,outputs/segregated_results/commercial-base/raw/commercial-new/gpt_5_1_codex_P1_one_shot_javascript_400_v1.jsonl | outputs/segregated_results/commercial-base/raw/gpt_5_1_codex_P1_one_shot_javascript_400_v1.jsonl,outputs/segregated_results/commercial-base/may2026/commercial-new/gpt_5_1_codex_P1_one_shot_javascript_400_v1_detailed.jsonl | outputs/segregated_results/commercial-base/may2026/commercial-new/gpt_5_1_codex_P1_one_shot_javascript_400_v1_summary.json,outputs/segregated_results/commercial-base/may2026/commercial-new/gpt_5_1_codex_P1_one_shot_javascript_400_v1_code_grounded_detailed.jsonl | outputs/segregated_results/commercial-base/may2026/commercial-new/gpt_5_1_codex_P1_one_shot_javascript_400_v1_code_grounded_summary.json
core_400_report_run,commercial-base,gpt_5_1_codex,few_shot,python,2,2,2,True,True,True,True,outputs/segregated_results/commercial-base/raw/commercial-new/gpt_5_1_codex_P1_few_shot_python_400_v1.jsonl | outputs/segregated_results/commercial-base/raw/gpt_5_1_codex_P1_few_shot_python_400_v1.jsonl,outputs/segregated_results/commercial-base/may2026/commercial-new/gpt_5_1_codex_P1_few_shot_python_400_v1_detailed.jsonl | outputs/segregated_results/commercial-base/may2026/commercial-new/gpt_5_1_codex_P1_few_shot_python_400_v1_summary.json,outputs/segregated_results/commercial-base/may2026/commercial-new/gpt_5_1_codex_P1_few_shot_python_400_v1_code_grounded_detailed.jsonl | outputs/segregated_results/commercial-base/may2026/commercial-new/gpt_5_1_codex_P1_few_shot_python_400_v1_code_grounded_summary.json
core_400_report_run,commercial-base,gpt_5_1_codex,few_shot,java,1,2,2,True,True,True,True,outputs/segregated_results/commercial-base/raw/gpt_5_1_codex_P1_few_shot_java_400_v1.jsonl,outputs/segregated_results/commercial-base/may2026/commercial-new/gpt_5_1_codex_P1_few_shot_java_400_v1_detailed.jsonl | outputs/segregated_results/commercial-base/may2026/commercial-new/gpt_5_1_codex_P1_few_shot_java_400_v1_summary.json,outputs/segregated_results/commercial-base/may2026/commercial-new/gpt_5_1_codex_P1_few_shot_java_400_v1_code_grounded_detailed.jsonl | outputs/segregated_results/commercial-base/may2026/commercial-new/gpt_5_1_codex_P1_few_shot_java_400_v1_code_grounded_summary.json
core_400_report_run,commercial-base,gpt_5_1_codex,few_shot,javascript,2,2,2,True,True,True,True,outputs/segregated_results/commercial-base/raw/commercial-new/gpt_5_1_codex_P1_few_shot_javascript_400_v1.jsonl | outputs/segregated_results/commercial-base/raw/gpt_5_1_codex_P1_few_shot_javascript_400_v1.jsonl,outputs/segregated_results/commercial-base/may2026/commercial-new/gpt_5_1_codex_P1_few_shot_javascript_400_v1_detailed.jsonl | outputs/segregated_results/commercial-base/may2026/commercial-new/gpt_5_1_codex_P1_few_shot_javascript_400_v1_summary.json,outputs/segregated_results/commercial-base/may2026/commercial-new/gpt_5_1_codex_P1_few_shot_javascript_400_v1_code_grounded_detailed.jsonl | outputs/segregated_results/commercial-base/may2026/commercial-new/gpt_5_1_codex_P1_few_shot_javascript_400_v1_code_grounded_summary.json
preserved_partial_or_legacy_400_run,commercial-base,deepseek_reasoner,zero_shot,python,2,4,4,True,True,True,True,outputs/segregated_results/commercial-base/raw/commercial-new/deepseek_reasoner_P1_zero_shot_python_400_v1.jsonl | outputs/segregated_results/commercial-base/raw/deepseek_reasoner_P1_zero_shot_python_400_v1.jsonl,outputs/segregated_results/commercial-base/may2026/commercial-new/deepseek_reasoner_P1_zero_shot_python_400_v1_detailed.jsonl | outputs/segregated_results/commercial-base/may2026/commercial-new/deepseek_reasoner_P1_zero_shot_python_400_v1_summary.json | outputs/segregated_results/commercial-base/eval/deepseek_reasoner_P1_zero_shot_python_400_v1_eval.json_detailed.jsonl | outputs/segregated_results/commercial-base/eval/deepseek_reasoner_P1_zero_shot_python_400_v1_eval.json_summary.json,outputs/segregated_results/commercial-base/correctness/deepseek_reasoner_P1_zero_shot_python_400_v1_correctness.json_detailed.jsonl | outputs/segregated_results/commercial-base/correctness/deepseek_reasoner_P1_zero_shot_python_400_v1_correctness.json_summary.json | outputs/segregated_results/commercial-base/may2026/commercial-new/deepseek_reasoner_P1_zero_shot_python_400_v1_code_grounded_detailed.jsonl | outputs/segregated_results/commercial-base/may2026/commercial-new/deepseek_reasoner_P1_zero_shot_python_400_v1_code_grounded_summary.json
preserved_partial_or_legacy_400_run,commercial-base,gpt_5_3_codex,zero_shot,python,2,4,4,True,True,True,True,outputs/segregated_results/commercial-base/raw/commercial-new/gpt_5_3_codex_P1_zero_shot_python_400_v1.jsonl | outputs/segregated_results/commercial-base/raw/gpt_5_3_codex_P1_zero_shot_python_400_v1.jsonl,outputs/segregated_results/commercial-base/may2026/commercial-new/gpt_5_3_codex_P1_zero_shot_python_400_v1_detailed.jsonl | outputs/segregated_results/commercial-base/may2026/commercial-new/gpt_5_3_codex_P1_zero_shot_python_400_v1_summary.json | outputs/segregated_results/commercial-base/eval/gpt_5_3_codex_P1_zero_shot_python_400_v1_eval.json_detailed.jsonl | outputs/segregated_results/commercial-base/eval/gpt_5_3_codex_P1_zero_shot_python_400_v1_eval.json_summary.json,outputs/segregated_results/commercial-base/correctness/gpt_5_3_codex_P1_zero_shot_python_400_v1_correctness.json_detailed.jsonl | outputs/segregated_results/commercial-base/correctness/gpt_5_3_codex_P1_zero_shot_python_400_v1_correctness.json_summary.json | outputs/segregated_results/commercial-base/may2026/commercial-new/gpt_5_3_codex_P1_zero_shot_python_400_v1_code_grounded_detailed.jsonl | outputs/segregated_results/commercial-base/may2026/commercial-new/gpt_5_3_codex_P1_zero_shot_python_400_v1_code_grounded_summary.json
preserved_partial_or_legacy_400_run,commercial-base,gpt_5_3_codex,zero_shot,java,2,4,4,True,True,True,True,outputs/segregated_results/commercial-base/raw/commercial-new/gpt_5_3_codex_P1_zero_shot_java_400_v1.jsonl | outputs/segregated_results/commercial-base/raw/gpt_5_3_codex_P1_zero_shot_java_400_v1.jsonl,outputs/segregated_results/commercial-base/may2026/commercial-new/gpt_5_3_codex_P1_zero_shot_java_400_v1_detailed.jsonl | outputs/segregated_results/commercial-base/may2026/commercial-new/gpt_5_3_codex_P1_zero_shot_java_400_v1_summary.json | outputs/segregated_results/commercial-base/eval/gpt_5_3_codex_P1_zero_shot_java_400_v1_eval.json_detailed.jsonl | outputs/segregated_results/commercial-base/eval/gpt_5_3_codex_P1_zero_shot_java_400_v1_eval.json_summary.json,outputs/segregated_results/commercial-base/correctness/gpt_5_3_codex_P1_zero_shot_java_400_v1_correctness.json_detailed.jsonl | outputs/segregated_results/commercial-base/correctness/gpt_5_3_codex_P1_zero_shot_java_400_v1_correctness.json_summary.json | outputs/segregated_results/commercial-base/may2026/commercial-new/gpt_5_3_codex_P1_zero_shot_java_400_v1_code_grounded_detailed.jsonl | outputs/segregated_results/commercial-base/may2026/commercial-new/gpt_5_3_codex_P1_zero_shot_java_400_v1_code_grounded_summary.json
preserved_partial_or_legacy_400_run,commercial-base,gpt_5_3_codex,zero_shot,javascript,2,4,4,True,True,True,True,outputs/segregated_results/commercial-base/raw/commercial-new/gpt_5_3_codex_P1_zero_shot_javascript_400_v1.jsonl | outputs/segregated_results/commercial-base/raw/gpt_5_3_codex_P1_zero_shot_javascript_400_v1.jsonl,outputs/segregated_results/commercial-base/may2026/commercial-new/gpt_5_3_codex_P1_zero_shot_javascript_400_v1_detailed.jsonl | outputs/segregated_results/commercial-base/may2026/commercial-new/gpt_5_3_codex_P1_zero_shot_javascript_400_v1_summary.json | outputs/segregated_results/commercial-base/eval/gpt_5_3_codex_P1_zero_shot_javascript_400_v1_eval.json_detailed.jsonl | outputs/segregated_results/commercial-base/eval/gpt_5_3_codex_P1_zero_shot_javascript_400_v1_eval.json_summary.json,outputs/segregated_results/commercial-base/correctness/gpt_5_3_codex_P1_zero_shot_javascript_400_v1_correctness.json_detailed.jsonl | outputs/segregated_results/commercial-base/correctness/gpt_5_3_codex_P1_zero_shot_javascript_400_v1_correctness.json_summary.json | outputs/segregated_results/commercial-base/may2026/commercial-new/gpt_5_3_codex_P1_zero_shot_javascript_400_v1_code_grounded_detailed.jsonl | outputs/segregated_results/commercial-base/may2026/commercial-new/gpt_5_3_codex_P1_zero_shot_javascript_400_v1_code_grounded_summary.json
preserved_partial_or_legacy_400_run,commercial-base,gpt_5_4,zero_shot,python,2,4,4,True,True,True,True,outputs/segregated_results/commercial-base/raw/commercial-new/gpt_5_4_P1_zero_shot_python_400_v1.jsonl | outputs/segregated_results/commercial-base/raw/gpt_5_4_P1_zero_shot_python_400_v1.jsonl,outputs/segregated_results/commercial-base/may2026/commercial-new/gpt_5_4_P1_zero_shot_python_400_v1_detailed.jsonl | outputs/segregated_results/commercial-base/may2026/commercial-new/gpt_5_4_P1_zero_shot_python_400_v1_summary.json | outputs/segregated_results/commercial-base/eval/gpt_5_4_P1_zero_shot_python_400_v1_eval.json_detailed.jsonl | outputs/segregated_results/commercial-base/eval/gpt_5_4_P1_zero_shot_python_400_v1_eval.json_summary.json,outputs/segregated_results/commercial-base/correctness/gpt_5_4_P1_zero_shot_python_400_v1_correctness.json_detailed.jsonl | outputs/segregated_results/commercial-base/correctness/gpt_5_4_P1_zero_shot_python_400_v1_correctness.json_summary.json | outputs/segregated_results/commercial-base/may2026/commercial-new/gpt_5_4_P1_zero_shot_python_400_v1_code_grounded_detailed.jsonl | outputs/segregated_results/commercial-base/may2026/commercial-new/gpt_5_4_P1_zero_shot_python_400_v1_code_grounded_summary.json
preserved_partial_or_legacy_400_run,commercial-base,gpt_5_4,zero_shot,java,2,4,4,True,True,True,True,outputs/segregated_results/commercial-base/raw/commercial-new/gpt_5_4_P1_zero_shot_java_400_v1.jsonl | outputs/segregated_results/commercial-base/raw/gpt_5_4_P1_zero_shot_java_400_v1.jsonl,outputs/segregated_results/commercial-base/may2026/commercial-new/gpt_5_4_P1_zero_shot_java_400_v1_detailed.jsonl | outputs/segregated_results/commercial-base/may2026/commercial-new/gpt_5_4_P1_zero_shot_java_400_v1_summary.json | outputs/segregated_results/commercial-base/eval/gpt_5_4_P1_zero_shot_java_400_v1_eval.json_detailed.jsonl | outputs/segregated_results/commercial-base/eval/gpt_5_4_P1_zero_shot_java_400_v1_eval.json_summary.json,outputs/segregated_results/commercial-base/correctness/gpt_5_4_P1_zero_shot_java_400_v1_correctness.json_detailed.jsonl | outputs/segregated_results/commercial-base/correctness/gpt_5_4_P1_zero_shot_java_400_v1_correctness.json_summary.json | outputs/segregated_results/commercial-base/may2026/commercial-new/gpt_5_4_P1_zero_shot_java_400_v1_code_grounded_detailed.jsonl | outputs/segregated_results/commercial-base/may2026/commercial-new/gpt_5_4_P1_zero_shot_java_400_v1_code_grounded_summary.json
preserved_partial_or_legacy_400_run,commercial-base,gpt_5_4,zero_shot,javascript,2,4,4,True,True,True,True,outputs/segregated_results/commercial-base/raw/commercial-new/gpt_5_4_P1_zero_shot_javascript_400_v1.jsonl | outputs/segregated_results/commercial-base/raw/gpt_5_4_P1_zero_shot_javascript_400_v1.jsonl,outputs/segregated_results/commercial-base/may2026/commercial-new/gpt_5_4_P1_zero_shot_javascript_400_v1_detailed.jsonl | outputs/segregated_results/commercial-base/may2026/commercial-new/gpt_5_4_P1_zero_shot_javascript_400_v1_summary.json | outputs/segregated_results/commercial-base/eval/gpt_5_4_P1_zero_shot_javascript_400_v1_eval.json_detailed.jsonl | outputs/segregated_results/commercial-base/eval/gpt_5_4_P1_zero_shot_javascript_400_v1_eval.json_summary.json,outputs/segregated_results/commercial-base/correctness/gpt_5_4_P1_zero_shot_javascript_400_v1_correctness.json_detailed.jsonl | outputs/segregated_results/commercial-base/correctness/gpt_5_4_P1_zero_shot_javascript_400_v1_correctness.json_summary.json | outputs/segregated_results/commercial-base/may2026/commercial-new/gpt_5_4_P1_zero_shot_javascript_400_v1_code_grounded_detailed.jsonl | outputs/segregated_results/commercial-base/may2026/commercial-new/gpt_5_4_P1_zero_shot_javascript_400_v1_code_grounded_summary.json
