artifact_id,repository_relative_path,source_relative_path,sha256,size_bytes,publication_status,reason
pub_00001,prompts/core_400/java/fs/prompt_input_400.jsonl,data/processed/prompted_shots/P1_few_shot_java_400.jsonl,827ff09d64bd7cd721cca3a2821db2ba2a3f5c70470e7d8af2c08ba47438438d,1944000,INCLUDE_GIT,authoritative selected compact public evidence
pub_00002,prompts/core_400/javascript/fs/prompt_input_400.jsonl,data/processed/prompted_shots/P1_few_shot_javascript_400.jsonl,ffa10e698a1ac006c14f430d22316b5e6536073bf924e676263830005020ab73,1712265,INCLUDE_GIT,authoritative selected compact public evidence
pub_00003,prompts/core_400/python/fs/prompt_input_400.jsonl,data/processed/prompted_shots/P1_few_shot_python_400.jsonl,210a5358362d7ddb5cc8f09f151a50d91b0628e888f95cf588a90d47d23bd0ef,1818682,INCLUDE_GIT,authoritative selected compact public evidence
pub_00004,prompts/core_400/java/os/prompt_input_400.jsonl,data/processed/prompted_shots/P1_one_shot_java_400.jsonl,d93c65937a96d86555975122e05341d8f12d66cdb4526e62c9fb95b7894b6c7b,1206000,INCLUDE_GIT,authoritative selected compact public evidence
pub_00005,prompts/core_400/javascript/os/prompt_input_400.jsonl,data/processed/prompted_shots/P1_one_shot_javascript_400.jsonl,ea86942562abf78897675095ea16eadc3e723877699a40045f700648f3998073,1333065,INCLUDE_GIT,authoritative selected compact public evidence
pub_00006,prompts/core_400/python/os/prompt_input_400.jsonl,data/processed/prompted_shots/P1_one_shot_python_400.jsonl,700dbdb08b80e7a51871def52a4f252e669679a5e17778113c8fa5420f219d7b,1172282,INCLUDE_GIT,authoritative selected compact public evidence
pub_00007,prompts/core_400/java/zs/prompt_input_400.jsonl,data/processed/prompted_shots/P1_zero_shot_java_400_ZS.jsonl,2a3ddb50ad9374eb0a2213b1a2c2741a424f18ee719e039418b28c30a8bb0b36,923200,INCLUDE_GIT,authoritative selected compact public evidence
pub_00008,prompts/core_400/javascript/zs/prompt_input_400.jsonl,data/processed/prompted_shots/P1_zero_shot_javascript_400_ZS.jsonl,b18a0c35fb67f2c070234c4ae7b01c0caafc45a7edde57b94e12098881d94076,972265,INCLUDE_GIT,authoritative selected compact public evidence
pub_00009,prompts/core_400/python/zs/prompt_input_400.jsonl,data/processed/prompted_shots/P1_zero_shot_python_400_ZS.jsonl,f9e9579844b7ea26734a077d7333056d9ccc193fd043121e14deba51df5a593c,904282,INCLUDE_GIT,authoritative selected compact public evidence
pub_00010,figures/chapter4/eda/eda_code_length_distribution.png,figures/eda/eda_code_length_distribution.png,defa6ea59e62b21ff88868bdc74af1cac0d82d77a44092cfbb2d9498d7b285d8,75859,INCLUDE_GIT,authoritative selected compact public evidence
pub_00011,figures/chapter4/eda/eda_doc_length_distribution.png,figures/eda/eda_doc_length_distribution.png,9cccf9ab46fa9c53af54f91e0c6f92cec7b84309dcef1eb37b7dcd01a63f604c,78554,INCLUDE_GIT,authoritative selected compact public evidence
pub_00012,figures/chapter4/eda/eda_parameter_count_distribution.png,figures/eda/eda_parameter_count_distribution.png,073355dc7fb7f3f24c829a949ef28c52b022deb3dc0ccb46f8ee74381a668399,171934,INCLUDE_GIT,authoritative selected compact public evidence
pub_00013,figures/chapter4/eda/eda_records_by_language.png,figures/eda/eda_records_by_language.png,fdc8a335045c4dc2116561a00d466d8382d7f9a80cf781dc9c2ab6c7b201b591,81203,INCLUDE_GIT,authoritative selected compact public evidence
pub_00014,figures/chapter4/eda/eda_return_presence_by_language.png,figures/eda/eda_return_presence_by_language.png,c36e4f56854106a24a138b779b6ed933dc89f0fb5c26c595c9baf49d2038a876,89706,INCLUDE_GIT,authoritative selected compact public evidence
pub_00015,experiments/core_400/codegemma_2b_lora/java/fs/assessment/automatic_detailed.jsonl,outputs/evaluation-and-correctness-may2026/open-source-fine-tuned/codegemma_2b_lora_multilang/codegemma_2b_lora_multilang_P1_few_shot_java_400_v1_detailed.jsonl,4b233a9cfb5653e6ed6ae0905c8e363402e6e872c1c097e0478bbc52ae4d675b,338386,INCLUDE_GIT,authoritative selected compact public evidence
pub_00016,experiments/core_400/codegemma_2b_lora/javascript/fs/assessment/code_grounded_detailed.jsonl,outputs/evaluation-and-correctness-may2026/open-source-fine-tuned/codegemma_2b_lora_multilang/codegemma_2b_lora_multilang_P1_few_shot_javascript_400_v1_code_grounded_detailed.jsonl,0df3722416cb61941e0c0ada7d4d27aca9bfec47181bea5d0cc25539eec36d62,326635,INCLUDE_GIT,authoritative selected compact public evidence
pub_00017,experiments/core_400/codegemma_2b_lora/javascript/os/assessment/code_grounded_detailed.jsonl,outputs/evaluation-and-correctness-may2026/open-source-fine-tuned/codegemma_2b_lora_multilang/codegemma_2b_lora_multilang_P1_one_shot_javascript_400_v1_code_grounded_detailed.jsonl,163be31f2195d4276ad358e8767033f0fd3923962c8f13ea424c017a4f11574a,346264,INCLUDE_GIT,authoritative selected compact public evidence
pub_00018,experiments/core_400/codegemma_2b_lora/javascript/zs/assessment/code_grounded_detailed.jsonl,outputs/evaluation-and-correctness-may2026/open-source-fine-tuned/codegemma_2b_lora_multilang/codegemma_2b_lora_multilang_P1_zero_shot_javascript_400_v1_code_grounded_detailed.jsonl,232dc1c505778b90b8af433fc4d23ca927097446a3aa17a80701a59cc106b1df,339319,INCLUDE_GIT,authoritative selected compact public evidence
pub_00019,experiments/core_400/qwen2_5_coder_1_5b_instruct_lora/python/fs/assessment/automatic_detailed.jsonl,outputs/evaluation-and-correctness-may2026/open-source-fine-tuned/qwen25_coder_1_5b_lora_multilang/qwen25_coder_1_5b_instruct_lora_multilang_P1_few_shot_python_400_v1_detailed.jsonl,22415a58b1ff17aaa2a038f0542d0bcd89861d5d8c058de04e202b80bd8be065,347062,INCLUDE_GIT,authoritative selected compact public evidence
pub_00020,experiments/core_400/qwen2_5_coder_1_5b_instruct_lora/python/os/assessment/automatic_detailed.jsonl,outputs/evaluation-and-correctness-may2026/open-source-fine-tuned/qwen25_coder_1_5b_lora_multilang/qwen25_coder_1_5b_instruct_lora_multilang_P1_one_shot_python_400_v1_detailed.jsonl,2064caf8ec9ff2399f092b1f186c1d71c2e3d3bf42647fcd60a17b39abb6a9c0,348864,INCLUDE_GIT,authoritative selected compact public evidence
pub_00021,experiments/core_400/qwen2_5_coder_1_5b_instruct_lora/java/zs/assessment/automatic_detailed.jsonl,outputs/evaluation-and-correctness-may2026/open-source-fine-tuned/qwen25_coder_1_5b_lora_multilang/qwen25_coder_1_5b_instruct_lora_multilang_P1_zero_shot_java_400_v1_detailed.jsonl,62c271aa0ec925b442ea06e22b4b004859ccd38e05b652a3d3209fe71159599d,355691,INCLUDE_GIT,authoritative selected compact public evidence
pub_00022,results/final/clean_full_results.csv,outputs/final_results/thesis_tables_completed_qwen/clean_full_results.csv,837557a2312de58f2045afe2b017b25100b3c0736fae498e4cbafc2d621f2072,69846,INCLUDE_GIT,authoritative selected compact public evidence
pub_00023,results/final/family_language_prompt_averages.csv,outputs/final_results/thesis_tables_completed_qwen/family_language_prompt_averages.csv,768ed9b5504274e1a8635ee2a6bab4e8b2c471dde9d0d8c2cf3d57a9e5af8012,4755,INCLUDE_GIT,authoritative selected compact public evidence
pub_00024,results/final/final_prompt_run_details.csv,outputs/final_results/thesis_tables_completed_qwen/final_prompt_run_details.csv,b0762877d5c7791e3097541aeb36aa5ba39767ba3dd9ad4622612d9d4906c1a0,132379,INCLUDE_GIT,authoritative selected compact public evidence
pub_00025,results/final/final_report_run_details.md,outputs/final_results/thesis_tables_completed_qwen/final_report_run_details.md,21d91315c170e499baa5fd2f8d8db4e2de90beab6def296932aac1c1e233ee78,2883,INCLUDE_GIT,authoritative selected compact public evidence
pub_00026,results/final/java_full_comparison.csv,outputs/final_results/thesis_tables_completed_qwen/java_full_comparison.csv,6bf955c1acd82ae41267fc2c070332f3fa0e49e0c91c937097d35a15ca79ce33,23254,INCLUDE_GIT,authoritative selected compact public evidence
pub_00027,results/final/javascript_full_comparison.csv,outputs/final_results/thesis_tables_completed_qwen/javascript_full_comparison.csv,734b7d9bbf1f531b0fb8d0fb374c0321f5f9c35f9cb9fd160f6712444744791b,23968,INCLUDE_GIT,authoritative selected compact public evidence
pub_00028,results/final/language_level_averages.csv,outputs/final_results/thesis_tables_completed_qwen/language_level_averages.csv,c8acb8ed2a9308ed77250c4adfca8213cbd36b9ae31beec6c91bae00b4bbf73b,611,INCLUDE_GIT,authoritative selected compact public evidence
pub_00029,results/final/language_prompt_averages.csv,outputs/final_results/thesis_tables_completed_qwen/language_prompt_averages.csv,308de82477864e0e76bca00f3fb2fa36083cc59ec11cfa1b80b03bc26ff9b882,1577,INCLUDE_GIT,authoritative selected compact public evidence
pub_00030,results/final/model_level_averages.csv,outputs/final_results/thesis_tables_completed_qwen/model_level_averages.csv,78d8342dc7760b294fbe5158dda16b85c51389278271ea6d25cde80a0c48e2cf,2518,INCLUDE_GIT,authoritative selected compact public evidence
pub_00031,results/final/prompt_level_averages.csv,outputs/final_results/thesis_tables_completed_qwen/prompt_level_averages.csv,22155ce97b552b8a77ed940bc5e84f46d21880ae56812e8ec2c87814de27238b,599,INCLUDE_GIT,authoritative selected compact public evidence
pub_00032,results/final/python_full_comparison.csv,outputs/final_results/thesis_tables_completed_qwen/python_full_comparison.csv,ca6d80fd7cd5af946c74977901f8a5c72e168902469550506c487a90c67f3ad1,23230,INCLUDE_GIT,authoritative selected compact public evidence
pub_00033,results/final/thesis_ready_main_table.csv,outputs/final_results/thesis_tables_completed_qwen/thesis_ready_main_table.csv,9b8f8698fa7c8ca5fc731c616266ffb998c2631df357620d20bf5df62a19a20a,11767,INCLUDE_GIT,authoritative selected compact public evidence
pub_00034,results/final/top10_models_per_language_by_coverage.csv,outputs/final_results/thesis_tables_completed_qwen/top10_models_per_language_by_coverage.csv,d05fc9ccd14fb23187fdc23251ff70f55d7b740aec069e8246e3d9fd0c12cf8f,20860,INCLUDE_GIT,authoritative selected compact public evidence
pub_00035,results/final/zero_value_row_audit.csv,outputs/final_results/thesis_tables_completed_qwen/zero_value_row_audit.csv,4fb7c845e68ca349a07e2954736cdad7d6ce09a76d20641e34f098f8033cee01,4480,INCLUDE_GIT,authoritative selected compact public evidence
pub_00036,experiments/core_400/deepseek_chat_v3_2/java/fs/generation/raw_generations.jsonl,outputs/raw_generations/commercial-new/deepseek_chat_P1_few_shot_java_400_v1.jsonl,9518a14efa370f2f6f59ee71ade022b262f2921443373ae8072cf1d87160871d,239830,INCLUDE_GIT,authoritative selected compact public evidence
pub_00037,experiments/core_400/deepseek_chat_v3_2/javascript/fs/generation/raw_generations.jsonl,outputs/raw_generations/commercial-new/deepseek_chat_P1_few_shot_javascript_400_v1.jsonl,7d348408773403a67f7ab3e815371466524b7e27f29e9ae7ccad436bdbaa0962,214790,INCLUDE_GIT,authoritative selected compact public evidence
pub_00038,experiments/core_400/deepseek_chat_v3_2/python/fs/generation/raw_generations.jsonl,outputs/raw_generations/commercial-new/deepseek_chat_P1_few_shot_python_400_v1.jsonl,68e360e20c94c400c1174321b944a11d81a3c4e74ef010640b065fb99413aab2,225705,INCLUDE_GIT,authoritative selected compact public evidence
pub_00039,experiments/core_400/deepseek_chat_v3_2/java/os/generation/raw_generations.jsonl,outputs/raw_generations/commercial-new/deepseek_chat_P1_one_shot_java_400_v1.jsonl,ca6fcecd17345049142443e42e3aa8121d2b41d20f91cb864b859a2b10fc4318,235387,INCLUDE_GIT,authoritative selected compact public evidence
pub_00040,experiments/core_400/deepseek_chat_v3_2/javascript/os/generation/raw_generations.jsonl,outputs/raw_generations/commercial-new/deepseek_chat_P1_one_shot_javascript_400_v1.jsonl,a56a397d6858e7aa3d86b78e7ec75ccdf829273da481bc9740b34a3a80559286,215050,INCLUDE_GIT,authoritative selected compact public evidence
pub_00041,experiments/core_400/deepseek_chat_v3_2/python/os/generation/raw_generations.jsonl,outputs/raw_generations/commercial-new/deepseek_chat_P1_one_shot_python_400_v1.jsonl,c0ca545e48b93963dfdacf71c237ddd0a53d82c28177b21fd15bbed430a86447,220549,INCLUDE_GIT,authoritative selected compact public evidence
pub_00042,experiments/core_400/deepseek_chat_v3_2/java/zs/generation/raw_generations.jsonl,outputs/raw_generations/commercial-new/deepseek_chat_P1_zero_shot_java_400_v1.jsonl,bb00e42153b6c66b8b51bfc93ab2e43c317d53bd3ed25ec2d6d1d3db6ca87924,233401,INCLUDE_GIT,authoritative selected compact public evidence
pub_00043,experiments/core_400/deepseek_chat_v3_2/javascript/zs/generation/raw_generations.jsonl,outputs/raw_generations/commercial-new/deepseek_chat_P1_zero_shot_javascript_400_v1.jsonl,8ed5d09e4e7880b8132124fbfa3c5fbf911e87f961564248ed23502923fcf7f0,220681,INCLUDE_GIT,authoritative selected compact public evidence
pub_00044,experiments/core_400/deepseek_chat_v3_2/python/zs/generation/raw_generations.jsonl,outputs/raw_generations/commercial-new/deepseek_chat_P1_zero_shot_python_400_v1.jsonl,93eb2e719d9a04748b369b98a1b5ff9c459759492f26d9a823765fdf1dac7fdb,225095,INCLUDE_GIT,authoritative selected compact public evidence
pub_00045,experiments/core_400/gemini_3_flash/java/fs/generation/raw_generations.jsonl,outputs/raw_generations/commercial-new/gemini_3_flash_preview_P1_few_shot_java_400_v1.jsonl,5e1010598a14a0eaa2e7b4be67dcb3dc1127ddcfe61cd966f54ce08340e0c5a0,257733,INCLUDE_GIT,authoritative selected compact public evidence
pub_00046,experiments/core_400/gemini_3_flash/javascript/fs/generation/raw_generations.jsonl,outputs/raw_generations/commercial-new/gemini_3_flash_preview_P1_few_shot_javascript_400_v1.jsonl,99d87a3ef4651af389d4be529c33bb24c80fa5853c0b0c06e859e224f11668f5,243561,INCLUDE_GIT,authoritative selected compact public evidence
pub_00047,experiments/core_400/gemini_3_flash/python/fs/generation/raw_generations.jsonl,outputs/raw_generations/commercial-new/gemini_3_flash_preview_P1_few_shot_python_400_v1.jsonl,279342f82f215c68a604ffa9a0a63c7f138a473e723cf0b8dec7b528600fb341,226411,INCLUDE_GIT,authoritative selected compact public evidence
pub_00048,experiments/core_400/gemini_3_flash/java/os/generation/raw_generations.jsonl,outputs/raw_generations/commercial-new/gemini_3_flash_preview_P1_one_shot_java_400_v1.jsonl,e9c4f86d070a3d493251ab9d2740ddd62eed63d8862b1cad2a36467f5fe68f64,245359,INCLUDE_GIT,authoritative selected compact public evidence
pub_00049,experiments/core_400/gemini_3_flash/javascript/os/generation/raw_generations.jsonl,outputs/raw_generations/commercial-new/gemini_3_flash_preview_P1_one_shot_javascript_400_v1.jsonl,1ccf85501c0249ee648c8efe359a092dd1af5d8cd02e230556a86f8b263098bc,227733,INCLUDE_GIT,authoritative selected compact public evidence
pub_00050,experiments/core_400/gemini_3_flash/python/os/generation/raw_generations.jsonl,outputs/raw_generations/commercial-new/gemini_3_flash_preview_P1_one_shot_python_400_v1.jsonl,d447b4c53c17fb2459d5b68e116fb373b826d7da9b26048fda1e335d28120726,227208,INCLUDE_GIT,authoritative selected compact public evidence
pub_00051,experiments/core_400/gemini_3_flash/java/zs/generation/raw_generations.jsonl,outputs/raw_generations/commercial-new/gemini_3_flash_preview_P1_zero_shot_java_400_v1.jsonl,adc0d60be8d4967253b477284617543fcb056a24365646ee58712554a74d892e,234893,INCLUDE_GIT,authoritative selected compact public evidence
pub_00052,experiments/core_400/gemini_3_flash/javascript/zs/generation/raw_generations.jsonl,outputs/raw_generations/commercial-new/gemini_3_flash_preview_P1_zero_shot_javascript_400_v1.jsonl,bbecdb432e1786fe0ab64e1fb2a02a430c3798a888f1c6cef71788ab849c815b,222512,INCLUDE_GIT,authoritative selected compact public evidence
pub_00053,experiments/core_400/gemini_3_flash/python/zs/generation/raw_generations.jsonl,outputs/raw_generations/commercial-new/gemini_3_flash_preview_P1_zero_shot_python_400_v1.jsonl,5154aaaff927fbe469ef70970b735ce7a0feeaec6e329e852211ad0d33b9ed32,225797,INCLUDE_GIT,authoritative selected compact public evidence
pub_00054,experiments/core_400/gpt_5_1_codex/javascript/fs/generation/raw_generations.jsonl,outputs/raw_generations/commercial-new/gpt_5_1_codex_P1_few_shot_javascript_400_v1.jsonl,4ee632e76ddb5c1200103b495e60d87d823a7a9e266f7a65ee317644cc8bd0cc,2603253,INCLUDE_GIT,authoritative selected compact public evidence
pub_00055,experiments/core_400/gpt_5_1_codex/python/fs/generation/raw_generations.jsonl,outputs/raw_generations/commercial-new/gpt_5_1_codex_P1_few_shot_python_400_v1.jsonl,40f57b52f03066e91b4c35d1d140f73af90100bad33a90e0c2be169d841cda33,2713498,INCLUDE_GIT,authoritative selected compact public evidence
pub_00056,experiments/core_400/gpt_5_1_codex/java/os/generation/raw_generations.jsonl,outputs/raw_generations/commercial-new/gpt_5_1_codex_P1_one_shot_java_400_v1.jsonl,6c277bd4317fb6225f36d589be73db30e475f4dcf142419690a96b55b22cd5a9,2110979,INCLUDE_GIT,authoritative selected compact public evidence
pub_00057,experiments/core_400/gpt_5_1_codex/javascript/os/generation/raw_generations.jsonl,outputs/raw_generations/commercial-new/gpt_5_1_codex_P1_one_shot_javascript_400_v1.jsonl,13fb39f9199c760bb97e1a252ee9065b5dcb199cde3e27c783cc6ae3f5ac368c,2239709,INCLUDE_GIT,authoritative selected compact public evidence
pub_00058,experiments/core_400/gpt_5_1_codex/python/os/generation/raw_generations.jsonl,outputs/raw_generations/commercial-new/gpt_5_1_codex_P1_one_shot_python_400_v1.jsonl,7f47e4eb3e39e9a772c020ec0827e4ac032ca631ea1286a8f5912ba68caf83ec,2079947,INCLUDE_GIT,authoritative selected compact public evidence
pub_00059,experiments/core_400/gpt_5_1_codex/java/zs/generation/raw_generations.jsonl,outputs/raw_generations/commercial-new/gpt_5_1_codex_P1_zero_shot_java_400_v1.jsonl,09ce2ec8c9fef7a28da8bc79325d248bc182edad7b9955635c11e38f1f493383,1811068,INCLUDE_GIT,authoritative selected compact public evidence
pub_00060,experiments/core_400/gpt_5_1_codex/javascript/zs/generation/raw_generations.jsonl,outputs/raw_generations/commercial-new/gpt_5_1_codex_P1_zero_shot_javascript_400_v1.jsonl,128f7a332c9854352b791ce10073b794ee950ce75206e5b8da6003e061e5d85d,1878429,INCLUDE_GIT,authoritative selected compact public evidence
pub_00061,experiments/core_400/gpt_5_1_codex/python/zs/generation/raw_generations.jsonl,outputs/raw_generations/commercial-new/gpt_5_1_codex_P1_zero_shot_python_400_v1.jsonl,ac58f377da3d7121a2a71fc7568059078f1c0f38e46d775be9cd45042c21d486,1794724,INCLUDE_GIT,authoritative selected compact public evidence
pub_00062,experiments/core_400/gpt_5_1/java/fs/generation/raw_generations.jsonl,outputs/raw_generations/commercial-new/gpt_5_1_P1_few_shot_java_400_v1.jsonl,f60654bd0c0bfd6bbfa376263b09234ddc271df363ee7170b38437cccc21458f,2823364,INCLUDE_GIT,authoritative selected compact public evidence
pub_00063,experiments/core_400/gpt_5_1/javascript/fs/generation/raw_generations.jsonl,outputs/raw_generations/commercial-new/gpt_5_1_P1_few_shot_javascript_400_v1.jsonl,eec3806c9c253831575a93457892e99b4b3bdde7d18067c2a8e253a399c3fac4,2577822,INCLUDE_GIT,authoritative selected compact public evidence
pub_00064,experiments/core_400/gpt_5_1/python/fs/generation/raw_generations.jsonl,outputs/raw_generations/commercial-new/gpt_5_1_P1_few_shot_python_400_v1.jsonl,c53ae28b24213cfb91de418262af8e5e1b15c9385be9d51b7410bf9672f82ca2,2703181,INCLUDE_GIT,authoritative selected compact public evidence
pub_00065,experiments/core_400/gpt_5_1/java/os/generation/raw_generations.jsonl,outputs/raw_generations/commercial-new/gpt_5_1_P1_one_shot_java_400_v1.jsonl,40a84b32386b63a8ea4f1b7ff9403fad39170945918e46616742a96d41f06de9,2088610,INCLUDE_GIT,authoritative selected compact public evidence
pub_00066,experiments/core_400/gpt_5_1/javascript/os/generation/raw_generations.jsonl,outputs/raw_generations/commercial-new/gpt_5_1_P1_one_shot_javascript_400_v1.jsonl,1570b040d4502e080ce1ca6c08c15a016f9cfcaf136dd347d6f1539f73dad420,2217727,INCLUDE_GIT,authoritative selected compact public evidence
pub_00067,experiments/core_400/gpt_5_1/python/os/generation/raw_generations.jsonl,outputs/raw_generations/commercial-new/gpt_5_1_P1_one_shot_python_400_v1.jsonl,0b922f6d2225ddb77cf9647bc974c2cc586c79719ae05785b85d2027f9714b06,2049503,INCLUDE_GIT,authoritative selected compact public evidence
pub_00068,experiments/core_400/gpt_5_1/java/zs/generation/raw_generations.jsonl,outputs/raw_generations/commercial-new/gpt_5_1_P1_zero_shot_java_400_v1.jsonl,0e6569a8026eef7ef53a9cda51657ce03c4e7b7093c639b07b5dffb1d0d9b013,1775902,INCLUDE_GIT,authoritative selected compact public evidence
pub_00069,experiments/core_400/gpt_5_1/javascript/zs/generation/raw_generations.jsonl,outputs/raw_generations/commercial-new/gpt_5_1_P1_zero_shot_javascript_400_v1.jsonl,0622dfaf11805d6ec0d3223ac725e6700273b58453245cab764d254582da2ae9,1851709,INCLUDE_GIT,authoritative selected compact public evidence
pub_00070,experiments/core_400/gpt_5_1/python/zs/generation/raw_generations.jsonl,outputs/raw_generations/commercial-new/gpt_5_1_P1_zero_shot_python_400_v2.jsonl,f4971c24cdbf9aa35ceae07cedc9d2e83d5ac035ee7ea4fa112f830c136b7ffa,1762386,INCLUDE_GIT,authoritative selected compact public evidence
pub_00071,experiments/core_400/gpt_5_1_codex/java/fs/generation/raw_generations.jsonl,outputs/raw_generations/gpt_5_1_codex_P1_few_shot_java_400_v1.jsonl,0cfc5076ec41780c00ef898585559f965949b2eb1944e46d739f0ff3415777fc,2845802,INCLUDE_GIT,authoritative selected compact public evidence
pub_00072,experiments/core_400/codegemma_2b_lora/java/fs/generation/raw_generations.jsonl,outputs/raw_generations/open-source-fine-tuned/codegemma_2b_lora_multilang/codegemma_2b_lora_multilang_P1_few_shot_java_400_v1.jsonl,aa8b29c928c53f43b34a98c9749aac72b48b3a44cbf356b2026c134f2a76990d,237023,INCLUDE_GIT,authoritative selected compact public evidence
pub_00073,experiments/core_400/codegemma_2b_lora/javascript/fs/generation/raw_generations.jsonl,outputs/raw_generations/open-source-fine-tuned/codegemma_2b_lora_multilang/codegemma_2b_lora_multilang_P1_few_shot_javascript_400_v1.jsonl,9da3b8e4a765de211533122c8ed754efdeffeca615a5c980c605c30cbba28c40,221005,INCLUDE_GIT,authoritative selected compact public evidence
pub_00074,experiments/core_400/codegemma_2b_lora/python/fs/generation/raw_generations.jsonl,outputs/raw_generations/open-source-fine-tuned/codegemma_2b_lora_multilang/codegemma_2b_lora_multilang_P1_few_shot_python_400_v1.jsonl,1a4e1a2459fc64711719f3ac9f58598fca0dd55e267482b21e9652bab5bffc1f,224256,INCLUDE_GIT,authoritative selected compact public evidence
pub_00075,experiments/core_400/codegemma_2b_lora/java/os/generation/raw_generations.jsonl,outputs/raw_generations/open-source-fine-tuned/codegemma_2b_lora_multilang/codegemma_2b_lora_multilang_P1_one_shot_java_400_v1.jsonl,a7d30decac5be2d03dc153af7e079ac05f131f5eaa82d060416cc3e68729a1a4,246814,INCLUDE_GIT,authoritative selected compact public evidence
pub_00076,experiments/core_400/codegemma_2b_lora/javascript/os/generation/raw_generations.jsonl,outputs/raw_generations/open-source-fine-tuned/codegemma_2b_lora_multilang/codegemma_2b_lora_multilang_P1_one_shot_javascript_400_v1.jsonl,c4feb18d9fe0d515a80b8933b9ade339679a7aa2f24e4195ba6d4674d1d06d2a,241958,INCLUDE_GIT,authoritative selected compact public evidence
pub_00077,experiments/core_400/codegemma_2b_lora/python/os/generation/raw_generations.jsonl,outputs/raw_generations/open-source-fine-tuned/codegemma_2b_lora_multilang/codegemma_2b_lora_multilang_P1_one_shot_python_400_v1.jsonl,f5f4b78f784f2625588f7481f61bb89f69fb0bd037356be8a74ffa1b0065818b,228843,INCLUDE_GIT,authoritative selected compact public evidence
pub_00078,experiments/core_400/codegemma_2b_lora/java/zs/generation/raw_generations.jsonl,outputs/raw_generations/open-source-fine-tuned/codegemma_2b_lora_multilang/codegemma_2b_lora_multilang_P1_zero_shot_java_400_v1.jsonl,08e219f66a40518c7c8ceca0c762bf7c5b5984ca2bd6831123a603c9d28f01fc,240515,INCLUDE_GIT,authoritative selected compact public evidence
pub_00079,experiments/core_400/codegemma_2b_lora/javascript/zs/generation/raw_generations.jsonl,outputs/raw_generations/open-source-fine-tuned/codegemma_2b_lora_multilang/codegemma_2b_lora_multilang_P1_zero_shot_javascript_400_v1.jsonl,944c01f48a20fe95a69a573a1b0a21a6a75234eb5e8144e32809d3938e32ce98,234445,INCLUDE_GIT,authoritative selected compact public evidence
pub_00080,experiments/core_400/codegemma_2b_lora/python/zs/generation/raw_generations.jsonl,outputs/raw_generations/open-source-fine-tuned/codegemma_2b_lora_multilang/codegemma_2b_lora_multilang_P1_zero_shot_python_400_v1.jsonl,396dc77da7df4e48cb52fe87c908b9a4b52174670072eef1918c3ac9f2d6bfee,223844,INCLUDE_GIT,authoritative selected compact public evidence
pub_00081,experiments/core_400/gemma_2_2b_it_lora/java/fs/generation/raw_generations.jsonl,outputs/raw_generations/open-source-fine-tuned/gemma_2_2b_it_lora_multilang/gemma_2_2b_it_lora_multilang_P1_few_shot_java_400_v1.jsonl,5ed9b452fe75f0d0e6cc3e93e033ca9d8af7f3f47dd12ad9139e3477342e04a8,246792,INCLUDE_GIT,authoritative selected compact public evidence
pub_00082,experiments/core_400/gemma_2_2b_it_lora/javascript/fs/generation/raw_generations.jsonl,outputs/raw_generations/open-source-fine-tuned/gemma_2_2b_it_lora_multilang/gemma_2_2b_it_lora_multilang_P1_few_shot_javascript_400_v1.jsonl,3b644908aeb7391178fba8fa9e695143cc7a9356a6990382b2a13c256e460e9f,226570,INCLUDE_GIT,authoritative selected compact public evidence
pub_00083,experiments/core_400/gemma_2_2b_it_lora/python/fs/generation/raw_generations.jsonl,outputs/raw_generations/open-source-fine-tuned/gemma_2_2b_it_lora_multilang/gemma_2_2b_it_lora_multilang_P1_few_shot_python_400_v1.jsonl,3adc67125d4960d79feef3585b3cd7144e2d9edcbc99b8ce6e2d04987a86732f,224268,INCLUDE_GIT,authoritative selected compact public evidence
pub_00084,experiments/core_400/gemma_2_2b_it_lora/java/os/generation/raw_generations.jsonl,outputs/raw_generations/open-source-fine-tuned/gemma_2_2b_it_lora_multilang/gemma_2_2b_it_lora_multilang_P1_one_shot_java_400_v1.jsonl,f268aec78ca3577d1720b1463fa222cd8bea3304f1c38f3492121cbdcfb05828,246793,INCLUDE_GIT,authoritative selected compact public evidence
pub_00085,experiments/core_400/gemma_2_2b_it_lora/javascript/os/generation/raw_generations.jsonl,outputs/raw_generations/open-source-fine-tuned/gemma_2_2b_it_lora_multilang/gemma_2_2b_it_lora_multilang_P1_one_shot_javascript_400_v1.jsonl,f50331a5509e47e42fa270734820a4d1cbd9904392aae85ea7ff3fe89fc65945,226583,INCLUDE_GIT,authoritative selected compact public evidence
pub_00086,experiments/core_400/gemma_2_2b_it_lora/python/os/generation/raw_generations.jsonl,outputs/raw_generations/open-source-fine-tuned/gemma_2_2b_it_lora_multilang/gemma_2_2b_it_lora_multilang_P1_one_shot_python_400_v1.jsonl,77263b03ca67f6111dc19e933a88bb6e64072093c991c0e92d646f0a68b2a2ea,224269,INCLUDE_GIT,authoritative selected compact public evidence
pub_00087,experiments/core_400/gemma_2_2b_it_lora/java/zs/generation/raw_generations.jsonl,outputs/raw_generations/open-source-fine-tuned/gemma_2_2b_it_lora_multilang/gemma_2_2b_it_lora_multilang_P1_zero_shot_java_400_v1.jsonl,c54cb96714c84e74671d1a5b116f6c5f7a05006770bde74daa509d97b5d38990,246778,INCLUDE_GIT,authoritative selected compact public evidence
pub_00088,experiments/core_400/gemma_2_2b_it_lora/javascript/zs/generation/raw_generations.jsonl,outputs/raw_generations/open-source-fine-tuned/gemma_2_2b_it_lora_multilang/gemma_2_2b_it_lora_multilang_P1_zero_shot_javascript_400_v1.jsonl,c24a289fc9b756dd17a14920db5e5270d85873bb4eb318bb6dffc2b72f3c919c,226574,INCLUDE_GIT,authoritative selected compact public evidence
pub_00089,experiments/core_400/gemma_2_2b_it_lora/python/zs/generation/raw_generations.jsonl,outputs/raw_generations/open-source-fine-tuned/gemma_2_2b_it_lora_multilang/gemma_2_2b_it_lora_multilang_P1_zero_shot_python_400_v1.jsonl,6c91fc42e849dc4e2bec8ef2221d493a3077ffe42da91471dd387c29d108c02e,224266,INCLUDE_GIT,authoritative selected compact public evidence
pub_00090,experiments/core_400/qwen2_5_1_5b_instruct_lora/java/fs/generation/raw_generations.jsonl,outputs/raw_generations/open-source-fine-tuned/qwen25_1_5b_instruct_lora_multilang/qwen25_1_5b_instruct_lora_multilang_P1_few_shot_java_400_v1.jsonl,383ed423a52a8bf29af6e8c8ca55fb969fddc5045fcc045304bb0a860bd72e2d,254456,INCLUDE_GIT,authoritative selected compact public evidence
pub_00091,experiments/core_400/qwen2_5_1_5b_instruct_lora/javascript/fs/generation/raw_generations.jsonl,outputs/raw_generations/open-source-fine-tuned/qwen25_1_5b_instruct_lora_multilang/qwen25_1_5b_instruct_lora_multilang_P1_few_shot_javascript_400_v1.jsonl,6e6474ce207d1da34848a753dd1462cb30a1411335c6ae047f61261ac2d7426d,228704,INCLUDE_GIT,authoritative selected compact public evidence
pub_00092,experiments/core_400/qwen2_5_1_5b_instruct_lora/python/fs/generation/raw_generations.jsonl,outputs/raw_generations/open-source-fine-tuned/qwen25_1_5b_instruct_lora_multilang/qwen25_1_5b_instruct_lora_multilang_P1_few_shot_python_400_v1.jsonl,8be96a1a52e18102327ad17aade9042db4ebf198b42c120d00dfad33d873f28f,239135,INCLUDE_GIT,authoritative selected compact public evidence
pub_00093,experiments/core_400/qwen2_5_1_5b_instruct_lora/java/os/generation/raw_generations.jsonl,outputs/raw_generations/open-source-fine-tuned/qwen25_1_5b_instruct_lora_multilang/qwen25_1_5b_instruct_lora_multilang_P1_one_shot_java_400_v1.jsonl,d1fdd5c2f098501ee4273cab86b9474474d8b050931bc3e36907e20e70ebaeb5,254855,INCLUDE_GIT,authoritative selected compact public evidence
pub_00094,experiments/core_400/qwen2_5_1_5b_instruct_lora/javascript/os/generation/raw_generations.jsonl,outputs/raw_generations/open-source-fine-tuned/qwen25_1_5b_instruct_lora_multilang/qwen25_1_5b_instruct_lora_multilang_P1_one_shot_javascript_400_v1.jsonl,240301c56a8cd29b0d9bcb918770e3763f3cdc110a9ba711fb839b5c1e6fde44,239350,INCLUDE_GIT,authoritative selected compact public evidence
pub_00095,experiments/core_400/qwen2_5_1_5b_instruct_lora/python/os/generation/raw_generations.jsonl,outputs/raw_generations/open-source-fine-tuned/qwen25_1_5b_instruct_lora_multilang/qwen25_1_5b_instruct_lora_multilang_P1_one_shot_python_400_v1.jsonl,38ce3b40415982c3111e3bae883161b1ad95ac846f9dce8acd04088596bfb395,240451,INCLUDE_GIT,authoritative selected compact public evidence
pub_00096,experiments/core_400/qwen2_5_1_5b_instruct_lora/java/zs/generation/raw_generations.jsonl,outputs/raw_generations/open-source-fine-tuned/qwen25_1_5b_instruct_lora_multilang/qwen25_1_5b_instruct_lora_multilang_P1_zero_shot_java_400_v1.jsonl,7474287abe5c93c48319d4baa6564bd168b365d93164cea5aac81584e0ecb20f,265076,INCLUDE_GIT,authoritative selected compact public evidence
pub_00097,experiments/core_400/qwen2_5_1_5b_instruct_lora/javascript/zs/generation/raw_generations.jsonl,outputs/raw_generations/open-source-fine-tuned/qwen25_1_5b_instruct_lora_multilang/qwen25_1_5b_instruct_lora_multilang_P1_zero_shot_javascript_400_v1.jsonl,4af5f02ce6606867910c4b090259cbb9712b57639bd54bcf90263736e3e4a0c0,257853,INCLUDE_GIT,authoritative selected compact public evidence
pub_00098,experiments/core_400/qwen2_5_1_5b_instruct_lora/python/zs/generation/raw_generations.jsonl,outputs/raw_generations/open-source-fine-tuned/qwen25_1_5b_instruct_lora_multilang/qwen25_1_5b_instruct_lora_multilang_P1_zero_shot_python_400_v1.jsonl,56b581db63a16bc12dbef6c910643494a6f0d8d94def336c40517b9336e299b3,242291,INCLUDE_GIT,authoritative selected compact public evidence
pub_00099,experiments/core_400/qwen2_5_coder_1_5b_instruct_lora/java/fs/generation/raw_generations.jsonl,outputs/raw_generations/open-source-fine-tuned/qwen25_coder_1_5b_lora_multilang/qwen25_coder_1_5b_instruct_lora_multilang_P1_few_shot_java_400_v1.jsonl,94777e1bd8a76df104d5b6b2f4917d220d79df189f218ace922f84dde68c81ca,253688,INCLUDE_GIT,authoritative selected compact public evidence
pub_00100,experiments/core_400/qwen2_5_coder_1_5b_instruct_lora/javascript/fs/generation/raw_generations.jsonl,outputs/raw_generations/open-source-fine-tuned/qwen25_coder_1_5b_lora_multilang/qwen25_coder_1_5b_instruct_lora_multilang_P1_few_shot_javascript_400_v1.jsonl,19760bcc59e6d342c50417f34fd54244e91b2526a0c1fe98954f7978d8d74a28,237883,INCLUDE_GIT,authoritative selected compact public evidence
pub_00101,experiments/core_400/qwen2_5_coder_1_5b_instruct_lora/python/fs/generation/raw_generations.jsonl,outputs/raw_generations/open-source-fine-tuned/qwen25_coder_1_5b_lora_multilang/qwen25_coder_1_5b_instruct_lora_multilang_P1_few_shot_python_400_v1.jsonl,cb4e3f1b734f234ac9505df87f87b642506042fdf0f0617af206622ea0886b8b,237148,INCLUDE_GIT,authoritative selected compact public evidence
pub_00102,experiments/core_400/qwen2_5_coder_1_5b_instruct_lora/java/os/generation/raw_generations.jsonl,outputs/raw_generations/open-source-fine-tuned/qwen25_coder_1_5b_lora_multilang/qwen25_coder_1_5b_instruct_lora_multilang_P1_one_shot_java_400_v1.jsonl,48a7b8ab515e2903a7ef92c182e7508951f139cd3e7b7fa5814dd0c91748ae68,253299,INCLUDE_GIT,authoritative selected compact public evidence
pub_00103,experiments/core_400/qwen2_5_coder_1_5b_instruct_lora/javascript/os/generation/raw_generations.jsonl,outputs/raw_generations/open-source-fine-tuned/qwen25_coder_1_5b_lora_multilang/qwen25_coder_1_5b_instruct_lora_multilang_P1_one_shot_javascript_400_v1.jsonl,ed1c407758f7856658d0daac41f37d44c730291f16620153ddb1a14f29135976,240759,INCLUDE_GIT,authoritative selected compact public evidence
pub_00104,experiments/core_400/qwen2_5_coder_1_5b_instruct_lora/python/os/generation/raw_generations.jsonl,outputs/raw_generations/open-source-fine-tuned/qwen25_coder_1_5b_lora_multilang/qwen25_coder_1_5b_instruct_lora_multilang_P1_one_shot_python_400_v1.jsonl,1059af412eb438ab367c65feeaa154395b3dd653b9f17b9b295e5af1a1f60332,239056,INCLUDE_GIT,authoritative selected compact public evidence
pub_00105,experiments/core_400/qwen2_5_coder_1_5b_instruct_lora/java/zs/generation/raw_generations.jsonl,outputs/raw_generations/open-source-fine-tuned/qwen25_coder_1_5b_lora_multilang/qwen25_coder_1_5b_instruct_lora_multilang_P1_zero_shot_java_400_v1.jsonl,1766445e196e0753995e8a71e3e1e6e08d4222682bfcecd6c89ba4ad73c49143,254369,INCLUDE_GIT,authoritative selected compact public evidence
pub_00106,experiments/core_400/qwen2_5_coder_1_5b_instruct_lora/javascript/zs/generation/raw_generations.jsonl,outputs/raw_generations/open-source-fine-tuned/qwen25_coder_1_5b_lora_multilang/qwen25_coder_1_5b_instruct_lora_multilang_P1_zero_shot_javascript_400_v1.jsonl,a25c78df909814722619f9fc4ec79d2f33243c35b3db33c715a90ce5f4c8be63,252149,INCLUDE_GIT,authoritative selected compact public evidence
pub_00107,experiments/core_400/codegemma_2b/java/fs/generation/raw_generations.jsonl,outputs/raw_generations/open-source/codegemma_2b_P1_few_shot_java_400_v1.jsonl,072f39b9dd9b4b1fd3f322ceae310a14e938f745d5db579b2f1123225f8ba8fe,439629,INCLUDE_GIT,authoritative selected compact public evidence
pub_00108,experiments/core_400/codegemma_2b/javascript/fs/generation/raw_generations.jsonl,outputs/raw_generations/open-source/codegemma_2b_P1_few_shot_javascript_400_v1.jsonl,73e82d9068f1af0acefc5462fb3fb0bb53e80829f9b8a91bcd482582ab811859,406951,INCLUDE_GIT,authoritative selected compact public evidence
pub_00109,experiments/core_400/codegemma_2b/python/fs/generation/raw_generations.jsonl,outputs/raw_generations/open-source/codegemma_2b_P1_few_shot_python_400_v1.jsonl,6467f14b8028bf7a8ed9f44706de59041310c6d7b160bdd1af2ebe7c637c4182,385159,INCLUDE_GIT,authoritative selected compact public evidence
pub_00110,experiments/core_400/codegemma_2b/java/os/generation/raw_generations.jsonl,outputs/raw_generations/open-source/codegemma_2b_P1_one_shot_java_400_v1.jsonl,c2d4b1096244186cfe66786ee4149d46c273e7168d85b027bab8c8dfa84d488d,182193,INCLUDE_GIT,authoritative selected compact public evidence
pub_00111,experiments/core_400/codegemma_2b/javascript/os/generation/raw_generations.jsonl,outputs/raw_generations/open-source/codegemma_2b_P1_one_shot_javascript_400_v1.jsonl,591e88ed44d9d9ead90b331a459e50cb1dee4e825610cd554a11d546a27cb8b1,171378,INCLUDE_GIT,authoritative selected compact public evidence
pub_00112,experiments/core_400/codegemma_2b/python/os/generation/raw_generations.jsonl,outputs/raw_generations/open-source/codegemma_2b_P1_one_shot_python_400_v1.jsonl,9fa08caa9a7876afae60171390b1d43ca4c35441b1bd7b88c5dfffe2fbc3bf20,196684,INCLUDE_GIT,authoritative selected compact public evidence
pub_00113,experiments/core_400/codegemma_2b/java/zs/generation/raw_generations.jsonl,outputs/raw_generations/open-source/codegemma_2b_P1_zero_shot_java_400_v1.jsonl,986090993b79d21a78ecc0c66b6398718c896b5eb30174f0f42bd0ecc53501a5,478244,INCLUDE_GIT,authoritative selected compact public evidence
pub_00114,experiments/core_400/codegemma_2b/javascript/zs/generation/raw_generations.jsonl,outputs/raw_generations/open-source/codegemma_2b_P1_zero_shot_javascript_400_v1.jsonl,4254c5d2d793f05efba5e199387e42b14b5745a60efcdc420f237133ba802796,464171,INCLUDE_GIT,authoritative selected compact public evidence
pub_00115,experiments/core_400/codegemma_2b/python/zs/generation/raw_generations.jsonl,outputs/raw_generations/open-source/codegemma_2b_P1_zero_shot_python_400_v1.jsonl,152d2eb36a909661611dae37548202833f2b833ed967974c315cd65219890aaa,193218,INCLUDE_GIT,authoritative selected compact public evidence
pub_00116,experiments/core_400/gemma_2_2b_it/java/fs/generation/raw_generations.jsonl,outputs/raw_generations/open-source/gemma_2_2b_it_P1_few_shot_java_400_v1.jsonl,89a72f52f991db86860b93bb023ab2d3b266968271a149daae685a86952b4034,265927,INCLUDE_GIT,authoritative selected compact public evidence
pub_00117,experiments/core_400/gemma_2_2b_it/javascript/fs/generation/raw_generations.jsonl,outputs/raw_generations/open-source/gemma_2_2b_it_P1_few_shot_javascript_400_v1.jsonl,78439976d5d1e4b2bdb370c52e7bdfa111043f0a532904573d571e6a32374ee1,198716,INCLUDE_GIT,authoritative selected compact public evidence
pub_00118,experiments/core_400/gemma_2_2b_it/python/fs/generation/raw_generations.jsonl,outputs/raw_generations/open-source/gemma_2_2b_it_P1_few_shot_python_400_v1.jsonl,160877038964c434474547fd938660b13f0a1ed7524aa57476c2c379bca55ce5,195437,INCLUDE_GIT,authoritative selected compact public evidence
pub_00119,experiments/core_400/gemma_2_2b_it/java/os/generation/raw_generations.jsonl,outputs/raw_generations/open-source/gemma_2_2b_it_P1_one_shot_java_400_v1.jsonl,9f2a9ec525af97cf2c51c4393d3dd34a04462ce7e3f5556c69a435bbdc1f87dd,185513,INCLUDE_GIT,authoritative selected compact public evidence
pub_00120,experiments/core_400/gemma_2_2b_it/javascript/os/generation/raw_generations.jsonl,outputs/raw_generations/open-source/gemma_2_2b_it_P1_one_shot_javascript_400_v1.jsonl,3e070fbaaf2779e21ed409531eb01869d54ee9f2742af37e9516b7592ae9c308,173317,INCLUDE_GIT,authoritative selected compact public evidence
pub_00121,experiments/core_400/gemma_2_2b_it/python/os/generation/raw_generations.jsonl,outputs/raw_generations/open-source/gemma_2_2b_it_P1_one_shot_python_400_v1.jsonl,14af18e16f792dbe8346cc9ef62ede7b70aac7fc9641f87d89f5a41484199fad,199599,INCLUDE_GIT,authoritative selected compact public evidence
pub_00122,experiments/core_400/gemma_2_2b_it/java/zs/generation/raw_generations.jsonl,outputs/raw_generations/open-source/gemma_2_2b_it_P1_zero_shot_java_400_v2.jsonl,6d47f2f11b1540fd256c7aba6c6f57e21b8d06a5fc28015f6310f7c0ea808279,312257,INCLUDE_GIT,authoritative selected compact public evidence
pub_00123,experiments/core_400/gemma_2_2b_it/javascript/zs/generation/raw_generations.jsonl,outputs/raw_generations/open-source/gemma_2_2b_it_P1_zero_shot_javascript_400_v2.jsonl,0a63fd7edee9d7b250ae7a0f272bdaba6b220d7a48b5b75cfdeae529d8406e7c,300339,INCLUDE_GIT,authoritative selected compact public evidence
pub_00124,experiments/core_400/gemma_2_2b_it/python/zs/generation/raw_generations.jsonl,outputs/raw_generations/open-source/gemma_2_2b_it_P1_zero_shot_python_400_v2.jsonl,fc9409051c929964cb4676a8415f63fd25c2cc83786379c65f4436aa3a5e1350,306020,INCLUDE_GIT,authoritative selected compact public evidence
pub_00125,experiments/core_400/qwen2_5_1_5b_instruct/java/os/generation/raw_generations.jsonl,outputs/raw_generations/open-source/qwen25_1_5b_instruct_P1_one_shot_java_400_v1.jsonl,60b2d45689f71d2cbe6bbcf0c8716e883284d2523502fab9b1314fae6131fc2b,229403,INCLUDE_GIT,authoritative selected compact public evidence
pub_00126,experiments/core_400/qwen2_5_1_5b_instruct/javascript/os/generation/raw_generations.jsonl,outputs/raw_generations/open-source/qwen25_1_5b_instruct_P1_one_shot_javascript_400_v1.jsonl,83ac243ad196bf5203ae82b3abd06a241a748042b246798cce3db080cb94e7e4,192151,INCLUDE_GIT,authoritative selected compact public evidence
pub_00127,experiments/core_400/qwen2_5_1_5b_instruct/python/os/generation/raw_generations.jsonl,outputs/raw_generations/open-source/qwen25_1_5b_instruct_P1_one_shot_python_400_v1.jsonl,46df16d96337dfcb2bf92b050718df0f457289ac9863d3fecf433d74972452ff,271990,INCLUDE_GIT,authoritative selected compact public evidence
pub_00128,experiments/core_400/qwen2_5_coder_1_5b_instruct/python/fs/generation/raw_generations.jsonl,outputs/raw_generations/open-source/qwen25_coder_1_5b_instruct_P1_few_shot_python_400_v1.jsonl,24ebccf382792baa4a75e55d3ff8f4395479c99900a7294c65d7aea83cad413b,222862,INCLUDE_GIT,authoritative selected compact public evidence
pub_00129,experiments/core_400/qwen2_5_coder_1_5b_instruct/java/os/generation/raw_generations.jsonl,outputs/raw_generations/open-source/qwen25_coder_1_5b_instruct_P1_one_shot_java_400_v2_rerun.jsonl,c97ba65e82204d98831420977ecb1bd2040f1824a01acc6793516594252f8981,227350,INCLUDE_GIT,authoritative selected compact public evidence
pub_00130,experiments/core_400/qwen2_5_coder_1_5b_instruct/javascript/os/generation/raw_generations.jsonl,outputs/raw_generations/open-source/qwen25_coder_1_5b_instruct_P1_one_shot_javascript_400_v3_repaired.jsonl,d6a0c3ab009901d6f81899c40c73959ea7972fafdf53e1c2fc885837dc90e561,184202,INCLUDE_GIT,authoritative selected compact public evidence
pub_00131,experiments/core_400/qwen2_5_coder_1_5b_instruct/python/os/generation/raw_generations.jsonl,outputs/raw_generations/open-source/qwen25_coder_1_5b_instruct_P1_one_shot_python_400_v1.jsonl,61242dc8443ce9241114cbcc2edfa4caaa47a9039632430e0518c06dbcdcb46c,219499,INCLUDE_GIT,authoritative selected compact public evidence
pub_00132,experiments/core_400/qwen2_5_coder_1_5b_instruct/python/zs/generation/raw_generations.jsonl,outputs/raw_generations/open-source/qwen25_coder_1_5b_instruct_P1_zero_shot_python_400_v1.jsonl,c9db88b4e879cfab44fccab06ff56e930a61a3db9c8a8e0cde71d4a4c4a749bf,254076,INCLUDE_GIT,authoritative selected compact public evidence
pub_00133,experiments/core_400/qwen2_5_1_5b_instruct/java/fs/generation/raw_generations.jsonl,outputs/raw_generations/qwen25_1_5b_instruct_P1_few_shot_java_400_v1.jsonl,baffa982a4da2984b3b30b7c9676be95e378d7184e5cfa096b13871b4d204074,317762,INCLUDE_GIT,authoritative selected compact public evidence
pub_00134,experiments/core_400/qwen2_5_1_5b_instruct/javascript/fs/generation/raw_generations.jsonl,outputs/raw_generations/qwen25_1_5b_instruct_P1_few_shot_javascript_400_v1.jsonl,8eb1c3666d25ef702cfe88f54efdd84ff38dc08ba00383609b89ea070123910f,249826,INCLUDE_GIT,authoritative selected compact public evidence
pub_00135,experiments/core_400/qwen2_5_1_5b_instruct/python/fs/generation/raw_generations.jsonl,outputs/raw_generations/qwen25_1_5b_instruct_P1_few_shot_python_400_v1.jsonl,b23a93d34526f5377ebf9fc780cfa931399013e48ef2190271193eac43b720fd,279452,INCLUDE_GIT,authoritative selected compact public evidence
pub_00136,experiments/core_400/qwen2_5_1_5b_instruct/java/zs/generation/raw_generations.jsonl,outputs/raw_generations/qwen25_1_5b_instruct_P1_zero_shot_java_400_v1.jsonl,1ab24f6aa521b58a1776d12ed2c6e2c84380efec77864a9f582bfacfa8c8cdb6,286040,INCLUDE_GIT,authoritative selected compact public evidence
pub_00137,experiments/core_400/qwen2_5_1_5b_instruct/javascript/zs/generation/raw_generations.jsonl,outputs/raw_generations/qwen25_1_5b_instruct_P1_zero_shot_javascript_400_v1.jsonl,0ee800ebf004f88429216e48aa981b3ed617e0aa54552ed551a27d717cf8bb2c,282833,INCLUDE_GIT,authoritative selected compact public evidence
pub_00138,experiments/core_400/qwen2_5_1_5b_instruct/python/zs/generation/raw_generations.jsonl,outputs/raw_generations/qwen25_1_5b_instruct_P1_zero_shot_python_400_v1.jsonl,e452ebac590faa83a7463cf76b024992cda5ef31e515de563d54a6460d9da7a0,273757,INCLUDE_GIT,authoritative selected compact public evidence
pub_00139,experiments/core_400/qwen2_5_coder_1_5b_instruct/java/fs/generation/raw_generations.jsonl,outputs/raw_generations/qwen25_coder_1_5b_instruct_P1_few_shot_java_400_v1.jsonl,2bfdb5070c21278d0546e14be692c44b7f2f2e2d2ca9c79ed4c98666ed90e427,426518,INCLUDE_GIT,authoritative selected compact public evidence
pub_00140,experiments/core_400/qwen2_5_coder_1_5b_instruct/javascript/fs/generation/raw_generations.jsonl,outputs/raw_generations/qwen25_coder_1_5b_instruct_P1_few_shot_javascript_400_v1.jsonl,32cf22cc5c980238213f56e3003babb0034a957d1a190ba82dcfccf370e5fcb9,363674,INCLUDE_GIT,authoritative selected compact public evidence
pub_00141,experiments/core_400/qwen2_5_coder_1_5b_instruct/java/zs/generation/raw_generations.jsonl,outputs/raw_generations/qwen25_coder_1_5b_instruct_P1_zero_shot_java_400_v1.jsonl,28a53dee9e53b13ca34edc0751d70f661e2a45fcc5c83cec2b43ef9f8a1fd4fb,427222,INCLUDE_GIT,authoritative selected compact public evidence
pub_00142,experiments/core_400/qwen2_5_coder_1_5b_instruct/javascript/zs/generation/raw_generations.jsonl,outputs/raw_generations/qwen25_coder_1_5b_instruct_P1_zero_shot_javascript_400_v1.jsonl,ac16597f87d97795b620bef4822527b5e730367ee1139023bc88a9913f9b5e0c,431569,INCLUDE_GIT,authoritative selected compact public evidence
pub_00143,experiments/core_400/deepseek_chat_v3_2/java/os/assessment/code_grounded_detailed.jsonl,outputs/segregated_results/commercial-base/correctness/deepseek_chat_P1_one_shot_java_400_v1_correctness.json_detailed.jsonl,65c4aa9b816c67779af5adae13d4746500fa19a978a7e97c0d27822c4b67e73e,319115,INCLUDE_GIT,authoritative selected compact public evidence
pub_00144,experiments/core_400/deepseek_chat_v3_2/java/os/assessment/code_grounded_summary.json,outputs/segregated_results/commercial-base/correctness/deepseek_chat_P1_one_shot_java_400_v1_correctness.json_summary.json,2d109e258deaff62f120f8f4705dd8868eae09768dc5b285b488203da61e98f1,1269,INCLUDE_GIT,authoritative selected compact public evidence
pub_00145,experiments/core_400/deepseek_chat_v3_2/javascript/os/assessment/code_grounded_detailed.jsonl,outputs/segregated_results/commercial-base/correctness/deepseek_chat_P1_one_shot_javascript_400_v1_correctness.json_detailed.jsonl,e9a920e803b99ef80ddccc4a93362167f7535e405b892abedc6609ccaacc6b76,320295,INCLUDE_GIT,authoritative selected compact public evidence
pub_00146,experiments/core_400/deepseek_chat_v3_2/javascript/os/assessment/code_grounded_summary.json,outputs/segregated_results/commercial-base/correctness/deepseek_chat_P1_one_shot_javascript_400_v1_correctness.json_summary.json,aee1ddb38efdd905f69c2aa55dcc342718b8f5c0615534d7cb4b4183be446e26,1289,INCLUDE_GIT,authoritative selected compact public evidence
pub_00147,experiments/core_400/deepseek_chat_v3_2/python/os/assessment/code_grounded_detailed.jsonl,outputs/segregated_results/commercial-base/correctness/deepseek_chat_P1_one_shot_python_400_v1_correctness.json_detailed.jsonl,212932c3fba5d61a842bfba666903e1dede42a5408a49dae0faa71757c5422b0,316529,INCLUDE_GIT,authoritative selected compact public evidence
pub_00148,experiments/core_400/deepseek_chat_v3_2/python/os/assessment/code_grounded_summary.json,outputs/segregated_results/commercial-base/correctness/deepseek_chat_P1_one_shot_python_400_v1_correctness.json_summary.json,d12026df828ab0bfd5b2513d31cdf9d0178585cf6d5ba316489d289a420521b5,1257,INCLUDE_GIT,authoritative selected compact public evidence
pub_00149,experiments/core_400/deepseek_chat_v3_2/java/zs/assessment/code_grounded_detailed.jsonl,outputs/segregated_results/commercial-base/correctness/deepseek_chat_P1_zero_shot_java_400_v1_correctness.json_detailed.jsonl,01904ec460a130d23991da997ccd48660ca5da4f7956fd3af338e1bea75f904d,317193,INCLUDE_GIT,authoritative selected compact public evidence
pub_00150,experiments/core_400/deepseek_chat_v3_2/java/zs/assessment/code_grounded_summary.json,outputs/segregated_results/commercial-base/correctness/deepseek_chat_P1_zero_shot_java_400_v1_correctness.json_summary.json,8f2478f41657cf0d7eb8c1a16d531134b057178762ef2884343f85981059f464,1272,INCLUDE_GIT,authoritative selected compact public evidence
pub_00151,experiments/core_400/deepseek_chat_v3_2/javascript/zs/assessment/code_grounded_detailed.jsonl,outputs/segregated_results/commercial-base/correctness/deepseek_chat_P1_zero_shot_javascript_400_v1_correctness.json_detailed.jsonl,7cc6931a4b15335b7a5f5d8b18367facc17ad8f52337fde30e2b4e0edfcca08c,325930,INCLUDE_GIT,authoritative selected compact public evidence
pub_00152,experiments/core_400/deepseek_chat_v3_2/javascript/zs/assessment/code_grounded_summary.json,outputs/segregated_results/commercial-base/correctness/deepseek_chat_P1_zero_shot_javascript_400_v1_correctness.json_summary.json,804d207c61f1cdf9f742c29e91b6e56c6eac59c9e69b3a1ea28f4904bf25b525,1292,INCLUDE_GIT,authoritative selected compact public evidence
pub_00153,experiments/core_400/deepseek_chat_v3_2/python/zs/assessment/code_grounded_detailed.jsonl,outputs/segregated_results/commercial-base/correctness/deepseek_chat_P1_zero_shot_python_400_v1_correctness.json_detailed.jsonl,cadc90750ac0c25ecf8f720fc46aa88603626a1915f9dc228761f898bf089154,321375,INCLUDE_GIT,authoritative selected compact public evidence
pub_00154,experiments/core_400/deepseek_chat_v3_2/python/zs/assessment/code_grounded_summary.json,outputs/segregated_results/commercial-base/correctness/deepseek_chat_P1_zero_shot_python_400_v1_correctness.json_summary.json,47293bffbb229be41b90017d6699ed6fd1296e8f0ba0ba92c72037f1322e0253,1260,INCLUDE_GIT,authoritative selected compact public evidence
pub_00155,experiments/core_400/gemini_3_flash/java/zs/assessment/code_grounded_detailed.jsonl,outputs/segregated_results/commercial-base/correctness/gemini_3_flash_preview_P1_zero_shot_java_400_v1_correctness.json_detailed.jsonl,4b4fa0b8dc9886f7315e46f35952264f3cd25cfc25588281254158368b97b00a,318636,INCLUDE_GIT,authoritative selected compact public evidence
pub_00156,experiments/core_400/gemini_3_flash/java/zs/assessment/code_grounded_summary.json,outputs/segregated_results/commercial-base/correctness/gemini_3_flash_preview_P1_zero_shot_java_400_v1_correctness.json_summary.json,5a590ae4eed4e8b09483ed00ac9a2804c8d0fe09e0c4af6d00b7c4e910a6264c,1296,INCLUDE_GIT,authoritative selected compact public evidence
pub_00157,experiments/core_400/gemini_3_flash/javascript/zs/assessment/code_grounded_detailed.jsonl,outputs/segregated_results/commercial-base/correctness/gemini_3_flash_preview_P1_zero_shot_javascript_400_v1_correctness.json_detailed.jsonl,bdb45cf6b86963f628dde39ca893bec80e057bd497fc88c9e9765dd8dfdd845a,327872,INCLUDE_GIT,authoritative selected compact public evidence
pub_00158,experiments/core_400/gemini_3_flash/javascript/zs/assessment/code_grounded_summary.json,outputs/segregated_results/commercial-base/correctness/gemini_3_flash_preview_P1_zero_shot_javascript_400_v1_correctness.json_summary.json,8590339755a5649b2cab45ab6fcc300b243110bcc873554e14f096f8fb7638c1,1316,INCLUDE_GIT,authoritative selected compact public evidence
pub_00159,experiments/core_400/gemini_3_flash/python/zs/assessment/code_grounded_detailed.jsonl,outputs/segregated_results/commercial-base/correctness/gemini_3_flash_preview_P1_zero_shot_python_400_v1_correctness.json_detailed.jsonl,870062b9f883458274ff09d034244be74b84e3b1b8fafc9af2aee463b751de1b,321627,INCLUDE_GIT,authoritative selected compact public evidence
pub_00160,experiments/core_400/gemini_3_flash/python/zs/assessment/code_grounded_summary.json,outputs/segregated_results/commercial-base/correctness/gemini_3_flash_preview_P1_zero_shot_python_400_v1_correctness.json_summary.json,e1aaf2bca6e9da8ad17c982ac09d1992c32642029ef8d94d3d5bb18f2c3788fc,1274,INCLUDE_GIT,authoritative selected compact public evidence
pub_00161,experiments/core_400/gpt_5_1_codex/java/zs/assessment/code_grounded_detailed.jsonl,outputs/segregated_results/commercial-base/correctness/gpt_5_1_codex_P1_zero_shot_java_400_v1_correctness.json_detailed.jsonl,d4b6b7d4df328f11943632bfbe82ba68e308673a8ba173a3204ccdc63ed499cb,323765,INCLUDE_GIT,authoritative selected compact public evidence
pub_00162,experiments/core_400/gpt_5_1_codex/java/zs/assessment/code_grounded_summary.json,outputs/segregated_results/commercial-base/correctness/gpt_5_1_codex_P1_zero_shot_java_400_v1_correctness.json_summary.json,763dfec769551e80a9b79dcdb0ce052a1d78e8d2eb283723f8345015b83df3cc,1272,INCLUDE_GIT,authoritative selected compact public evidence
pub_00163,experiments/core_400/gpt_5_1_codex/javascript/zs/assessment/code_grounded_detailed.jsonl,outputs/segregated_results/commercial-base/correctness/gpt_5_1_codex_P1_zero_shot_javascript_400_v1_correctness.json_detailed.jsonl,cf8ea8c63ada79d8849d95c3ba87bdd6c464268aafe40a088cbafffacee7245a,333063,INCLUDE_GIT,authoritative selected compact public evidence
pub_00164,experiments/core_400/gpt_5_1_codex/javascript/zs/assessment/code_grounded_summary.json,outputs/segregated_results/commercial-base/correctness/gpt_5_1_codex_P1_zero_shot_javascript_400_v1_correctness.json_summary.json,6a1d3493ed46082710c18ba6b6f89e4422a646e3ac67ef5c4698d140b0353f8c,1298,INCLUDE_GIT,authoritative selected compact public evidence
pub_00165,experiments/core_400/gpt_5_1_codex/python/zs/assessment/code_grounded_detailed.jsonl,outputs/segregated_results/commercial-base/correctness/gpt_5_1_codex_P1_zero_shot_python_400_v1_correctness.json_detailed.jsonl,6afdeb58d596b089596b7e242226205b7ce64748018f12c00177b82866e1d171,326507,INCLUDE_GIT,authoritative selected compact public evidence
pub_00166,experiments/core_400/gpt_5_1_codex/python/zs/assessment/code_grounded_summary.json,outputs/segregated_results/commercial-base/correctness/gpt_5_1_codex_P1_zero_shot_python_400_v1_correctness.json_summary.json,7d638962a60da9d6d76a2d71b5a2c6bded6e688d5a933fbfdff95418ac82ada1,1256,INCLUDE_GIT,authoritative selected compact public evidence
pub_00167,experiments/core_400/gpt_5_1/java/zs/assessment/code_grounded_detailed.jsonl,outputs/segregated_results/commercial-base/correctness/gpt_5_1_P1_zero_shot_java_400_v1_correctness.json_detailed.jsonl,c2d1478ccfbc620a149059292a82d7648781ccf5800fdc9abda976de068628e8,321463,INCLUDE_GIT,authoritative selected compact public evidence
pub_00168,experiments/core_400/gpt_5_1/java/zs/assessment/code_grounded_summary.json,outputs/segregated_results/commercial-base/correctness/gpt_5_1_P1_zero_shot_java_400_v1_correctness.json_summary.json,4997e67f502c32411cab2450633daf132e2470bf061cfc2b80d8561ab2ab4e67,1264,INCLUDE_GIT,authoritative selected compact public evidence
pub_00169,experiments/core_400/gpt_5_1/javascript/zs/assessment/code_grounded_detailed.jsonl,outputs/segregated_results/commercial-base/correctness/gpt_5_1_P1_zero_shot_javascript_400_v1_correctness.json_detailed.jsonl,5b0bd19246c7d6453563ce8c417fccdb330a17b1284a3bcdfffe73b27c26ec77,332179,INCLUDE_GIT,authoritative selected compact public evidence
pub_00170,experiments/core_400/gpt_5_1/javascript/zs/assessment/code_grounded_summary.json,outputs/segregated_results/commercial-base/correctness/gpt_5_1_P1_zero_shot_javascript_400_v1_correctness.json_summary.json,08192aef3c9db68e2dabdf191e6f840ab80799c31bb329ebf1d8d49e8041c07e,1284,INCLUDE_GIT,authoritative selected compact public evidence
pub_00171,experiments/core_400/gpt_5_1/python/zs/assessment/code_grounded_detailed.jsonl,outputs/segregated_results/commercial-base/correctness/gpt_5_1_P1_zero_shot_python_400_v2_correctness.json_detailed.jsonl,941fc2f44d7661940a0eb8840d11a6594d24e5e8bea4412c7e586176b4eaff9e,324187,INCLUDE_GIT,authoritative selected compact public evidence
pub_00172,experiments/core_400/gpt_5_1/python/zs/assessment/code_grounded_summary.json,outputs/segregated_results/commercial-base/correctness/gpt_5_1_P1_zero_shot_python_400_v2_correctness.json_summary.json,6d8c858c86e8bced64da6fc65ab5f92c8600d05032f484cc20819f815ff1bbb2,1246,INCLUDE_GIT,authoritative selected compact public evidence
pub_00173,experiments/core_400/deepseek_chat_v3_2/java/fs/assessment/code_grounded_detailed.jsonl,outputs/segregated_results/commercial-base/may2026/commercial-new/deepseek_chat_P1_few_shot_java_400_v1_code_grounded_detailed.jsonl,ba67d0c8352c872b512e9994a7a5c5fd0c2b5f4d33d03c77175bd04322d3776b,323798,INCLUDE_GIT,authoritative selected compact public evidence
pub_00174,experiments/core_400/deepseek_chat_v3_2/java/fs/assessment/code_grounded_summary.json,outputs/segregated_results/commercial-base/may2026/commercial-new/deepseek_chat_P1_few_shot_java_400_v1_code_grounded_summary.json,202a656d8b0e7bea179b742bc374fd41c48f950c45d1b3ecc41e6d544aeeed28,1262,INCLUDE_GIT,authoritative selected compact public evidence
pub_00175,experiments/core_400/deepseek_chat_v3_2/java/fs/assessment/automatic_detailed.jsonl,outputs/segregated_results/commercial-base/may2026/commercial-new/deepseek_chat_P1_few_shot_java_400_v1_detailed.jsonl,5937954c6c2c9043c6806cab4b03ef41f8be148158eb152fe4a1f0419ed1b143,340791,INCLUDE_GIT,authoritative selected compact public evidence
pub_00176,experiments/core_400/deepseek_chat_v3_2/java/fs/assessment/automatic_summary.json,outputs/segregated_results/commercial-base/may2026/commercial-new/deepseek_chat_P1_few_shot_java_400_v1_summary.json,c8448f2d73b915591e0f16bc86458955c4195de8e4526239bb75a10b3aa3f68c,1087,INCLUDE_GIT,authoritative selected compact public evidence
pub_00177,experiments/core_400/deepseek_chat_v3_2/javascript/fs/assessment/code_grounded_detailed.jsonl,outputs/segregated_results/commercial-base/may2026/commercial-new/deepseek_chat_P1_few_shot_javascript_400_v1_code_grounded_detailed.jsonl,090e03aff1e03274768e41c2a071eb84dd5ddcbee9b73e64204d7b3c59bdb1f9,320140,INCLUDE_GIT,authoritative selected compact public evidence
pub_00178,experiments/core_400/deepseek_chat_v3_2/javascript/fs/assessment/code_grounded_summary.json,outputs/segregated_results/commercial-base/may2026/commercial-new/deepseek_chat_P1_few_shot_javascript_400_v1_code_grounded_summary.json,57f305456e6761ecbc5321d3a7647100ae574dccc8b961ea463550354e855487,1310,INCLUDE_GIT,authoritative selected compact public evidence
pub_00179,experiments/core_400/deepseek_chat_v3_2/javascript/fs/assessment/automatic_detailed.jsonl,outputs/segregated_results/commercial-base/may2026/commercial-new/deepseek_chat_P1_few_shot_javascript_400_v1_detailed.jsonl,7cd6f217d12bbd8f51e6a0df9e506dd4612a87fcf30cbd9f72e2152ecaa435e9,331814,INCLUDE_GIT,authoritative selected compact public evidence
pub_00180,experiments/core_400/deepseek_chat_v3_2/javascript/fs/assessment/automatic_summary.json,outputs/segregated_results/commercial-base/may2026/commercial-new/deepseek_chat_P1_few_shot_javascript_400_v1_summary.json,7b098a143ae41c03a4e8d4f77f23264690d03dcac7b93e1b8bfb90de30838ea6,1095,INCLUDE_GIT,authoritative selected compact public evidence
pub_00181,experiments/core_400/deepseek_chat_v3_2/python/fs/assessment/code_grounded_detailed.jsonl,outputs/segregated_results/commercial-base/may2026/commercial-new/deepseek_chat_P1_few_shot_python_400_v1_code_grounded_detailed.jsonl,efd5114ed8f77178e782c6266456089a2fc0e44f65f193fa5c382fc64b69b2e7,321835,INCLUDE_GIT,authoritative selected compact public evidence
pub_00182,experiments/core_400/deepseek_chat_v3_2/python/fs/assessment/code_grounded_summary.json,outputs/segregated_results/commercial-base/may2026/commercial-new/deepseek_chat_P1_few_shot_python_400_v1_code_grounded_summary.json,3afd3eac18fd629f5f319eb95bafe6f30603254f3d462a9a9281d83d90d29f44,1266,INCLUDE_GIT,authoritative selected compact public evidence
pub_00183,experiments/core_400/deepseek_chat_v3_2/python/fs/assessment/automatic_detailed.jsonl,outputs/segregated_results/commercial-base/may2026/commercial-new/deepseek_chat_P1_few_shot_python_400_v1_detailed.jsonl,cf2d8f0dc41b965f27b60effc764d56d7c991040441cb45ec3a745404930aeb5,335475,INCLUDE_GIT,authoritative selected compact public evidence
pub_00184,experiments/core_400/deepseek_chat_v3_2/python/fs/assessment/automatic_summary.json,outputs/segregated_results/commercial-base/may2026/commercial-new/deepseek_chat_P1_few_shot_python_400_v1_summary.json,32adacaa4ad707b844c29de0baa4cf3f7f8acc7e87dcb6fbdb48d48ba27259fd,1095,INCLUDE_GIT,authoritative selected compact public evidence
pub_00185,experiments/core_400/deepseek_chat_v3_2/java/os/assessment/automatic_detailed.jsonl,outputs/segregated_results/commercial-base/may2026/commercial-new/deepseek_chat_P1_one_shot_java_400_v1_detailed.jsonl,194ad90feca61636cc49d3bc085b16297bcd9c951648a4f65d6e7837fd4f39b7,335760,INCLUDE_GIT,authoritative selected compact public evidence
pub_00186,experiments/core_400/deepseek_chat_v3_2/java/os/assessment/automatic_summary.json,outputs/segregated_results/commercial-base/may2026/commercial-new/deepseek_chat_P1_one_shot_java_400_v1_summary.json,429a45c902ce080efdb893560fcb0ff6eb54a03829c33c4ad4b15b09521178e1,1085,INCLUDE_GIT,authoritative selected compact public evidence
pub_00187,experiments/core_400/deepseek_chat_v3_2/javascript/os/assessment/automatic_detailed.jsonl,outputs/segregated_results/commercial-base/may2026/commercial-new/deepseek_chat_P1_one_shot_javascript_400_v1_detailed.jsonl,f7fae25503beceb635103c23e222d0f9a501e22ab638200a1fa5f880ce07e576,332174,INCLUDE_GIT,authoritative selected compact public evidence
pub_00188,experiments/core_400/deepseek_chat_v3_2/javascript/os/assessment/automatic_summary.json,outputs/segregated_results/commercial-base/may2026/commercial-new/deepseek_chat_P1_one_shot_javascript_400_v1_summary.json,876c8acb41029c19c3e8597a442104daea837bf9fd6c339d3b51e2a13f63aa4b,1121,INCLUDE_GIT,authoritative selected compact public evidence
pub_00189,experiments/core_400/deepseek_chat_v3_2/python/os/assessment/automatic_detailed.jsonl,outputs/segregated_results/commercial-base/may2026/commercial-new/deepseek_chat_P1_one_shot_python_400_v1_detailed.jsonl,46f85e1d87cc4ffec8fe3e1d4d1fe44c867fb4019823a10d5788f07d7511f564,329907,INCLUDE_GIT,authoritative selected compact public evidence
pub_00190,experiments/core_400/deepseek_chat_v3_2/python/os/assessment/automatic_summary.json,outputs/segregated_results/commercial-base/may2026/commercial-new/deepseek_chat_P1_one_shot_python_400_v1_summary.json,9c2944409bff8e4afca914527de9d4562726fd53b1f3f96603cd0f8962bec77d,1095,INCLUDE_GIT,authoritative selected compact public evidence
pub_00191,experiments/core_400/deepseek_chat_v3_2/java/zs/assessment/automatic_detailed.jsonl,outputs/segregated_results/commercial-base/may2026/commercial-new/deepseek_chat_P1_zero_shot_java_400_v1_detailed.jsonl,492fb3c8d0ed20d22b59a45446787b920f1c7f06112b85c554a822e80e518b56,333870,INCLUDE_GIT,authoritative selected compact public evidence
pub_00192,experiments/core_400/deepseek_chat_v3_2/java/zs/assessment/automatic_summary.json,outputs/segregated_results/commercial-base/may2026/commercial-new/deepseek_chat_P1_zero_shot_java_400_v1_summary.json,03eaa835fb3d5fc830f3c35ed3d3f904f8de87857d64d0d92f3baebbd8bae98d,1094,INCLUDE_GIT,authoritative selected compact public evidence
pub_00193,experiments/core_400/deepseek_chat_v3_2/javascript/zs/assessment/automatic_detailed.jsonl,outputs/segregated_results/commercial-base/may2026/commercial-new/deepseek_chat_P1_zero_shot_javascript_400_v1_detailed.jsonl,864ba0333dcd2da54f95448cca31f0bf1c254d14bc8c0b3a71f3646a3dd73fb5,337959,INCLUDE_GIT,authoritative selected compact public evidence
pub_00194,experiments/core_400/deepseek_chat_v3_2/javascript/zs/assessment/automatic_summary.json,outputs/segregated_results/commercial-base/may2026/commercial-new/deepseek_chat_P1_zero_shot_javascript_400_v1_summary.json,a8a6a068f383d2f00856ffad9cf6c114b2cfbcb2f6a87afe24c3cba8c49e31a4,1106,INCLUDE_GIT,authoritative selected compact public evidence
pub_00195,experiments/core_400/deepseek_chat_v3_2/python/zs/assessment/automatic_detailed.jsonl,outputs/segregated_results/commercial-base/may2026/commercial-new/deepseek_chat_P1_zero_shot_python_400_v1_detailed.jsonl,3cd447c378a7bd7cdcbf4dc5e404e82cf9c62ced021c87b31b4d7a883b6b0771,334852,INCLUDE_GIT,authoritative selected compact public evidence
pub_00196,experiments/core_400/deepseek_chat_v3_2/python/zs/assessment/automatic_summary.json,outputs/segregated_results/commercial-base/may2026/commercial-new/deepseek_chat_P1_zero_shot_python_400_v1_summary.json,d67a77f5b075413aa5d48ea873aafaedfa9f3502d8dc4b81e4a6d855f8292990,1090,INCLUDE_GIT,authoritative selected compact public evidence
pub_00197,experiments/core_400/gemini_3_flash/java/fs/assessment/code_grounded_detailed.jsonl,outputs/segregated_results/commercial-base/may2026/commercial-new/gemini_3_flash_preview_P1_few_shot_java_400_v1_code_grounded_detailed.jsonl,fd38873fe9ff775c2f2953d5779206caa22b60c740e5e7e4c7caeb79b34242c9,341294,INCLUDE_GIT,authoritative selected compact public evidence
pub_00198,experiments/core_400/gemini_3_flash/java/fs/assessment/code_grounded_summary.json,outputs/segregated_results/commercial-base/may2026/commercial-new/gemini_3_flash_preview_P1_few_shot_java_400_v1_code_grounded_summary.json,27ebde568f3ae19058a509e904361d07134afc79538777027958f149bf7e60e6,1278,INCLUDE_GIT,authoritative selected compact public evidence
pub_00199,experiments/core_400/gemini_3_flash/java/fs/assessment/automatic_detailed.jsonl,outputs/segregated_results/commercial-base/may2026/commercial-new/gemini_3_flash_preview_P1_few_shot_java_400_v1_detailed.jsonl,9ade424a3cb9a0a174b9f0b2afc338cd3cfdbfa11cb123a1c80d47881ad0ad02,358970,INCLUDE_GIT,authoritative selected compact public evidence
pub_00200,experiments/core_400/gemini_3_flash/java/fs/assessment/automatic_summary.json,outputs/segregated_results/commercial-base/may2026/commercial-new/gemini_3_flash_preview_P1_few_shot_java_400_v1_summary.json,2fe05009bb8268a0876b9d1f49cf94f56fe3df6234997c8b2f31f7ba8a3956b4,1105,INCLUDE_GIT,authoritative selected compact public evidence
pub_00201,experiments/core_400/gemini_3_flash/javascript/fs/assessment/code_grounded_detailed.jsonl,outputs/segregated_results/commercial-base/may2026/commercial-new/gemini_3_flash_preview_P1_few_shot_javascript_400_v1_code_grounded_detailed.jsonl,6edc679fa522eaebd03605be4ddddbf7bc4628c756996c450de7f43be7f2434a,348015,INCLUDE_GIT,authoritative selected compact public evidence
pub_00202,experiments/core_400/gemini_3_flash/javascript/fs/assessment/code_grounded_summary.json,outputs/segregated_results/commercial-base/may2026/commercial-new/gemini_3_flash_preview_P1_few_shot_javascript_400_v1_code_grounded_summary.json,a3d7c7f142a30a03e337fc7aae0bdac5292b3624212acc3595ed9b99a76e7e0c,1320,INCLUDE_GIT,authoritative selected compact public evidence
pub_00203,experiments/core_400/gemini_3_flash/javascript/fs/assessment/automatic_detailed.jsonl,outputs/segregated_results/commercial-base/may2026/commercial-new/gemini_3_flash_preview_P1_few_shot_javascript_400_v1_detailed.jsonl,11cfcdf7019b0baded89b90ceeeda5f4495a82409d0b1d5942c1a87d8e02521e,361805,INCLUDE_GIT,authoritative selected compact public evidence
pub_00204,experiments/core_400/gemini_3_flash/javascript/fs/assessment/automatic_summary.json,outputs/segregated_results/commercial-base/may2026/commercial-new/gemini_3_flash_preview_P1_few_shot_javascript_400_v1_summary.json,d8012faf5bcea41c5ccf601e61dbaed5f283c967f4fff3b2c9c03ce3e845d716,1125,INCLUDE_GIT,authoritative selected compact public evidence
pub_00205,experiments/core_400/gemini_3_flash/python/fs/assessment/code_grounded_detailed.jsonl,outputs/segregated_results/commercial-base/may2026/commercial-new/gemini_3_flash_preview_P1_few_shot_python_400_v1_code_grounded_detailed.jsonl,b863490c9ca2439c5280e5ca1bf2bb715f4a423f0b09b5a98c1df71aee275de4,322626,INCLUDE_GIT,authoritative selected compact public evidence
pub_00206,experiments/core_400/gemini_3_flash/python/fs/assessment/code_grounded_summary.json,outputs/segregated_results/commercial-base/may2026/commercial-new/gemini_3_flash_preview_P1_few_shot_python_400_v1_code_grounded_summary.json,938adb35367c749d4f3ed8b822658f72b719e42014e846f594c49030c3d679ea,1290,INCLUDE_GIT,authoritative selected compact public evidence
pub_00207,experiments/core_400/gemini_3_flash/python/fs/assessment/automatic_detailed.jsonl,outputs/segregated_results/commercial-base/may2026/commercial-new/gemini_3_flash_preview_P1_few_shot_python_400_v1_detailed.jsonl,98bd741236941971b1bbe63b36e0dc2a0e07e96cc4fa5aa377b8dd70d870aaf4,335795,INCLUDE_GIT,authoritative selected compact public evidence
pub_00208,experiments/core_400/gemini_3_flash/python/fs/assessment/automatic_summary.json,outputs/segregated_results/commercial-base/may2026/commercial-new/gemini_3_flash_preview_P1_few_shot_python_400_v1_summary.json,28fa066dcb0c535b03b2b2954f2aab954864054b5ab249883761479eeccd9ef8,1115,INCLUDE_GIT,authoritative selected compact public evidence
pub_00209,experiments/core_400/gemini_3_flash/java/os/assessment/code_grounded_detailed.jsonl,outputs/segregated_results/commercial-base/may2026/commercial-new/gemini_3_flash_preview_P1_one_shot_java_400_v1_code_grounded_detailed.jsonl,ca5ce82e47af683bac2af41c70efcbe501a372142ea668d00086bfdfbba7046f,329038,INCLUDE_GIT,authoritative selected compact public evidence
pub_00210,experiments/core_400/gemini_3_flash/java/os/assessment/code_grounded_summary.json,outputs/segregated_results/commercial-base/may2026/commercial-new/gemini_3_flash_preview_P1_one_shot_java_400_v1_code_grounded_summary.json,6b909fc7b06d2c848a4215ec0b19b2da94dccbddc8abb76ca123a6dc4417da85,1304,INCLUDE_GIT,authoritative selected compact public evidence
pub_00211,experiments/core_400/gemini_3_flash/java/os/assessment/automatic_detailed.jsonl,outputs/segregated_results/commercial-base/may2026/commercial-new/gemini_3_flash_preview_P1_one_shot_java_400_v1_detailed.jsonl,0ff4972b8a90bce86f9a1b24d5876735c9b8548ce9402316e88dfc7d26ebe0f2,346817,INCLUDE_GIT,authoritative selected compact public evidence
pub_00212,experiments/core_400/gemini_3_flash/java/os/assessment/automatic_summary.json,outputs/segregated_results/commercial-base/may2026/commercial-new/gemini_3_flash_preview_P1_one_shot_java_400_v1_summary.json,89449da8d76b8206039ff95e4c74c068b5bba1e5e641d6b2253e051b46cea22d,1109,INCLUDE_GIT,authoritative selected compact public evidence
pub_00213,experiments/core_400/gemini_3_flash/javascript/os/assessment/code_grounded_detailed.jsonl,outputs/segregated_results/commercial-base/may2026/commercial-new/gemini_3_flash_preview_P1_one_shot_javascript_400_v1_code_grounded_detailed.jsonl,8705c522656a0c829efca033460169ce4a7c029219b5e96f3d568aa8f17cde36,333043,INCLUDE_GIT,authoritative selected compact public evidence
pub_00214,experiments/core_400/gemini_3_flash/javascript/os/assessment/code_grounded_summary.json,outputs/segregated_results/commercial-base/may2026/commercial-new/gemini_3_flash_preview_P1_one_shot_javascript_400_v1_code_grounded_summary.json,97418dafe5b13a521d13f7b7636c3d0ae9e6c13e77687f25f7bb800102d68d2d,1322,INCLUDE_GIT,authoritative selected compact public evidence
pub_00215,experiments/core_400/gemini_3_flash/javascript/os/assessment/automatic_detailed.jsonl,outputs/segregated_results/commercial-base/may2026/commercial-new/gemini_3_flash_preview_P1_one_shot_javascript_400_v1_detailed.jsonl,449dea04afd816d319f41c39b6cee4126ec07fd181a73b64508b8559b452d5cd,344871,INCLUDE_GIT,authoritative selected compact public evidence
pub_00216,experiments/core_400/gemini_3_flash/javascript/os/assessment/automatic_summary.json,outputs/segregated_results/commercial-base/may2026/commercial-new/gemini_3_flash_preview_P1_one_shot_javascript_400_v1_summary.json,0366e63c497dc05c9995d2dd71a67f539f46b52f72fc6f15627a5070e4bd5f28,1121,INCLUDE_GIT,authoritative selected compact public evidence
pub_00217,experiments/core_400/gemini_3_flash/python/os/assessment/code_grounded_detailed.jsonl,outputs/segregated_results/commercial-base/may2026/commercial-new/gemini_3_flash_preview_P1_one_shot_python_400_v1_code_grounded_detailed.jsonl,25b2a885ddfd17415cbfc2faac43def9e730dcbc2d62ef1e7ea2e2b846c1f935,323307,INCLUDE_GIT,authoritative selected compact public evidence
pub_00218,experiments/core_400/gemini_3_flash/python/os/assessment/code_grounded_summary.json,outputs/segregated_results/commercial-base/may2026/commercial-new/gemini_3_flash_preview_P1_one_shot_python_400_v1_code_grounded_summary.json,2233bde1fdcd49e93f7e2a1790b6c7c62c8a7a4b72601d0ede055cfdffc3d30a,1288,INCLUDE_GIT,authoritative selected compact public evidence
pub_00219,experiments/core_400/gemini_3_flash/python/os/assessment/automatic_detailed.jsonl,outputs/segregated_results/commercial-base/may2026/commercial-new/gemini_3_flash_preview_P1_one_shot_python_400_v1_detailed.jsonl,784a9cc5b01b43c41ba6013c3e00db1115fe2f485f2eb4fa9ae1aa2d2be10429,336735,INCLUDE_GIT,authoritative selected compact public evidence
pub_00220,experiments/core_400/gemini_3_flash/python/os/assessment/automatic_summary.json,outputs/segregated_results/commercial-base/may2026/commercial-new/gemini_3_flash_preview_P1_one_shot_python_400_v1_summary.json,715c8feea501f63c7d67ffa0ade0b3c8d0cb0839a37cf1380a3fd00048c64e9a,1109,INCLUDE_GIT,authoritative selected compact public evidence
pub_00221,experiments/core_400/gemini_3_flash/java/zs/assessment/automatic_detailed.jsonl,outputs/segregated_results/commercial-base/may2026/commercial-new/gemini_3_flash_preview_P1_zero_shot_java_400_v1_detailed.jsonl,de956290b5a58b43f157df005775a6fd65252b25b0b0b94ac49e1f849640d4aa,335361,INCLUDE_GIT,authoritative selected compact public evidence
pub_00222,experiments/core_400/gemini_3_flash/java/zs/assessment/automatic_summary.json,outputs/segregated_results/commercial-base/may2026/commercial-new/gemini_3_flash_preview_P1_zero_shot_java_400_v1_summary.json,0b0f9372437e053b1eff4ec37276125a1264edeacbe67f0a1c2e45633b1bf20a,1130,INCLUDE_GIT,authoritative selected compact public evidence
pub_00223,experiments/core_400/gemini_3_flash/javascript/zs/assessment/automatic_detailed.jsonl,outputs/segregated_results/commercial-base/may2026/commercial-new/gemini_3_flash_preview_P1_zero_shot_javascript_400_v1_detailed.jsonl,ab840f851a8c0a99fec8f1a344c9362c39369c06e40dd7fee55be12dcc190058,339607,INCLUDE_GIT,authoritative selected compact public evidence
pub_00224,experiments/core_400/gemini_3_flash/javascript/zs/assessment/automatic_summary.json,outputs/segregated_results/commercial-base/may2026/commercial-new/gemini_3_flash_preview_P1_zero_shot_javascript_400_v1_summary.json,a584a09f4924154085577058321de2b1b0cf16fd8ea8225404dccbaebbb9318c,1118,INCLUDE_GIT,authoritative selected compact public evidence
pub_00225,experiments/core_400/gemini_3_flash/python/zs/assessment/automatic_detailed.jsonl,outputs/segregated_results/commercial-base/may2026/commercial-new/gemini_3_flash_preview_P1_zero_shot_python_400_v1_detailed.jsonl,4d47a974b27063acb80e7eda8eb189c78f363028422281e2a873302c7a21be45,334924,INCLUDE_GIT,authoritative selected compact public evidence
pub_00226,experiments/core_400/gemini_3_flash/python/zs/assessment/automatic_summary.json,outputs/segregated_results/commercial-base/may2026/commercial-new/gemini_3_flash_preview_P1_zero_shot_python_400_v1_summary.json,b54187c8f63cb7b58e7c320e1645017f4bee71b3bf878780930879a3280073c3,1118,INCLUDE_GIT,authoritative selected compact public evidence
pub_00227,experiments/core_400/gpt_5_1_codex/java/fs/assessment/code_grounded_detailed.jsonl,outputs/segregated_results/commercial-base/may2026/commercial-new/gpt_5_1_codex_P1_few_shot_java_400_v1_code_grounded_detailed.jsonl,683d1f47b3bac75c72fcadca78977cd48b2aa3e9197b276f632a839f92919585,325391,INCLUDE_GIT,authoritative selected compact public evidence
pub_00228,experiments/core_400/gpt_5_1_codex/java/fs/assessment/code_grounded_summary.json,outputs/segregated_results/commercial-base/may2026/commercial-new/gpt_5_1_codex_P1_few_shot_java_400_v1_code_grounded_summary.json,3799776499f887d94c00aed88129ca8b96b83ac1302d6977a37a537e8242c5f9,1237,INCLUDE_GIT,authoritative selected compact public evidence
pub_00229,experiments/core_400/gpt_5_1_codex/java/fs/assessment/automatic_detailed.jsonl,outputs/segregated_results/commercial-base/may2026/commercial-new/gpt_5_1_codex_P1_few_shot_java_400_v1_detailed.jsonl,1fbe38962552f05800039ac7a291bbc0327a4ca4561a48c831b559443769c34c,346625,INCLUDE_GIT,authoritative selected compact public evidence
pub_00230,experiments/core_400/gpt_5_1_codex/java/fs/assessment/automatic_summary.json,outputs/segregated_results/commercial-base/may2026/commercial-new/gpt_5_1_codex_P1_few_shot_java_400_v1_summary.json,67231db824685d3903c1f2767b25b53fa753ed930d1226882c992e303b8cd11f,1088,INCLUDE_GIT,authoritative selected compact public evidence
pub_00231,experiments/core_400/gpt_5_1_codex/javascript/fs/assessment/code_grounded_detailed.jsonl,outputs/segregated_results/commercial-base/may2026/commercial-new/gpt_5_1_codex_P1_few_shot_javascript_400_v1_code_grounded_detailed.jsonl,37fad6b3467ada1dba3aac676755702c1331439ccbe2e7303014197b5369af33,327770,INCLUDE_GIT,authoritative selected compact public evidence
pub_00232,experiments/core_400/gpt_5_1_codex/javascript/fs/assessment/code_grounded_summary.json,outputs/segregated_results/commercial-base/may2026/commercial-new/gpt_5_1_codex_P1_few_shot_javascript_400_v1_code_grounded_summary.json,282f5c79f8b7cac1822cc1f3090a39e7205f473efcc7bf072f1e843c5d4935f7,1304,INCLUDE_GIT,authoritative selected compact public evidence
pub_00233,experiments/core_400/gpt_5_1_codex/javascript/fs/assessment/automatic_detailed.jsonl,outputs/segregated_results/commercial-base/may2026/commercial-new/gpt_5_1_codex_P1_few_shot_javascript_400_v1_detailed.jsonl,b24be17b27be2f919ca05cd10a459ae7ec188dc891e6652a9a91e61e45c9885f,342041,INCLUDE_GIT,authoritative selected compact public evidence
pub_00234,experiments/core_400/gpt_5_1_codex/javascript/fs/assessment/automatic_summary.json,outputs/segregated_results/commercial-base/may2026/commercial-new/gpt_5_1_codex_P1_few_shot_javascript_400_v1_summary.json,3ef8dea69977ea9de1a94b6350e57a2d99d85924ecb60277ee547f86076340b4,1121,INCLUDE_GIT,authoritative selected compact public evidence
pub_00235,experiments/core_400/gpt_5_1_codex/python/fs/assessment/code_grounded_detailed.jsonl,outputs/segregated_results/commercial-base/may2026/commercial-new/gpt_5_1_codex_P1_few_shot_python_400_v1_code_grounded_detailed.jsonl,47c1094aa8908f3db5669aae5a9658191d88225116eb251954fe8f463734911b,325736,INCLUDE_GIT,authoritative selected compact public evidence
pub_00236,experiments/core_400/gpt_5_1_codex/python/fs/assessment/code_grounded_summary.json,outputs/segregated_results/commercial-base/may2026/commercial-new/gpt_5_1_codex_P1_few_shot_python_400_v1_code_grounded_summary.json,0c70c5262870b08eebc950950f661bbca75d2c03cb803e728bb21c92158da4e8,1270,INCLUDE_GIT,authoritative selected compact public evidence
pub_00237,experiments/core_400/gpt_5_1_codex/python/fs/assessment/automatic_detailed.jsonl,outputs/segregated_results/commercial-base/may2026/commercial-new/gpt_5_1_codex_P1_few_shot_python_400_v1_detailed.jsonl,120fe6dc1f89667a80d5b173e409a5713f263ea9ff23acefd574373b5020116e,341978,INCLUDE_GIT,authoritative selected compact public evidence
pub_00238,experiments/core_400/gpt_5_1_codex/python/fs/assessment/automatic_summary.json,outputs/segregated_results/commercial-base/may2026/commercial-new/gpt_5_1_codex_P1_few_shot_python_400_v1_summary.json,6f8bbb4388e8f04932f84f6d6e4d652e23fb598c673373b133fe3dc321aae3c3,1111,INCLUDE_GIT,authoritative selected compact public evidence
pub_00239,experiments/core_400/gpt_5_1_codex/java/os/assessment/code_grounded_detailed.jsonl,outputs/segregated_results/commercial-base/may2026/commercial-new/gpt_5_1_codex_P1_one_shot_java_400_v1_code_grounded_detailed.jsonl,2b41c1d71a39166d382dd0ace82ae2cf81d130ed390f9f2e8fe4bfd2087fbda9,326445,INCLUDE_GIT,authoritative selected compact public evidence
pub_00240,experiments/core_400/gpt_5_1_codex/java/os/assessment/code_grounded_summary.json,outputs/segregated_results/commercial-base/may2026/commercial-new/gpt_5_1_codex_P1_one_shot_java_400_v1_code_grounded_summary.json,a86eeffc9d86a70d8d30377d5786c4905d265420a6647e5152756a50b3936d48,1290,INCLUDE_GIT,authoritative selected compact public evidence
pub_00241,experiments/core_400/gpt_5_1_codex/java/os/assessment/automatic_detailed.jsonl,outputs/segregated_results/commercial-base/may2026/commercial-new/gpt_5_1_codex_P1_one_shot_java_400_v1_detailed.jsonl,57266664707467cf377d94db84d290280fbb6aae6ba86d5503805c625c581602,347748,INCLUDE_GIT,authoritative selected compact public evidence
pub_00242,experiments/core_400/gpt_5_1_codex/java/os/assessment/automatic_summary.json,outputs/segregated_results/commercial-base/may2026/commercial-new/gpt_5_1_codex_P1_one_shot_java_400_v1_summary.json,b50476156c3b37ee80dd082da18ee0fb476c049edea09741acf053f4ba18a515,1105,INCLUDE_GIT,authoritative selected compact public evidence
pub_00243,experiments/core_400/gpt_5_1_codex/javascript/os/assessment/code_grounded_detailed.jsonl,outputs/segregated_results/commercial-base/may2026/commercial-new/gpt_5_1_codex_P1_one_shot_javascript_400_v1_code_grounded_detailed.jsonl,d02fb1f23ad65b69596981ebcacc002b17af63df4cdc9dfbf8dd0e1153f4f36f,330953,INCLUDE_GIT,authoritative selected compact public evidence
pub_00244,experiments/core_400/gpt_5_1_codex/javascript/os/assessment/code_grounded_summary.json,outputs/segregated_results/commercial-base/may2026/commercial-new/gpt_5_1_codex_P1_one_shot_javascript_400_v1_code_grounded_summary.json,b921b0e99d2688300fc15327f0d4d221e02497e987871df33ddb848047263503,1306,INCLUDE_GIT,authoritative selected compact public evidence
pub_00245,experiments/core_400/gpt_5_1_codex/javascript/os/assessment/automatic_detailed.jsonl,outputs/segregated_results/commercial-base/may2026/commercial-new/gpt_5_1_codex_P1_one_shot_javascript_400_v1_detailed.jsonl,2c85bbf045a77af966a7151b5104671f9db0691351292ef74b08250ac15e8ee5,346708,INCLUDE_GIT,authoritative selected compact public evidence
pub_00246,experiments/core_400/gpt_5_1_codex/javascript/os/assessment/automatic_summary.json,outputs/segregated_results/commercial-base/may2026/commercial-new/gpt_5_1_codex_P1_one_shot_javascript_400_v1_summary.json,67667dee7f5ced52630ad61004685c0b3981a4a57d897318366120a5c1a2ecbc,1125,INCLUDE_GIT,authoritative selected compact public evidence
pub_00247,experiments/core_400/gpt_5_1_codex/python/os/assessment/code_grounded_detailed.jsonl,outputs/segregated_results/commercial-base/may2026/commercial-new/gpt_5_1_codex_P1_one_shot_python_400_v1_code_grounded_detailed.jsonl,da5a79181981ba3e84dea737e8c56778c1f7d70b151512a2e5a1829fc5d105ef,328559,INCLUDE_GIT,authoritative selected compact public evidence
pub_00248,experiments/core_400/gpt_5_1_codex/python/os/assessment/code_grounded_summary.json,outputs/segregated_results/commercial-base/may2026/commercial-new/gpt_5_1_codex_P1_one_shot_python_400_v1_code_grounded_summary.json,977512b3a1df515f1b277102ca7bf2730179c9752d2203ff639e73433f198a50,1270,INCLUDE_GIT,authoritative selected compact public evidence
pub_00249,experiments/core_400/gpt_5_1_codex/python/os/assessment/automatic_detailed.jsonl,outputs/segregated_results/commercial-base/may2026/commercial-new/gpt_5_1_codex_P1_one_shot_python_400_v1_detailed.jsonl,5bdaa02a0c0a8028f1d62edd32457833d48ce7d653ae4380ae9dc854239604ad,345974,INCLUDE_GIT,authoritative selected compact public evidence
pub_00250,experiments/core_400/gpt_5_1_codex/python/os/assessment/automatic_summary.json,outputs/segregated_results/commercial-base/may2026/commercial-new/gpt_5_1_codex_P1_one_shot_python_400_v1_summary.json,25e69cd856c8d384d0709a59d82dc17e913880ef8e14b6f9f65e279977944641,1111,INCLUDE_GIT,authoritative selected compact public evidence
pub_00251,experiments/core_400/gpt_5_1_codex/java/zs/assessment/automatic_detailed.jsonl,outputs/segregated_results/commercial-base/may2026/commercial-new/gpt_5_1_codex_P1_zero_shot_java_400_v1_detailed.jsonl,e3f4c26a2814a96b1a008e3f0064812489eab50921e1bf04a18b9f9acde4b91c,345085,INCLUDE_GIT,authoritative selected compact public evidence
pub_00252,experiments/core_400/gpt_5_1_codex/java/zs/assessment/automatic_summary.json,outputs/segregated_results/commercial-base/may2026/commercial-new/gpt_5_1_codex_P1_zero_shot_java_400_v1_summary.json,8783746e7bc55910f35ffe3945d13adb2b9ed62b9992b37cf1f143e887be74a2,1106,INCLUDE_GIT,authoritative selected compact public evidence
pub_00253,experiments/core_400/gpt_5_1_codex/javascript/zs/assessment/automatic_detailed.jsonl,outputs/segregated_results/commercial-base/may2026/commercial-new/gpt_5_1_codex_P1_zero_shot_javascript_400_v1_detailed.jsonl,15b34ac1cc0436603e74471e7f72311124215d07888f00846f9a78f60db81578,349483,INCLUDE_GIT,authoritative selected compact public evidence
pub_00254,experiments/core_400/gpt_5_1_codex/javascript/zs/assessment/automatic_summary.json,outputs/segregated_results/commercial-base/may2026/commercial-new/gpt_5_1_codex_P1_zero_shot_javascript_400_v1_summary.json,844b135f9a576522e178bebe3ca37888e3b7951ec191aff883b5ca8f5fed8ae9,1124,INCLUDE_GIT,authoritative selected compact public evidence
pub_00255,experiments/core_400/gpt_5_1_codex/python/zs/assessment/automatic_detailed.jsonl,outputs/segregated_results/commercial-base/may2026/commercial-new/gpt_5_1_codex_P1_zero_shot_python_400_v1_detailed.jsonl,d26163b11d7576680077eeb175b301b9076a82cff13111169a265f5689baef5a,343593,INCLUDE_GIT,authoritative selected compact public evidence
pub_00256,experiments/core_400/gpt_5_1_codex/python/zs/assessment/automatic_summary.json,outputs/segregated_results/commercial-base/may2026/commercial-new/gpt_5_1_codex_P1_zero_shot_python_400_v1_summary.json,4c2c01b4b341fc7856e42ed072b5a3e75d4548a3f8b20cc1d252673f6e45e674,1108,INCLUDE_GIT,authoritative selected compact public evidence
pub_00257,experiments/core_400/gpt_5_1/java/fs/assessment/code_grounded_detailed.jsonl,outputs/segregated_results/commercial-base/may2026/commercial-new/gpt_5_1_P1_few_shot_java_400_v1_code_grounded_detailed.jsonl,a5a31d0b408b7c4849438fcc1abcba1491d9fc816b97eac4547d048c0bdb3174,325275,INCLUDE_GIT,authoritative selected compact public evidence
pub_00258,experiments/core_400/gpt_5_1/java/fs/assessment/code_grounded_summary.json,outputs/segregated_results/commercial-base/may2026/commercial-new/gpt_5_1_P1_few_shot_java_400_v1_code_grounded_summary.json,84b651176b803fd06714b06cc31a8e65d49bf1dd9b18dd29210a06e517999654,1278,INCLUDE_GIT,authoritative selected compact public evidence
pub_00259,experiments/core_400/gpt_5_1/java/fs/assessment/automatic_detailed.jsonl,outputs/segregated_results/commercial-base/may2026/commercial-new/gpt_5_1_P1_few_shot_java_400_v1_detailed.jsonl,1fe46a650e6d46e3bc71f8336e6ec99ca0203faca59e9d9a3c55f842f90b9acc,341956,INCLUDE_GIT,authoritative selected compact public evidence
pub_00260,experiments/core_400/gpt_5_1/java/fs/assessment/automatic_summary.json,outputs/segregated_results/commercial-base/may2026/commercial-new/gpt_5_1_P1_few_shot_java_400_v1_summary.json,eeefce6037814a25a70fb8db5cb53f196532402196fe23b98468a9433c95df0f,1067,INCLUDE_GIT,authoritative selected compact public evidence
pub_00261,experiments/core_400/gpt_5_1/javascript/fs/assessment/code_grounded_detailed.jsonl,outputs/segregated_results/commercial-base/may2026/commercial-new/gpt_5_1_P1_few_shot_javascript_400_v1_code_grounded_detailed.jsonl,6b0d9fa936f39fd202833bfcc7e77fe2e022ead23d337384449a0862849d7d46,325738,INCLUDE_GIT,authoritative selected compact public evidence
pub_00262,experiments/core_400/gpt_5_1/javascript/fs/assessment/code_grounded_summary.json,outputs/segregated_results/commercial-base/may2026/commercial-new/gpt_5_1_P1_few_shot_javascript_400_v1_code_grounded_summary.json,d7ca667b7179fede57ff81ea5816390ef7b51a71e90ca7f395885e0e602413f1,1290,INCLUDE_GIT,authoritative selected compact public evidence
pub_00263,experiments/core_400/gpt_5_1/javascript/fs/assessment/automatic_detailed.jsonl,outputs/segregated_results/commercial-base/may2026/commercial-new/gpt_5_1_P1_few_shot_javascript_400_v1_detailed.jsonl,e0edf3a374222564bcc54b257442226ede54a7985a0adb783a4cc280b0bd1821,337043,INCLUDE_GIT,authoritative selected compact public evidence
pub_00264,experiments/core_400/gpt_5_1/javascript/fs/assessment/automatic_summary.json,outputs/segregated_results/commercial-base/may2026/commercial-new/gpt_5_1_P1_few_shot_javascript_400_v1_summary.json,16101fd2636dafd471625dabff88957eeec135a03ab6dd5d8741ebce7f5b7336,1083,INCLUDE_GIT,authoritative selected compact public evidence
pub_00265,experiments/core_400/gpt_5_1/python/fs/assessment/code_grounded_detailed.jsonl,outputs/segregated_results/commercial-base/may2026/commercial-new/gpt_5_1_P1_few_shot_python_400_v1_code_grounded_detailed.jsonl,f5dd095477a99ae1f02bc701e6ebb5d2f29520776323005ee4e58f1f1809d452,327864,INCLUDE_GIT,authoritative selected compact public evidence
pub_00266,experiments/core_400/gpt_5_1/python/fs/assessment/code_grounded_summary.json,outputs/segregated_results/commercial-base/may2026/commercial-new/gpt_5_1_P1_few_shot_python_400_v1_code_grounded_summary.json,f0125deb2f82ded3cebe57403cdbbd8b1f92ac30402dcc97b1c0fd63794db5b7,1258,INCLUDE_GIT,authoritative selected compact public evidence
pub_00267,experiments/core_400/gpt_5_1/python/fs/assessment/automatic_detailed.jsonl,outputs/segregated_results/commercial-base/may2026/commercial-new/gpt_5_1_P1_few_shot_python_400_v1_detailed.jsonl,93633ff04bf4ea036c61bc096a55459a2cdca64fc0e102d2e24031ad708b68d5,340893,INCLUDE_GIT,authoritative selected compact public evidence
pub_00268,experiments/core_400/gpt_5_1/python/fs/assessment/automatic_summary.json,outputs/segregated_results/commercial-base/may2026/commercial-new/gpt_5_1_P1_few_shot_python_400_v1_summary.json,b4583b190f9a9eca320bae76ae7196da862a3925404eff9c3516180b1f1a4448,1073,INCLUDE_GIT,authoritative selected compact public evidence
pub_00269,experiments/core_400/gpt_5_1/java/os/assessment/code_grounded_detailed.jsonl,outputs/segregated_results/commercial-base/may2026/commercial-new/gpt_5_1_P1_one_shot_java_400_v1_code_grounded_detailed.jsonl,00fbd58408f3632554e75b23e0574c178f7764dd1c56a7b0b9ef91a450f74546,326078,INCLUDE_GIT,authoritative selected compact public evidence
pub_00270,experiments/core_400/gpt_5_1/java/os/assessment/code_grounded_summary.json,outputs/segregated_results/commercial-base/may2026/commercial-new/gpt_5_1_P1_one_shot_java_400_v1_code_grounded_summary.json,e96afe4b9f8d79c5a96f502d000c7e95f058ef0ae28b0c46ed765edc2958aa91,1274,INCLUDE_GIT,authoritative selected compact public evidence
pub_00271,experiments/core_400/gpt_5_1/java/os/assessment/automatic_detailed.jsonl,outputs/segregated_results/commercial-base/may2026/commercial-new/gpt_5_1_P1_one_shot_java_400_v1_detailed.jsonl,e9f370b2f645fd6b8fb66007202d8bef45ca5707e840a074b35df8093f9b3fdf,343184,INCLUDE_GIT,authoritative selected compact public evidence
pub_00272,experiments/core_400/gpt_5_1/java/os/assessment/automatic_summary.json,outputs/segregated_results/commercial-base/may2026/commercial-new/gpt_5_1_P1_one_shot_java_400_v1_summary.json,e7b5e09659f0e6c25506355570eb16308e2ea07f758bcead3bf99e78950c89e6,1063,INCLUDE_GIT,authoritative selected compact public evidence
pub_00273,experiments/core_400/gpt_5_1/javascript/os/assessment/code_grounded_detailed.jsonl,outputs/segregated_results/commercial-base/may2026/commercial-new/gpt_5_1_P1_one_shot_javascript_400_v1_code_grounded_detailed.jsonl,37bd745cf1ff2d94406399c822fd7f4e18000770c469b591a6ad83cd050d8500,330544,INCLUDE_GIT,authoritative selected compact public evidence
pub_00274,experiments/core_400/gpt_5_1/javascript/os/assessment/code_grounded_summary.json,outputs/segregated_results/commercial-base/may2026/commercial-new/gpt_5_1_P1_one_shot_javascript_400_v1_code_grounded_summary.json,9c6bdbab72b652e7965e10449805e587f4d9ff279707ff505661b95e739dfe3f,1290,INCLUDE_GIT,authoritative selected compact public evidence
pub_00275,experiments/core_400/gpt_5_1/javascript/os/assessment/automatic_detailed.jsonl,outputs/segregated_results/commercial-base/may2026/commercial-new/gpt_5_1_P1_one_shot_javascript_400_v1_detailed.jsonl,810a97b80732522b81e4aacf9a0b55a02514250e9ba48bd83145f09664f61aa2,342000,INCLUDE_GIT,authoritative selected compact public evidence
pub_00276,experiments/core_400/gpt_5_1/javascript/os/assessment/automatic_summary.json,outputs/segregated_results/commercial-base/may2026/commercial-new/gpt_5_1_P1_one_shot_javascript_400_v1_summary.json,4047274d8a7aadc618d7b9094e67982fc92a3b68c2ae9e9276e3cde949716ddc,1083,INCLUDE_GIT,authoritative selected compact public evidence
pub_00277,experiments/core_400/gpt_5_1/python/os/assessment/code_grounded_detailed.jsonl,outputs/segregated_results/commercial-base/may2026/commercial-new/gpt_5_1_P1_one_shot_python_400_v1_code_grounded_detailed.jsonl,58ed8edf879ba8f19ae56b03a91bc0fb18b4a7d804120dd942318bbf99b1010f,326353,INCLUDE_GIT,authoritative selected compact public evidence
pub_00278,experiments/core_400/gpt_5_1/python/os/assessment/code_grounded_summary.json,outputs/segregated_results/commercial-base/may2026/commercial-new/gpt_5_1_P1_one_shot_python_400_v1_code_grounded_summary.json,70551bc562af94e6299d0c48bd59f35bb79e635a397576bc44d1d9623a55b3ee,1250,INCLUDE_GIT,authoritative selected compact public evidence
pub_00279,experiments/core_400/gpt_5_1/python/os/assessment/automatic_detailed.jsonl,outputs/segregated_results/commercial-base/may2026/commercial-new/gpt_5_1_P1_one_shot_python_400_v1_detailed.jsonl,2b06857ce82ac4d1ad2656641207f1a74c92766156b131bf9f070ad869132bdc,339436,INCLUDE_GIT,authoritative selected compact public evidence
pub_00280,experiments/core_400/gpt_5_1/python/os/assessment/automatic_summary.json,outputs/segregated_results/commercial-base/may2026/commercial-new/gpt_5_1_P1_one_shot_python_400_v1_summary.json,95732dc50e3b8b3b2c65111e3935092b55b574eefdac93fa75f560fb06f587b0,1069,INCLUDE_GIT,authoritative selected compact public evidence
pub_00281,experiments/core_400/gpt_5_1/java/zs/assessment/automatic_detailed.jsonl,outputs/segregated_results/commercial-base/may2026/commercial-new/gpt_5_1_P1_zero_shot_java_400_v1_detailed.jsonl,1ad9dd098021b11360ada858f3da2888a1146f249a3017b55f351f61a6a731df,337886,INCLUDE_GIT,authoritative selected compact public evidence
pub_00282,experiments/core_400/gpt_5_1/java/zs/assessment/automatic_summary.json,outputs/segregated_results/commercial-base/may2026/commercial-new/gpt_5_1_P1_zero_shot_java_400_v1_summary.json,590bf83df1939748984c1646240905e475f40cf439f8dff3dba6ae260983f808,1072,INCLUDE_GIT,authoritative selected compact public evidence
pub_00283,experiments/core_400/gpt_5_1/javascript/zs/assessment/automatic_detailed.jsonl,outputs/segregated_results/commercial-base/may2026/commercial-new/gpt_5_1_P1_zero_shot_javascript_400_v1_detailed.jsonl,74db78980ba2cf9973d9d97a8676cb91f68d1c9006950837e5207363276f3641,343862,INCLUDE_GIT,authoritative selected compact public evidence
pub_00284,experiments/core_400/gpt_5_1/javascript/zs/assessment/automatic_summary.json,outputs/segregated_results/commercial-base/may2026/commercial-new/gpt_5_1_P1_zero_shot_javascript_400_v1_summary.json,23bd6e690c0cb87df00e1dac238efcd176aaaaebb7b333d5b7b54412d1846c80,1078,INCLUDE_GIT,authoritative selected compact public evidence
pub_00285,experiments/core_400/gpt_5_1/python/zs/assessment/automatic_detailed.jsonl,outputs/segregated_results/commercial-base/may2026/commercial-new/gpt_5_1_P1_zero_shot_python_400_v2_detailed.jsonl,521d32e6b8cce6a521e3ab2149ff2f93b9649845c17151c7cdad74fb5c966e7b,337281,INCLUDE_GIT,authoritative selected compact public evidence
pub_00286,experiments/core_400/gpt_5_1/python/zs/assessment/automatic_summary.json,outputs/segregated_results/commercial-base/may2026/commercial-new/gpt_5_1_P1_zero_shot_python_400_v2_summary.json,357070ece98dd2b0dfa348df9c2286a9cb44c184f5f4bbf3f17791e3c86729a6,1074,INCLUDE_GIT,authoritative selected compact public evidence
pub_00287,experiments/core_400/codegemma_2b/java/os/assessment/code_grounded_detailed.jsonl,outputs/segregated_results/open-source-base/correctness/codegemma_2b_P1_one_shot_java_400_v1_correctness.json_detailed.jsonl,713ced3f94f6b680d53c5c1ce42ef32b8fdb005bd6b5aa5bc141cd52a93e7433,299833,INCLUDE_GIT,authoritative selected compact public evidence
pub_00288,experiments/core_400/codegemma_2b/java/os/assessment/code_grounded_summary.json,outputs/segregated_results/open-source-base/correctness/codegemma_2b_P1_one_shot_java_400_v1_correctness.json_summary.json,05b1b8fa2c8b968254f9c3a5712f5fe31b67d7279f6bf779879245ff90489472,1282,INCLUDE_GIT,authoritative selected compact public evidence
pub_00289,experiments/core_400/codegemma_2b/javascript/os/assessment/code_grounded_detailed.jsonl,outputs/segregated_results/open-source-base/correctness/codegemma_2b_P1_one_shot_javascript_400_v1_correctness.json_detailed.jsonl,20681fdb5af6f185e7e7b32551f09b45b20bf62fb0ca40d141cff40bda6a0d01,302086,INCLUDE_GIT,authoritative selected compact public evidence
pub_00290,experiments/core_400/codegemma_2b/javascript/os/assessment/code_grounded_summary.json,outputs/segregated_results/open-source-base/correctness/codegemma_2b_P1_one_shot_javascript_400_v1_correctness.json_summary.json,35cc11353143fa5d6d048fce9338be686c14b46ef3df1a2def8a6478d1bb847c,1292,INCLUDE_GIT,authoritative selected compact public evidence
pub_00291,experiments/core_400/codegemma_2b/python/os/assessment/code_grounded_detailed.jsonl,outputs/segregated_results/open-source-base/correctness/codegemma_2b_P1_one_shot_python_400_v1_correctness.json_detailed.jsonl,a0cea129292a615cfe0daab4bc941c7f3c2d61a703f9e35079a5447b6e74d9ff,323794,INCLUDE_GIT,authoritative selected compact public evidence
pub_00292,experiments/core_400/codegemma_2b/python/os/assessment/code_grounded_summary.json,outputs/segregated_results/open-source-base/correctness/codegemma_2b_P1_one_shot_python_400_v1_correctness.json_summary.json,f06bd62062e0d132d8b3cf215fe434ab09119ae26a271b006a9c2f7506e36435,1254,INCLUDE_GIT,authoritative selected compact public evidence
pub_00293,experiments/core_400/gemma_2_2b_it/java/os/assessment/code_grounded_detailed.jsonl,outputs/segregated_results/open-source-base/correctness/gemma_2_2b_it_P1_one_shot_java_400_v1_correctness.json_detailed.jsonl,cb4212d5731045d7b00949a12b683aa400c92832752aad78e56260af0102d057,303269,INCLUDE_GIT,authoritative selected compact public evidence
pub_00294,experiments/core_400/gemma_2_2b_it/java/os/assessment/code_grounded_summary.json,outputs/segregated_results/open-source-base/correctness/gemma_2_2b_it_P1_one_shot_java_400_v1_correctness.json_summary.json,6eea779eec57f01076e8a7e86a5cb2d0faeb409b671c4171a8d079b835e0f6cb,1274,INCLUDE_GIT,authoritative selected compact public evidence
pub_00295,experiments/core_400/gemma_2_2b_it/javascript/os/assessment/code_grounded_detailed.jsonl,outputs/segregated_results/open-source-base/correctness/gemma_2_2b_it_P1_one_shot_javascript_400_v1_correctness.json_detailed.jsonl,1d7a6cfcc4fe06f70f4056dcc45a75a81cdab1ddc4472cbb7f0a65537edd56bc,304143,INCLUDE_GIT,authoritative selected compact public evidence
pub_00296,experiments/core_400/gemma_2_2b_it/javascript/os/assessment/code_grounded_summary.json,outputs/segregated_results/open-source-base/correctness/gemma_2_2b_it_P1_one_shot_javascript_400_v1_correctness.json_summary.json,4d3b8b6752e14e0cb195d2eb650490515a042410f2b7cb3d34963feffd56b601,1302,INCLUDE_GIT,authoritative selected compact public evidence
pub_00297,experiments/core_400/gemma_2_2b_it/python/os/assessment/code_grounded_detailed.jsonl,outputs/segregated_results/open-source-base/correctness/gemma_2_2b_it_P1_one_shot_python_400_v1_correctness.json_detailed.jsonl,6100c0748c15a5c023e3fc861120d9634416f2bc3a64e1c57907affab8bff111,327030,INCLUDE_GIT,authoritative selected compact public evidence
pub_00298,experiments/core_400/gemma_2_2b_it/python/os/assessment/code_grounded_summary.json,outputs/segregated_results/open-source-base/correctness/gemma_2_2b_it_P1_one_shot_python_400_v1_correctness.json_summary.json,c6b013cee68a51322b7c3bd92d0fb65322142b381aaf766d007ef151d03a03eb,1256,INCLUDE_GIT,authoritative selected compact public evidence
pub_00299,experiments/core_400/qwen2_5_1_5b_instruct/java/fs/assessment/code_grounded_detailed.jsonl,outputs/segregated_results/open-source-base/correctness/qwen25_1_5b_instruct_P1_few_shot_java_400_v1_correctness_detailed.jsonl,ac377eec86cb9db8b897f7feb33428918e237659aad6a91efcfa7e66071c51eb,335652,INCLUDE_GIT,authoritative selected compact public evidence
pub_00300,experiments/core_400/qwen2_5_1_5b_instruct/java/fs/assessment/code_grounded_summary.json,outputs/segregated_results/open-source-base/correctness/qwen25_1_5b_instruct_P1_few_shot_java_400_v1_correctness_summary.json,be0ccd2544f69c3d7c32ffd694e2ebdfb9eb61a02581d20bf5731784b7c99cd8,1293,INCLUDE_GIT,authoritative selected compact public evidence
pub_00301,experiments/core_400/qwen2_5_1_5b_instruct/javascript/fs/assessment/code_grounded_detailed.jsonl,outputs/segregated_results/open-source-base/correctness/qwen25_1_5b_instruct_P1_few_shot_javascript_400_v1_correctness_detailed.jsonl,69932a1e04488f0c84d71962a15f228268434f3d0ec6701e452a6a34f13db293,314539,INCLUDE_GIT,authoritative selected compact public evidence
pub_00302,experiments/core_400/qwen2_5_1_5b_instruct/javascript/fs/assessment/code_grounded_summary.json,outputs/segregated_results/open-source-base/correctness/qwen25_1_5b_instruct_P1_few_shot_javascript_400_v1_correctness_summary.json,81cb9c99dcfa7eb8f25cf3c91fe0438144385f7a26e8b94d9e57966c8e262309,1309,INCLUDE_GIT,authoritative selected compact public evidence
pub_00303,experiments/core_400/qwen2_5_1_5b_instruct/python/fs/assessment/code_grounded_detailed.jsonl,outputs/segregated_results/open-source-base/correctness/qwen25_1_5b_instruct_P1_few_shot_python_400_v1_correctness_detailed.jsonl,a206170681fe2ce1dfce3ecfe93ecd398b25346e06312a795db7eadde8e24212,323162,INCLUDE_GIT,authoritative selected compact public evidence
pub_00304,experiments/core_400/qwen2_5_1_5b_instruct/python/fs/assessment/code_grounded_summary.json,outputs/segregated_results/open-source-base/correctness/qwen25_1_5b_instruct_P1_few_shot_python_400_v1_correctness_summary.json,3f67d3e8b496152e14471bfd7b7e8b272d3be5d2cba9d3a40a0b1dc8af4998b2,1273,INCLUDE_GIT,authoritative selected compact public evidence
pub_00305,experiments/core_400/qwen2_5_1_5b_instruct/java/os/assessment/code_grounded_detailed.jsonl,outputs/segregated_results/open-source-base/correctness/qwen25_1_5b_instruct_P1_one_shot_java_400_v1_correctness.json_detailed.jsonl,1139bab66e1aabc990b0dc5ebb3fbad51b090df6eb2ae97915dbcdf986c44993,347291,INCLUDE_GIT,authoritative selected compact public evidence
pub_00306,experiments/core_400/qwen2_5_1_5b_instruct/java/os/assessment/code_grounded_summary.json,outputs/segregated_results/open-source-base/correctness/qwen25_1_5b_instruct_P1_one_shot_java_400_v1_correctness.json_summary.json,c576a28bed0088cdc6e7bd616ca91d208001cec335b0e25e065f0dfeadf332ad,1287,INCLUDE_GIT,authoritative selected compact public evidence
pub_00307,experiments/core_400/qwen2_5_1_5b_instruct/javascript/os/assessment/code_grounded_detailed.jsonl,outputs/segregated_results/open-source-base/correctness/qwen25_1_5b_instruct_P1_one_shot_javascript_400_v1_correctness.json_detailed.jsonl,d8b1070c88a23676333e7a641d06e69521a00d8368d6f9c97a54089f5a8b6782,323058,INCLUDE_GIT,authoritative selected compact public evidence
pub_00308,experiments/core_400/qwen2_5_1_5b_instruct/javascript/os/assessment/code_grounded_summary.json,outputs/segregated_results/open-source-base/correctness/qwen25_1_5b_instruct_P1_one_shot_javascript_400_v1_correctness.json_summary.json,e65f03d20b90c386d5b0ced4230d2379167f6278aa73888c32a1b639baacba80,1311,INCLUDE_GIT,authoritative selected compact public evidence
pub_00309,experiments/core_400/qwen2_5_1_5b_instruct/python/os/assessment/code_grounded_detailed.jsonl,outputs/segregated_results/open-source-base/correctness/qwen25_1_5b_instruct_P1_one_shot_python_400_v1_correctness.json_detailed.jsonl,283d861cd71b2a99957f65a57bfa754ecf9869db46ca249a7a0c7bfd63841004,343556,INCLUDE_GIT,authoritative selected compact public evidence
pub_00310,experiments/core_400/qwen2_5_1_5b_instruct/python/os/assessment/code_grounded_summary.json,outputs/segregated_results/open-source-base/correctness/qwen25_1_5b_instruct_P1_one_shot_python_400_v1_correctness.json_summary.json,7c07ac3eb3b77febfc9386605150b3b1d610016cc26d81abc0943f47c9b09235,1277,INCLUDE_GIT,authoritative selected compact public evidence
pub_00311,experiments/core_400/qwen2_5_1_5b_instruct/java/zs/assessment/code_grounded_detailed.jsonl,outputs/segregated_results/open-source-base/correctness/qwen25_1_5b_instruct_P1_zero_shot_java_400_v1_correctness_detailed.jsonl,a5fa2f5b49c806306ae17c12f9a8862f99516af99fc58ea28c694b23a3c5f547,319480,INCLUDE_GIT,authoritative selected compact public evidence
pub_00312,experiments/core_400/qwen2_5_1_5b_instruct/java/zs/assessment/code_grounded_summary.json,outputs/segregated_results/open-source-base/correctness/qwen25_1_5b_instruct_P1_zero_shot_java_400_v1_correctness_summary.json,a3d6138c2725f1c1059b9c1a6f64cd02f8e064f01c7c93b90dc6f09cde2df936,1300,INCLUDE_GIT,authoritative selected compact public evidence
pub_00313,experiments/core_400/qwen2_5_1_5b_instruct/javascript/zs/assessment/code_grounded_detailed.jsonl,outputs/segregated_results/open-source-base/correctness/qwen25_1_5b_instruct_P1_zero_shot_javascript_400_v1_correctness_detailed.jsonl,eb480e633fd1f3add76338136fababef911c1f2f2beaff8d19f2fcd7db186a1e,331322,INCLUDE_GIT,authoritative selected compact public evidence
pub_00314,experiments/core_400/qwen2_5_1_5b_instruct/javascript/zs/assessment/code_grounded_summary.json,outputs/segregated_results/open-source-base/correctness/qwen25_1_5b_instruct_P1_zero_shot_javascript_400_v1_correctness_summary.json,b50304c2afdcbfc0355de23480931802ed029d98a4d2d11a207b5fd5326651bd,1316,INCLUDE_GIT,authoritative selected compact public evidence
pub_00315,experiments/core_400/qwen2_5_1_5b_instruct/python/zs/assessment/code_grounded_detailed.jsonl,outputs/segregated_results/open-source-base/correctness/qwen25_1_5b_instruct_P1_zero_shot_python_400_v1_correctness_detailed.jsonl,c075ef9df0930052e1c9b9dc15456cf4a188495299210ca6e18cf31c4525d5ca,320465,INCLUDE_GIT,authoritative selected compact public evidence
pub_00316,experiments/core_400/qwen2_5_1_5b_instruct/python/zs/assessment/code_grounded_summary.json,outputs/segregated_results/open-source-base/correctness/qwen25_1_5b_instruct_P1_zero_shot_python_400_v1_correctness_summary.json,a107e40bfa65b5d4566ad9a645d76503bf090ba358df6e462c640fdffa287adc,1280,INCLUDE_GIT,authoritative selected compact public evidence
pub_00317,experiments/core_400/qwen2_5_coder_1_5b_instruct/java/fs/assessment/code_grounded_detailed.jsonl,outputs/segregated_results/open-source-base/correctness/qwen25_coder_1_5b_instruct_P1_few_shot_java_400_v1_correctness_detailed.jsonl,57a17449fa90872f826d52c85ba31df35f7ac6a5549c7d80d0c40695bdd18acf,391279,INCLUDE_GIT,authoritative selected compact public evidence
pub_00318,experiments/core_400/qwen2_5_coder_1_5b_instruct/java/fs/assessment/code_grounded_summary.json,outputs/segregated_results/open-source-base/correctness/qwen25_coder_1_5b_instruct_P1_few_shot_java_400_v1_correctness_summary.json,4350b1fdfaeb4dff7982db10a34eff929558858af87a742cd393852662a75f80,1309,INCLUDE_GIT,authoritative selected compact public evidence
pub_00319,experiments/core_400/qwen2_5_coder_1_5b_instruct/javascript/fs/assessment/code_grounded_detailed.jsonl,outputs/segregated_results/open-source-base/correctness/qwen25_coder_1_5b_instruct_P1_few_shot_javascript_400_v1_correctness_detailed.jsonl,50b0d7001ff86dabf9a6a51d491777e9293896f30914017eceb71d2e81bef26f,372596,INCLUDE_GIT,authoritative selected compact public evidence
pub_00320,experiments/core_400/qwen2_5_coder_1_5b_instruct/javascript/fs/assessment/code_grounded_summary.json,outputs/segregated_results/open-source-base/correctness/qwen25_coder_1_5b_instruct_P1_few_shot_javascript_400_v1_correctness_summary.json,092f0c9b47c6028266e0a4e9d36fee72663e95c827321bc805a22d22101c4195,1315,INCLUDE_GIT,authoritative selected compact public evidence
pub_00321,experiments/core_400/qwen2_5_coder_1_5b_instruct/python/fs/assessment/code_grounded_detailed.jsonl,outputs/segregated_results/open-source-base/correctness/qwen25_coder_1_5b_instruct_P1_few_shot_python_400_v1_correctness.json_detailed.jsonl,7919babf93c7ab89ce8f18cc1eccc95792468cad53b127ca9cd712bbfd214e5e,350041,INCLUDE_GIT,authoritative selected compact public evidence
pub_00322,experiments/core_400/qwen2_5_coder_1_5b_instruct/python/fs/assessment/code_grounded_summary.json,outputs/segregated_results/open-source-base/correctness/qwen25_coder_1_5b_instruct_P1_few_shot_python_400_v1_correctness.json_summary.json,a6d980208341714d90785e44ceae20f984b330618561a7ed4a14a8f6d7a0d22f,1285,INCLUDE_GIT,authoritative selected compact public evidence
pub_00323,experiments/core_400/qwen2_5_coder_1_5b_instruct/java/os/assessment/code_grounded_detailed.jsonl,outputs/segregated_results/open-source-base/correctness/qwen25_coder_1_5b_instruct_P1_one_shot_java_400_v2_rerun_correctness.json_detailed.jsonl,054e7eb62262be7f54ea066bbff8e39a4fdb143522d9e4c413278bc0bcc4e187,345401,INCLUDE_GIT,authoritative selected compact public evidence
pub_00324,experiments/core_400/qwen2_5_coder_1_5b_instruct/java/os/assessment/code_grounded_summary.json,outputs/segregated_results/open-source-base/correctness/qwen25_coder_1_5b_instruct_P1_one_shot_java_400_v2_rerun_correctness.json_summary.json,ba52eaba565935e3ce5292696769b13699ac3ba39b8b7703c8f1ff0cf121e30d,1307,INCLUDE_GIT,authoritative selected compact public evidence
pub_00325,experiments/core_400/qwen2_5_coder_1_5b_instruct/javascript/os/assessment/code_grounded_detailed.jsonl,outputs/segregated_results/open-source-base/correctness/qwen25_coder_1_5b_instruct_P1_one_shot_javascript_400_v3_repaired_correctness.json_detailed.jsonl,bae8979c01b0c8e29b96d5b970e241f49272447d51e77d6f69f391770c4d08cf,315027,INCLUDE_GIT,authoritative selected compact public evidence
pub_00326,experiments/core_400/qwen2_5_coder_1_5b_instruct/javascript/os/assessment/code_grounded_summary.json,outputs/segregated_results/open-source-base/correctness/qwen25_coder_1_5b_instruct_P1_one_shot_javascript_400_v3_repaired_correctness.json_summary.json,b0d83c79512de814c6abd51ff6c9d4394b99fbca35bdac09fb8b3d4406170ebb,1336,INCLUDE_GIT,authoritative selected compact public evidence
pub_00327,experiments/core_400/qwen2_5_coder_1_5b_instruct/python/os/assessment/code_grounded_detailed.jsonl,outputs/segregated_results/open-source-base/correctness/qwen25_coder_1_5b_instruct_P1_one_shot_python_400_v1_correctness.json_detailed.jsonl,88f927ad13e556ae49efc605b672354c5ec93559eb5756a09917641df6c2e3d0,346913,INCLUDE_GIT,authoritative selected compact public evidence
pub_00328,experiments/core_400/qwen2_5_coder_1_5b_instruct/python/os/assessment/code_grounded_summary.json,outputs/segregated_results/open-source-base/correctness/qwen25_coder_1_5b_instruct_P1_one_shot_python_400_v1_correctness.json_summary.json,bc1b86d23e54590cf46e5d3d0c7d72cad9756dd055ac6140e37ffa6b00cbd669,1277,INCLUDE_GIT,authoritative selected compact public evidence
pub_00329,experiments/core_400/qwen2_5_coder_1_5b_instruct/java/zs/assessment/code_grounded_detailed.jsonl,outputs/segregated_results/open-source-base/correctness/qwen25_coder_1_5b_instruct_P1_zero_shot_java_400_v1_correctness_detailed.jsonl,cea9cff55698874a4409e13e8424c484507b2f12641c91c0bfebd9e36e6063cd,391643,INCLUDE_GIT,authoritative selected compact public evidence
pub_00330,experiments/core_400/qwen2_5_coder_1_5b_instruct/java/zs/assessment/code_grounded_summary.json,outputs/segregated_results/open-source-base/correctness/qwen25_coder_1_5b_instruct_P1_zero_shot_java_400_v1_correctness_summary.json,e4504a71f4ebaf2bd15b29c487fd1fbc2f1e59c278ed6153ae7122c6c38f3dc0,1314,INCLUDE_GIT,authoritative selected compact public evidence
pub_00331,experiments/core_400/qwen2_5_coder_1_5b_instruct/javascript/zs/assessment/code_grounded_detailed.jsonl,outputs/segregated_results/open-source-base/correctness/qwen25_coder_1_5b_instruct_P1_zero_shot_javascript_400_v1_correctness_detailed.jsonl,bf460671c73aeffeb9b061e981577ba45c27f88c311b9c68f0ece018e4c8e8e6,406835,INCLUDE_GIT,authoritative selected compact public evidence
pub_00332,experiments/core_400/qwen2_5_coder_1_5b_instruct/javascript/zs/assessment/code_grounded_summary.json,outputs/segregated_results/open-source-base/correctness/qwen25_coder_1_5b_instruct_P1_zero_shot_javascript_400_v1_correctness_summary.json,a515935dba248c5e6b667917704a798ba4b58ef013b37b0e833d3312e5ea8ae2,1328,INCLUDE_GIT,authoritative selected compact public evidence
pub_00333,experiments/core_400/qwen2_5_coder_1_5b_instruct/python/zs/assessment/code_grounded_detailed.jsonl,outputs/segregated_results/open-source-base/correctness/qwen25_coder_1_5b_instruct_P1_zero_shot_python_400_v1_correctness.json_detailed.jsonl,ad7e776ddbb28fb961a99be58fa342392c0472dc45d41b42281c9f3218913372,380871,INCLUDE_GIT,authoritative selected compact public evidence
pub_00334,experiments/core_400/qwen2_5_coder_1_5b_instruct/python/zs/assessment/code_grounded_summary.json,outputs/segregated_results/open-source-base/correctness/qwen25_coder_1_5b_instruct_P1_zero_shot_python_400_v1_correctness.json_summary.json,314f6c6253fe6d692f4c84af13faf540e0a0e28aeee541da8dfa4910a8a5e02a,1296,INCLUDE_GIT,authoritative selected compact public evidence
pub_00335,experiments/core_400/qwen2_5_coder_1_5b_instruct/java/fs/assessment/automatic_detailed.jsonl,outputs/segregated_results/open-source-base/eval/qwen25_coder_1_5b_instruct_P1_few_shot_java_400_v1_eval.json_detailed.jsonl,6e73c68b3a0a001b604de2508cb2723462e20f3a306e4cdcce04f8b6c560f490,409777,INCLUDE_GIT,authoritative selected compact public evidence
pub_00336,experiments/core_400/qwen2_5_coder_1_5b_instruct/java/fs/assessment/automatic_summary.json,outputs/segregated_results/open-source-base/eval/qwen25_coder_1_5b_instruct_P1_few_shot_java_400_v1_eval.json_summary.json,4aa61fa57dab35ef29f2a59530cd743408144e5323202fc3e14e981dcdc67f0c,1102,INCLUDE_GIT,authoritative selected compact public evidence
pub_00337,experiments/core_400/qwen2_5_coder_1_5b_instruct/javascript/fs/assessment/automatic_detailed.jsonl,outputs/segregated_results/open-source-base/eval/qwen25_coder_1_5b_instruct_P1_few_shot_javascript_400_v1_eval.json_detailed.jsonl,875837c990cf8b84a5c001e27be7bd0cc7d51e92c964cbae2b7b93c50fe6b58c,386056,INCLUDE_GIT,authoritative selected compact public evidence
pub_00338,experiments/core_400/qwen2_5_coder_1_5b_instruct/javascript/fs/assessment/automatic_summary.json,outputs/segregated_results/open-source-base/eval/qwen25_coder_1_5b_instruct_P1_few_shot_javascript_400_v1_eval.json_summary.json,9b8714081b73932f56da371b13c79fe345daf5934639ad0b610cb3f283551616,1124,INCLUDE_GIT,authoritative selected compact public evidence
pub_00339,experiments/core_400/qwen2_5_coder_1_5b_instruct/java/zs/assessment/automatic_detailed.jsonl,outputs/segregated_results/open-source-base/eval/qwen25_coder_1_5b_instruct_P1_zero_shot_java_400_v1_eval.json_detailed.jsonl,235d613b513a02ade0a0ba686d3cd521b542c6894adf46d7289253384aba4224,409862,INCLUDE_GIT,authoritative selected compact public evidence
pub_00340,experiments/core_400/qwen2_5_coder_1_5b_instruct/java/zs/assessment/automatic_summary.json,outputs/segregated_results/open-source-base/eval/qwen25_coder_1_5b_instruct_P1_zero_shot_java_400_v1_eval.json_summary.json,7ab3bf6e3c7cec46dc46f00f34fce9777781d258e7b9740bb089f157f057d533,1115,INCLUDE_GIT,authoritative selected compact public evidence
pub_00341,experiments/core_400/qwen2_5_coder_1_5b_instruct/javascript/zs/assessment/automatic_detailed.jsonl,outputs/segregated_results/open-source-base/eval/qwen25_coder_1_5b_instruct_P1_zero_shot_javascript_400_v1_eval.json_detailed.jsonl,9dedb5ac4ddf46dd7a155996b31ad1d04d988f1590ba874a48ca22dc7ad9877d,420685,INCLUDE_GIT,authoritative selected compact public evidence
pub_00342,experiments/core_400/qwen2_5_coder_1_5b_instruct/javascript/zs/assessment/automatic_summary.json,outputs/segregated_results/open-source-base/eval/qwen25_coder_1_5b_instruct_P1_zero_shot_javascript_400_v1_eval.json_summary.json,a939c95913d85013351b0cca22aa6101b5286d91f70d57c734476e6fe509d8b0,1123,INCLUDE_GIT,authoritative selected compact public evidence
pub_00343,experiments/core_400/codegemma_2b/java/fs/assessment/code_grounded_detailed.jsonl,outputs/segregated_results/open-source-base/may2026/open-source/codegemma_2b_P1_few_shot_java_400_v1_code_grounded_detailed.jsonl,9b0f072583acbdbfcc63b9009b185c1650ff284eac29a04661e86cb9c1c91079,358643,INCLUDE_GIT,authoritative selected compact public evidence
pub_00344,experiments/core_400/codegemma_2b/java/fs/assessment/code_grounded_summary.json,outputs/segregated_results/open-source-base/may2026/open-source/codegemma_2b_P1_few_shot_java_400_v1_code_grounded_summary.json,a416e2b98d635bc8bfd47fabc909b4b7859532c57aca2d8dafb47285b216d4bb,1288,INCLUDE_GIT,authoritative selected compact public evidence
pub_00345,experiments/core_400/codegemma_2b/java/fs/assessment/automatic_detailed.jsonl,outputs/segregated_results/open-source-base/may2026/open-source/codegemma_2b_P1_few_shot_java_400_v1_detailed.jsonl,04a086e5aa7b6828de3d25567a12405728a38fce80d972493425640056307a72,374247,INCLUDE_GIT,authoritative selected compact public evidence
pub_00346,experiments/core_400/codegemma_2b/java/fs/assessment/automatic_summary.json,outputs/segregated_results/open-source-base/may2026/open-source/codegemma_2b_P1_few_shot_java_400_v1_summary.json,a7b8f272da765d4ee923ea56e91e8710645ecd426fd4a13bf16011f71b59bb01,1091,INCLUDE_GIT,authoritative selected compact public evidence
pub_00347,experiments/core_400/codegemma_2b/javascript/fs/assessment/code_grounded_detailed.jsonl,outputs/segregated_results/open-source-base/may2026/open-source/codegemma_2b_P1_few_shot_javascript_400_v1_code_grounded_detailed.jsonl,ef5885cd9f1741edca418ec8cd9f7b22c47041f176d1d2dbbf31c04d0787f8aa,348584,INCLUDE_GIT,authoritative selected compact public evidence
pub_00348,experiments/core_400/codegemma_2b/javascript/fs/assessment/code_grounded_summary.json,outputs/segregated_results/open-source-base/may2026/open-source/codegemma_2b_P1_few_shot_javascript_400_v1_code_grounded_summary.json,fab874f281d2e0192aee7fa46b49667d70edce287234d3434e66f6d0a36d15f0,1308,INCLUDE_GIT,authoritative selected compact public evidence
pub_00349,experiments/core_400/codegemma_2b/javascript/fs/assessment/automatic_detailed.jsonl,outputs/segregated_results/open-source-base/may2026/open-source/codegemma_2b_P1_few_shot_javascript_400_v1_detailed.jsonl,36559f6ad4e3a6ce12b6bc25b5f53e8b06ec458ec295de285743c99e587ad5b4,360312,INCLUDE_GIT,authoritative selected compact public evidence
pub_00350,experiments/core_400/codegemma_2b/javascript/fs/assessment/automatic_summary.json,outputs/segregated_results/open-source-base/may2026/open-source/codegemma_2b_P1_few_shot_javascript_400_v1_summary.json,2b668f13e67a2529a0a2b52276b684dc5a9ec8410d6b5a8ad52b30bcd3522aca,1109,INCLUDE_GIT,authoritative selected compact public evidence
pub_00351,experiments/core_400/codegemma_2b/python/fs/assessment/code_grounded_detailed.jsonl,outputs/segregated_results/open-source-base/may2026/open-source/codegemma_2b_P1_few_shot_python_400_v1_code_grounded_detailed.jsonl,02d09b8247d410e3909d277d829917696e1c22864df3ede154931df38e179126,326577,INCLUDE_GIT,authoritative selected compact public evidence
pub_00352,experiments/core_400/codegemma_2b/python/fs/assessment/code_grounded_summary.json,outputs/segregated_results/open-source-base/may2026/open-source/codegemma_2b_P1_few_shot_python_400_v1_code_grounded_summary.json,6da5c7930a65e23f7de0e770c13788dbade54f5c5cb8a979d170cc59587742e7,1262,INCLUDE_GIT,authoritative selected compact public evidence
pub_00353,experiments/core_400/codegemma_2b/python/fs/assessment/automatic_detailed.jsonl,outputs/segregated_results/open-source-base/may2026/open-source/codegemma_2b_P1_few_shot_python_400_v1_detailed.jsonl,eff1b220fad614e7712543f80dcfc1f3e697f43095af669354352cc4d03c6389,338879,INCLUDE_GIT,authoritative selected compact public evidence
pub_00354,experiments/core_400/codegemma_2b/python/fs/assessment/automatic_summary.json,outputs/segregated_results/open-source-base/may2026/open-source/codegemma_2b_P1_few_shot_python_400_v1_summary.json,04f34779ce0fc26a7f172bde070b698dda16e2b9c8a9a4184b8828c02466483d,1099,INCLUDE_GIT,authoritative selected compact public evidence
pub_00355,experiments/core_400/codegemma_2b/java/os/assessment/automatic_detailed.jsonl,outputs/segregated_results/open-source-base/may2026/open-source/codegemma_2b_P1_one_shot_java_400_v1_detailed.jsonl,208e55ca4ead8302c9fba0b414671e70fad7418fb079cd165202a5a85323eaf0,315728,INCLUDE_GIT,authoritative selected compact public evidence
pub_00356,experiments/core_400/codegemma_2b/java/os/assessment/automatic_summary.json,outputs/segregated_results/open-source-base/may2026/open-source/codegemma_2b_P1_one_shot_java_400_v1_summary.json,fb93da3e1707406a8bb40fc7812d2d4a9d3500ae2d9eff88f7fe55d244e257b5,1093,INCLUDE_GIT,authoritative selected compact public evidence
pub_00357,experiments/core_400/codegemma_2b/javascript/os/assessment/automatic_detailed.jsonl,outputs/segregated_results/open-source-base/may2026/open-source/codegemma_2b_P1_one_shot_javascript_400_v1_detailed.jsonl,f6e8bb4526627706d7897c0bdad20e7700d8c3169ad0e00f1555357250954f80,309372,INCLUDE_GIT,authoritative selected compact public evidence
pub_00358,experiments/core_400/codegemma_2b/javascript/os/assessment/automatic_summary.json,outputs/segregated_results/open-source-base/may2026/open-source/codegemma_2b_P1_one_shot_javascript_400_v1_summary.json,7db8ffaf0fff4563c549925108807f975caa13a99fc737a27bc8bbd19f9d51db,1107,INCLUDE_GIT,authoritative selected compact public evidence
pub_00359,experiments/core_400/codegemma_2b/python/os/assessment/automatic_detailed.jsonl,outputs/segregated_results/open-source-base/may2026/open-source/codegemma_2b_P1_one_shot_python_400_v1_detailed.jsonl,2467a4422d99f4f7631acf766cdb2a8cc81009f76937751c5e7e184d252890cb,334977,INCLUDE_GIT,authoritative selected compact public evidence
pub_00360,experiments/core_400/codegemma_2b/python/os/assessment/automatic_summary.json,outputs/segregated_results/open-source-base/may2026/open-source/codegemma_2b_P1_one_shot_python_400_v1_summary.json,148c3e3d401047426949a75f7309fd3e5a4a8768fc5e659bf07d0a57d89cb6a7,1097,INCLUDE_GIT,authoritative selected compact public evidence
pub_00361,experiments/core_400/codegemma_2b/java/zs/assessment/code_grounded_detailed.jsonl,outputs/segregated_results/open-source-base/may2026/open-source/codegemma_2b_P1_zero_shot_java_400_v1_code_grounded_detailed.jsonl,97a0e9223a945ad40aca47a51594b46e6bdd5d3401b6499abceb5627ff1bfa60,399797,INCLUDE_GIT,authoritative selected compact public evidence
pub_00362,experiments/core_400/codegemma_2b/java/zs/assessment/code_grounded_summary.json,outputs/segregated_results/open-source-base/may2026/open-source/codegemma_2b_P1_zero_shot_java_400_v1_code_grounded_summary.json,42d3018bab38709bd5a4483f649724afe354d0653ad3d21bab25c90a96aef636,1293,INCLUDE_GIT,authoritative selected compact public evidence
pub_00363,experiments/core_400/codegemma_2b/java/zs/assessment/automatic_detailed.jsonl,outputs/segregated_results/open-source-base/may2026/open-source/codegemma_2b_P1_zero_shot_java_400_v1_detailed.jsonl,ba45db8063b8232aa4cd240e095a45127819af3e8fd6d2d3a8fffa8f5af40483,411779,INCLUDE_GIT,authoritative selected compact public evidence
pub_00364,experiments/core_400/codegemma_2b/java/zs/assessment/automatic_summary.json,outputs/segregated_results/open-source-base/may2026/open-source/codegemma_2b_P1_zero_shot_java_400_v1_summary.json,abeaa11e25116daff3b92f709c9210e11f9a9244b1f86f5333a9f94a23227c15,1098,INCLUDE_GIT,authoritative selected compact public evidence
pub_00365,experiments/core_400/codegemma_2b/javascript/zs/assessment/code_grounded_detailed.jsonl,outputs/segregated_results/open-source-base/may2026/open-source/codegemma_2b_P1_zero_shot_javascript_400_v1_code_grounded_detailed.jsonl,0854f636bbee16b8d60acd142650f5a9ef876145693e6d75c0e2f57ed823ff1a,403571,INCLUDE_GIT,authoritative selected compact public evidence
pub_00366,experiments/core_400/codegemma_2b/javascript/zs/assessment/code_grounded_summary.json,outputs/segregated_results/open-source-base/may2026/open-source/codegemma_2b_P1_zero_shot_javascript_400_v1_code_grounded_summary.json,3a95431de2137d6e4a22072134b517d506942e8e3a6436d196239334f3083ae1,1313,INCLUDE_GIT,authoritative selected compact public evidence
pub_00367,experiments/core_400/codegemma_2b/javascript/zs/assessment/automatic_detailed.jsonl,outputs/segregated_results/open-source-base/may2026/open-source/codegemma_2b_P1_zero_shot_javascript_400_v1_detailed.jsonl,4bbc547dffaf836cf0e3259076153a99ea056e7c211da0b21b87ff728890d44f,410812,INCLUDE_GIT,authoritative selected compact public evidence
pub_00368,experiments/core_400/codegemma_2b/javascript/zs/assessment/automatic_summary.json,outputs/segregated_results/open-source-base/may2026/open-source/codegemma_2b_P1_zero_shot_javascript_400_v1_summary.json,717a294d250dce3e086624ce0f09a717a65c79e0863f68842ee3b2cefcffdc9f,1108,INCLUDE_GIT,authoritative selected compact public evidence
pub_00369,experiments/core_400/codegemma_2b/python/zs/assessment/code_grounded_detailed.jsonl,outputs/segregated_results/open-source-base/may2026/open-source/codegemma_2b_P1_zero_shot_python_400_v1_code_grounded_detailed.jsonl,fb11e9bb5fa5298c805bfb3f7b0424b7f7dd8dd678c6603249b42038d65c7114,319683,INCLUDE_GIT,authoritative selected compact public evidence
pub_00370,experiments/core_400/codegemma_2b/python/zs/assessment/code_grounded_summary.json,outputs/segregated_results/open-source-base/may2026/open-source/codegemma_2b_P1_zero_shot_python_400_v1_code_grounded_summary.json,91685ffcd58a86493b839bcbec6d73809060e52eca0fc042c06bfe2012ff9791,1283,INCLUDE_GIT,authoritative selected compact public evidence
pub_00371,experiments/core_400/codegemma_2b/python/zs/assessment/automatic_detailed.jsonl,outputs/segregated_results/open-source-base/may2026/open-source/codegemma_2b_P1_zero_shot_python_400_v1_detailed.jsonl,9be900dd892991ebf044d2f8a834103dbe6c9b51e770dcb06eed1d543e74dcb8,327825,INCLUDE_GIT,authoritative selected compact public evidence
pub_00372,experiments/core_400/codegemma_2b/python/zs/assessment/automatic_summary.json,outputs/segregated_results/open-source-base/may2026/open-source/codegemma_2b_P1_zero_shot_python_400_v1_summary.json,e6910e5259c997ff33c8e398111a6ca23886629d0b10627d83a95514a504ba0a,1096,INCLUDE_GIT,authoritative selected compact public evidence
pub_00373,experiments/core_400/gemma_2_2b_it/java/fs/assessment/code_grounded_detailed.jsonl,outputs/segregated_results/open-source-base/may2026/open-source/gemma_2_2b_it_P1_few_shot_java_400_v1_code_grounded_detailed.jsonl,e5e5bf5e22ae8604e45bf7c4e11cc80e7eec00406432bcc11eb660d7a7fc0b8d,349262,INCLUDE_GIT,authoritative selected compact public evidence
pub_00374,experiments/core_400/gemma_2_2b_it/java/fs/assessment/code_grounded_summary.json,outputs/segregated_results/open-source-base/may2026/open-source/gemma_2_2b_it_P1_few_shot_java_400_v1_code_grounded_summary.json,8709caf393601cdf816392cc399e84c522fca8d89d33053be7074662d87b5b2a,1292,INCLUDE_GIT,authoritative selected compact public evidence
pub_00375,experiments/core_400/gemma_2_2b_it/java/fs/assessment/automatic_detailed.jsonl,outputs/segregated_results/open-source-base/may2026/open-source/gemma_2_2b_it_P1_few_shot_java_400_v1_detailed.jsonl,ebb8dd90b80d70e79e51f28b6f1613f216d886376e4cf87e0c2f6956f897c6eb,367937,INCLUDE_GIT,authoritative selected compact public evidence
pub_00376,experiments/core_400/gemma_2_2b_it/java/fs/assessment/automatic_summary.json,outputs/segregated_results/open-source-base/may2026/open-source/gemma_2_2b_it_P1_few_shot_java_400_v1_summary.json,eb5a6d2502ec9a4406a4714a13b1a2fc6e4889340be5c41b56b649d8dc5d5803,1093,INCLUDE_GIT,authoritative selected compact public evidence
pub_00377,experiments/core_400/gemma_2_2b_it/javascript/fs/assessment/code_grounded_detailed.jsonl,outputs/segregated_results/open-source-base/may2026/open-source/gemma_2_2b_it_P1_few_shot_javascript_400_v1_code_grounded_detailed.jsonl,ef3001ce7284cf7814e89173547b6f35cbfc8a101d0d82b6dda08c73cf3d1574,315431,INCLUDE_GIT,authoritative selected compact public evidence
pub_00378,experiments/core_400/gemma_2_2b_it/javascript/fs/assessment/code_grounded_summary.json,outputs/segregated_results/open-source-base/may2026/open-source/gemma_2_2b_it_P1_few_shot_javascript_400_v1_code_grounded_summary.json,8a8d6052a8f8aa26366be19f55b14c636f98f571c7e2dc3e3d816bb8e3c61627,1306,INCLUDE_GIT,authoritative selected compact public evidence
pub_00379,experiments/core_400/gemma_2_2b_it/javascript/fs/assessment/automatic_detailed.jsonl,outputs/segregated_results/open-source-base/may2026/open-source/gemma_2_2b_it_P1_few_shot_javascript_400_v1_detailed.jsonl,1ac572703c2819f7f87b86fc8655e43bcbb36ce957eb32a8b5f13d1cdd62955d,326885,INCLUDE_GIT,authoritative selected compact public evidence
pub_00380,experiments/core_400/gemma_2_2b_it/javascript/fs/assessment/automatic_summary.json,outputs/segregated_results/open-source-base/may2026/open-source/gemma_2_2b_it_P1_few_shot_javascript_400_v1_summary.json,958803cac4d812b6f0d99b0d0052df55c2ab4040ebd981e810305087706bb1e7,1105,INCLUDE_GIT,authoritative selected compact public evidence
pub_00381,experiments/core_400/gemma_2_2b_it/python/fs/assessment/code_grounded_detailed.jsonl,outputs/segregated_results/open-source-base/may2026/open-source/gemma_2_2b_it_P1_few_shot_python_400_v1_code_grounded_detailed.jsonl,42886a979dc5858b1d7006c67dc65234e0529bf2f5cac4101aaa0e87b5c969ee,322830,INCLUDE_GIT,authoritative selected compact public evidence
pub_00382,experiments/core_400/gemma_2_2b_it/python/fs/assessment/code_grounded_summary.json,outputs/segregated_results/open-source-base/may2026/open-source/gemma_2_2b_it_P1_few_shot_python_400_v1_code_grounded_summary.json,a8408132b7a8b22566d817e34e1fef6deabd668252df7f0440dda168a63943bd,1276,INCLUDE_GIT,authoritative selected compact public evidence
pub_00383,experiments/core_400/gemma_2_2b_it/python/fs/assessment/automatic_detailed.jsonl,outputs/segregated_results/open-source-base/may2026/open-source/gemma_2_2b_it_P1_few_shot_python_400_v1_detailed.jsonl,fdd82dcc040c238df733e6734ee5d9ee7252c868d28e93088195b5e2282a9dd8,335665,INCLUDE_GIT,authoritative selected compact public evidence
pub_00384,experiments/core_400/gemma_2_2b_it/python/fs/assessment/automatic_summary.json,outputs/segregated_results/open-source-base/may2026/open-source/gemma_2_2b_it_P1_few_shot_python_400_v1_summary.json,66b63abeb57b640bee1fa3e8e395877e766da14a00cbd6aadeb7fcef6c95c204,1099,INCLUDE_GIT,authoritative selected compact public evidence
pub_00385,experiments/core_400/gemma_2_2b_it/java/os/assessment/automatic_detailed.jsonl,outputs/segregated_results/open-source-base/may2026/open-source/gemma_2_2b_it_P1_one_shot_java_400_v1_detailed.jsonl,7e920d23382ce800f152512ca79299ed34c6bc9541849095baf8b15648644fbc,319988,INCLUDE_GIT,authoritative selected compact public evidence
pub_00386,experiments/core_400/gemma_2_2b_it/java/os/assessment/automatic_summary.json,outputs/segregated_results/open-source-base/may2026/open-source/gemma_2_2b_it_P1_one_shot_java_400_v1_summary.json,0e8967b20158f1f5c3468c9b06ae608722b2e05c673465179d20f40e65fbe660,1097,INCLUDE_GIT,authoritative selected compact public evidence
pub_00387,experiments/core_400/gemma_2_2b_it/javascript/os/assessment/automatic_detailed.jsonl,outputs/segregated_results/open-source-base/may2026/open-source/gemma_2_2b_it_P1_one_shot_javascript_400_v1_detailed.jsonl,79c362933e09573a081af1bb73483c4c076e4557ee678b9cc974955d842fd1ae,314198,INCLUDE_GIT,authoritative selected compact public evidence
pub_00388,experiments/core_400/gemma_2_2b_it/javascript/os/assessment/automatic_summary.json,outputs/segregated_results/open-source-base/may2026/open-source/gemma_2_2b_it_P1_one_shot_javascript_400_v1_summary.json,d120f53bcb8bd7dc4747287fb4e572556cdc2d8e00facfd3085c16bcc6f3c8eb,1109,INCLUDE_GIT,authoritative selected compact public evidence
pub_00389,experiments/core_400/gemma_2_2b_it/python/os/assessment/automatic_detailed.jsonl,outputs/segregated_results/open-source-base/may2026/open-source/gemma_2_2b_it_P1_one_shot_python_400_v1_detailed.jsonl,5c8545bd67d97011a1addfa29d8d6639642879a09711a0dfc0102fb617eac6b4,339688,INCLUDE_GIT,authoritative selected compact public evidence
pub_00390,experiments/core_400/gemma_2_2b_it/python/os/assessment/automatic_summary.json,outputs/segregated_results/open-source-base/may2026/open-source/gemma_2_2b_it_P1_one_shot_python_400_v1_summary.json,bbe1462d7aab6833cd39728d5b4aa707fad91fc1b28de3cbac460296d526dfd1,1097,INCLUDE_GIT,authoritative selected compact public evidence
pub_00391,experiments/core_400/gemma_2_2b_it/java/zs/assessment/code_grounded_detailed.jsonl,outputs/segregated_results/open-source-base/may2026/open-source/gemma_2_2b_it_P1_zero_shot_java_400_v2_code_grounded_detailed.jsonl,1e1fd722a65622dac0cfa9ac3a3e28cd5d1a8f0dee433bf888556c4b7c28330c,330666,INCLUDE_GIT,authoritative selected compact public evidence
pub_00392,experiments/core_400/gemma_2_2b_it/java/zs/assessment/code_grounded_summary.json,outputs/segregated_results/open-source-base/may2026/open-source/gemma_2_2b_it_P1_zero_shot_java_400_v2_code_grounded_summary.json,d8af0cbca9b4a2682b57661ac5c17c31645977c7f25573cb8e8e477cbd59a747,1303,INCLUDE_GIT,authoritative selected compact public evidence
pub_00393,experiments/core_400/gemma_2_2b_it/java/zs/assessment/automatic_detailed.jsonl,outputs/segregated_results/open-source-base/may2026/open-source/gemma_2_2b_it_P1_zero_shot_java_400_v2_detailed.jsonl,368875c107ce09c8b0b212295260a88f5c77700fd6f4a51d99615d0849de9470,348376,INCLUDE_GIT,authoritative selected compact public evidence
pub_00394,experiments/core_400/gemma_2_2b_it/java/zs/assessment/automatic_summary.json,outputs/segregated_results/open-source-base/may2026/open-source/gemma_2_2b_it_P1_zero_shot_java_400_v2_summary.json,2a618829e0c3a8273af71b4b6c0dfad0e2c82439bc8bc7d9f19a06f356385f3f,1092,INCLUDE_GIT,authoritative selected compact public evidence
pub_00395,experiments/core_400/gemma_2_2b_it/javascript/zs/assessment/code_grounded_detailed.jsonl,outputs/segregated_results/open-source-base/may2026/open-source/gemma_2_2b_it_P1_zero_shot_javascript_400_v2_code_grounded_detailed.jsonl,aa4cd873eb47def950ab4b850e373fff332e8941e15162ad076b25f8fc0c5515,338336,INCLUDE_GIT,authoritative selected compact public evidence
pub_00396,experiments/core_400/gemma_2_2b_it/javascript/zs/assessment/code_grounded_summary.json,outputs/segregated_results/open-source-base/may2026/open-source/gemma_2_2b_it_P1_zero_shot_javascript_400_v2_code_grounded_summary.json,7a8a3f20d2a4f866fd1296af91f3405ae6ec4aac3543bd33578dc3c0dcff34ca,1313,INCLUDE_GIT,authoritative selected compact public evidence
pub_00397,experiments/core_400/gemma_2_2b_it/javascript/zs/assessment/automatic_detailed.jsonl,outputs/segregated_results/open-source-base/may2026/open-source/gemma_2_2b_it_P1_zero_shot_javascript_400_v2_detailed.jsonl,52f6fee3120f75409036a8fc5a384fbb0bbaf8f763eb1ec077861f1bb0644d9e,350667,INCLUDE_GIT,authoritative selected compact public evidence
pub_00398,experiments/core_400/gemma_2_2b_it/javascript/zs/assessment/automatic_summary.json,outputs/segregated_results/open-source-base/may2026/open-source/gemma_2_2b_it_P1_zero_shot_javascript_400_v2_summary.json,0dd4dc0084fbf5bed711ecf2a8d94c5111e3b804ab806d118e35d1c7743ed1d6,1106,INCLUDE_GIT,authoritative selected compact public evidence
pub_00399,experiments/core_400/gemma_2_2b_it/python/zs/assessment/code_grounded_detailed.jsonl,outputs/segregated_results/open-source-base/may2026/open-source/gemma_2_2b_it_P1_zero_shot_python_400_v2_code_grounded_detailed.jsonl,dcf42edce09ea04dbb68c6e29a6e67a1565528f3c6d885c876054a1c070479ef,334457,INCLUDE_GIT,authoritative selected compact public evidence
pub_00400,experiments/core_400/gemma_2_2b_it/python/zs/assessment/code_grounded_summary.json,outputs/segregated_results/open-source-base/may2026/open-source/gemma_2_2b_it_P1_zero_shot_python_400_v2_code_grounded_summary.json,3c90a02d761c17e817c1e98cce306a88173161f1e430130b4d6334cf81cdf5d5,1279,INCLUDE_GIT,authoritative selected compact public evidence
pub_00401,experiments/core_400/gemma_2_2b_it/python/zs/assessment/automatic_detailed.jsonl,outputs/segregated_results/open-source-base/may2026/open-source/gemma_2_2b_it_P1_zero_shot_python_400_v2_detailed.jsonl,4fc52c629ec0edc3cc3500b0ef6aeaa04c9e554065affa2f791c92b280b0949c,348396,INCLUDE_GIT,authoritative selected compact public evidence
pub_00402,experiments/core_400/gemma_2_2b_it/python/zs/assessment/automatic_summary.json,outputs/segregated_results/open-source-base/may2026/open-source/gemma_2_2b_it_P1_zero_shot_python_400_v2_summary.json,7a415b56211bc968082cd237e05081a559fb526cfe7d317911921988ee55a751,1098,INCLUDE_GIT,authoritative selected compact public evidence
pub_00403,experiments/core_400/qwen2_5_1_5b_instruct/java/fs/assessment/automatic_detailed.jsonl,outputs/segregated_results/open-source-base/may2026/open-source/qwen25_1_5b_instruct_P1_few_shot_java_400_v1_detailed.jsonl,d4c6805c641a9d66a4f1d8961baf4d6d06cb0ad4944bddc77dede2acc01c14a0,352831,INCLUDE_GIT,authoritative selected compact public evidence
pub_00404,experiments/core_400/qwen2_5_1_5b_instruct/java/fs/assessment/automatic_summary.json,outputs/segregated_results/open-source-base/may2026/open-source/qwen25_1_5b_instruct_P1_few_shot_java_400_v1_summary.json,15d97b59ed49aff0f1268048e731d27acea5854c769dac8e81f8f418d5792dc1,1090,INCLUDE_GIT,authoritative selected compact public evidence
pub_00405,experiments/core_400/qwen2_5_1_5b_instruct/javascript/fs/assessment/automatic_detailed.jsonl,outputs/segregated_results/open-source-base/may2026/open-source/qwen25_1_5b_instruct_P1_few_shot_javascript_400_v1_detailed.jsonl,69432bd46e0d3fbd1b6ca7b68b540d16b28ce4a56c7da2ee9d9159b19192d799,324161,INCLUDE_GIT,authoritative selected compact public evidence
pub_00406,experiments/core_400/qwen2_5_1_5b_instruct/javascript/fs/assessment/automatic_summary.json,outputs/segregated_results/open-source-base/may2026/open-source/qwen25_1_5b_instruct_P1_few_shot_javascript_400_v1_summary.json,3bbc50ae7e6f4cc5d5767aac5a13194e743800745f4ef26eb84397b851243004,1110,INCLUDE_GIT,authoritative selected compact public evidence
pub_00407,experiments/core_400/qwen2_5_1_5b_instruct/python/fs/assessment/automatic_detailed.jsonl,outputs/segregated_results/open-source-base/may2026/open-source/qwen25_1_5b_instruct_P1_few_shot_python_400_v1_detailed.jsonl,45db4d1f9e42559e6b2c897e51e090af64cb5bdde7fd14282d66f5299fe74f59,335863,INCLUDE_GIT,authoritative selected compact public evidence
pub_00408,experiments/core_400/qwen2_5_1_5b_instruct/python/fs/assessment/automatic_summary.json,outputs/segregated_results/open-source-base/may2026/open-source/qwen25_1_5b_instruct_P1_few_shot_python_400_v1_summary.json,b0b98723fa5ec3328bc68831842af9190c2f4fe488c9d29076b303db51f096c6,1100,INCLUDE_GIT,authoritative selected compact public evidence
pub_00409,experiments/core_400/qwen2_5_1_5b_instruct/java/os/assessment/automatic_detailed.jsonl,outputs/segregated_results/open-source-base/may2026/open-source/qwen25_1_5b_instruct_P1_one_shot_java_400_v1_detailed.jsonl,38307f778185fa5d26c8d7fd99d9c8d0dcb55cdff78eef37ca0917ae9032d08f,365416,INCLUDE_GIT,authoritative selected compact public evidence
pub_00410,experiments/core_400/qwen2_5_1_5b_instruct/java/os/assessment/automatic_summary.json,outputs/segregated_results/open-source-base/may2026/open-source/qwen25_1_5b_instruct_P1_one_shot_java_400_v1_summary.json,7db58081a184755c70337b880cefa3877b9728a02c7911fe495a3a6770013670,1104,INCLUDE_GIT,authoritative selected compact public evidence
pub_00411,experiments/core_400/qwen2_5_1_5b_instruct/javascript/os/assessment/automatic_detailed.jsonl,outputs/segregated_results/open-source-base/may2026/open-source/qwen25_1_5b_instruct_P1_one_shot_javascript_400_v1_detailed.jsonl,ae43c8d41bba8177e1b4bd79178700a9a0068893a6b857efc6dbf55c048ae7ba,333805,INCLUDE_GIT,authoritative selected compact public evidence
pub_00412,experiments/core_400/qwen2_5_1_5b_instruct/javascript/os/assessment/automatic_summary.json,outputs/segregated_results/open-source-base/may2026/open-source/qwen25_1_5b_instruct_P1_one_shot_javascript_400_v1_summary.json,340af4a7f3b5af946de18745853a4120b7413d0058acde3bf256af8e29df5d29,1122,INCLUDE_GIT,authoritative selected compact public evidence
pub_00413,experiments/core_400/qwen2_5_1_5b_instruct/python/os/assessment/automatic_detailed.jsonl,outputs/segregated_results/open-source-base/may2026/open-source/qwen25_1_5b_instruct_P1_one_shot_python_400_v1_detailed.jsonl,f409e174ee68657ee88e17ef8f7d8aabbb4df602574de91975cf796e34f53987,332044,INCLUDE_GIT,authoritative selected compact public evidence
pub_00414,experiments/core_400/qwen2_5_1_5b_instruct/python/os/assessment/automatic_summary.json,outputs/segregated_results/open-source-base/may2026/open-source/qwen25_1_5b_instruct_P1_one_shot_python_400_v1_summary.json,9392f4a6b0d8b78fc8d69ad49bd2711341605464b2eec466fc861d1b9737fb64,1112,INCLUDE_GIT,authoritative selected compact public evidence
pub_00415,experiments/core_400/qwen2_5_1_5b_instruct/java/zs/assessment/automatic_detailed.jsonl,outputs/segregated_results/open-source-base/may2026/open-source/qwen25_1_5b_instruct_P1_zero_shot_java_400_v1_detailed.jsonl,62a4c661409ecdc2cbd9b1aba4fcd6e39e84a50a1a2970e29ea9c1fbf9256eb8,335882,INCLUDE_GIT,authoritative selected compact public evidence
pub_00416,experiments/core_400/qwen2_5_1_5b_instruct/java/zs/assessment/automatic_summary.json,outputs/segregated_results/open-source-base/may2026/open-source/qwen25_1_5b_instruct_P1_zero_shot_java_400_v1_summary.json,0d41ee9d2443f25defef0893ddf99b001b27377bacc48c6db9eea72b554aa2a4,1091,INCLUDE_GIT,authoritative selected compact public evidence
pub_00417,experiments/core_400/qwen2_5_1_5b_instruct/javascript/zs/assessment/automatic_detailed.jsonl,outputs/segregated_results/open-source-base/may2026/open-source/qwen25_1_5b_instruct_P1_zero_shot_javascript_400_v1_detailed.jsonl,8c741349bf2d9048c797a40c6a58c0caf647b126fbc38724bc340e2c0e443e0f,342504,INCLUDE_GIT,authoritative selected compact public evidence
pub_00418,experiments/core_400/qwen2_5_1_5b_instruct/javascript/zs/assessment/automatic_summary.json,outputs/segregated_results/open-source-base/may2026/open-source/qwen25_1_5b_instruct_P1_zero_shot_javascript_400_v1_summary.json,f689c852b8fe492f1c0e90b7ae849021cd81a34b0b84fa3517fa7e0f08d5371a,1109,INCLUDE_GIT,authoritative selected compact public evidence
pub_00419,experiments/core_400/qwen2_5_1_5b_instruct/python/zs/assessment/automatic_detailed.jsonl,outputs/segregated_results/open-source-base/may2026/open-source/qwen25_1_5b_instruct_P1_zero_shot_python_400_v1_detailed.jsonl,85eb544627c1fc5e94023bb5c2075dc99a443ab73384b7c7c34de312186ee597,332762,INCLUDE_GIT,authoritative selected compact public evidence
pub_00420,experiments/core_400/qwen2_5_1_5b_instruct/python/zs/assessment/automatic_summary.json,outputs/segregated_results/open-source-base/may2026/open-source/qwen25_1_5b_instruct_P1_zero_shot_python_400_v1_summary.json,bc93b473489bfc9a102906ae1a4a7dd2bdcca3e8a45ca0976eded8170ed54d7e,1103,INCLUDE_GIT,authoritative selected compact public evidence
pub_00421,experiments/core_400/qwen2_5_coder_1_5b_instruct/python/fs/assessment/automatic_detailed.jsonl,outputs/segregated_results/open-source-base/may2026/open-source/qwen25_coder_1_5b_instruct_P1_few_shot_python_400_v1_detailed.jsonl,ddba4068f2c3055fbe1e00f03270bf73f5e2a3196793e79529c0ca04d2b4ba48,363952,INCLUDE_GIT,authoritative selected compact public evidence
pub_00422,experiments/core_400/qwen2_5_coder_1_5b_instruct/python/fs/assessment/automatic_summary.json,outputs/segregated_results/open-source-base/may2026/open-source/qwen25_coder_1_5b_instruct_P1_few_shot_python_400_v1_summary.json,d7231d9025c865a6c743e6e9d49e8d8c548742a6015808da40d06760dab218a6,1136,INCLUDE_GIT,authoritative selected compact public evidence
pub_00423,experiments/core_400/qwen2_5_coder_1_5b_instruct/java/os/assessment/automatic_detailed.jsonl,outputs/segregated_results/open-source-base/may2026/open-source/qwen25_coder_1_5b_instruct_P1_one_shot_java_400_v2_rerun_detailed.jsonl,f9e4bca052dd8bee7f6c0d775a36572fd92cd3e829ff45fa9bee4c7877e7ea52,363202,INCLUDE_GIT,authoritative selected compact public evidence
pub_00424,experiments/core_400/qwen2_5_coder_1_5b_instruct/java/os/assessment/automatic_summary.json,outputs/segregated_results/open-source-base/may2026/open-source/qwen25_coder_1_5b_instruct_P1_one_shot_java_400_v2_rerun_summary.json,4fd6a2f891f7e94ebcad8bd65fc02e8fc9e95c296776e6351ca6fdb2f4f7741f,1122,INCLUDE_GIT,authoritative selected compact public evidence
pub_00425,experiments/core_400/qwen2_5_coder_1_5b_instruct/javascript/os/assessment/automatic_detailed.jsonl,outputs/segregated_results/open-source-base/may2026/open-source/qwen25_coder_1_5b_instruct_P1_one_shot_javascript_400_v3_repaired_detailed.jsonl,752daa52b533ca7a8fe44b6501cacc86a188c5ceef37374473b325f30b0e8cff,325855,INCLUDE_GIT,authoritative selected compact public evidence
pub_00426,experiments/core_400/qwen2_5_coder_1_5b_instruct/javascript/os/assessment/automatic_summary.json,outputs/segregated_results/open-source-base/may2026/open-source/qwen25_coder_1_5b_instruct_P1_one_shot_javascript_400_v3_repaired_summary.json,9cade998abc0f7ab0dfa40783db3e16dc96ea0e3e4e7057aad7d1c5c2f6bd62e,1141,INCLUDE_GIT,authoritative selected compact public evidence
pub_00427,experiments/core_400/qwen2_5_coder_1_5b_instruct/python/os/assessment/automatic_detailed.jsonl,outputs/segregated_results/open-source-base/may2026/open-source/qwen25_coder_1_5b_instruct_P1_one_shot_python_400_v1_detailed.jsonl,a60ad962fd0586fa756aa59795b2d6679f505b0dc9503879d99e00a143b5962d,360291,INCLUDE_GIT,authoritative selected compact public evidence
pub_00428,experiments/core_400/qwen2_5_coder_1_5b_instruct/python/os/assessment/automatic_summary.json,outputs/segregated_results/open-source-base/may2026/open-source/qwen25_coder_1_5b_instruct_P1_one_shot_python_400_v1_summary.json,57b5c1fe9e95be5967132d2013e81b47fcd0e834377d13c9aa07dff9b1a5afb2,1128,INCLUDE_GIT,authoritative selected compact public evidence
pub_00429,experiments/core_400/qwen2_5_coder_1_5b_instruct/python/zs/assessment/automatic_detailed.jsonl,outputs/segregated_results/open-source-base/may2026/open-source/qwen25_coder_1_5b_instruct_P1_zero_shot_python_400_v1_detailed.jsonl,9d436b7623c5e6acb60ac63e64f444e2fca9b0d6fbc58f42bbd1c1a01f3ba668,396010,INCLUDE_GIT,authoritative selected compact public evidence
pub_00430,experiments/core_400/qwen2_5_coder_1_5b_instruct/python/zs/assessment/automatic_summary.json,outputs/segregated_results/open-source-base/may2026/open-source/qwen25_coder_1_5b_instruct_P1_zero_shot_python_400_v1_summary.json,110969bc04d81bd31e9c4b92b8d982319451c0323e87856726dd806f46378134,1119,INCLUDE_GIT,authoritative selected compact public evidence
pub_00431,experiments/core_400/codegemma_2b_lora/python/fs/assessment/code_grounded_summary.json,outputs/segregated_results/open-source-lora/_long_paths/018cb82dbd08_codegemma_2b_lora_multilang_P1_few_shot_python_400_v1_code_grounded_summary.json,eefbd98b444b9d1fa802ab1c25e3bcf4da90d96b2ea945d91962586b17879364,1336,INCLUDE_GIT,authoritative selected compact public evidence
pub_00432,experiments/core_400/qwen2_5_1_5b_instruct_lora/python/zs/assessment/automatic_detailed.jsonl,outputs/segregated_results/open-source-lora/_long_paths/071f4061ff9a_qwen25_1_5b_instruct_lora_multilang_P1_zero_shot_python_400_v1_detailed.jsonl,5914ad0a6f6e6665725971598b10088dd085615305d3f1e6013fe10000c12ea5,352107,INCLUDE_GIT,authoritative selected compact public evidence
pub_00433,experiments/core_400/gemma_2_2b_it_lora/java/zs/assessment/automatic_detailed.jsonl,outputs/segregated_results/open-source-lora/_long_paths/08d226ed11bb_gemma_2_2b_it_lora_multilang_P1_zero_shot_java_400_v1_detailed.jsonl,5c5ea49baf9201ee46718c6c18ad42bd1009eadacf0afaa4d0f3e1bb12c4b32f,347569,INCLUDE_GIT,authoritative selected compact public evidence
pub_00434,experiments/core_400/codegemma_2b_lora/java/fs/assessment/code_grounded_summary.json,outputs/segregated_results/open-source-lora/_long_paths/0964db02192c_codegemma_2b_lora_multilang_P1_few_shot_java_400_v1_code_grounded_summary.json,5db95660f027e8e5213a509dae8907dd1229c2b526ea193d22d1229f1b5045e3,1358,INCLUDE_GIT,authoritative selected compact public evidence
pub_00435,experiments/core_400/gemma_2_2b_it_lora/java/os/assessment/automatic_detailed.jsonl,outputs/segregated_results/open-source-lora/_long_paths/09ab61533cec_gemma_2_2b_it_lora_multilang_P1_one_shot_java_400_v1_detailed.jsonl,93bfe6afe922ddd46a6262d22c32bbcd25ea7f556f469ae14072196b52e76804,347593,INCLUDE_GIT,authoritative selected compact public evidence
pub_00436,experiments/core_400/codegemma_2b_lora/javascript/zs/assessment/automatic_detailed.jsonl,outputs/segregated_results/open-source-lora/_long_paths/0fb6fd599eba_codegemma_2b_lora_multilang_P1_zero_shot_javascript_400_v1_detailed.jsonl,a2e8aa3da24418faf7abe0ca37d91d112fd71aa2567b3de830e4194c583c8474,352416,INCLUDE_GIT,authoritative selected compact public evidence
pub_00437,experiments/core_400/gemma_2_2b_it_lora/java/fs/assessment/code_grounded_summary.json,outputs/segregated_results/open-source-lora/_long_paths/0feca74d7094_gemma_2_2b_it_lora_multilang_P1_few_shot_java_400_v1_code_grounded_summary.json,681c51dd3f20b642598231bf35c21b65eb2bd81a87877ec7915f5d4e975939fe,1351,INCLUDE_GIT,authoritative selected compact public evidence
pub_00438,experiments/core_400/qwen2_5_coder_1_5b_instruct_lora/java/os/assessment/automatic_detailed.jsonl,outputs/segregated_results/open-source-lora/_long_paths/14355b534339_qwen25_coder_1_5b_instruct_lora_multilang_P1_one_shot_java_400_v1_detailed.jsonl,3e67496c64996f90f3de6633bd8526373ff2379c33bdf789477259293c32ce5e,354676,INCLUDE_GIT,authoritative selected compact public evidence
pub_00439,experiments/core_400/qwen2_5_coder_1_5b_instruct_lora/java/fs/assessment/automatic_summary.json,outputs/segregated_results/open-source-lora/_long_paths/16723c3d7658_qwen25_coder_1_5b_instruct_lora_multilang_P1_few_shot_java_400_v1_summary.json,f5d772e70097b2209c30e6b208fb59d7d74adc077efffba63c3696a9e86a8a92,1186,INCLUDE_GIT,authoritative selected compact public evidence
pub_00440,experiments/core_400/codegemma_2b_lora/javascript/fs/assessment/automatic_summary.json,outputs/segregated_results/open-source-lora/_long_paths/1e905ee70c42_codegemma_2b_lora_multilang_P1_few_shot_javascript_400_v1_summary.json,136939530425182ba8c6c0e7ea25c62234f0b62ef1b3a8a07004c3de53a0a2fa,1169,INCLUDE_GIT,authoritative selected compact public evidence
pub_00441,experiments/core_400/qwen2_5_1_5b_instruct_lora/python/os/assessment/automatic_detailed.jsonl,outputs/segregated_results/open-source-lora/_long_paths/2099859b62f6_qwen25_1_5b_instruct_lora_multilang_P1_one_shot_python_400_v1_detailed.jsonl,c793106f7987cf972bd250f077e5f3b44b6459eecac84082a560ce0bd19ff289,349690,INCLUDE_GIT,authoritative selected compact public evidence
pub_00442,experiments/core_400/codegemma_2b_lora/java/zs/assessment/automatic_summary.json,outputs/segregated_results/open-source-lora/_long_paths/270741d35bb9_codegemma_2b_lora_multilang_P1_zero_shot_java_400_v1_summary.json,ad6cc2fe2e66d3f59b8a99b8da87adcadb3671516d4b5236235fe8ab728e7215,1192,INCLUDE_GIT,authoritative selected compact public evidence
pub_00443,experiments/core_400/qwen2_5_1_5b_instruct_lora/java/os/assessment/automatic_detailed.jsonl,outputs/segregated_results/open-source-lora/_long_paths/2825b40ca031_qwen25_1_5b_instruct_lora_multilang_P1_one_shot_java_400_v1_detailed.jsonl,cb98ea49e59f36bd35f8c496dfe7b4e1f15a2c19571a0d33c7deef5e02852bf0,355842,INCLUDE_GIT,authoritative selected compact public evidence
pub_00444,experiments/core_400/codegemma_2b_lora/python/zs/assessment/automatic_summary.json,outputs/segregated_results/open-source-lora/_long_paths/2a91692c4753_codegemma_2b_lora_multilang_P1_zero_shot_python_400_v1_summary.json,e78c0600b89e4ab4a657adcf9b3bd5856e2b0d7afb7a67f9b2e8dde4edc282c4,1156,INCLUDE_GIT,authoritative selected compact public evidence
pub_00445,experiments/core_400/gemma_2_2b_it_lora/python/fs/assessment/code_grounded_detailed.jsonl,outputs/segregated_results/open-source-lora/_long_paths/2c94041537c6_gemma_2_2b_it_lora_multilang_P1_few_shot_python_400_v1_code_grounded_detailed.jsonl,ce98d486562c4396229148b1e3412d34a4bf39313ad506a3200ab3ab1c850b3f,321050,INCLUDE_GIT,authoritative selected compact public evidence
pub_00446,experiments/core_400/codegemma_2b_lora/python/fs/assessment/automatic_detailed.jsonl,outputs/segregated_results/open-source-lora/_long_paths/2e2c711d2fef_codegemma_2b_lora_multilang_P1_few_shot_python_400_v1_detailed.jsonl,60a50a3fd889e1f67798552d2af88bcf01c743684bb289ad183a3ea2b52e1f9b,333611,INCLUDE_GIT,authoritative selected compact public evidence
pub_00447,experiments/core_400/codegemma_2b_lora/javascript/zs/assessment/code_grounded_summary.json,outputs/segregated_results/open-source-lora/_long_paths/2fe56860627b_codegemma_2b_lora_multilang_P1_zero_shot_javascript_400_v1_code_grounded_summary.json,59383e39f2377183bd07e6a16538240feb09e879a1d26bc59d34fda74e444e36,1373,INCLUDE_GIT,authoritative selected compact public evidence
pub_00448,experiments/core_400/codegemma_2b_lora/python/zs/assessment/code_grounded_detailed.jsonl,outputs/segregated_results/open-source-lora/_long_paths/300a156093a9_codegemma_2b_lora_multilang_P1_zero_shot_python_400_v1_code_grounded_detailed.jsonl,a268c4ec0687644ba83ceed059c239e342acb9df816f9483f09fccfdeb0bc4f7,320429,INCLUDE_GIT,authoritative selected compact public evidence
pub_00449,experiments/core_400/qwen2_5_1_5b_instruct_lora/python/fs/assessment/automatic_detailed.jsonl,outputs/segregated_results/open-source-lora/_long_paths/33ebecd20a80_qwen25_1_5b_instruct_lora_multilang_P1_few_shot_python_400_v1_detailed.jsonl,2b55ebb58bce0e265ba71497c01a4e06df766fd49f482ba04a76ebd71477487d,348643,INCLUDE_GIT,authoritative selected compact public evidence
pub_00450,experiments/core_400/gemma_2_2b_it_lora/java/os/assessment/automatic_summary.json,outputs/segregated_results/open-source-lora/_long_paths/394c99e547f8_gemma_2_2b_it_lora_multilang_P1_one_shot_java_400_v1_summary.json,b0d9c75263587906e0dea868abae420f90a08977a4dc110a73075692e8ef274d,1176,INCLUDE_GIT,authoritative selected compact public evidence
pub_00451,experiments/core_400/codegemma_2b_lora/javascript/os/assessment/automatic_detailed.jsonl,outputs/segregated_results/open-source-lora/_long_paths/3cc8b4b3d5b6_codegemma_2b_lora_multilang_P1_one_shot_javascript_400_v1_detailed.jsonl,42740be2710ee1625c95d18da1460c4a4bf7e05465c9a365060f0a9a54fab768,359816,INCLUDE_GIT,authoritative selected compact public evidence
pub_00452,experiments/core_400/codegemma_2b_lora/java/zs/assessment/code_grounded_summary.json,outputs/segregated_results/open-source-lora/_long_paths/3e1aadbf72d2_codegemma_2b_lora_multilang_P1_zero_shot_java_400_v1_code_grounded_summary.json,a43d789e923617daf65a0f1d7eb30ff8c7637882c885ad3b288965e8a806c9d6,1359,INCLUDE_GIT,authoritative selected compact public evidence
pub_00453,experiments/core_400/codegemma_2b_lora/python/fs/assessment/code_grounded_detailed.jsonl,outputs/segregated_results/open-source-lora/_long_paths/3e7e9eaf03ce_codegemma_2b_lora_multilang_P1_few_shot_python_400_v1_code_grounded_detailed.jsonl,3227c42510f0c2a2f4200dda0c2a3228864fd3a1a312118b855e7e7a200fc9f7,320691,INCLUDE_GIT,authoritative selected compact public evidence
pub_00454,experiments/core_400/qwen2_5_1_5b_instruct_lora/java/os/assessment/automatic_summary.json,outputs/segregated_results/open-source-lora/_long_paths/44a4931de7af_qwen25_1_5b_instruct_lora_multilang_P1_one_shot_java_400_v1_summary.json,5ae9f18dc249843a7e4bf2e1a45bf652bc616335af0f41624bf83d9cb0cd6011,1185,INCLUDE_GIT,authoritative selected compact public evidence
pub_00455,experiments/core_400/codegemma_2b_lora/java/zs/assessment/code_grounded_detailed.jsonl,outputs/segregated_results/open-source-lora/_long_paths/4540f2b9759a_codegemma_2b_lora_multilang_P1_zero_shot_java_400_v1_code_grounded_detailed.jsonl,1a15a8843d07ac38f5215b0f78d8d579c095460f087295e256d7f70f1114106c,325146,INCLUDE_GIT,authoritative selected compact public evidence
pub_00456,experiments/core_400/gemma_2_2b_it_lora/python/os/assessment/automatic_summary.json,outputs/segregated_results/open-source-lora/_long_paths/45a7659e10fa_gemma_2_2b_it_lora_multilang_P1_one_shot_python_400_v1_summary.json,0f2b6ef4f21da2cd672e4a6dfd307ca91cf150783395a3e29a855508fa3c41a6,1160,INCLUDE_GIT,authoritative selected compact public evidence
pub_00457,experiments/core_400/qwen2_5_coder_1_5b_instruct_lora/java/os/assessment/automatic_summary.json,outputs/segregated_results/open-source-lora/_long_paths/484a82a3a6e0_qwen25_coder_1_5b_instruct_lora_multilang_P1_one_shot_java_400_v1_summary.json,75b125ab3cd7ebb78a1969a7446bc1944f00cc38c19a2c85f724710270b047e1,1190,INCLUDE_GIT,authoritative selected compact public evidence
pub_00458,experiments/core_400/codegemma_2b_lora/java/fs/assessment/automatic_summary.json,outputs/segregated_results/open-source-lora/_long_paths/48d8e5003004_codegemma_2b_lora_multilang_P1_few_shot_java_400_v1_summary.json,d27a1d7c43bdc29072718cb6b898132efb17d71a75227eba3ecbaf31d3989df0,1171,INCLUDE_GIT,authoritative selected compact public evidence
pub_00459,experiments/core_400/qwen2_5_coder_1_5b_instruct_lora/python/fs/assessment/automatic_summary.json,outputs/segregated_results/open-source-lora/_long_paths/4bf3ff8b1b15_qwen25_coder_1_5b_instruct_lora_multilang_P1_few_shot_python_400_v1_summary.json,6fabe27b685091b77e6dd6e6921ab625ea9f5551184124f91f10ca658745e3f6,1194,INCLUDE_GIT,authoritative selected compact public evidence
pub_00460,experiments/core_400/qwen2_5_1_5b_instruct_lora/python/fs/assessment/automatic_summary.json,outputs/segregated_results/open-source-lora/_long_paths/4dc9f6a70648_qwen25_1_5b_instruct_lora_multilang_P1_few_shot_python_400_v1_summary.json,f5ed90a3dd3f67709a201771b85884c898e25298e1fa8bc4e000f09ddac0cd19,1193,INCLUDE_GIT,authoritative selected compact public evidence
pub_00461,experiments/core_400/gemma_2_2b_it_lora/javascript/os/assessment/automatic_summary.json,outputs/segregated_results/open-source-lora/_long_paths/52a9cc8133b2_gemma_2_2b_it_lora_multilang_P1_one_shot_javascript_400_v1_summary.json,a0055b47395ad018046726ea547baa848f163684b4e281083ab68324342c704b,1174,INCLUDE_GIT,authoritative selected compact public evidence
pub_00462,experiments/core_400/codegemma_2b_lora/javascript/os/assessment/code_grounded_summary.json,outputs/segregated_results/open-source-lora/_long_paths/539848342fd4_codegemma_2b_lora_multilang_P1_one_shot_javascript_400_v1_code_grounded_summary.json,ed7d1b2a0665aa7f6dd8d51076f87b0c13921f6e166baa8066f3acd89d0fc96d,1372,INCLUDE_GIT,authoritative selected compact public evidence
pub_00463,experiments/core_400/qwen2_5_1_5b_instruct_lora/java/fs/assessment/automatic_detailed.jsonl,outputs/segregated_results/open-source-lora/_long_paths/549b42690914_qwen25_1_5b_instruct_lora_multilang_P1_few_shot_java_400_v1_detailed.jsonl,8368019733109c4b13149aa53e401e8fa291a68258d75ec7a29574b1632f41ea,356066,INCLUDE_GIT,authoritative selected compact public evidence
pub_00464,experiments/core_400/codegemma_2b_lora/java/os/assessment/automatic_detailed.jsonl,outputs/segregated_results/open-source-lora/_long_paths/579df635231b_codegemma_2b_lora_multilang_P1_one_shot_java_400_v1_detailed.jsonl,641151584969f0495e403162397b6bcecc1c718f3cc9c0b2de3cf0da36b50c97,347962,INCLUDE_GIT,authoritative selected compact public evidence
pub_00465,experiments/core_400/gemma_2_2b_it_lora/javascript/zs/assessment/automatic_summary.json,outputs/segregated_results/open-source-lora/_long_paths/57ff5b938915_gemma_2_2b_it_lora_multilang_P1_zero_shot_javascript_400_v1_summary.json,e9e3ed17bbc1fe8986a4863785e070637f7b69876f063578084c337853cdc5ff,1173,INCLUDE_GIT,authoritative selected compact public evidence
pub_00466,experiments/core_400/gemma_2_2b_it_lora/python/fs/assessment/code_grounded_summary.json,outputs/segregated_results/open-source-lora/_long_paths/592b1872a60d_gemma_2_2b_it_lora_multilang_P1_few_shot_python_400_v1_code_grounded_summary.json,458968b2e53f33bfe219d23f2f63f682e0d77d9d9638be4e448dcf2d50088f12,1341,INCLUDE_GIT,authoritative selected compact public evidence
pub_00467,experiments/core_400/gemma_2_2b_it_lora/python/zs/assessment/code_grounded_summary.json,outputs/segregated_results/open-source-lora/_long_paths/5ab05b514686_gemma_2_2b_it_lora_multilang_P1_zero_shot_python_400_v1_code_grounded_summary.json,e9db57b6446f6ea43fa08ea3530c0f40053e4138c723a3e574b28b1748e7717c,1346,INCLUDE_GIT,authoritative selected compact public evidence
pub_00468,experiments/core_400/codegemma_2b_lora/java/os/assessment/automatic_summary.json,outputs/segregated_results/open-source-lora/_long_paths/636e0ce9eb98_codegemma_2b_lora_multilang_P1_one_shot_java_400_v1_summary.json,56463ceb26bbd02dde4cbac8ccacb08df098133244f7fb999a1b26dc8f6fafc7,1173,INCLUDE_GIT,authoritative selected compact public evidence
pub_00469,experiments/core_400/gemma_2_2b_it_lora/java/zs/assessment/automatic_summary.json,outputs/segregated_results/open-source-lora/_long_paths/670bfc675768_gemma_2_2b_it_lora_multilang_P1_zero_shot_java_400_v1_summary.json,dd6b0b963844f1eaad4936f1ec628f7f3070b1a99bc25df65f21e2641160ba4b,1175,INCLUDE_GIT,authoritative selected compact public evidence
pub_00470,experiments/core_400/qwen2_5_1_5b_instruct_lora/python/os/assessment/automatic_summary.json,outputs/segregated_results/open-source-lora/_long_paths/68ff91b210ec_qwen25_1_5b_instruct_lora_multilang_P1_one_shot_python_400_v1_summary.json,050b2f44a8ffa6d42a421e42527d8ff9fa0e47ab08106e98fd7112a8e2d1e527,1193,INCLUDE_GIT,authoritative selected compact public evidence
pub_00471,experiments/core_400/gemma_2_2b_it_lora/javascript/fs/assessment/automatic_summary.json,outputs/segregated_results/open-source-lora/_long_paths/6e9d63f16b22_gemma_2_2b_it_lora_multilang_P1_few_shot_javascript_400_v1_summary.json,29de19dd1ed6a057959b5a84f8659b556ce920e78413082d2422e655298d9171,1172,INCLUDE_GIT,authoritative selected compact public evidence
pub_00472,experiments/core_400/gemma_2_2b_it_lora/java/fs/assessment/code_grounded_detailed.jsonl,outputs/segregated_results/open-source-lora/_long_paths/70da3716a4c4_gemma_2_2b_it_lora_multilang_P1_few_shot_java_400_v1_code_grounded_detailed.jsonl,fc9a0e981afadf12cee6a792c1d9a212ebbfe927799912997713db69dfb386cc,331186,INCLUDE_GIT,authoritative selected compact public evidence
pub_00473,experiments/core_400/qwen2_5_1_5b_instruct_lora/java/zs/assessment/automatic_summary.json,outputs/segregated_results/open-source-lora/_long_paths/711346bcad27_qwen25_1_5b_instruct_lora_multilang_P1_zero_shot_java_400_v1_summary.json,0a66eab2edfb798307e8d41ea730cae1d727233cbaa8df628e6d01867bacd674,1182,INCLUDE_GIT,authoritative selected compact public evidence
pub_00474,experiments/core_400/gemma_2_2b_it_lora/python/zs/assessment/automatic_detailed.jsonl,outputs/segregated_results/open-source-lora/_long_paths/72a1090ffca3_gemma_2_2b_it_lora_multilang_P1_zero_shot_python_400_v1_detailed.jsonl,b0829e27dfd093d8061a6738fd0f5a4ff56e1ce4d2a5bcf7a2a4a05f2a5b3313,333680,INCLUDE_GIT,authoritative selected compact public evidence
pub_00475,experiments/core_400/gemma_2_2b_it_lora/javascript/zs/assessment/automatic_detailed.jsonl,outputs/segregated_results/open-source-lora/_long_paths/7378152c8177_gemma_2_2b_it_lora_multilang_P1_zero_shot_javascript_400_v1_detailed.jsonl,2835b4aa5269a5dab7668b233362943c5a6521cc9e38095e066ba0a931580937,343984,INCLUDE_GIT,authoritative selected compact public evidence
pub_00476,experiments/core_400/gemma_2_2b_it_lora/java/os/assessment/code_grounded_detailed.jsonl,outputs/segregated_results/open-source-lora/_long_paths/74c2a63f1252_gemma_2_2b_it_lora_multilang_P1_one_shot_java_400_v1_code_grounded_detailed.jsonl,bf9f3a0a3d64a1cbbf37b04e5b30eece55845c5c021f3d8289743565996e51b8,331186,INCLUDE_GIT,authoritative selected compact public evidence
pub_00477,experiments/core_400/gemma_2_2b_it_lora/java/zs/assessment/code_grounded_detailed.jsonl,outputs/segregated_results/open-source-lora/_long_paths/750317c8fd74_gemma_2_2b_it_lora_multilang_P1_zero_shot_java_400_v1_code_grounded_detailed.jsonl,60c52637dba5db8b7a9f7bc71d0e8d11717caa85118f262bcbce84e6c94f3b43,331186,INCLUDE_GIT,authoritative selected compact public evidence
pub_00478,experiments/core_400/codegemma_2b_lora/python/os/assessment/automatic_summary.json,outputs/segregated_results/open-source-lora/_long_paths/7e611c0afe5d_codegemma_2b_lora_multilang_P1_one_shot_python_400_v1_summary.json,c8e10bd3db947170565732f204e35b2bd40b7e773a8aa2674908ee3c8b239802,1159,INCLUDE_GIT,authoritative selected compact public evidence
pub_00479,experiments/core_400/gemma_2_2b_it_lora/python/fs/assessment/automatic_summary.json,outputs/segregated_results/open-source-lora/_long_paths/80f917558e10_gemma_2_2b_it_lora_multilang_P1_few_shot_python_400_v1_summary.json,6dd21b06171f51662eaf176aef99661302c4d1ba54a359bfca68dd96e92d22bd,1160,INCLUDE_GIT,authoritative selected compact public evidence
pub_00480,experiments/core_400/gemma_2_2b_it_lora/python/os/assessment/code_grounded_summary.json,outputs/segregated_results/open-source-lora/_long_paths/83406dbe4444_gemma_2_2b_it_lora_multilang_P1_one_shot_python_400_v1_code_grounded_summary.json,4a214eeec85db5911a0fdcf068564bd1b38f538117f0893b2791a27cfe50a006,1341,INCLUDE_GIT,authoritative selected compact public evidence
pub_00481,experiments/core_400/codegemma_2b_lora/javascript/zs/assessment/automatic_summary.json,outputs/segregated_results/open-source-lora/_long_paths/89492be77129_codegemma_2b_lora_multilang_P1_zero_shot_javascript_400_v1_summary.json,cbed588d097f1fe94b0437e922e68a59f57b558a2ff70487cd33524577dc2958,1170,INCLUDE_GIT,authoritative selected compact public evidence
pub_00482,experiments/core_400/codegemma_2b_lora/javascript/fs/assessment/automatic_detailed.jsonl,outputs/segregated_results/open-source-lora/_long_paths/8e441d243530_codegemma_2b_lora_multilang_P1_few_shot_javascript_400_v1_detailed.jsonl,a56d6260e78a53635bc1531dad2bef221f3bbcc7619c6540bf95c2723da0eb49,338536,INCLUDE_GIT,authoritative selected compact public evidence
pub_00483,experiments/core_400/qwen2_5_coder_1_5b_instruct_lora/java/zs/assessment/automatic_summary.json,outputs/segregated_results/open-source-lora/_long_paths/90cdffc2d3f5_qwen25_coder_1_5b_instruct_lora_multilang_P1_zero_shot_java_400_v1_summary.json,9b79dd5479ec06b18beb7d585eb873383f839fa93f4a54f47cddce939aa28233,1205,INCLUDE_GIT,authoritative selected compact public evidence
pub_00484,experiments/core_400/codegemma_2b_lora/javascript/fs/assessment/code_grounded_summary.json,outputs/segregated_results/open-source-lora/_long_paths/95cf5347020a_codegemma_2b_lora_multilang_P1_few_shot_javascript_400_v1_code_grounded_summary.json,e296705eed7e5773854d08164af68674d5b4b39889b7b81d744916caa5038213,1374,INCLUDE_GIT,authoritative selected compact public evidence
pub_00485,experiments/core_400/qwen2_5_1_5b_instruct_lora/java/zs/assessment/automatic_detailed.jsonl,outputs/segregated_results/open-source-lora/_long_paths/9762da604375_qwen25_1_5b_instruct_lora_multilang_P1_zero_shot_java_400_v1_detailed.jsonl,4a19d4a254fabbbf81c190738734e32b8823735bd20a961f2d1dc70c45c4c4f9,366979,INCLUDE_GIT,authoritative selected compact public evidence
pub_00486,experiments/core_400/gemma_2_2b_it_lora/java/fs/assessment/automatic_summary.json,outputs/segregated_results/open-source-lora/_long_paths/9d5e2f5144b4_gemma_2_2b_it_lora_multilang_P1_few_shot_java_400_v1_summary.json,f9a0641d77bda0783e35e78cd601fe7ee530ff6cd1f961ae00426f4af7a9bf12,1174,INCLUDE_GIT,authoritative selected compact public evidence
pub_00487,experiments/core_400/gemma_2_2b_it_lora/javascript/os/assessment/automatic_detailed.jsonl,outputs/segregated_results/open-source-lora/_long_paths/9e505b72d399_gemma_2_2b_it_lora_multilang_P1_one_shot_javascript_400_v1_detailed.jsonl,9d02e1aafb77f31be739f124ece332bd7fe29bcc4b042c81aa8ab70b34f9fd90,344008,INCLUDE_GIT,authoritative selected compact public evidence
pub_00488,experiments/core_400/qwen2_5_coder_1_5b_instruct_lora/python/zs/generation/raw_generations.jsonl,outputs/segregated_results/open-source-lora/_long_paths/a17d9c9b056f_qwen25_coder_1_5b_instruct_lora_multilang_P1_zero_shot_python_400_v1.jsonl,53158a5154a9eb56b3733e6b57211212e9e37989f9c7adae95e183f6bef37844,235512,INCLUDE_GIT,authoritative selected compact public evidence
pub_00489,experiments/core_400/codegemma_2b_lora/java/os/assessment/code_grounded_detailed.jsonl,outputs/segregated_results/open-source-lora/_long_paths/a52c42120b30_codegemma_2b_lora_multilang_P1_one_shot_java_400_v1_code_grounded_detailed.jsonl,0dac1573fe33cf4228e88c8e6f1388629fffb8455d89bbd07d6394c330b9682f,331552,INCLUDE_GIT,authoritative selected compact public evidence
pub_00490,experiments/core_400/gemma_2_2b_it_lora/python/fs/assessment/automatic_detailed.jsonl,outputs/segregated_results/open-source-lora/_long_paths/a9b0dd53b8f0_gemma_2_2b_it_lora_multilang_P1_few_shot_python_400_v1_detailed.jsonl,6cf00d9b3a256e5449a8a6b02406d808da02cf83bf8e06abd73dc9375016412d,333679,INCLUDE_GIT,authoritative selected compact public evidence
pub_00491,experiments/core_400/codegemma_2b_lora/python/os/assessment/code_grounded_summary.json,outputs/segregated_results/open-source-lora/_long_paths/adfde55fd9fa_codegemma_2b_lora_multilang_P1_one_shot_python_400_v1_code_grounded_summary.json,9a19faf23e4f9e87207d4ea9bb463575b1fdcc2cddf9ce1721911c5e762440fb,1338,INCLUDE_GIT,authoritative selected compact public evidence
pub_00492,experiments/core_400/codegemma_2b_lora/python/fs/assessment/automatic_summary.json,outputs/segregated_results/open-source-lora/_long_paths/af4956e5b212_codegemma_2b_lora_multilang_P1_few_shot_python_400_v1_summary.json,d0c46846424366a4db352c2105c9024d57f61e806cc28bcc565d967599599728,1155,INCLUDE_GIT,authoritative selected compact public evidence
pub_00493,experiments/core_400/codegemma_2b_lora/java/os/assessment/code_grounded_summary.json,outputs/segregated_results/open-source-lora/_long_paths/b074b30c28ae_codegemma_2b_lora_multilang_P1_one_shot_java_400_v1_code_grounded_summary.json,d41c37ff48ed2fd29e4434f17a9af1bb397bab7a2e6b66aad8296661740d0b26,1346,INCLUDE_GIT,authoritative selected compact public evidence
pub_00494,experiments/core_400/codegemma_2b_lora/java/zs/assessment/automatic_detailed.jsonl,outputs/segregated_results/open-source-lora/_long_paths/b1cb2f4a2a43_codegemma_2b_lora_multilang_P1_zero_shot_java_400_v1_detailed.jsonl,884cbc2eb03819afea5c04535f9bda60f957b7b8db303213f1320629856844a9,341844,INCLUDE_GIT,authoritative selected compact public evidence
pub_00495,experiments/core_400/gemma_2_2b_it_lora/python/zs/assessment/automatic_summary.json,outputs/segregated_results/open-source-lora/_long_paths/bdd6d3732e5c_gemma_2_2b_it_lora_multilang_P1_zero_shot_python_400_v1_summary.json,0a56aafd525e6f7af1fb5fcee61542c4ad7fe76a7d70652b219dbef6d9fca8d0,1161,INCLUDE_GIT,authoritative selected compact public evidence
pub_00496,experiments/core_400/gemma_2_2b_it_lora/javascript/fs/assessment/automatic_detailed.jsonl,outputs/segregated_results/open-source-lora/_long_paths/c334122bb3e7_gemma_2_2b_it_lora_multilang_P1_few_shot_javascript_400_v1_detailed.jsonl,31cbeac95efc286f3fec6810bc55d1e1bdab1eb5c377c6afb9e0e27d665b5b35,343984,INCLUDE_GIT,authoritative selected compact public evidence
pub_00497,experiments/core_400/gemma_2_2b_it_lora/python/zs/assessment/code_grounded_detailed.jsonl,outputs/segregated_results/open-source-lora/_long_paths/c7a243b99c39_gemma_2_2b_it_lora_multilang_P1_zero_shot_python_400_v1_code_grounded_detailed.jsonl,f704826a6861e55df9c7e2978f2d7b519c70121fb5ed2c3c78575e1c2e2cdb5e,321050,INCLUDE_GIT,authoritative selected compact public evidence
pub_00498,experiments/core_400/gemma_2_2b_it_lora/python/os/assessment/automatic_detailed.jsonl,outputs/segregated_results/open-source-lora/_long_paths/c7e655e028a8_gemma_2_2b_it_lora_multilang_P1_one_shot_python_400_v1_detailed.jsonl,44559deb6d0347502627f6c6f4ea9cb508a09362d324807458a4c44808571c68,333686,INCLUDE_GIT,authoritative selected compact public evidence
pub_00499,experiments/core_400/codegemma_2b_lora/python/os/assessment/automatic_detailed.jsonl,outputs/segregated_results/open-source-lora/_long_paths/cb05daad1eb1_codegemma_2b_lora_multilang_P1_one_shot_python_400_v1_detailed.jsonl,1c1773a70210f50f0064c43941fad8a30a8c215158403e4de58606c2d2983aed,337980,INCLUDE_GIT,authoritative selected compact public evidence
pub_00500,experiments/core_400/qwen2_5_1_5b_instruct_lora/python/zs/assessment/automatic_summary.json,outputs/segregated_results/open-source-lora/_long_paths/cc7dab0b70c4_qwen25_1_5b_instruct_lora_multilang_P1_zero_shot_python_400_v1_summary.json,4fddec22e3c1d6e08825bee9c5d430ec95471ed3a7c580e7acb7a0cc80479f1b,1190,INCLUDE_GIT,authoritative selected compact public evidence
pub_00501,experiments/core_400/codegemma_2b_lora/java/fs/assessment/code_grounded_detailed.jsonl,outputs/segregated_results/open-source-lora/_long_paths/d150c88262dc_codegemma_2b_lora_multilang_P1_few_shot_java_400_v1_code_grounded_detailed.jsonl,6527b2e289c2ba3d4d460b1bb758edb5651dbb0bc49dea223c688b1012437b03,321640,INCLUDE_GIT,authoritative selected compact public evidence
pub_00502,experiments/core_400/qwen2_5_1_5b_instruct_lora/java/fs/assessment/automatic_summary.json,outputs/segregated_results/open-source-lora/_long_paths/d55b8e9f9b3a_qwen25_1_5b_instruct_lora_multilang_P1_few_shot_java_400_v1_summary.json,c00838ff7b0ac47bba6e7bbe64063a5e81a126fd3d83cf262aed6183be135d7a,1185,INCLUDE_GIT,authoritative selected compact public evidence
pub_00503,experiments/core_400/qwen2_5_coder_1_5b_instruct_lora/java/fs/assessment/automatic_detailed.jsonl,outputs/segregated_results/open-source-lora/_long_paths/d9c56edcac4e_qwen25_coder_1_5b_instruct_lora_multilang_P1_few_shot_java_400_v1_detailed.jsonl,ef8cbbe6553a835134cfde607bfe4840899d1a1870941e414565f8784cbb3b7f,355195,INCLUDE_GIT,authoritative selected compact public evidence
pub_00504,experiments/core_400/codegemma_2b_lora/python/zs/assessment/automatic_detailed.jsonl,outputs/segregated_results/open-source-lora/_long_paths/de0687726e79_codegemma_2b_lora_multilang_P1_zero_shot_python_400_v1_detailed.jsonl,1b6335161d29f6a45f1e73575aae28b76df11210c8968bf048239c5cc5bb85b5,333358,INCLUDE_GIT,authoritative selected compact public evidence
pub_00505,experiments/core_400/codegemma_2b_lora/python/zs/assessment/code_grounded_summary.json,outputs/segregated_results/open-source-lora/_long_paths/e11cabe07d49_codegemma_2b_lora_multilang_P1_zero_shot_python_400_v1_code_grounded_summary.json,97fc0371e8bb23fe7b5e426c4cf140aaa37320a3e7dac388f75a32fac6849c69,1337,INCLUDE_GIT,authoritative selected compact public evidence
pub_00506,experiments/core_400/codegemma_2b_lora/javascript/os/assessment/automatic_summary.json,outputs/segregated_results/open-source-lora/_long_paths/e2a20de86823_codegemma_2b_lora_multilang_P1_one_shot_javascript_400_v1_summary.json,f3739d0a6f054192b39fce161c0ba736a355f8b6809fd625e0bcb6121e0d44af,1165,INCLUDE_GIT,authoritative selected compact public evidence
pub_00507,experiments/core_400/gemma_2_2b_it_lora/java/zs/assessment/code_grounded_summary.json,outputs/segregated_results/open-source-lora/_long_paths/e959266be815_gemma_2_2b_it_lora_multilang_P1_zero_shot_java_400_v1_code_grounded_summary.json,8b45712ec926ee7a555940bc0ba8b69b06f20b3bf8a4b8848460e6bebc36996d,1356,INCLUDE_GIT,authoritative selected compact public evidence
pub_00508,experiments/core_400/codegemma_2b_lora/python/os/assessment/code_grounded_detailed.jsonl,outputs/segregated_results/open-source-lora/_long_paths/ef3b2778e498_codegemma_2b_lora_multilang_P1_one_shot_python_400_v1_code_grounded_detailed.jsonl,1d59dfa7f1e013f77df4c673bf74b3b8b9ca520b75085c9cc2b98025a75318fd,325615,INCLUDE_GIT,authoritative selected compact public evidence
pub_00509,experiments/core_400/gemma_2_2b_it_lora/java/fs/assessment/automatic_detailed.jsonl,outputs/segregated_results/open-source-lora/_long_paths/f05f222ea0ae_gemma_2_2b_it_lora_multilang_P1_few_shot_java_400_v1_detailed.jsonl,e217f4534945937dbb3e12ecfe9e38c3428c7fa4253d947f8bdef5b2c06fe3fa,347588,INCLUDE_GIT,authoritative selected compact public evidence
pub_00510,experiments/core_400/qwen2_5_coder_1_5b_instruct_lora/python/os/assessment/automatic_summary.json,outputs/segregated_results/open-source-lora/_long_paths/f6996898f5ad_qwen25_coder_1_5b_instruct_lora_multilang_P1_one_shot_python_400_v1_summary.json,2fb236d22c9cd3dfaa0c0c987e9318ae92d5e730f998137b95c5e13d75278658,1192,INCLUDE_GIT,authoritative selected compact public evidence
pub_00511,experiments/core_400/gemma_2_2b_it_lora/python/os/assessment/code_grounded_detailed.jsonl,outputs/segregated_results/open-source-lora/_long_paths/f72808e905b9_gemma_2_2b_it_lora_multilang_P1_one_shot_python_400_v1_code_grounded_detailed.jsonl,3bbf5765b871a814538fe29d6a8f4e89fa196d867ee6f7952eb2a6c84d2619cc,321050,INCLUDE_GIT,authoritative selected compact public evidence
pub_00512,experiments/core_400/gemma_2_2b_it_lora/java/os/assessment/code_grounded_summary.json,outputs/segregated_results/open-source-lora/_long_paths/fe63a138ddea_gemma_2_2b_it_lora_multilang_P1_one_shot_java_400_v1_code_grounded_summary.json,523016cca923877d8528d5bbebebfcc13f3773e79d4ae58337b5eea6dd8426e1,1351,INCLUDE_GIT,authoritative selected compact public evidence
pub_00513,experiments/core_400/gemma_2_2b_it_lora/javascript/fs/assessment/code_grounded_detailed.jsonl,outputs/segregated_results/open-source-lora/correctness/gemma_2_2b_it_lora_multilang_P1_few_shot_javascript_400_v1_correctness_detailed.jsonl,ded2f2efb0005ad608ba51c168935b20a38e36a42b21cd1308f7337580e575fe,331707,INCLUDE_GIT,authoritative selected compact public evidence
pub_00514,experiments/core_400/gemma_2_2b_it_lora/javascript/fs/assessment/code_grounded_summary.json,outputs/segregated_results/open-source-lora/correctness/gemma_2_2b_it_lora_multilang_P1_few_shot_javascript_400_v1_correctness_summary.json,7974e224b564076570cf614e02fa84e7f173880157ccdd32525a3d95c42ff5f4,1585,INCLUDE_GIT,authoritative selected compact public evidence
pub_00515,experiments/core_400/gemma_2_2b_it_lora/javascript/os/assessment/code_grounded_detailed.jsonl,outputs/segregated_results/open-source-lora/correctness/gemma_2_2b_it_lora_multilang_P1_one_shot_javascript_400_v1_correctness_detailed.jsonl,163dfe4ec26733ede6a9036172aace0587982a79b77e2098cb044774e259e6bc,331707,INCLUDE_GIT,authoritative selected compact public evidence
pub_00516,experiments/core_400/gemma_2_2b_it_lora/javascript/os/assessment/code_grounded_summary.json,outputs/segregated_results/open-source-lora/correctness/gemma_2_2b_it_lora_multilang_P1_one_shot_javascript_400_v1_correctness_summary.json,f635e8357eb92b3976336f5cd207a27d4f810e326c08f18b201f987e65ea5f94,1585,INCLUDE_GIT,authoritative selected compact public evidence
pub_00517,experiments/core_400/gemma_2_2b_it_lora/javascript/zs/assessment/code_grounded_detailed.jsonl,outputs/segregated_results/open-source-lora/correctness/gemma_2_2b_it_lora_multilang_P1_zero_shot_javascript_400_v1_correctness_detailed.jsonl,83bfc11217b1212e46ae8f3220e64ca3d34d041d22482a40902c6f2c1043fc8f,331707,INCLUDE_GIT,authoritative selected compact public evidence
pub_00518,experiments/core_400/gemma_2_2b_it_lora/javascript/zs/assessment/code_grounded_summary.json,outputs/segregated_results/open-source-lora/correctness/gemma_2_2b_it_lora_multilang_P1_zero_shot_javascript_400_v1_correctness_summary.json,4654351184864309fdae11a579a0e03419aee1cabed72d84dc933d8298b304ec,1590,INCLUDE_GIT,authoritative selected compact public evidence
pub_00519,experiments/core_400/qwen2_5_1_5b_instruct_lora/java/fs/assessment/code_grounded_detailed.jsonl,outputs/segregated_results/open-source-lora/correctness/qwen25_1_5b_instruct_lora_multilang_P1_few_shot_java_400_v1_correctness_detailed.jsonl,65be89fbfb1fd3f7ac79ace5ad895ccf0a101aceab5b0b32480e6488e3870ac9,339348,INCLUDE_GIT,authoritative selected compact public evidence
pub_00520,experiments/core_400/qwen2_5_1_5b_instruct_lora/java/fs/assessment/code_grounded_summary.json,outputs/segregated_results/open-source-lora/correctness/qwen25_1_5b_instruct_lora_multilang_P1_few_shot_java_400_v1_correctness_summary.json,ef816a385339af1b7fd186f79652b461b222a4e511795bb80e070c449b145ece,1594,INCLUDE_GIT,authoritative selected compact public evidence
pub_00521,experiments/core_400/qwen2_5_1_5b_instruct_lora/javascript/fs/assessment/code_grounded_detailed.jsonl,outputs/segregated_results/open-source-lora/correctness/qwen25_1_5b_instruct_lora_multilang_P1_few_shot_javascript_400_v1_correctness_detailed.jsonl,6c3cd6c4d37da4d00b9cd087ff859fdc0b355bf5f90cae88cffdc7e3424d1cd0,334400,INCLUDE_GIT,authoritative selected compact public evidence
pub_00522,experiments/core_400/qwen2_5_1_5b_instruct_lora/javascript/fs/assessment/code_grounded_summary.json,outputs/segregated_results/open-source-lora/correctness/qwen25_1_5b_instruct_lora_multilang_P1_few_shot_javascript_400_v1_correctness_summary.json,af83f1c4b4f2865ba54778eff7163940e741be45080eb455c45f030e6ed8c72f,1614,INCLUDE_GIT,authoritative selected compact public evidence
pub_00523,experiments/core_400/qwen2_5_1_5b_instruct_lora/python/fs/assessment/code_grounded_detailed.jsonl,outputs/segregated_results/open-source-lora/correctness/qwen25_1_5b_instruct_lora_multilang_P1_few_shot_python_400_v1_correctness_detailed.jsonl,96f9ce5aa86f7fda1f36d77d069b6c29fb34cade4f956a9d58bbaf43d2337a08,335797,INCLUDE_GIT,authoritative selected compact public evidence
pub_00524,experiments/core_400/qwen2_5_1_5b_instruct_lora/python/fs/assessment/code_grounded_summary.json,outputs/segregated_results/open-source-lora/correctness/qwen25_1_5b_instruct_lora_multilang_P1_few_shot_python_400_v1_correctness_summary.json,9fdb956cc8851a04fffc40cfbecdef8b4026ab2e8b4d2e8c2d715aa610a17e6d,1584,INCLUDE_GIT,authoritative selected compact public evidence
pub_00525,experiments/core_400/qwen2_5_1_5b_instruct_lora/java/os/assessment/code_grounded_detailed.jsonl,outputs/segregated_results/open-source-lora/correctness/qwen25_1_5b_instruct_lora_multilang_P1_one_shot_java_400_v1_correctness_detailed.jsonl,342faa9c2482ff461f696bdec63ab20d7a713d38b762dd8b0b0769a5bf4bbe2c,340074,INCLUDE_GIT,authoritative selected compact public evidence
pub_00526,experiments/core_400/qwen2_5_1_5b_instruct_lora/java/os/assessment/code_grounded_summary.json,outputs/segregated_results/open-source-lora/correctness/qwen25_1_5b_instruct_lora_multilang_P1_one_shot_java_400_v1_correctness_summary.json,92e4daa4309c93a74a7537938aa69550b3e230e1cee7c76c491d4646690a5cda,1596,INCLUDE_GIT,authoritative selected compact public evidence
pub_00527,experiments/core_400/qwen2_5_1_5b_instruct_lora/javascript/os/assessment/code_grounded_detailed.jsonl,outputs/segregated_results/open-source-lora/correctness/qwen25_1_5b_instruct_lora_multilang_P1_one_shot_javascript_400_v1_correctness_detailed.jsonl,c908934de47fd5a5b186e0c68acadbb966525a04991ca506dae2fe8be469ad8a,344581,INCLUDE_GIT,authoritative selected compact public evidence
pub_00528,experiments/core_400/qwen2_5_1_5b_instruct_lora/javascript/os/assessment/code_grounded_summary.json,outputs/segregated_results/open-source-lora/correctness/qwen25_1_5b_instruct_lora_multilang_P1_one_shot_javascript_400_v1_correctness_summary.json,3ea2ed7287af992ce81dd4a52260fc07dae5d145b06746f522509eb1363c0dc0,1610,INCLUDE_GIT,authoritative selected compact public evidence
pub_00529,experiments/core_400/qwen2_5_1_5b_instruct_lora/python/os/assessment/code_grounded_detailed.jsonl,outputs/segregated_results/open-source-lora/correctness/qwen25_1_5b_instruct_lora_multilang_P1_one_shot_python_400_v1_correctness_detailed.jsonl,e1669edd9b5b62d61d7bc9e3e41309e360dd4d06a68f61bd90512f3100e0377e,336961,INCLUDE_GIT,authoritative selected compact public evidence
pub_00530,experiments/core_400/qwen2_5_1_5b_instruct_lora/python/os/assessment/code_grounded_summary.json,outputs/segregated_results/open-source-lora/correctness/qwen25_1_5b_instruct_lora_multilang_P1_one_shot_python_400_v1_correctness_summary.json,ace8d0b18c2a8b17c4da7241cbc301aead601b4cd024360cd1c43f07d23b7a83,1578,INCLUDE_GIT,authoritative selected compact public evidence
pub_00531,experiments/core_400/qwen2_5_1_5b_instruct_lora/java/zs/assessment/code_grounded_detailed.jsonl,outputs/segregated_results/open-source-lora/correctness/qwen25_1_5b_instruct_lora_multilang_P1_zero_shot_java_400_v1_correctness_detailed.jsonl,c4f5a8ddfea5c512b855a6b8c41a8d82fdce993bf26b763e83b1460f05acef6f,351183,INCLUDE_GIT,authoritative selected compact public evidence
pub_00532,experiments/core_400/qwen2_5_1_5b_instruct_lora/java/zs/assessment/code_grounded_summary.json,outputs/segregated_results/open-source-lora/correctness/qwen25_1_5b_instruct_lora_multilang_P1_zero_shot_java_400_v1_correctness_summary.json,600e6a3b16ca05ba83f6c7db326afd879be3bda8fb7318d7359c90c52551be32,1599,INCLUDE_GIT,authoritative selected compact public evidence
pub_00533,experiments/core_400/qwen2_5_1_5b_instruct_lora/javascript/zs/assessment/code_grounded_detailed.jsonl,outputs/segregated_results/open-source-lora/correctness/qwen25_1_5b_instruct_lora_multilang_P1_zero_shot_javascript_400_v1_correctness_detailed.jsonl,163a08e3ea528b74f71bb26ef3f23c5922b7e534f6d7d1705a2d809f91cadac2,363069,INCLUDE_GIT,authoritative selected compact public evidence
pub_00534,experiments/core_400/qwen2_5_1_5b_instruct_lora/javascript/zs/assessment/code_grounded_summary.json,outputs/segregated_results/open-source-lora/correctness/qwen25_1_5b_instruct_lora_multilang_P1_zero_shot_javascript_400_v1_correctness_summary.json,d9ad8a34144d4f4243a71acaaf37d305148fafc3668e6ce778e4f3325bfc5372,1613,INCLUDE_GIT,authoritative selected compact public evidence
pub_00535,experiments/core_400/qwen2_5_1_5b_instruct_lora/python/zs/assessment/code_grounded_detailed.jsonl,outputs/segregated_results/open-source-lora/correctness/qwen25_1_5b_instruct_lora_multilang_P1_zero_shot_python_400_v1_correctness_detailed.jsonl,e1edac367886adbc29c9ae6c715e6aa077eef18a92197b72dc71e550f46e38e5,340513,INCLUDE_GIT,authoritative selected compact public evidence
pub_00536,experiments/core_400/qwen2_5_1_5b_instruct_lora/python/zs/assessment/code_grounded_summary.json,outputs/segregated_results/open-source-lora/correctness/qwen25_1_5b_instruct_lora_multilang_P1_zero_shot_python_400_v1_correctness_summary.json,8b157f7e443229340306c73c8fb2d82a66cc1b5e015947c78df510583c242187,1581,INCLUDE_GIT,authoritative selected compact public evidence
pub_00537,experiments/core_400/qwen2_5_coder_1_5b_instruct_lora/java/fs/assessment/code_grounded_detailed.jsonl,outputs/segregated_results/open-source-lora/correctness/qwen25_coder_1_5b_instruct_lora_multilang_P1_few_shot_java_400_v1_correctness_detailed.jsonl,6b8f393aa42a6ff0df997ee027e7556b07dd9526c6e06c99550584c03c750b9b,338019,INCLUDE_GIT,authoritative selected compact public evidence
pub_00538,experiments/core_400/qwen2_5_coder_1_5b_instruct_lora/java/fs/assessment/code_grounded_summary.json,outputs/segregated_results/open-source-lora/correctness/qwen25_coder_1_5b_instruct_lora_multilang_P1_few_shot_java_400_v1_correctness_summary.json,f1e1b768044ef960359accfee63a00dd5628f3e248cb4e37fa1097467a0b9215,1599,INCLUDE_GIT,authoritative selected compact public evidence
pub_00539,experiments/core_400/qwen2_5_coder_1_5b_instruct_lora/javascript/fs/assessment/code_grounded_detailed.jsonl,outputs/segregated_results/open-source-lora/correctness/qwen25_coder_1_5b_instruct_lora_multilang_P1_few_shot_javascript_400_v1_correctness_detailed.jsonl,facf1f24ee3b91d056b6d2025e4300765acea8107bf1c35fbb042e7dcc681d0d,343139,INCLUDE_GIT,authoritative selected compact public evidence
pub_00540,experiments/core_400/qwen2_5_coder_1_5b_instruct_lora/javascript/fs/assessment/code_grounded_summary.json,outputs/segregated_results/open-source-lora/correctness/qwen25_coder_1_5b_instruct_lora_multilang_P1_few_shot_javascript_400_v1_correctness_summary.json,67b477566e8334e430715b26aca7cfddb8381d09f024d481c3c63e76f3f6dc2d,1617,INCLUDE_GIT,authoritative selected compact public evidence
pub_00541,experiments/core_400/qwen2_5_coder_1_5b_instruct_lora/python/fs/assessment/code_grounded_detailed.jsonl,outputs/segregated_results/open-source-lora/correctness/qwen25_coder_1_5b_instruct_lora_multilang_P1_few_shot_python_400_v1_correctness_detailed.jsonl,d7d371ece32714a349d52b46feafaa57be1f21a5f2492e323d308174537b4351,333962,INCLUDE_GIT,authoritative selected compact public evidence
pub_00542,experiments/core_400/qwen2_5_coder_1_5b_instruct_lora/python/fs/assessment/code_grounded_summary.json,outputs/segregated_results/open-source-lora/correctness/qwen25_coder_1_5b_instruct_lora_multilang_P1_few_shot_python_400_v1_correctness_summary.json,4ceb393b71866e60915e3775383fa028a28c965b94397f52c51ab881653c87fd,1583,INCLUDE_GIT,authoritative selected compact public evidence
pub_00543,experiments/core_400/qwen2_5_coder_1_5b_instruct_lora/java/os/assessment/code_grounded_detailed.jsonl,outputs/segregated_results/open-source-lora/correctness/qwen25_coder_1_5b_instruct_lora_multilang_P1_one_shot_java_400_v1_correctness_detailed.jsonl,d482c66df753288234799ed40a58459d469c7e00192357d7c149fe3a49f9c9ed,337471,INCLUDE_GIT,authoritative selected compact public evidence
pub_00544,experiments/core_400/qwen2_5_coder_1_5b_instruct_lora/java/os/assessment/code_grounded_summary.json,outputs/segregated_results/open-source-lora/correctness/qwen25_coder_1_5b_instruct_lora_multilang_P1_one_shot_java_400_v1_correctness_summary.json,b88d6ca92e8c4f35b2dbe56d8c2f8c4dd11d7668be67b91b201eddd53b18923d,1599,INCLUDE_GIT,authoritative selected compact public evidence
pub_00545,experiments/core_400/qwen2_5_coder_1_5b_instruct_lora/javascript/os/assessment/code_grounded_detailed.jsonl,outputs/segregated_results/open-source-lora/correctness/qwen25_coder_1_5b_instruct_lora_multilang_P1_one_shot_javascript_400_v1_correctness_detailed.jsonl,c58d8069837a5d0037cca56746e00a387407ff6908cbfe5e1b64bdf970da78f8,345837,INCLUDE_GIT,authoritative selected compact public evidence
pub_00546,experiments/core_400/qwen2_5_coder_1_5b_instruct_lora/javascript/os/assessment/code_grounded_summary.json,outputs/segregated_results/open-source-lora/correctness/qwen25_coder_1_5b_instruct_lora_multilang_P1_one_shot_javascript_400_v1_correctness_summary.json,9e5cc95faed7f55535cd56753452d4b77d76db5ae170148374437b21cf5f1393,1619,INCLUDE_GIT,authoritative selected compact public evidence
pub_00547,experiments/core_400/qwen2_5_coder_1_5b_instruct_lora/python/os/assessment/code_grounded_detailed.jsonl,outputs/segregated_results/open-source-lora/correctness/qwen25_coder_1_5b_instruct_lora_multilang_P1_one_shot_python_400_v1_correctness_detailed.jsonl,3d0c9c57827cb8ab5db23707a9127b8e22f93000b5ec7362281afa963c2c328a,336045,INCLUDE_GIT,authoritative selected compact public evidence
pub_00548,experiments/core_400/qwen2_5_coder_1_5b_instruct_lora/python/os/assessment/code_grounded_summary.json,outputs/segregated_results/open-source-lora/correctness/qwen25_coder_1_5b_instruct_lora_multilang_P1_one_shot_python_400_v1_correctness_summary.json,c28241fe18c31f2a3f2eb9114aa045e3c046c8d1bc0f96f7acb147c365b1f0c7,1581,INCLUDE_GIT,authoritative selected compact public evidence
pub_00549,experiments/core_400/qwen2_5_coder_1_5b_instruct_lora/java/zs/assessment/code_grounded_detailed.jsonl,outputs/segregated_results/open-source-lora/correctness/qwen25_coder_1_5b_instruct_lora_multilang_P1_zero_shot_java_400_v1_correctness_detailed.jsonl,4c15bbbb8dfbe8d75363192cb0a6706593f9e8095fa997886ea57f6b8f799023,339773,INCLUDE_GIT,authoritative selected compact public evidence
pub_00550,experiments/core_400/qwen2_5_coder_1_5b_instruct_lora/java/zs/assessment/code_grounded_summary.json,outputs/segregated_results/open-source-lora/correctness/qwen25_coder_1_5b_instruct_lora_multilang_P1_zero_shot_java_400_v1_correctness_summary.json,64ad42d0b0ee6d7acd34002ce91fbd4a04d71597886726a5923017a30f10917f,1602,INCLUDE_GIT,authoritative selected compact public evidence
pub_00551,experiments/core_400/qwen2_5_coder_1_5b_instruct_lora/javascript/zs/assessment/code_grounded_detailed.jsonl,outputs/segregated_results/open-source-lora/correctness/qwen25_coder_1_5b_instruct_lora_multilang_P1_zero_shot_javascript_400_v1_correctness_detailed.jsonl,b0759cc1f4ef7017a8a0d1060080a63aec3bce1a4f1a9242fb3eb8f26ea0a5e9,357413,INCLUDE_GIT,authoritative selected compact public evidence
pub_00552,experiments/core_400/qwen2_5_coder_1_5b_instruct_lora/javascript/zs/assessment/code_grounded_summary.json,outputs/segregated_results/open-source-lora/correctness/qwen25_coder_1_5b_instruct_lora_multilang_P1_zero_shot_javascript_400_v1_correctness_summary.json,e449da0e0d388669bf31374c424e8a48aa40dffb891cbcb23f7941a175eaf31b,1622,INCLUDE_GIT,authoritative selected compact public evidence
pub_00553,experiments/core_400/qwen2_5_coder_1_5b_instruct_lora/python/zs/assessment/code_grounded_detailed.jsonl,outputs/segregated_results/open-source-lora/correctness/qwen25_coder_1_5b_instruct_lora_multilang_P1_zero_shot_python_400_v1_correctness.json_detailed.jsonl,1d46c5264150dbf241f6c55dd51026647b77f9215e148bcfa18e9a1ead2242fb,332727,INCLUDE_GIT,authoritative selected compact public evidence
pub_00554,experiments/core_400/qwen2_5_coder_1_5b_instruct_lora/python/zs/assessment/code_grounded_summary.json,outputs/segregated_results/open-source-lora/correctness/qwen25_coder_1_5b_instruct_lora_multilang_P1_zero_shot_python_400_v1_correctness.json_summary.json,c0a2f1dcb069efadc663f4a80725cf5f724a03cbd3bce9342350f5adea00ed42,1325,INCLUDE_GIT,authoritative selected compact public evidence
pub_00555,experiments/core_400/qwen2_5_1_5b_instruct_lora/javascript/fs/assessment/automatic_detailed.jsonl,outputs/segregated_results/open-source-lora/eval/qwen25_1_5b_instruct_lora_multilang_P1_few_shot_javascript_400_v1_eval.json_detailed.jsonl,6ed1e662b5feeeee658f68ae00aa1c1c44a43e79c386d78553f3dedd469243bb,345590,INCLUDE_GIT,authoritative selected compact public evidence
pub_00556,experiments/core_400/qwen2_5_1_5b_instruct_lora/javascript/fs/assessment/automatic_summary.json,outputs/segregated_results/open-source-lora/eval/qwen25_1_5b_instruct_lora_multilang_P1_few_shot_javascript_400_v1_eval.json_summary.json,43cf27dbd28a83f11319a3e0e46bfde1937472ef75ad915f03507b5d353bcf9a,1310,INCLUDE_GIT,authoritative selected compact public evidence
pub_00557,experiments/core_400/qwen2_5_1_5b_instruct_lora/javascript/os/assessment/automatic_detailed.jsonl,outputs/segregated_results/open-source-lora/eval/qwen25_1_5b_instruct_lora_multilang_P1_one_shot_javascript_400_v1_eval.json_detailed.jsonl,eabec7b336befcf9dd7aca4e5df8ea87392797c19f2920c11e18167df63a1b3e,356685,INCLUDE_GIT,authoritative selected compact public evidence
pub_00558,experiments/core_400/qwen2_5_1_5b_instruct_lora/javascript/os/assessment/automatic_summary.json,outputs/segregated_results/open-source-lora/eval/qwen25_1_5b_instruct_lora_multilang_P1_one_shot_javascript_400_v1_eval.json_summary.json,77185f7eb3a69c72f4ea0725962f3a52d0d89dd4d502485e958038d35bc0851e,1314,INCLUDE_GIT,authoritative selected compact public evidence
pub_00559,experiments/core_400/qwen2_5_1_5b_instruct_lora/javascript/zs/assessment/automatic_detailed.jsonl,outputs/segregated_results/open-source-lora/eval/qwen25_1_5b_instruct_lora_multilang_P1_zero_shot_javascript_400_v1_eval.json_detailed.jsonl,182977b11544749712791efd3aefb6f761f08e21b0018da2059b0e76d01b4ec3,376488,INCLUDE_GIT,authoritative selected compact public evidence
pub_00560,experiments/core_400/qwen2_5_1_5b_instruct_lora/javascript/zs/assessment/automatic_summary.json,outputs/segregated_results/open-source-lora/eval/qwen25_1_5b_instruct_lora_multilang_P1_zero_shot_javascript_400_v1_eval.json_summary.json,d172571a4352cff5f8a48cf2f79aec01b633e1402e9385ca534277c976e45d2b,1321,INCLUDE_GIT,authoritative selected compact public evidence
pub_00561,experiments/core_400/qwen2_5_coder_1_5b_instruct_lora/javascript/fs/assessment/automatic_detailed.jsonl,outputs/segregated_results/open-source-lora/eval/qwen25_coder_1_5b_instruct_lora_multilang_P1_few_shot_javascript_400_v1_eval.json_detailed.jsonl,7f057d356be44ff2fb5badd9bd67667b5bf838df07ed49c0fd1fc59714f19bee,355524,INCLUDE_GIT,authoritative selected compact public evidence
pub_00562,experiments/core_400/qwen2_5_coder_1_5b_instruct_lora/javascript/fs/assessment/automatic_summary.json,outputs/segregated_results/open-source-lora/eval/qwen25_coder_1_5b_instruct_lora_multilang_P1_few_shot_javascript_400_v1_eval.json_summary.json,0150ebf10fca7ee2cb97a29fd6d789ca5a6de8817183bd6fe09c252836f2b7a9,1321,INCLUDE_GIT,authoritative selected compact public evidence
pub_00563,experiments/core_400/qwen2_5_coder_1_5b_instruct_lora/javascript/os/assessment/automatic_detailed.jsonl,outputs/segregated_results/open-source-lora/eval/qwen25_coder_1_5b_instruct_lora_multilang_P1_one_shot_javascript_400_v1_eval.json_detailed.jsonl,9a240c7c01a54534f62700817570a695e19eac38e026f31c0533407e723ad658,357964,INCLUDE_GIT,authoritative selected compact public evidence
pub_00564,experiments/core_400/qwen2_5_coder_1_5b_instruct_lora/javascript/os/assessment/automatic_summary.json,outputs/segregated_results/open-source-lora/eval/qwen25_coder_1_5b_instruct_lora_multilang_P1_one_shot_javascript_400_v1_eval.json_summary.json,aa914f23ee18df6c8de166c3a089ce5b73f071f9136f10ba77671e784c3b4524,1317,INCLUDE_GIT,authoritative selected compact public evidence
pub_00565,experiments/core_400/qwen2_5_coder_1_5b_instruct_lora/javascript/zs/assessment/automatic_detailed.jsonl,outputs/segregated_results/open-source-lora/eval/qwen25_coder_1_5b_instruct_lora_multilang_P1_zero_shot_javascript_400_v1_eval.json_detailed.jsonl,0d2e1dab68e7ec4765bcdb37931c8c73844a44d4b0752e2d10c6d8f9ae126b91,370660,INCLUDE_GIT,authoritative selected compact public evidence
pub_00566,experiments/core_400/qwen2_5_coder_1_5b_instruct_lora/javascript/zs/assessment/automatic_summary.json,outputs/segregated_results/open-source-lora/eval/qwen25_coder_1_5b_instruct_lora_multilang_P1_zero_shot_javascript_400_v1_eval.json_summary.json,856a1f32e0fdf43782db973bc8697694abcc519b86fda84d2275f64f4f201e52,1324,INCLUDE_GIT,authoritative selected compact public evidence
pub_00567,experiments/core_400/qwen2_5_coder_1_5b_instruct_lora/python/zs/assessment/automatic_detailed.jsonl,outputs/segregated_results/open-source-lora/eval/qwen25_coder_1_5b_instruct_lora_multilang_P1_zero_shot_python_400_v1_eval.json_detailed.jsonl,efb028cebc6da40c184ceb15e976c2b865369fc01040e2d6e6a64c9cb68ef460,345256,INCLUDE_GIT,authoritative selected compact public evidence
pub_00568,experiments/core_400/qwen2_5_coder_1_5b_instruct_lora/python/zs/assessment/automatic_summary.json,outputs/segregated_results/open-source-lora/eval/qwen25_coder_1_5b_instruct_lora_multilang_P1_zero_shot_python_400_v1_eval.json_summary.json,ad03e0895571c9e18d831c88dc0666d1922bfbc59bf0d23e513fed2f47b9bdef,1142,INCLUDE_GIT,authoritative selected compact public evidence
pub_00569,requirements_finetune.txt,requirements_finetune.txt,ed5ea8e6bb3cd199af1c6cf96086b82e779a10d242898a124a54f67908283b5b,100,INCLUDE_GIT,authoritative selected compact public evidence
pub_00570,data/benchmark/eda/eda_filtering_summary.csv,results/eda/eda_filtering_summary.csv,7d9385a6b729a276a14d4bf6ff70adb7e882f6191c40f47f2edb65f6c2d88f2e,218,INCLUDE_GIT,authoritative selected compact public evidence
pub_00571,data/benchmark/eda/eda_language_split_counts.csv,results/eda/eda_language_split_counts.csv,d54b333dd10dae21fd88b6de315916efcab75152136dfd62b1e9074c22f2b982,84,INCLUDE_GIT,authoritative selected compact public evidence
pub_00572,data/benchmark/eda/eda_length_statistics.csv,results/eda/eda_length_statistics.csv,02299089aa80649ca23c9af7703baca952bef28b6be8273dc5c23ddc02269bcb,356,INCLUDE_GIT,authoritative selected compact public evidence
pub_00573,data/benchmark/eda/eda_missing_duplicate_summary.csv,results/eda/eda_missing_duplicate_summary.csv,bc9bd01cc77d520873e9a92c3e57c533d1dee488415ab49eaa7d2365a22ecd26,193,INCLUDE_GIT,authoritative selected compact public evidence
pub_00574,data/benchmark/eda/eda_sample_size_feasibility.csv,results/eda/eda_sample_size_feasibility.csv,b136d028aad8b7d6cdda57846ff900cd91c99b9417f84d965237878153c4a589,303,INCLUDE_GIT,authoritative selected compact public evidence
pub_00575,data/benchmark/eda/eda_structure_summary.csv,results/eda/eda_structure_summary.csv,bb49f7d9ad4e987f1065579bb454df1f5ff18a23d564237cf9577b998ea24004,284,INCLUDE_GIT,authoritative selected compact public evidence
pub_00576,data/benchmark/eda/eda_summary_report.md,results/eda/eda_summary_report.md,f0d0d94e0c67043c876d183283929a7bd9fac6a8677f500504049535fbb1031e,6473,INCLUDE_GIT,authoritative selected compact public evidence
pub_00577,scripts/fine_tuning/build_finetune_dataset.py,scripts/build_finetune_dataset.py,3ecbc804afd1fba8976d01fa1db3ac16e9052a1b33574f0397b4fb068c418d5e,3940,INCLUDE_GIT,authoritative selected compact public evidence
pub_00578,scripts/prompting/build_prompts.py,scripts/build_prompts.py,56d2e423b27dd960d8397ef6c2c35b9a57e6038a01126b64ac5efcf15eed7160,3100,INCLUDE_GIT,authoritative selected compact public evidence
pub_00579,scripts/prompting/build_shot_prompts.py,scripts/build_shot_prompts.py,6bfed9d31b8985e9a1053427ec749390133abf16a504c5dd99ddf0e4008c4368,19186,INCLUDE_GIT,authoritative selected compact public evidence
pub_00580,scripts/result_assembly/compare_prompt_results.py,scripts/compare_prompt_results.py,469b82b40a8fc0b24c7c609668a100798fc2390590564c17bbc46e3d8294657e,677,INCLUDE_GIT,authoritative selected compact public evidence
pub_00581,scripts/prompting/create_balanced_prompt_subset.py,scripts/create_balanced_prompt_subset.py,f8e52ec5b230a9ccf5dfb28e369bab70c33d63984d8634195c6e7e61725d86e8,1268,INCLUDE_GIT,authoritative selected compact public evidence
pub_00582,scripts/prompting/create_demo_bank.py,scripts/create_demo_bank.py,d0f90b75e93a96577146ffe84cf39cb8a109c8a297904721aaa2fc9b29edfad7,1452,INCLUDE_GIT,authoritative selected compact public evidence
pub_00583,scripts/data_preparation/eda_codesearchnet.py,scripts/eda_codesearchnet.py,5701299fee238ef9b4ccd943adb5bf271d3b44190a75380ed64025f7123cb559,23042,INCLUDE_GIT,authoritative selected compact public evidence
pub_00584,scripts/evaluation/evaluate_code_grounded_correctness.py,scripts/evaluate_code_grounded_correctness.py,599a5af11c4611cb9f292895cb166c5b00b9ebf76b0f320602b4d014c3bd6e88,12239,INCLUDE_GIT,authoritative selected compact public evidence
pub_00585,scripts/evaluation/evaluate_generations.py,scripts/evaluate_generations.py,1252f117edc15e117c7bcabaa06d30e9063a60a606f12ad331d9ffd83d803ce8,6673,INCLUDE_GIT,authoritative selected compact public evidence
pub_00586,scripts/evaluation/evaluate_one_shot_400.sh,scripts/evaluate_one_shot_400.sh,7d78a23e066d5eb1001bd59971cb307b8773e820fb8f7e054cc6ed07cd484d48,2658,INCLUDE_GIT,authoritative selected compact public evidence
pub_00587,scripts/evaluation/evaluate_qwen_base_zs_fs_400.sh,scripts/evaluate_qwen_base_zs_fs_400.sh,121132b716288b3776bffc4dc562df4e02657f8695c807b53c77b1eebbcae0dd,2395,INCLUDE_GIT,authoritative selected compact public evidence
pub_00588,scripts/evaluation/evaluate_saturation_runs.sh,scripts/evaluate_saturation_runs.sh,9f89763acbcbefee6c63270602e5444516cd9b6bd4d86b57fe50a6bca53a0b5a,2308,INCLUDE_GIT,authoritative selected compact public evidence
pub_00589,scripts/fine_tuning/finetune_lora_multilang.py,scripts/finetune_lora_multilang.py,94e58671933af7d5ffd57b2db582399f1b6ad4a42b4c887d4f723da787ea6ccd,5197,INCLUDE_GIT,authoritative selected compact public evidence
pub_00590,scripts/fine_tuning/finetune_qwen_lora.py,scripts/finetune_qwen_lora.py,b59fab93ebff8adcbdb4f0448c344a885333de65a5f6fb70e11447083ee2bb7d,3302,INCLUDE_GIT,authoritative selected compact public evidence
pub_00591,scripts/result_assembly/generate_completed_qwen_thesis_tables.py,scripts/generate_completed_qwen_thesis_tables.py,cb60b08db74056a999c2c524c76dec9e6f7503b5e5f9be902abd06a580c15888,7351,INCLUDE_GIT,authoritative selected compact public evidence
pub_00592,scripts/data_preparation/generate_final_report_run_details.py,scripts/generate_final_report_run_details.py,44b4c63b74dd87c8b4f22f5c2976c6829d4d890990fb4452c094aec1e342b7d9,14383,INCLUDE_GIT,authoritative selected compact public evidence
pub_00593,scripts/result_assembly/generate_final_results_tables_and_plots.py,scripts/generate_final_results_tables_and_plots.py,f74762ebef1b23f016ad17a3113b48be29c5f521be6f64ccfa2ee173eef07eec,16189,INCLUDE_GIT,authoritative selected compact public evidence
pub_00594,scripts/result_assembly/organize_final_results.py,scripts/organize_final_results.py,f5f478a6e5abe235fee32955c03a1eea506415711286733d7984564bed3f63d9,7008,INCLUDE_GIT,authoritative selected compact public evidence
pub_00595,scripts/result_assembly/organize_segregated_results.py,scripts/organize_segregated_results.py,81aab1b4af0b8711b3e91ec11a40b368d56c1647a6251ad659d89ba3d6a18acf,13246,INCLUDE_GIT,authoritative selected compact public evidence
pub_00596,scripts/result_assembly/per_language_comparison.py,scripts/per_language_comparison.py,23b83b86d8b0a5d1f19cc6a8dbc5ccce0e968bdaa6e53bc792b1413dadbcd3fd,2220,INCLUDE_GIT,authoritative selected compact public evidence
pub_00597,scripts/human_evaluation/populate_human_eval_workbook.py,scripts/populate_human_eval_workbook.py,9f0c54a11a38b378ecd83f0f79d622bc08c3cde834692ad5e67d5bf82444c093,9646,INCLUDE_GIT,authoritative selected compact public evidence
pub_00598,scripts/data_preparation/prepare_codesearchnet_balanced.py,scripts/prepare_codesearchnet_balanced.py,d413cc3d538df5dcb2a223280f8b98b6072be458efe2469f1b3705c8275f1c79,4912,INCLUDE_GIT,authoritative selected compact public evidence
pub_00599,scripts/data_preparation/prepare_sft_data.py,scripts/prepare_sft_data.py,aad1e4c250288c69b23a46ca39e25cf6d001c8bec7fa41c6c5eb5e5a1a9081cb,3277,INCLUDE_GIT,authoritative selected compact public evidence
pub_00600,scripts/data_preparation/run_all_correctness.sh,scripts/run_all_correctness.sh,460d8ffa5ee8f6a838edb31f89b4ec82897c7626f08058de7740c8d183cde60b,1984,INCLUDE_GIT,authoritative selected compact public evidence
pub_00601,scripts/data_preparation/run_all_evaluations.sh,scripts/run_all_evaluations.sh,e960f2101023e0e3ee10a92c7ecd67dc4d9fb13fc4abeba42a27b3903d78c60c,701,INCLUDE_GIT,authoritative selected compact public evidence
pub_00602,scripts/generation/run_finetuned_generation.py,scripts/run_finetuned_generation.py,de7a959f11a9f6f7dd5ceadcb68c3fa468a2f6ec23bacd917e2e1f40f464b24e,7671,INCLUDE_GIT,authoritative selected compact public evidence
pub_00603,scripts/fine_tuning/run_full_finetune.sh,scripts/run_full_finetune.sh,ee83986512f4c63985737369a58a7b33db87351e69ed48d790d4911a9437f195,228,INCLUDE_GIT,authoritative selected compact public evidence
pub_00604,scripts/generation/run_generation_codex_cli.py,scripts/run_generation_codex_cli.py,acbf8f9093ffb938d1398f0d2cdcd8a4df6d4332931a6746d69905eb967e6225,5560,INCLUDE_GIT,authoritative selected compact public evidence
pub_00605,scripts/generation/run_generation_deepseek.py,scripts/run_generation_deepseek.py,f026319afd4fa324a161f76de645aa304800c21e85a89fc17ed1ed39789b02f2,12168,INCLUDE_GIT,authoritative selected compact public evidence
pub_00606,scripts/generation/run_generation_gemini.py,scripts/run_generation_gemini.py,92113d9c8454dcb7b499ebcaebf1f6e8dcd24cbbaf0dd05903fb6bd67cb77388,11129,INCLUDE_GIT,authoritative selected compact public evidence
pub_00607,scripts/generation/run_generation_hf.py,scripts/run_generation_hf.py,9e9f67e7ae3d8e58f4ee3b0c802bab294085f08b1cec67fe6a0bb8b106ccbeb0,10686,INCLUDE_GIT,authoritative selected compact public evidence
pub_00608,scripts/generation/run_generation_hf_lora.py,scripts/run_generation_hf_lora.py,b65e3f9f39433d9ba5bc59e33fcc2d5d8f137dbb8ab2ab1338d9e6131076ae83,8051,INCLUDE_GIT,authoritative selected compact public evidence
pub_00609,scripts/generation/run_generation_openai_batch.py,scripts/run_generation_openai_batch.py,b29f2e3f6fac5d754b3f837b01191b5d82819cf04788d0b5ff9276bff7cbf874,22774,INCLUDE_GIT,authoritative selected compact public evidence
pub_00610,scripts/generation/run_generation_openai_responses.py,scripts/run_generation_openai_responses.py,2c40b2faf16e58b2ee648af71ae22c5da390445eebb89615db2817ee0d9687d6,18065,INCLUDE_GIT,authoritative selected compact public evidence
pub_00611,scripts/data_preparation/run_missing_lora_downstream_400.py,scripts/run_missing_lora_downstream_400.py,81d4be351f55167a04a25553d87f4cb683f71d7417f20cccb4a6f58f610c3f9d,5184,INCLUDE_GIT,authoritative selected compact public evidence
pub_00612,scripts/data_preparation/run_missing_qwen_few_shot_correctness_400.sh,scripts/run_missing_qwen_few_shot_correctness_400.sh,aad6dba1b1143d4abe51ca4f0f63d510fb2063989db386a7720351645061e337,2180,INCLUDE_GIT,authoritative selected compact public evidence
pub_00613,scripts/data_preparation/run_one_shot_400.sh,scripts/run_one_shot_400.sh,874dad7d1a172e08297f6a164a91f5f817c12796c9ec1a43ab1bd329d6825588,2684,INCLUDE_GIT,authoritative selected compact public evidence
pub_00614,scripts/data_preparation/run_qwen_base_zs_fs_400.sh,scripts/run_qwen_base_zs_fs_400.sh,622fdb7b320ba769e5654a0cd3237a44b25e49fe7c5422f6ee28859479f3f606,2539,INCLUDE_GIT,authoritative selected compact public evidence
pub_00615,scripts/data_preparation/run_qwen_base_zs_fs_correctness_400.sh,scripts/run_qwen_base_zs_fs_correctness_400.sh,64b8d67854933cdfd55cbe444e573bcdc9b402127d4c82701ddca88237586922,3242,INCLUDE_GIT,authoritative selected compact public evidence
pub_00616,scripts/fine_tuning/run_smoke_finetune.sh,scripts/run_smoke_finetune.sh,126950f7a08a26cc3795678c56f2c3b6f40639c37796a672bca48540b8374643,221,INCLUDE_GIT,authoritative selected compact public evidence
pub_00617,scripts/human_evaluation/select_human_eval_samples.py,scripts/select_human_eval_samples.py,3079699cfd7bb64533db289a7f5a218c19844b2503b0f5c9db09e1f2b25d5426,2340,INCLUDE_GIT,authoritative selected compact public evidence
pub_00618,scripts/human_evaluation/select_human_eval_samples_stratified.py,scripts/select_human_eval_samples_stratified.py,0a848edf43fca3e65016b492d239580556bacccd95c4a2eeda136faab5801230,5746,INCLUDE_GIT,authoritative selected compact public evidence
pub_00619,scripts/human_evaluation/select_human_eval_samples_stratified_multifile.py,scripts/select_human_eval_samples_stratified_multifile.py,27486d1647989d2e1eb91d9e5d6d8298056c42e6ef36b0517522c5df5cf2d1bf,4692,INCLUDE_GIT,authoritative selected compact public evidence
pub_00620,scripts/fine_tuning/train_sft_lora.py,scripts/train_sft_lora.py,5b5e0f18455e6b8119dc5ea67907cfdf269bb0c3f174b177882a7b0d445a23fc,8682,INCLUDE_GIT,authoritative selected compact public evidence
pub_00621,scripts/human_evaluation/validate_human_eval_selection.py,scripts/validate_human_eval_selection.py,a19339c88f582d9570b8942fa0f5973defcfd1805b1dffc881f08c11953b943c,7285,INCLUDE_GIT,authoritative selected compact public evidence
pub_00622,requirements_finetune.txt,transfer_bundle/requirements_finetune.txt,ed5ea8e6bb3cd199af1c6cf96086b82e779a10d242898a124a54f67908283b5b,100,INCLUDE_GIT,authoritative selected compact public evidence
pub_00623,scripts/fine_tuning/run_full_finetune.sh,transfer_bundle/run_full_finetune.sh,ee83986512f4c63985737369a58a7b33db87351e69ed48d790d4911a9437f195,228,INCLUDE_GIT,authoritative selected compact public evidence
pub_00624,scripts/fine_tuning/run_smoke_finetune.sh,transfer_bundle/run_smoke_finetune.sh,126950f7a08a26cc3795678c56f2c3b6f40639c37796a672bca48540b8374643,221,INCLUDE_GIT,authoritative selected compact public evidence
pub_00625,scripts/fine_tuning/finetune_qwen_lora.py,transfer_bundle/scripts/finetune_qwen_lora.py,b59fab93ebff8adcbdb4f0448c344a885333de65a5f6fb70e11447083ee2bb7d,3302,INCLUDE_GIT,authoritative selected compact public evidence
