logical_group,model_slug,language,prompt_regime,artefact_type,candidate_sample_count,size_bytes,sha256,diagnostic_markers,source_relative_path
1,codegemma_2b,java,FS,code_grounded_detailed,400,358643,9b0f072583acbdbfcc63b9009b185c1650ff284eac29a04661e86cb9c1c91079,,outputs/evaluation-and-correctness-may2026/open-source/codegemma_2b_P1_few_shot_java_400_v1_code_grounded_detailed.jsonl
1,codegemma_2b,java,FS,code_grounded_detailed,400,374247,04a086e5aa7b6828de3d25567a12405728a38fce80d972493425640056307a72,,outputs/evaluation-and-correctness-may2026/open-source/codegemma_2b_P1_few_shot_java_400_v1_detailed.jsonl
1,codegemma_2b,java,FS,code_grounded_detailed,400,358643,9b0f072583acbdbfcc63b9009b185c1650ff284eac29a04661e86cb9c1c91079,,outputs/segregated_results/open-source-base/may2026/open-source/codegemma_2b_P1_few_shot_java_400_v1_code_grounded_detailed.jsonl
2,codegemma_2b,java,FS,code_grounded_summary,400,1288,a416e2b98d635bc8bfd47fabc909b4b7859532c57aca2d8dafb47285b216d4bb,,outputs/evaluation-and-correctness-may2026/open-source/codegemma_2b_P1_few_shot_java_400_v1_code_grounded_summary.json
2,codegemma_2b,java,FS,code_grounded_summary,400,1091,a7b8f272da765d4ee923ea56e91e8710645ecd426fd4a13bf16011f71b59bb01,,outputs/evaluation-and-correctness-may2026/open-source/codegemma_2b_P1_few_shot_java_400_v1_summary.json
2,codegemma_2b,java,FS,code_grounded_summary,400,1288,a416e2b98d635bc8bfd47fabc909b4b7859532c57aca2d8dafb47285b216d4bb,,outputs/segregated_results/open-source-base/may2026/open-source/codegemma_2b_P1_few_shot_java_400_v1_code_grounded_summary.json
3,codegemma_2b,java,FS,raw_generation,400,439629,072f39b9dd9b4b1fd3f322ceae310a14e938f745d5db579b2f1123225f8ba8fe,,outputs/raw_generations/codegemma_2b_P1_few_shot_java_400_v1.jsonl
3,codegemma_2b,java,FS,raw_generation,400,439629,072f39b9dd9b4b1fd3f322ceae310a14e938f745d5db579b2f1123225f8ba8fe,,outputs/raw_generations/open-source/codegemma_2b_P1_few_shot_java_400_v1.jsonl
4,codegemma_2b,java,OS,automatic_evaluation_detailed,400,315727,915385d761ac609149d27ddcf472955a20014cb6654cedc15d4d3218706b5786,,outputs/evaluations/codegemma_2b_P1_one_shot_java_400_v1_eval.json_detailed.jsonl
4,codegemma_2b,java,OS,automatic_evaluation_detailed,400,315727,915385d761ac609149d27ddcf472955a20014cb6654cedc15d4d3218706b5786,,outputs/segregated_results/open-source-base/eval/codegemma_2b_P1_one_shot_java_400_v1_eval.json_detailed.jsonl
5,codegemma_2b,java,OS,automatic_evaluation_summary,400,1081,f318fec16648bef786938486ecf7c3a7d35312bce59eb9bf60db89a0d24e45e6,,outputs/evaluations/codegemma_2b_P1_one_shot_java_400_v1_eval.json_summary.json
5,codegemma_2b,java,OS,automatic_evaluation_summary,400,1081,f318fec16648bef786938486ecf7c3a7d35312bce59eb9bf60db89a0d24e45e6,,outputs/segregated_results/open-source-base/eval/codegemma_2b_P1_one_shot_java_400_v1_eval.json_summary.json
6,codegemma_2b,java,OS,code_grounded_detailed,400,299833,713ced3f94f6b680d53c5c1ce42ef32b8fdb005bd6b5aa5bc141cd52a93e7433,,outputs/correctness/codegemma_2b_P1_one_shot_java_400_v1_correctness.json_detailed.jsonl
6,codegemma_2b,java,OS,code_grounded_detailed,400,299833,713ced3f94f6b680d53c5c1ce42ef32b8fdb005bd6b5aa5bc141cd52a93e7433,,outputs/evaluation-and-correctness-may2026/open-source/codegemma_2b_P1_one_shot_java_400_v1_code_grounded_detailed.jsonl
6,codegemma_2b,java,OS,code_grounded_detailed,400,315728,208e55ca4ead8302c9fba0b414671e70fad7418fb079cd165202a5a85323eaf0,,outputs/evaluation-and-correctness-may2026/open-source/codegemma_2b_P1_one_shot_java_400_v1_detailed.jsonl
6,codegemma_2b,java,OS,code_grounded_detailed,400,299833,713ced3f94f6b680d53c5c1ce42ef32b8fdb005bd6b5aa5bc141cd52a93e7433,,outputs/segregated_results/open-source-base/correctness/codegemma_2b_P1_one_shot_java_400_v1_correctness.json_detailed.jsonl
6,codegemma_2b,java,OS,code_grounded_detailed,400,299833,713ced3f94f6b680d53c5c1ce42ef32b8fdb005bd6b5aa5bc141cd52a93e7433,,outputs/segregated_results/open-source-base/may2026/open-source/codegemma_2b_P1_one_shot_java_400_v1_code_grounded_detailed.jsonl
7,codegemma_2b,java,OS,code_grounded_summary,400,1282,05b1b8fa2c8b968254f9c3a5712f5fe31b67d7279f6bf779879245ff90489472,,outputs/correctness/codegemma_2b_P1_one_shot_java_400_v1_correctness.json_summary.json
7,codegemma_2b,java,OS,code_grounded_summary,400,1294,b3d9371313411defe09187bc8afb19fea10442cb9e632f57bc7fe25938b6a52d,,outputs/evaluation-and-correctness-may2026/open-source/codegemma_2b_P1_one_shot_java_400_v1_code_grounded_summary.json
7,codegemma_2b,java,OS,code_grounded_summary,400,1093,fb93da3e1707406a8bb40fc7812d2d4a9d3500ae2d9eff88f7fe55d244e257b5,,outputs/evaluation-and-correctness-may2026/open-source/codegemma_2b_P1_one_shot_java_400_v1_summary.json
7,codegemma_2b,java,OS,code_grounded_summary,400,1282,05b1b8fa2c8b968254f9c3a5712f5fe31b67d7279f6bf779879245ff90489472,,outputs/segregated_results/open-source-base/correctness/codegemma_2b_P1_one_shot_java_400_v1_correctness.json_summary.json
7,codegemma_2b,java,OS,code_grounded_summary,400,1294,b3d9371313411defe09187bc8afb19fea10442cb9e632f57bc7fe25938b6a52d,,outputs/segregated_results/open-source-base/may2026/open-source/codegemma_2b_P1_one_shot_java_400_v1_code_grounded_summary.json
8,codegemma_2b,java,OS,raw_generation,400,182193,c2d4b1096244186cfe66786ee4149d46c273e7168d85b027bab8c8dfa84d488d,,outputs/raw_generations/codegemma_2b_P1_one_shot_java_400_v1.jsonl
8,codegemma_2b,java,OS,raw_generation,400,182193,c2d4b1096244186cfe66786ee4149d46c273e7168d85b027bab8c8dfa84d488d,,outputs/raw_generations/open-source/codegemma_2b_P1_one_shot_java_400_v1.jsonl
9,codegemma_2b,java,ZS,code_grounded_detailed,400,399797,97a0e9223a945ad40aca47a51594b46e6bdd5d3401b6499abceb5627ff1bfa60,,outputs/evaluation-and-correctness-may2026/open-source/codegemma_2b_P1_zero_shot_java_400_v1_code_grounded_detailed.jsonl
9,codegemma_2b,java,ZS,code_grounded_detailed,400,411779,ba45db8063b8232aa4cd240e095a45127819af3e8fd6d2d3a8fffa8f5af40483,,outputs/evaluation-and-correctness-may2026/open-source/codegemma_2b_P1_zero_shot_java_400_v1_detailed.jsonl
9,codegemma_2b,java,ZS,code_grounded_detailed,400,399797,97a0e9223a945ad40aca47a51594b46e6bdd5d3401b6499abceb5627ff1bfa60,,outputs/segregated_results/open-source-base/may2026/open-source/codegemma_2b_P1_zero_shot_java_400_v1_code_grounded_detailed.jsonl
10,codegemma_2b,java,ZS,code_grounded_summary,400,1293,42d3018bab38709bd5a4483f649724afe354d0653ad3d21bab25c90a96aef636,,outputs/evaluation-and-correctness-may2026/open-source/codegemma_2b_P1_zero_shot_java_400_v1_code_grounded_summary.json
10,codegemma_2b,java,ZS,code_grounded_summary,400,1098,abeaa11e25116daff3b92f709c9210e11f9a9244b1f86f5333a9f94a23227c15,,outputs/evaluation-and-correctness-may2026/open-source/codegemma_2b_P1_zero_shot_java_400_v1_summary.json
10,codegemma_2b,java,ZS,code_grounded_summary,400,1293,42d3018bab38709bd5a4483f649724afe354d0653ad3d21bab25c90a96aef636,,outputs/segregated_results/open-source-base/may2026/open-source/codegemma_2b_P1_zero_shot_java_400_v1_code_grounded_summary.json
11,codegemma_2b,java,ZS,raw_generation,400,478244,986090993b79d21a78ecc0c66b6398718c896b5eb30174f0f42bd0ecc53501a5,,outputs/raw_generations/codegemma_2b_P1_zero_shot_java_400_v1.jsonl
11,codegemma_2b,java,ZS,raw_generation,400,478244,986090993b79d21a78ecc0c66b6398718c896b5eb30174f0f42bd0ecc53501a5,,outputs/raw_generations/open-source/codegemma_2b_P1_zero_shot_java_400_v1.jsonl
12,codegemma_2b,javascript,FS,code_grounded_detailed,400,348584,ef5885cd9f1741edca418ec8cd9f7b22c47041f176d1d2dbbf31c04d0787f8aa,,outputs/evaluation-and-correctness-may2026/open-source/codegemma_2b_P1_few_shot_javascript_400_v1_code_grounded_detailed.jsonl
12,codegemma_2b,javascript,FS,code_grounded_detailed,400,360312,36559f6ad4e3a6ce12b6bc25b5f53e8b06ec458ec295de285743c99e587ad5b4,,outputs/evaluation-and-correctness-may2026/open-source/codegemma_2b_P1_few_shot_javascript_400_v1_detailed.jsonl
12,codegemma_2b,javascript,FS,code_grounded_detailed,400,348584,ef5885cd9f1741edca418ec8cd9f7b22c47041f176d1d2dbbf31c04d0787f8aa,,outputs/segregated_results/open-source-base/may2026/open-source/codegemma_2b_P1_few_shot_javascript_400_v1_code_grounded_detailed.jsonl
13,codegemma_2b,javascript,FS,code_grounded_summary,400,1308,fab874f281d2e0192aee7fa46b49667d70edce287234d3434e66f6d0a36d15f0,,outputs/evaluation-and-correctness-may2026/open-source/codegemma_2b_P1_few_shot_javascript_400_v1_code_grounded_summary.json
13,codegemma_2b,javascript,FS,code_grounded_summary,400,1109,2b668f13e67a2529a0a2b52276b684dc5a9ec8410d6b5a8ad52b30bcd3522aca,,outputs/evaluation-and-correctness-may2026/open-source/codegemma_2b_P1_few_shot_javascript_400_v1_summary.json
13,codegemma_2b,javascript,FS,code_grounded_summary,400,1308,fab874f281d2e0192aee7fa46b49667d70edce287234d3434e66f6d0a36d15f0,,outputs/segregated_results/open-source-base/may2026/open-source/codegemma_2b_P1_few_shot_javascript_400_v1_code_grounded_summary.json
14,codegemma_2b,javascript,FS,raw_generation,400,406951,73e82d9068f1af0acefc5462fb3fb0bb53e80829f9b8a91bcd482582ab811859,,outputs/raw_generations/codegemma_2b_P1_few_shot_javascript_400_v1.jsonl
14,codegemma_2b,javascript,FS,raw_generation,400,406951,73e82d9068f1af0acefc5462fb3fb0bb53e80829f9b8a91bcd482582ab811859,,outputs/raw_generations/open-source/codegemma_2b_P1_few_shot_javascript_400_v1.jsonl
15,codegemma_2b,javascript,OS,automatic_evaluation_detailed,400,309365,59ba00086121d9034f7191ebad084240a6bac657ed093be3770984241ab07de2,,outputs/evaluations/codegemma_2b_P1_one_shot_javascript_400_v1_eval.json_detailed.jsonl
15,codegemma_2b,javascript,OS,automatic_evaluation_detailed,400,309365,59ba00086121d9034f7191ebad084240a6bac657ed093be3770984241ab07de2,,outputs/segregated_results/open-source-base/eval/codegemma_2b_P1_one_shot_javascript_400_v1_eval.json_detailed.jsonl
16,codegemma_2b,javascript,OS,automatic_evaluation_summary,400,1095,2dc8ea66e1f1b9ebd5620b3f5557289e2d2d2501acbea435579ad650ef084494,,outputs/evaluations/codegemma_2b_P1_one_shot_javascript_400_v1_eval.json_summary.json
16,codegemma_2b,javascript,OS,automatic_evaluation_summary,400,1095,2dc8ea66e1f1b9ebd5620b3f5557289e2d2d2501acbea435579ad650ef084494,,outputs/segregated_results/open-source-base/eval/codegemma_2b_P1_one_shot_javascript_400_v1_eval.json_summary.json
17,codegemma_2b,javascript,OS,code_grounded_detailed,400,302086,20681fdb5af6f185e7e7b32551f09b45b20bf62fb0ca40d141cff40bda6a0d01,,outputs/correctness/codegemma_2b_P1_one_shot_javascript_400_v1_correctness.json_detailed.jsonl
17,codegemma_2b,javascript,OS,code_grounded_detailed,400,302086,20681fdb5af6f185e7e7b32551f09b45b20bf62fb0ca40d141cff40bda6a0d01,,outputs/evaluation-and-correctness-may2026/open-source/codegemma_2b_P1_one_shot_javascript_400_v1_code_grounded_detailed.jsonl
17,codegemma_2b,javascript,OS,code_grounded_detailed,400,309372,f6e8bb4526627706d7897c0bdad20e7700d8c3169ad0e00f1555357250954f80,,outputs/evaluation-and-correctness-may2026/open-source/codegemma_2b_P1_one_shot_javascript_400_v1_detailed.jsonl
17,codegemma_2b,javascript,OS,code_grounded_detailed,400,302086,20681fdb5af6f185e7e7b32551f09b45b20bf62fb0ca40d141cff40bda6a0d01,,outputs/segregated_results/open-source-base/correctness/codegemma_2b_P1_one_shot_javascript_400_v1_correctness.json_detailed.jsonl
17,codegemma_2b,javascript,OS,code_grounded_detailed,400,302086,20681fdb5af6f185e7e7b32551f09b45b20bf62fb0ca40d141cff40bda6a0d01,,outputs/segregated_results/open-source-base/may2026/open-source/codegemma_2b_P1_one_shot_javascript_400_v1_code_grounded_detailed.jsonl
18,codegemma_2b,javascript,OS,code_grounded_summary,400,1292,35cc11353143fa5d6d048fce9338be686c14b46ef3df1a2def8a6478d1bb847c,,outputs/correctness/codegemma_2b_P1_one_shot_javascript_400_v1_correctness.json_summary.json
18,codegemma_2b,javascript,OS,code_grounded_summary,400,1304,d5bdba4fc2d2677033d1acf0b3d12c0b310f26bd9f6109f57984e16c63feb5ae,,outputs/evaluation-and-correctness-may2026/open-source/codegemma_2b_P1_one_shot_javascript_400_v1_code_grounded_summary.json
18,codegemma_2b,javascript,OS,code_grounded_summary,400,1107,7db8ffaf0fff4563c549925108807f975caa13a99fc737a27bc8bbd19f9d51db,,outputs/evaluation-and-correctness-may2026/open-source/codegemma_2b_P1_one_shot_javascript_400_v1_summary.json
18,codegemma_2b,javascript,OS,code_grounded_summary,400,1292,35cc11353143fa5d6d048fce9338be686c14b46ef3df1a2def8a6478d1bb847c,,outputs/segregated_results/open-source-base/correctness/codegemma_2b_P1_one_shot_javascript_400_v1_correctness.json_summary.json
18,codegemma_2b,javascript,OS,code_grounded_summary,400,1304,d5bdba4fc2d2677033d1acf0b3d12c0b310f26bd9f6109f57984e16c63feb5ae,,outputs/segregated_results/open-source-base/may2026/open-source/codegemma_2b_P1_one_shot_javascript_400_v1_code_grounded_summary.json
19,codegemma_2b,javascript,OS,raw_generation,400,171378,591e88ed44d9d9ead90b331a459e50cb1dee4e825610cd554a11d546a27cb8b1,,outputs/raw_generations/codegemma_2b_P1_one_shot_javascript_400_v1.jsonl
19,codegemma_2b,javascript,OS,raw_generation,400,171378,591e88ed44d9d9ead90b331a459e50cb1dee4e825610cd554a11d546a27cb8b1,,outputs/raw_generations/open-source/codegemma_2b_P1_one_shot_javascript_400_v1.jsonl
20,codegemma_2b,javascript,ZS,code_grounded_detailed,400,403571,0854f636bbee16b8d60acd142650f5a9ef876145693e6d75c0e2f57ed823ff1a,,outputs/evaluation-and-correctness-may2026/open-source/codegemma_2b_P1_zero_shot_javascript_400_v1_code_grounded_detailed.jsonl
20,codegemma_2b,javascript,ZS,code_grounded_detailed,400,410812,4bbc547dffaf836cf0e3259076153a99ea056e7c211da0b21b87ff728890d44f,,outputs/evaluation-and-correctness-may2026/open-source/codegemma_2b_P1_zero_shot_javascript_400_v1_detailed.jsonl
20,codegemma_2b,javascript,ZS,code_grounded_detailed,400,403571,0854f636bbee16b8d60acd142650f5a9ef876145693e6d75c0e2f57ed823ff1a,,outputs/segregated_results/open-source-base/may2026/open-source/codegemma_2b_P1_zero_shot_javascript_400_v1_code_grounded_detailed.jsonl
21,codegemma_2b,javascript,ZS,code_grounded_summary,400,1313,3a95431de2137d6e4a22072134b517d506942e8e3a6436d196239334f3083ae1,,outputs/evaluation-and-correctness-may2026/open-source/codegemma_2b_P1_zero_shot_javascript_400_v1_code_grounded_summary.json
21,codegemma_2b,javascript,ZS,code_grounded_summary,400,1108,717a294d250dce3e086624ce0f09a717a65c79e0863f68842ee3b2cefcffdc9f,,outputs/evaluation-and-correctness-may2026/open-source/codegemma_2b_P1_zero_shot_javascript_400_v1_summary.json
21,codegemma_2b,javascript,ZS,code_grounded_summary,400,1313,3a95431de2137d6e4a22072134b517d506942e8e3a6436d196239334f3083ae1,,outputs/segregated_results/open-source-base/may2026/open-source/codegemma_2b_P1_zero_shot_javascript_400_v1_code_grounded_summary.json
22,codegemma_2b,javascript,ZS,raw_generation,400,464171,4254c5d2d793f05efba5e199387e42b14b5745a60efcdc420f237133ba802796,,outputs/raw_generations/codegemma_2b_P1_zero_shot_javascript_400_v1.jsonl
22,codegemma_2b,javascript,ZS,raw_generation,400,464171,4254c5d2d793f05efba5e199387e42b14b5745a60efcdc420f237133ba802796,,outputs/raw_generations/open-source/codegemma_2b_P1_zero_shot_javascript_400_v1.jsonl
23,codegemma_2b,python,FS,code_grounded_detailed,400,326577,02d09b8247d410e3909d277d829917696e1c22864df3ede154931df38e179126,,outputs/evaluation-and-correctness-may2026/open-source/codegemma_2b_P1_few_shot_python_400_v1_code_grounded_detailed.jsonl
23,codegemma_2b,python,FS,code_grounded_detailed,400,338879,eff1b220fad614e7712543f80dcfc1f3e697f43095af669354352cc4d03c6389,,outputs/evaluation-and-correctness-may2026/open-source/codegemma_2b_P1_few_shot_python_400_v1_detailed.jsonl
23,codegemma_2b,python,FS,code_grounded_detailed,400,326577,02d09b8247d410e3909d277d829917696e1c22864df3ede154931df38e179126,,outputs/segregated_results/open-source-base/may2026/open-source/codegemma_2b_P1_few_shot_python_400_v1_code_grounded_detailed.jsonl
24,codegemma_2b,python,FS,code_grounded_summary,400,1262,6da5c7930a65e23f7de0e770c13788dbade54f5c5cb8a979d170cc59587742e7,,outputs/evaluation-and-correctness-may2026/open-source/codegemma_2b_P1_few_shot_python_400_v1_code_grounded_summary.json
24,codegemma_2b,python,FS,code_grounded_summary,400,1099,04f34779ce0fc26a7f172bde070b698dda16e2b9c8a9a4184b8828c02466483d,,outputs/evaluation-and-correctness-may2026/open-source/codegemma_2b_P1_few_shot_python_400_v1_summary.json
24,codegemma_2b,python,FS,code_grounded_summary,400,1262,6da5c7930a65e23f7de0e770c13788dbade54f5c5cb8a979d170cc59587742e7,,outputs/segregated_results/open-source-base/may2026/open-source/codegemma_2b_P1_few_shot_python_400_v1_code_grounded_summary.json
25,codegemma_2b,python,FS,raw_generation,400,385159,6467f14b8028bf7a8ed9f44706de59041310c6d7b160bdd1af2ebe7c637c4182,,outputs/raw_generations/codegemma_2b_P1_few_shot_python_400_v1.jsonl
25,codegemma_2b,python,FS,raw_generation,400,385159,6467f14b8028bf7a8ed9f44706de59041310c6d7b160bdd1af2ebe7c637c4182,,outputs/raw_generations/open-source/codegemma_2b_P1_few_shot_python_400_v1.jsonl
26,codegemma_2b,python,OS,automatic_evaluation_detailed,400,334979,7968b1001183f40ddae91ccf9e031c644c83346905efc687170a21049a155493,,outputs/evaluations/codegemma_2b_P1_one_shot_python_400_v1_eval.json_detailed.jsonl
26,codegemma_2b,python,OS,automatic_evaluation_detailed,400,334979,7968b1001183f40ddae91ccf9e031c644c83346905efc687170a21049a155493,,outputs/segregated_results/open-source-base/eval/codegemma_2b_P1_one_shot_python_400_v1_eval.json_detailed.jsonl
27,codegemma_2b,python,OS,automatic_evaluation_summary,400,1085,e3ca0b8c45583d77aa93afd4775c4ef09541c363e47cb50450f3094ee9d66e38,,outputs/evaluations/codegemma_2b_P1_one_shot_python_400_v1_eval.json_summary.json
27,codegemma_2b,python,OS,automatic_evaluation_summary,400,1085,e3ca0b8c45583d77aa93afd4775c4ef09541c363e47cb50450f3094ee9d66e38,,outputs/segregated_results/open-source-base/eval/codegemma_2b_P1_one_shot_python_400_v1_eval.json_summary.json
28,codegemma_2b,python,OS,code_grounded_detailed,400,323794,a0cea129292a615cfe0daab4bc941c7f3c2d61a703f9e35079a5447b6e74d9ff,,outputs/correctness/codegemma_2b_P1_one_shot_python_400_v1_correctness.json_detailed.jsonl
28,codegemma_2b,python,OS,code_grounded_detailed,400,323794,a0cea129292a615cfe0daab4bc941c7f3c2d61a703f9e35079a5447b6e74d9ff,,outputs/evaluation-and-correctness-may2026/open-source/codegemma_2b_P1_one_shot_python_400_v1_code_grounded_detailed.jsonl
28,codegemma_2b,python,OS,code_grounded_detailed,400,334977,2467a4422d99f4f7631acf766cdb2a8cc81009f76937751c5e7e184d252890cb,,outputs/evaluation-and-correctness-may2026/open-source/codegemma_2b_P1_one_shot_python_400_v1_detailed.jsonl
28,codegemma_2b,python,OS,code_grounded_detailed,400,323794,a0cea129292a615cfe0daab4bc941c7f3c2d61a703f9e35079a5447b6e74d9ff,,outputs/segregated_results/open-source-base/correctness/codegemma_2b_P1_one_shot_python_400_v1_correctness.json_detailed.jsonl
28,codegemma_2b,python,OS,code_grounded_detailed,400,323794,a0cea129292a615cfe0daab4bc941c7f3c2d61a703f9e35079a5447b6e74d9ff,,outputs/segregated_results/open-source-base/may2026/open-source/codegemma_2b_P1_one_shot_python_400_v1_code_grounded_detailed.jsonl
29,codegemma_2b,python,OS,code_grounded_summary,400,1254,f06bd62062e0d132d8b3cf215fe434ab09119ae26a271b006a9c2f7506e36435,,outputs/correctness/codegemma_2b_P1_one_shot_python_400_v1_correctness.json_summary.json
29,codegemma_2b,python,OS,code_grounded_summary,400,1266,12dbe033103591cee6f1fc5c01ca9f6e853732e4aedd81e8a3c45d5930325d7d,,outputs/evaluation-and-correctness-may2026/open-source/codegemma_2b_P1_one_shot_python_400_v1_code_grounded_summary.json
29,codegemma_2b,python,OS,code_grounded_summary,400,1097,148c3e3d401047426949a75f7309fd3e5a4a8768fc5e659bf07d0a57d89cb6a7,,outputs/evaluation-and-correctness-may2026/open-source/codegemma_2b_P1_one_shot_python_400_v1_summary.json
29,codegemma_2b,python,OS,code_grounded_summary,400,1254,f06bd62062e0d132d8b3cf215fe434ab09119ae26a271b006a9c2f7506e36435,,outputs/segregated_results/open-source-base/correctness/codegemma_2b_P1_one_shot_python_400_v1_correctness.json_summary.json
29,codegemma_2b,python,OS,code_grounded_summary,400,1266,12dbe033103591cee6f1fc5c01ca9f6e853732e4aedd81e8a3c45d5930325d7d,,outputs/segregated_results/open-source-base/may2026/open-source/codegemma_2b_P1_one_shot_python_400_v1_code_grounded_summary.json
30,codegemma_2b,python,OS,raw_generation,400,196684,9fa08caa9a7876afae60171390b1d43ca4c35441b1bd7b88c5dfffe2fbc3bf20,,outputs/raw_generations/codegemma_2b_P1_one_shot_python_400_v1.jsonl
30,codegemma_2b,python,OS,raw_generation,400,196684,9fa08caa9a7876afae60171390b1d43ca4c35441b1bd7b88c5dfffe2fbc3bf20,,outputs/raw_generations/open-source/codegemma_2b_P1_one_shot_python_400_v1.jsonl
31,codegemma_2b,python,ZS,automatic_evaluation_detailed,300,242706,c7301992880fe72418325a21f64c617307ac31bca96998f1db5b4497597c7702,,outputs/evaluations/codegemma_2b_P1_zero_shot_python_300_ZS_v3_detailed.jsonl
31,codegemma_2b,python,ZS,automatic_evaluation_detailed,300,249788,0e7a82823030e0053364c97ae835286c42b196835a3ed2c2cab96e0ec122fc1e,,outputs/evaluations/codegemma_2b_P1_zero_shot_python_300_ZS_v3_eval.json_detailed.jsonl
31,codegemma_2b,python,ZS,automatic_evaluation_detailed,300,242706,c7301992880fe72418325a21f64c617307ac31bca96998f1db5b4497597c7702,,outputs/segregated_results/open-source-base/eval/codegemma_2b_P1_zero_shot_python_300_ZS_v3_detailed.jsonl
31,codegemma_2b,python,ZS,automatic_evaluation_detailed,300,249788,0e7a82823030e0053364c97ae835286c42b196835a3ed2c2cab96e0ec122fc1e,,outputs/segregated_results/open-source-base/eval/codegemma_2b_P1_zero_shot_python_300_ZS_v3_eval.json_detailed.jsonl
32,codegemma_2b,python,ZS,automatic_evaluation_summary,300,1087,ca385030758da292b4c77bad3fc2f37c14091c5bb2eddbcdffdbb80b35012272,,outputs/evaluations/codegemma_2b_P1_zero_shot_python_300_ZS_v3_eval.json_summary.json
32,codegemma_2b,python,ZS,automatic_evaluation_summary,300,1009,4084180e182570326f0d869a1cc6100ce56daf30ca05f080761ddfbaaec5ed05,,outputs/evaluations/codegemma_2b_P1_zero_shot_python_300_ZS_v3_summary.json
32,codegemma_2b,python,ZS,automatic_evaluation_summary,300,1087,ca385030758da292b4c77bad3fc2f37c14091c5bb2eddbcdffdbb80b35012272,,outputs/segregated_results/open-source-base/eval/codegemma_2b_P1_zero_shot_python_300_ZS_v3_eval.json_summary.json
32,codegemma_2b,python,ZS,automatic_evaluation_summary,300,1009,4084180e182570326f0d869a1cc6100ce56daf30ca05f080761ddfbaaec5ed05,,outputs/segregated_results/open-source-base/eval/codegemma_2b_P1_zero_shot_python_300_ZS_v3_summary.json
33,codegemma_2b,python,ZS,code_grounded_detailed,300,244646,8cdb18445fbaeb244de1a7f6d4d5b3146e3957a9df9cdebe50974d18814770fe,,outputs/correctness/codegemma_2b_P1_zero_shot_python_300_ZS_v3_correctness.json_detailed.jsonl
33,codegemma_2b,python,ZS,code_grounded_detailed,300,249789,825d0a07a9eb635f98d23eee434a1d662184ca99cc67827477a8e57ce59abd4a,,outputs/evaluation-and-correctness-may2026/open-source/codegemma_2b_P1_zero_shot_python_300_ZS_v3_detailed.jsonl
33,codegemma_2b,python,ZS,code_grounded_detailed,400,319683,fb11e9bb5fa5298c805bfb3f7b0424b7f7dd8dd678c6603249b42038d65c7114,,outputs/evaluation-and-correctness-may2026/open-source/codegemma_2b_P1_zero_shot_python_400_v1_code_grounded_detailed.jsonl
33,codegemma_2b,python,ZS,code_grounded_detailed,400,327825,9be900dd892991ebf044d2f8a834103dbe6c9b51e770dcb06eed1d543e74dcb8,,outputs/evaluation-and-correctness-may2026/open-source/codegemma_2b_P1_zero_shot_python_400_v1_detailed.jsonl
33,codegemma_2b,python,ZS,code_grounded_detailed,300,244646,8cdb18445fbaeb244de1a7f6d4d5b3146e3957a9df9cdebe50974d18814770fe,,outputs/segregated_results/open-source-base/correctness/codegemma_2b_P1_zero_shot_python_300_ZS_v3_correctness.json_detailed.jsonl
33,codegemma_2b,python,ZS,code_grounded_detailed,400,319683,fb11e9bb5fa5298c805bfb3f7b0424b7f7dd8dd678c6603249b42038d65c7114,,outputs/segregated_results/open-source-base/may2026/open-source/codegemma_2b_P1_zero_shot_python_400_v1_code_grounded_detailed.jsonl
34,codegemma_2b,python,ZS,code_grounded_summary,300,1248,5bb9f73ca021d16df44a2db5cd629681bda1a472438e9f3af6328c1edf58ab9e,,outputs/correctness/codegemma_2b_P1_zero_shot_python_300_ZS_v3_correctness.json_summary.json
34,codegemma_2b,python,ZS,code_grounded_summary,300,1099,b95eb020d433912112772760366f0da41d2ae49b3c40fcf4ec6e7fac30251f47,,outputs/evaluation-and-correctness-may2026/open-source/codegemma_2b_P1_zero_shot_python_300_ZS_v3_summary.json
34,codegemma_2b,python,ZS,code_grounded_summary,400,1283,91685ffcd58a86493b839bcbec6d73809060e52eca0fc042c06bfe2012ff9791,,outputs/evaluation-and-correctness-may2026/open-source/codegemma_2b_P1_zero_shot_python_400_v1_code_grounded_summary.json
34,codegemma_2b,python,ZS,code_grounded_summary,400,1096,e6910e5259c997ff33c8e398111a6ca23886629d0b10627d83a95514a504ba0a,,outputs/evaluation-and-correctness-may2026/open-source/codegemma_2b_P1_zero_shot_python_400_v1_summary.json
34,codegemma_2b,python,ZS,code_grounded_summary,300,1248,5bb9f73ca021d16df44a2db5cd629681bda1a472438e9f3af6328c1edf58ab9e,,outputs/segregated_results/open-source-base/correctness/codegemma_2b_P1_zero_shot_python_300_ZS_v3_correctness.json_summary.json
34,codegemma_2b,python,ZS,code_grounded_summary,400,1283,91685ffcd58a86493b839bcbec6d73809060e52eca0fc042c06bfe2012ff9791,,outputs/segregated_results/open-source-base/may2026/open-source/codegemma_2b_P1_zero_shot_python_400_v1_code_grounded_summary.json
35,codegemma_2b,python,ZS,raw_generation,300,149514,a64c4721f44f0b855719fa147a8b38460f1e8223ca0d730873e6699e2e1414b4,,outputs/raw_generations/codegemma_2b_P1_zero_shot_python_300_ZS_v3.jsonl
35,codegemma_2b,python,ZS,raw_generation,400,193218,152d2eb36a909661611dae37548202833f2b833ed967974c315cd65219890aaa,,outputs/raw_generations/codegemma_2b_P1_zero_shot_python_400_v1.jsonl
35,codegemma_2b,python,ZS,raw_generation,300,149514,a64c4721f44f0b855719fa147a8b38460f1e8223ca0d730873e6699e2e1414b4,,outputs/raw_generations/open-source/codegemma_2b_P1_zero_shot_python_300_ZS_v3.jsonl
35,codegemma_2b,python,ZS,raw_generation,400,193218,152d2eb36a909661611dae37548202833f2b833ed967974c315cd65219890aaa,,outputs/raw_generations/open-source/codegemma_2b_P1_zero_shot_python_400_v1.jsonl
36,codegemma_2b_lora,java,FS,code_grounded_detailed,400,321640,6527b2e289c2ba3d4d460b1bb758edb5651dbb0bc49dea223c688b1012437b03,,outputs/evaluation-and-correctness-may2026/open-source-fine-tuned/codegemma_2b_lora_multilang/codegemma_2b_lora_multilang_P1_few_shot_java_400_v1_code_grounded_detailed.jsonl
36,codegemma_2b_lora,java,FS,code_grounded_detailed,400,338386,4b233a9cfb5653e6ed6ae0905c8e363402e6e872c1c097e0478bbc52ae4d675b,,outputs/evaluation-and-correctness-may2026/open-source-fine-tuned/codegemma_2b_lora_multilang/codegemma_2b_lora_multilang_P1_few_shot_java_400_v1_detailed.jsonl
36,codegemma_2b_lora,java,FS,code_grounded_detailed,400,321640,6527b2e289c2ba3d4d460b1bb758edb5651dbb0bc49dea223c688b1012437b03,,outputs/segregated_results/open-source-lora/_long_paths/d150c88262dc_codegemma_2b_lora_multilang_P1_few_shot_java_400_v1_code_grounded_detailed.jsonl
37,codegemma_2b_lora,java,FS,code_grounded_summary,400,1358,5db95660f027e8e5213a509dae8907dd1229c2b526ea193d22d1229f1b5045e3,,outputs/evaluation-and-correctness-may2026/open-source-fine-tuned/codegemma_2b_lora_multilang/codegemma_2b_lora_multilang_P1_few_shot_java_400_v1_code_grounded_summary.json
37,codegemma_2b_lora,java,FS,code_grounded_summary,400,1171,d27a1d7c43bdc29072718cb6b898132efb17d71a75227eba3ecbaf31d3989df0,,outputs/evaluation-and-correctness-may2026/open-source-fine-tuned/codegemma_2b_lora_multilang/codegemma_2b_lora_multilang_P1_few_shot_java_400_v1_summary.json
37,codegemma_2b_lora,java,FS,code_grounded_summary,400,1358,5db95660f027e8e5213a509dae8907dd1229c2b526ea193d22d1229f1b5045e3,,outputs/segregated_results/open-source-lora/_long_paths/0964db02192c_codegemma_2b_lora_multilang_P1_few_shot_java_400_v1_code_grounded_summary.json
38,codegemma_2b_lora,java,FS,raw_generation,400,237023,aa8b29c928c53f43b34a98c9749aac72b48b3a44cbf356b2026c134f2a76990d,,outputs/raw_generations/open-source-fine-tuned/codegemma_2b_lora_multilang/codegemma_2b_lora_multilang_P1_few_shot_java_400_v1.jsonl
38,codegemma_2b_lora,java,FS,raw_generation,400,338413,6e98d122c0351e2072ec52e07dc75574181a77483bc2ac5dd72e2fcc975eb5f8,,outputs/raw_generations/open-source-fine-tuned/codegemma_2b_lora_multilang/codegemma_2b_lora_multilang_P1_few_shot_java_400_v1_detailed.jsonl
38,codegemma_2b_lora,java,FS,raw_generation,400,1131,33bb059707927766df53381e0188c9b07afd3304fa4e75a19614af6f216fe703,,outputs/raw_generations/open-source-fine-tuned/codegemma_2b_lora_multilang/codegemma_2b_lora_multilang_P1_few_shot_java_400_v1_summary.json
39,codegemma_2b_lora,java,OS,code_grounded_detailed,400,331552,0dac1573fe33cf4228e88c8e6f1388629fffb8455d89bbd07d6394c330b9682f,,outputs/evaluation-and-correctness-may2026/open-source-fine-tuned/codegemma_2b_lora_multilang/codegemma_2b_lora_multilang_P1_one_shot_java_400_v1_code_grounded_detailed.jsonl
39,codegemma_2b_lora,java,OS,code_grounded_detailed,400,347962,641151584969f0495e403162397b6bcecc1c718f3cc9c0b2de3cf0da36b50c97,,outputs/evaluation-and-correctness-may2026/open-source-fine-tuned/codegemma_2b_lora_multilang/codegemma_2b_lora_multilang_P1_one_shot_java_400_v1_detailed.jsonl
39,codegemma_2b_lora,java,OS,code_grounded_detailed,400,331552,0dac1573fe33cf4228e88c8e6f1388629fffb8455d89bbd07d6394c330b9682f,,outputs/segregated_results/open-source-lora/_long_paths/a52c42120b30_codegemma_2b_lora_multilang_P1_one_shot_java_400_v1_code_grounded_detailed.jsonl
40,codegemma_2b_lora,java,OS,code_grounded_summary,400,1346,d41c37ff48ed2fd29e4434f17a9af1bb397bab7a2e6b66aad8296661740d0b26,,outputs/evaluation-and-correctness-may2026/open-source-fine-tuned/codegemma_2b_lora_multilang/codegemma_2b_lora_multilang_P1_one_shot_java_400_v1_code_grounded_summary.json
40,codegemma_2b_lora,java,OS,code_grounded_summary,400,1173,56463ceb26bbd02dde4cbac8ccacb08df098133244f7fb999a1b26dc8f6fafc7,,outputs/evaluation-and-correctness-may2026/open-source-fine-tuned/codegemma_2b_lora_multilang/codegemma_2b_lora_multilang_P1_one_shot_java_400_v1_summary.json
40,codegemma_2b_lora,java,OS,code_grounded_summary,400,1346,d41c37ff48ed2fd29e4434f17a9af1bb397bab7a2e6b66aad8296661740d0b26,,outputs/segregated_results/open-source-lora/_long_paths/b074b30c28ae_codegemma_2b_lora_multilang_P1_one_shot_java_400_v1_code_grounded_summary.json
41,codegemma_2b_lora,java,ZS,code_grounded_detailed,400,325146,1a15a8843d07ac38f5215b0f78d8d579c095460f087295e256d7f70f1114106c,,outputs/evaluation-and-correctness-may2026/open-source-fine-tuned/codegemma_2b_lora_multilang/codegemma_2b_lora_multilang_P1_zero_shot_java_400_v1_code_grounded_detailed.jsonl
41,codegemma_2b_lora,java,ZS,code_grounded_detailed,400,341844,884cbc2eb03819afea5c04535f9bda60f957b7b8db303213f1320629856844a9,,outputs/evaluation-and-correctness-may2026/open-source-fine-tuned/codegemma_2b_lora_multilang/codegemma_2b_lora_multilang_P1_zero_shot_java_400_v1_detailed.jsonl
41,codegemma_2b_lora,java,ZS,code_grounded_detailed,400,325146,1a15a8843d07ac38f5215b0f78d8d579c095460f087295e256d7f70f1114106c,,outputs/segregated_results/open-source-lora/_long_paths/4540f2b9759a_codegemma_2b_lora_multilang_P1_zero_shot_java_400_v1_code_grounded_detailed.jsonl
42,codegemma_2b_lora,java,ZS,code_grounded_summary,400,1359,a43d789e923617daf65a0f1d7eb30ff8c7637882c885ad3b288965e8a806c9d6,,outputs/evaluation-and-correctness-may2026/open-source-fine-tuned/codegemma_2b_lora_multilang/codegemma_2b_lora_multilang_P1_zero_shot_java_400_v1_code_grounded_summary.json
42,codegemma_2b_lora,java,ZS,code_grounded_summary,400,1192,ad6cc2fe2e66d3f59b8a99b8da87adcadb3671516d4b5236235fe8ab728e7215,,outputs/evaluation-and-correctness-may2026/open-source-fine-tuned/codegemma_2b_lora_multilang/codegemma_2b_lora_multilang_P1_zero_shot_java_400_v1_summary.json
42,codegemma_2b_lora,java,ZS,code_grounded_summary,400,1359,a43d789e923617daf65a0f1d7eb30ff8c7637882c885ad3b288965e8a806c9d6,,outputs/segregated_results/open-source-lora/_long_paths/3e1aadbf72d2_codegemma_2b_lora_multilang_P1_zero_shot_java_400_v1_code_grounded_summary.json
43,codegemma_2b_lora,javascript,FS,code_grounded_detailed,400,326635,0df3722416cb61941e0c0ada7d4d27aca9bfec47181bea5d0cc25539eec36d62,,outputs/evaluation-and-correctness-may2026/open-source-fine-tuned/codegemma_2b_lora_multilang/codegemma_2b_lora_multilang_P1_few_shot_javascript_400_v1_code_grounded_detailed.jsonl
43,codegemma_2b_lora,javascript,FS,code_grounded_detailed,400,338536,a56d6260e78a53635bc1531dad2bef221f3bbcc7619c6540bf95c2723da0eb49,,outputs/evaluation-and-correctness-may2026/open-source-fine-tuned/codegemma_2b_lora_multilang/codegemma_2b_lora_multilang_P1_few_shot_javascript_400_v1_detailed.jsonl
44,codegemma_2b_lora,javascript,FS,code_grounded_summary,400,1374,e296705eed7e5773854d08164af68674d5b4b39889b7b81d744916caa5038213,,outputs/evaluation-and-correctness-may2026/open-source-fine-tuned/codegemma_2b_lora_multilang/codegemma_2b_lora_multilang_P1_few_shot_javascript_400_v1_code_grounded_summary.json
44,codegemma_2b_lora,javascript,FS,code_grounded_summary,400,1169,136939530425182ba8c6c0e7ea25c62234f0b62ef1b3a8a07004c3de53a0a2fa,,outputs/evaluation-and-correctness-may2026/open-source-fine-tuned/codegemma_2b_lora_multilang/codegemma_2b_lora_multilang_P1_few_shot_javascript_400_v1_summary.json
44,codegemma_2b_lora,javascript,FS,code_grounded_summary,400,1374,e296705eed7e5773854d08164af68674d5b4b39889b7b81d744916caa5038213,,outputs/segregated_results/open-source-lora/_long_paths/95cf5347020a_codegemma_2b_lora_multilang_P1_few_shot_javascript_400_v1_code_grounded_summary.json
45,codegemma_2b_lora,javascript,OS,code_grounded_detailed,400,346264,163be31f2195d4276ad358e8767033f0fd3923962c8f13ea424c017a4f11574a,,outputs/evaluation-and-correctness-may2026/open-source-fine-tuned/codegemma_2b_lora_multilang/codegemma_2b_lora_multilang_P1_one_shot_javascript_400_v1_code_grounded_detailed.jsonl
45,codegemma_2b_lora,javascript,OS,code_grounded_detailed,400,359816,42740be2710ee1625c95d18da1460c4a4bf7e05465c9a365060f0a9a54fab768,,outputs/evaluation-and-correctness-may2026/open-source-fine-tuned/codegemma_2b_lora_multilang/codegemma_2b_lora_multilang_P1_one_shot_javascript_400_v1_detailed.jsonl
46,codegemma_2b_lora,javascript,OS,code_grounded_summary,400,1372,ed7d1b2a0665aa7f6dd8d51076f87b0c13921f6e166baa8066f3acd89d0fc96d,,outputs/evaluation-and-correctness-may2026/open-source-fine-tuned/codegemma_2b_lora_multilang/codegemma_2b_lora_multilang_P1_one_shot_javascript_400_v1_code_grounded_summary.json
46,codegemma_2b_lora,javascript,OS,code_grounded_summary,400,1165,f3739d0a6f054192b39fce161c0ba736a355f8b6809fd625e0bcb6121e0d44af,,outputs/evaluation-and-correctness-may2026/open-source-fine-tuned/codegemma_2b_lora_multilang/codegemma_2b_lora_multilang_P1_one_shot_javascript_400_v1_summary.json
46,codegemma_2b_lora,javascript,OS,code_grounded_summary,400,1372,ed7d1b2a0665aa7f6dd8d51076f87b0c13921f6e166baa8066f3acd89d0fc96d,,outputs/segregated_results/open-source-lora/_long_paths/539848342fd4_codegemma_2b_lora_multilang_P1_one_shot_javascript_400_v1_code_grounded_summary.json
47,codegemma_2b_lora,javascript,ZS,code_grounded_detailed,400,339319,232dc1c505778b90b8af433fc4d23ca927097446a3aa17a80701a59cc106b1df,,outputs/evaluation-and-correctness-may2026/open-source-fine-tuned/codegemma_2b_lora_multilang/codegemma_2b_lora_multilang_P1_zero_shot_javascript_400_v1_code_grounded_detailed.jsonl
47,codegemma_2b_lora,javascript,ZS,code_grounded_detailed,400,352416,a2e8aa3da24418faf7abe0ca37d91d112fd71aa2567b3de830e4194c583c8474,,outputs/evaluation-and-correctness-may2026/open-source-fine-tuned/codegemma_2b_lora_multilang/codegemma_2b_lora_multilang_P1_zero_shot_javascript_400_v1_detailed.jsonl
48,codegemma_2b_lora,javascript,ZS,code_grounded_summary,400,1373,59383e39f2377183bd07e6a16538240feb09e879a1d26bc59d34fda74e444e36,,outputs/evaluation-and-correctness-may2026/open-source-fine-tuned/codegemma_2b_lora_multilang/codegemma_2b_lora_multilang_P1_zero_shot_javascript_400_v1_code_grounded_summary.json
48,codegemma_2b_lora,javascript,ZS,code_grounded_summary,400,1170,cbed588d097f1fe94b0437e922e68a59f57b558a2ff70487cd33524577dc2958,,outputs/evaluation-and-correctness-may2026/open-source-fine-tuned/codegemma_2b_lora_multilang/codegemma_2b_lora_multilang_P1_zero_shot_javascript_400_v1_summary.json
48,codegemma_2b_lora,javascript,ZS,code_grounded_summary,400,1373,59383e39f2377183bd07e6a16538240feb09e879a1d26bc59d34fda74e444e36,,outputs/segregated_results/open-source-lora/_long_paths/2fe56860627b_codegemma_2b_lora_multilang_P1_zero_shot_javascript_400_v1_code_grounded_summary.json
49,codegemma_2b_lora,python,FS,code_grounded_detailed,400,320691,3227c42510f0c2a2f4200dda0c2a3228864fd3a1a312118b855e7e7a200fc9f7,,outputs/evaluation-and-correctness-may2026/open-source-fine-tuned/codegemma_2b_lora_multilang/codegemma_2b_lora_multilang_P1_few_shot_python_400_v1_code_grounded_detailed.jsonl
49,codegemma_2b_lora,python,FS,code_grounded_detailed,400,333611,60a50a3fd889e1f67798552d2af88bcf01c743684bb289ad183a3ea2b52e1f9b,,outputs/evaluation-and-correctness-may2026/open-source-fine-tuned/codegemma_2b_lora_multilang/codegemma_2b_lora_multilang_P1_few_shot_python_400_v1_detailed.jsonl
49,codegemma_2b_lora,python,FS,code_grounded_detailed,400,320691,3227c42510f0c2a2f4200dda0c2a3228864fd3a1a312118b855e7e7a200fc9f7,,outputs/segregated_results/open-source-lora/_long_paths/3e7e9eaf03ce_codegemma_2b_lora_multilang_P1_few_shot_python_400_v1_code_grounded_detailed.jsonl
50,codegemma_2b_lora,python,FS,code_grounded_summary,400,1336,eefbd98b444b9d1fa802ab1c25e3bcf4da90d96b2ea945d91962586b17879364,,outputs/evaluation-and-correctness-may2026/open-source-fine-tuned/codegemma_2b_lora_multilang/codegemma_2b_lora_multilang_P1_few_shot_python_400_v1_code_grounded_summary.json
50,codegemma_2b_lora,python,FS,code_grounded_summary,400,1155,d0c46846424366a4db352c2105c9024d57f61e806cc28bcc565d967599599728,,outputs/evaluation-and-correctness-may2026/open-source-fine-tuned/codegemma_2b_lora_multilang/codegemma_2b_lora_multilang_P1_few_shot_python_400_v1_summary.json
50,codegemma_2b_lora,python,FS,code_grounded_summary,400,1336,eefbd98b444b9d1fa802ab1c25e3bcf4da90d96b2ea945d91962586b17879364,,outputs/segregated_results/open-source-lora/_long_paths/018cb82dbd08_codegemma_2b_lora_multilang_P1_few_shot_python_400_v1_code_grounded_summary.json
51,codegemma_2b_lora,python,OS,code_grounded_detailed,400,325615,1d59dfa7f1e013f77df4c673bf74b3b8b9ca520b75085c9cc2b98025a75318fd,,outputs/evaluation-and-correctness-may2026/open-source-fine-tuned/codegemma_2b_lora_multilang/codegemma_2b_lora_multilang_P1_one_shot_python_400_v1_code_grounded_detailed.jsonl
51,codegemma_2b_lora,python,OS,code_grounded_detailed,400,337980,1c1773a70210f50f0064c43941fad8a30a8c215158403e4de58606c2d2983aed,,outputs/evaluation-and-correctness-may2026/open-source-fine-tuned/codegemma_2b_lora_multilang/codegemma_2b_lora_multilang_P1_one_shot_python_400_v1_detailed.jsonl
51,codegemma_2b_lora,python,OS,code_grounded_detailed,400,325615,1d59dfa7f1e013f77df4c673bf74b3b8b9ca520b75085c9cc2b98025a75318fd,,outputs/segregated_results/open-source-lora/_long_paths/ef3b2778e498_codegemma_2b_lora_multilang_P1_one_shot_python_400_v1_code_grounded_detailed.jsonl
52,codegemma_2b_lora,python,OS,code_grounded_summary,400,1338,9a19faf23e4f9e87207d4ea9bb463575b1fdcc2cddf9ce1721911c5e762440fb,,outputs/evaluation-and-correctness-may2026/open-source-fine-tuned/codegemma_2b_lora_multilang/codegemma_2b_lora_multilang_P1_one_shot_python_400_v1_code_grounded_summary.json
52,codegemma_2b_lora,python,OS,code_grounded_summary,400,1159,c8e10bd3db947170565732f204e35b2bd40b7e773a8aa2674908ee3c8b239802,,outputs/evaluation-and-correctness-may2026/open-source-fine-tuned/codegemma_2b_lora_multilang/codegemma_2b_lora_multilang_P1_one_shot_python_400_v1_summary.json
52,codegemma_2b_lora,python,OS,code_grounded_summary,400,1338,9a19faf23e4f9e87207d4ea9bb463575b1fdcc2cddf9ce1721911c5e762440fb,,outputs/segregated_results/open-source-lora/_long_paths/adfde55fd9fa_codegemma_2b_lora_multilang_P1_one_shot_python_400_v1_code_grounded_summary.json
53,codegemma_2b_lora,python,ZS,code_grounded_detailed,400,320429,a268c4ec0687644ba83ceed059c239e342acb9df816f9483f09fccfdeb0bc4f7,,outputs/evaluation-and-correctness-may2026/open-source-fine-tuned/codegemma_2b_lora_multilang/codegemma_2b_lora_multilang_P1_zero_shot_python_400_v1_code_grounded_detailed.jsonl
53,codegemma_2b_lora,python,ZS,code_grounded_detailed,400,333358,1b6335161d29f6a45f1e73575aae28b76df11210c8968bf048239c5cc5bb85b5,,outputs/evaluation-and-correctness-may2026/open-source-fine-tuned/codegemma_2b_lora_multilang/codegemma_2b_lora_multilang_P1_zero_shot_python_400_v1_detailed.jsonl
53,codegemma_2b_lora,python,ZS,code_grounded_detailed,400,320429,a268c4ec0687644ba83ceed059c239e342acb9df816f9483f09fccfdeb0bc4f7,,outputs/segregated_results/open-source-lora/_long_paths/300a156093a9_codegemma_2b_lora_multilang_P1_zero_shot_python_400_v1_code_grounded_detailed.jsonl
54,codegemma_2b_lora,python,ZS,code_grounded_summary,400,1337,97fc0371e8bb23fe7b5e426c4cf140aaa37320a3e7dac388f75a32fac6849c69,,outputs/evaluation-and-correctness-may2026/open-source-fine-tuned/codegemma_2b_lora_multilang/codegemma_2b_lora_multilang_P1_zero_shot_python_400_v1_code_grounded_summary.json
54,codegemma_2b_lora,python,ZS,code_grounded_summary,400,1156,e78c0600b89e4ab4a657adcf9b3bd5856e2b0d7afb7a67f9b2e8dde4edc282c4,,outputs/evaluation-and-correctness-may2026/open-source-fine-tuned/codegemma_2b_lora_multilang/codegemma_2b_lora_multilang_P1_zero_shot_python_400_v1_summary.json
54,codegemma_2b_lora,python,ZS,code_grounded_summary,400,1337,97fc0371e8bb23fe7b5e426c4cf140aaa37320a3e7dac388f75a32fac6849c69,,outputs/segregated_results/open-source-lora/_long_paths/e11cabe07d49_codegemma_2b_lora_multilang_P1_zero_shot_python_400_v1_code_grounded_summary.json
55,deepseek_chat_v3_2,java,FS,automatic_evaluation_detailed,400,340793,4c6b59d7e40b39d8c82d123d11a83f44c86acc48925cac48cab003cedd62ea18,,outputs/evaluations/deepseek_chat_P1_few_shot_java_400_v1_eval.json_detailed.jsonl
55,deepseek_chat_v3_2,java,FS,automatic_evaluation_detailed,400,340793,4c6b59d7e40b39d8c82d123d11a83f44c86acc48925cac48cab003cedd62ea18,,outputs/segregated_results/commercial-base/eval/deepseek_chat_P1_few_shot_java_400_v1_eval.json_detailed.jsonl
56,deepseek_chat_v3_2,java,FS,automatic_evaluation_summary,400,1072,c7b793c36f0d74070b53aa5bf2c714d8baa6e6042558b38d00983e9717bf62d1,,outputs/evaluations/deepseek_chat_P1_few_shot_java_400_v1_eval.json_summary.json
56,deepseek_chat_v3_2,java,FS,automatic_evaluation_summary,400,1072,c7b793c36f0d74070b53aa5bf2c714d8baa6e6042558b38d00983e9717bf62d1,,outputs/segregated_results/commercial-base/eval/deepseek_chat_P1_few_shot_java_400_v1_eval.json_summary.json
57,deepseek_chat_v3_2,java,FS,code_grounded_detailed,400,323798,ba67d0c8352c872b512e9994a7a5c5fd0c2b5f4d33d03c77175bd04322d3776b,,outputs/evaluation-and-correctness-may2026/commercial-new/deepseek_chat_P1_few_shot_java_400_v1_code_grounded_detailed.jsonl
57,deepseek_chat_v3_2,java,FS,code_grounded_detailed,400,340791,5937954c6c2c9043c6806cab4b03ef41f8be148158eb152fe4a1f0419ed1b143,,outputs/evaluation-and-correctness-may2026/commercial-new/deepseek_chat_P1_few_shot_java_400_v1_detailed.jsonl
57,deepseek_chat_v3_2,java,FS,code_grounded_detailed,400,323798,ba67d0c8352c872b512e9994a7a5c5fd0c2b5f4d33d03c77175bd04322d3776b,,outputs/evaluations/deepseek_chat_P1_few_shot_java_400_v1_code_grounded_detailed.jsonl
57,deepseek_chat_v3_2,java,FS,code_grounded_detailed,400,323798,ba67d0c8352c872b512e9994a7a5c5fd0c2b5f4d33d03c77175bd04322d3776b,,outputs/segregated_results/commercial-base/eval/deepseek_chat_P1_few_shot_java_400_v1_code_grounded_detailed.jsonl
57,deepseek_chat_v3_2,java,FS,code_grounded_detailed,400,323798,ba67d0c8352c872b512e9994a7a5c5fd0c2b5f4d33d03c77175bd04322d3776b,,outputs/segregated_results/commercial-base/evaluation-and-correctness-may2026/commercial-new/deepseek_chat_P1_few_shot_java_400_v1_code_grounded_detailed.jsonl
57,deepseek_chat_v3_2,java,FS,code_grounded_detailed,400,340791,5937954c6c2c9043c6806cab4b03ef41f8be148158eb152fe4a1f0419ed1b143,,outputs/segregated_results/commercial-base/evaluation-and-correctness-may2026/commercial-new/deepseek_chat_P1_few_shot_java_400_v1_detailed.jsonl
57,deepseek_chat_v3_2,java,FS,code_grounded_detailed,400,323798,ba67d0c8352c872b512e9994a7a5c5fd0c2b5f4d33d03c77175bd04322d3776b,,outputs/segregated_results/commercial-base/may2026/commercial-new/deepseek_chat_P1_few_shot_java_400_v1_code_grounded_detailed.jsonl
58,deepseek_chat_v3_2,java,FS,code_grounded_summary,400,1262,202a656d8b0e7bea179b742bc374fd41c48f950c45d1b3ecc41e6d544aeeed28,,outputs/evaluation-and-correctness-may2026/commercial-new/deepseek_chat_P1_few_shot_java_400_v1_code_grounded_summary.json
58,deepseek_chat_v3_2,java,FS,code_grounded_summary,400,1087,c8448f2d73b915591e0f16bc86458955c4195de8e4526239bb75a10b3aa3f68c,,outputs/evaluation-and-correctness-may2026/commercial-new/deepseek_chat_P1_few_shot_java_400_v1_summary.json
58,deepseek_chat_v3_2,java,FS,code_grounded_summary,400,1247,44abb11f81ca89252b7fabd72bfccac108dc776fc6ba143d94783e49ce0f1315,,outputs/evaluations/deepseek_chat_P1_few_shot_java_400_v1_code_grounded_summary.json
58,deepseek_chat_v3_2,java,FS,code_grounded_summary,400,1247,44abb11f81ca89252b7fabd72bfccac108dc776fc6ba143d94783e49ce0f1315,,outputs/segregated_results/commercial-base/eval/deepseek_chat_P1_few_shot_java_400_v1_code_grounded_summary.json
58,deepseek_chat_v3_2,java,FS,code_grounded_summary,400,1262,202a656d8b0e7bea179b742bc374fd41c48f950c45d1b3ecc41e6d544aeeed28,,outputs/segregated_results/commercial-base/evaluation-and-correctness-may2026/commercial-new/deepseek_chat_P1_few_shot_java_400_v1_code_grounded_summary.json
58,deepseek_chat_v3_2,java,FS,code_grounded_summary,400,1087,c8448f2d73b915591e0f16bc86458955c4195de8e4526239bb75a10b3aa3f68c,,outputs/segregated_results/commercial-base/evaluation-and-correctness-may2026/commercial-new/deepseek_chat_P1_few_shot_java_400_v1_summary.json
58,deepseek_chat_v3_2,java,FS,code_grounded_summary,400,1262,202a656d8b0e7bea179b742bc374fd41c48f950c45d1b3ecc41e6d544aeeed28,,outputs/segregated_results/commercial-base/may2026/commercial-new/deepseek_chat_P1_few_shot_java_400_v1_code_grounded_summary.json
59,deepseek_chat_v3_2,java,FS,raw_generation,400,239830,9518a14efa370f2f6f59ee71ade022b262f2921443373ae8072cf1d87160871d,,outputs/raw_generations/commercial-new/deepseek_chat_P1_few_shot_java_400_v1.jsonl
59,deepseek_chat_v3_2,java,FS,raw_generation,400,239830,9518a14efa370f2f6f59ee71ade022b262f2921443373ae8072cf1d87160871d,,outputs/raw_generations/deepseek_chat_P1_few_shot_java_400_v1.jsonl
60,deepseek_chat_v3_2,java,OS,automatic_evaluation_detailed,400,335755,55c1e70b42b5f3730655abbd01a1e8de6f5e2b6fb030bf7873c6bf2cfdd16fc0,,outputs/evaluations/deepseek_chat_P1_one_shot_java_400_v1_eval.json_detailed.jsonl
60,deepseek_chat_v3_2,java,OS,automatic_evaluation_detailed,400,335755,55c1e70b42b5f3730655abbd01a1e8de6f5e2b6fb030bf7873c6bf2cfdd16fc0,,outputs/segregated_results/commercial-base/eval/deepseek_chat_P1_one_shot_java_400_v1_eval.json_detailed.jsonl
61,deepseek_chat_v3_2,java,OS,automatic_evaluation_summary,400,1070,651f1bb3e1a32614cb848b0e4e85ac28f9451f52c74522e1cb17d4cb29a6f8e3,,outputs/evaluations/deepseek_chat_P1_one_shot_java_400_v1_eval.json_summary.json
61,deepseek_chat_v3_2,java,OS,automatic_evaluation_summary,400,1070,651f1bb3e1a32614cb848b0e4e85ac28f9451f52c74522e1cb17d4cb29a6f8e3,,outputs/segregated_results/commercial-base/eval/deepseek_chat_P1_one_shot_java_400_v1_eval.json_summary.json
62,deepseek_chat_v3_2,java,OS,code_grounded_detailed,400,319115,65c4aa9b816c67779af5adae13d4746500fa19a978a7e97c0d27822c4b67e73e,,outputs/correctness/deepseek_chat_P1_one_shot_java_400_v1_correctness.json_detailed.jsonl
62,deepseek_chat_v3_2,java,OS,code_grounded_detailed,400,319115,65c4aa9b816c67779af5adae13d4746500fa19a978a7e97c0d27822c4b67e73e,,outputs/evaluation-and-correctness-may2026/commercial-new/deepseek_chat_P1_one_shot_java_400_v1_code_grounded_detailed.jsonl
62,deepseek_chat_v3_2,java,OS,code_grounded_detailed,400,335760,194ad90feca61636cc49d3bc085b16297bcd9c951648a4f65d6e7837fd4f39b7,,outputs/evaluation-and-correctness-may2026/commercial-new/deepseek_chat_P1_one_shot_java_400_v1_detailed.jsonl
62,deepseek_chat_v3_2,java,OS,code_grounded_detailed,400,319115,65c4aa9b816c67779af5adae13d4746500fa19a978a7e97c0d27822c4b67e73e,,outputs/segregated_results/commercial-base/correctness/deepseek_chat_P1_one_shot_java_400_v1_correctness.json_detailed.jsonl
62,deepseek_chat_v3_2,java,OS,code_grounded_detailed,400,319115,65c4aa9b816c67779af5adae13d4746500fa19a978a7e97c0d27822c4b67e73e,,outputs/segregated_results/commercial-base/evaluation-and-correctness-may2026/commercial-new/deepseek_chat_P1_one_shot_java_400_v1_code_grounded_detailed.jsonl
62,deepseek_chat_v3_2,java,OS,code_grounded_detailed,400,335760,194ad90feca61636cc49d3bc085b16297bcd9c951648a4f65d6e7837fd4f39b7,,outputs/segregated_results/commercial-base/evaluation-and-correctness-may2026/commercial-new/deepseek_chat_P1_one_shot_java_400_v1_detailed.jsonl
62,deepseek_chat_v3_2,java,OS,code_grounded_detailed,400,319115,65c4aa9b816c67779af5adae13d4746500fa19a978a7e97c0d27822c4b67e73e,,outputs/segregated_results/commercial-base/may2026/commercial-new/deepseek_chat_P1_one_shot_java_400_v1_code_grounded_detailed.jsonl
63,deepseek_chat_v3_2,java,OS,code_grounded_summary,400,1269,2d109e258deaff62f120f8f4705dd8868eae09768dc5b285b488203da61e98f1,,outputs/correctness/deepseek_chat_P1_one_shot_java_400_v1_correctness.json_summary.json
63,deepseek_chat_v3_2,java,OS,code_grounded_summary,400,1284,2f461a0c62ff10307dd72caebdd05972474a0c580628df274181ceefc4d9ad0c,,outputs/evaluation-and-correctness-may2026/commercial-new/deepseek_chat_P1_one_shot_java_400_v1_code_grounded_summary.json
63,deepseek_chat_v3_2,java,OS,code_grounded_summary,400,1085,429a45c902ce080efdb893560fcb0ff6eb54a03829c33c4ad4b15b09521178e1,,outputs/evaluation-and-correctness-may2026/commercial-new/deepseek_chat_P1_one_shot_java_400_v1_summary.json
63,deepseek_chat_v3_2,java,OS,code_grounded_summary,400,1269,2d109e258deaff62f120f8f4705dd8868eae09768dc5b285b488203da61e98f1,,outputs/segregated_results/commercial-base/correctness/deepseek_chat_P1_one_shot_java_400_v1_correctness.json_summary.json
63,deepseek_chat_v3_2,java,OS,code_grounded_summary,400,1284,2f461a0c62ff10307dd72caebdd05972474a0c580628df274181ceefc4d9ad0c,,outputs/segregated_results/commercial-base/evaluation-and-correctness-may2026/commercial-new/deepseek_chat_P1_one_shot_java_400_v1_code_grounded_summary.json
63,deepseek_chat_v3_2,java,OS,code_grounded_summary,400,1085,429a45c902ce080efdb893560fcb0ff6eb54a03829c33c4ad4b15b09521178e1,,outputs/segregated_results/commercial-base/evaluation-and-correctness-may2026/commercial-new/deepseek_chat_P1_one_shot_java_400_v1_summary.json
63,deepseek_chat_v3_2,java,OS,code_grounded_summary,400,1284,2f461a0c62ff10307dd72caebdd05972474a0c580628df274181ceefc4d9ad0c,,outputs/segregated_results/commercial-base/may2026/commercial-new/deepseek_chat_P1_one_shot_java_400_v1_code_grounded_summary.json
64,deepseek_chat_v3_2,java,OS,raw_generation,400,235387,ca6fcecd17345049142443e42e3aa8121d2b41d20f91cb864b859a2b10fc4318,,outputs/raw_generations/commercial-new/deepseek_chat_P1_one_shot_java_400_v1.jsonl
64,deepseek_chat_v3_2,java,OS,raw_generation,400,235387,ca6fcecd17345049142443e42e3aa8121d2b41d20f91cb864b859a2b10fc4318,,outputs/raw_generations/deepseek_chat_P1_one_shot_java_400_v1.jsonl
65,deepseek_chat_v3_2,java,ZS,automatic_evaluation_detailed,400,333876,75f6ad3696f0c3daafeffc3e48f103f9d9649a76d9d217ba1cbb339e1c5a75d3,,outputs/evaluations/deepseek_chat_P1_zero_shot_java_400_v1_eval.json_detailed.jsonl
65,deepseek_chat_v3_2,java,ZS,automatic_evaluation_detailed,400,333876,75f6ad3696f0c3daafeffc3e48f103f9d9649a76d9d217ba1cbb339e1c5a75d3,,outputs/segregated_results/commercial-base/eval/deepseek_chat_P1_zero_shot_java_400_v1_eval.json_detailed.jsonl
66,deepseek_chat_v3_2,java,ZS,automatic_evaluation_summary,400,1079,261514ced6abac8ae84134b8f32c020c16701b2222414a8d157e60351f742c87,,outputs/evaluations/deepseek_chat_P1_zero_shot_java_400_v1_eval.json_summary.json
66,deepseek_chat_v3_2,java,ZS,automatic_evaluation_summary,400,1079,261514ced6abac8ae84134b8f32c020c16701b2222414a8d157e60351f742c87,,outputs/segregated_results/commercial-base/eval/deepseek_chat_P1_zero_shot_java_400_v1_eval.json_summary.json
67,deepseek_chat_v3_2,java,ZS,code_grounded_detailed,400,317193,01904ec460a130d23991da997ccd48660ca5da4f7956fd3af338e1bea75f904d,,outputs/correctness/deepseek_chat_P1_zero_shot_java_400_v1_correctness.json_detailed.jsonl
67,deepseek_chat_v3_2,java,ZS,code_grounded_detailed,400,317193,01904ec460a130d23991da997ccd48660ca5da4f7956fd3af338e1bea75f904d,,outputs/evaluation-and-correctness-may2026/commercial-new/deepseek_chat_P1_zero_shot_java_400_v1_code_grounded_detailed.jsonl
67,deepseek_chat_v3_2,java,ZS,code_grounded_detailed,400,333870,492fb3c8d0ed20d22b59a45446787b920f1c7f06112b85c554a822e80e518b56,,outputs/evaluation-and-correctness-may2026/commercial-new/deepseek_chat_P1_zero_shot_java_400_v1_detailed.jsonl
67,deepseek_chat_v3_2,java,ZS,code_grounded_detailed,400,317193,01904ec460a130d23991da997ccd48660ca5da4f7956fd3af338e1bea75f904d,,outputs/segregated_results/commercial-base/correctness/deepseek_chat_P1_zero_shot_java_400_v1_correctness.json_detailed.jsonl
67,deepseek_chat_v3_2,java,ZS,code_grounded_detailed,400,317193,01904ec460a130d23991da997ccd48660ca5da4f7956fd3af338e1bea75f904d,,outputs/segregated_results/commercial-base/evaluation-and-correctness-may2026/commercial-new/deepseek_chat_P1_zero_shot_java_400_v1_code_grounded_detailed.jsonl
67,deepseek_chat_v3_2,java,ZS,code_grounded_detailed,400,333870,492fb3c8d0ed20d22b59a45446787b920f1c7f06112b85c554a822e80e518b56,,outputs/segregated_results/commercial-base/evaluation-and-correctness-may2026/commercial-new/deepseek_chat_P1_zero_shot_java_400_v1_detailed.jsonl
67,deepseek_chat_v3_2,java,ZS,code_grounded_detailed,400,317193,01904ec460a130d23991da997ccd48660ca5da4f7956fd3af338e1bea75f904d,,outputs/segregated_results/commercial-base/may2026/commercial-new/deepseek_chat_P1_zero_shot_java_400_v1_code_grounded_detailed.jsonl
68,deepseek_chat_v3_2,java,ZS,code_grounded_summary,400,1272,8f2478f41657cf0d7eb8c1a16d531134b057178762ef2884343f85981059f464,,outputs/correctness/deepseek_chat_P1_zero_shot_java_400_v1_correctness.json_summary.json
68,deepseek_chat_v3_2,java,ZS,code_grounded_summary,400,1287,bc43ca404a12faa2b17210d8e1e2e953d5b1d8121f7d6aa9177dbcd8725e4ce6,,outputs/evaluation-and-correctness-may2026/commercial-new/deepseek_chat_P1_zero_shot_java_400_v1_code_grounded_summary.json
68,deepseek_chat_v3_2,java,ZS,code_grounded_summary,400,1094,03eaa835fb3d5fc830f3c35ed3d3f904f8de87857d64d0d92f3baebbd8bae98d,,outputs/evaluation-and-correctness-may2026/commercial-new/deepseek_chat_P1_zero_shot_java_400_v1_summary.json
68,deepseek_chat_v3_2,java,ZS,code_grounded_summary,400,1272,8f2478f41657cf0d7eb8c1a16d531134b057178762ef2884343f85981059f464,,outputs/segregated_results/commercial-base/correctness/deepseek_chat_P1_zero_shot_java_400_v1_correctness.json_summary.json
68,deepseek_chat_v3_2,java,ZS,code_grounded_summary,400,1287,bc43ca404a12faa2b17210d8e1e2e953d5b1d8121f7d6aa9177dbcd8725e4ce6,,outputs/segregated_results/commercial-base/evaluation-and-correctness-may2026/commercial-new/deepseek_chat_P1_zero_shot_java_400_v1_code_grounded_summary.json
68,deepseek_chat_v3_2,java,ZS,code_grounded_summary,400,1094,03eaa835fb3d5fc830f3c35ed3d3f904f8de87857d64d0d92f3baebbd8bae98d,,outputs/segregated_results/commercial-base/evaluation-and-correctness-may2026/commercial-new/deepseek_chat_P1_zero_shot_java_400_v1_summary.json
68,deepseek_chat_v3_2,java,ZS,code_grounded_summary,400,1287,bc43ca404a12faa2b17210d8e1e2e953d5b1d8121f7d6aa9177dbcd8725e4ce6,,outputs/segregated_results/commercial-base/may2026/commercial-new/deepseek_chat_P1_zero_shot_java_400_v1_code_grounded_summary.json
69,deepseek_chat_v3_2,java,ZS,raw_generation,400,233401,bb00e42153b6c66b8b51bfc93ab2e43c317d53bd3ed25ec2d6d1d3db6ca87924,,outputs/raw_generations/commercial-new/deepseek_chat_P1_zero_shot_java_400_v1.jsonl
69,deepseek_chat_v3_2,java,ZS,raw_generation,400,233401,bb00e42153b6c66b8b51bfc93ab2e43c317d53bd3ed25ec2d6d1d3db6ca87924,,outputs/raw_generations/deepseek_chat_P1_zero_shot_java_400_v1.jsonl
70,deepseek_chat_v3_2,javascript,FS,automatic_evaluation_detailed,400,331822,6a868f3c67d5d7dd71905ac8137fdb5be4ed66f9b4f42d0322694056cec32653,,outputs/evaluations/deepseek_chat_P1_few_shot_javascript_400_v1_eval.json_detailed.jsonl
70,deepseek_chat_v3_2,javascript,FS,automatic_evaluation_detailed,400,331822,6a868f3c67d5d7dd71905ac8137fdb5be4ed66f9b4f42d0322694056cec32653,,outputs/segregated_results/commercial-base/eval/deepseek_chat_P1_few_shot_javascript_400_v1_eval.json_detailed.jsonl
71,deepseek_chat_v3_2,javascript,FS,automatic_evaluation_summary,400,1080,c054b9c2d5658f07dfa9ab0bd5de8157f05b97a223ba49aae3cfba484d9989a8,,outputs/evaluations/deepseek_chat_P1_few_shot_javascript_400_v1_eval.json_summary.json
71,deepseek_chat_v3_2,javascript,FS,automatic_evaluation_summary,400,1080,c054b9c2d5658f07dfa9ab0bd5de8157f05b97a223ba49aae3cfba484d9989a8,,outputs/segregated_results/commercial-base/eval/deepseek_chat_P1_few_shot_javascript_400_v1_eval.json_summary.json
72,deepseek_chat_v3_2,javascript,FS,code_grounded_detailed,400,320140,090e03aff1e03274768e41c2a071eb84dd5ddcbee9b73e64204d7b3c59bdb1f9,,outputs/evaluation-and-correctness-may2026/commercial-new/deepseek_chat_P1_few_shot_javascript_400_v1_code_grounded_detailed.jsonl
72,deepseek_chat_v3_2,javascript,FS,code_grounded_detailed,400,331814,7cd6f217d12bbd8f51e6a0df9e506dd4612a87fcf30cbd9f72e2152ecaa435e9,,outputs/evaluation-and-correctness-may2026/commercial-new/deepseek_chat_P1_few_shot_javascript_400_v1_detailed.jsonl
72,deepseek_chat_v3_2,javascript,FS,code_grounded_detailed,400,320140,090e03aff1e03274768e41c2a071eb84dd5ddcbee9b73e64204d7b3c59bdb1f9,,outputs/evaluations/deepseek_chat_P1_few_shot_javascript_400_v1_code_grounded_detailed.jsonl
72,deepseek_chat_v3_2,javascript,FS,code_grounded_detailed,400,320140,090e03aff1e03274768e41c2a071eb84dd5ddcbee9b73e64204d7b3c59bdb1f9,,outputs/segregated_results/commercial-base/eval/deepseek_chat_P1_few_shot_javascript_400_v1_code_grounded_detailed.jsonl
72,deepseek_chat_v3_2,javascript,FS,code_grounded_detailed,400,320140,090e03aff1e03274768e41c2a071eb84dd5ddcbee9b73e64204d7b3c59bdb1f9,,outputs/segregated_results/commercial-base/evaluation-and-correctness-may2026/commercial-new/deepseek_chat_P1_few_shot_javascript_400_v1_code_grounded_detailed.jsonl
72,deepseek_chat_v3_2,javascript,FS,code_grounded_detailed,400,331814,7cd6f217d12bbd8f51e6a0df9e506dd4612a87fcf30cbd9f72e2152ecaa435e9,,outputs/segregated_results/commercial-base/evaluation-and-correctness-may2026/commercial-new/deepseek_chat_P1_few_shot_javascript_400_v1_detailed.jsonl
72,deepseek_chat_v3_2,javascript,FS,code_grounded_detailed,400,320140,090e03aff1e03274768e41c2a071eb84dd5ddcbee9b73e64204d7b3c59bdb1f9,,outputs/segregated_results/commercial-base/may2026/commercial-new/deepseek_chat_P1_few_shot_javascript_400_v1_code_grounded_detailed.jsonl
73,deepseek_chat_v3_2,javascript,FS,code_grounded_summary,400,1310,57f305456e6761ecbc5321d3a7647100ae574dccc8b961ea463550354e855487,,outputs/evaluation-and-correctness-may2026/commercial-new/deepseek_chat_P1_few_shot_javascript_400_v1_code_grounded_summary.json
73,deepseek_chat_v3_2,javascript,FS,code_grounded_summary,400,1095,7b098a143ae41c03a4e8d4f77f23264690d03dcac7b93e1b8bfb90de30838ea6,,outputs/evaluation-and-correctness-may2026/commercial-new/deepseek_chat_P1_few_shot_javascript_400_v1_summary.json
73,deepseek_chat_v3_2,javascript,FS,code_grounded_summary,400,1295,dc620f73d47382202984d9ab8318bacacdab4ae11b25398c8bc94521bc20834a,,outputs/evaluations/deepseek_chat_P1_few_shot_javascript_400_v1_code_grounded_summary.json
73,deepseek_chat_v3_2,javascript,FS,code_grounded_summary,400,1295,dc620f73d47382202984d9ab8318bacacdab4ae11b25398c8bc94521bc20834a,,outputs/segregated_results/commercial-base/eval/deepseek_chat_P1_few_shot_javascript_400_v1_code_grounded_summary.json
73,deepseek_chat_v3_2,javascript,FS,code_grounded_summary,400,1310,57f305456e6761ecbc5321d3a7647100ae574dccc8b961ea463550354e855487,,outputs/segregated_results/commercial-base/evaluation-and-correctness-may2026/commercial-new/deepseek_chat_P1_few_shot_javascript_400_v1_code_grounded_summary.json
73,deepseek_chat_v3_2,javascript,FS,code_grounded_summary,400,1095,7b098a143ae41c03a4e8d4f77f23264690d03dcac7b93e1b8bfb90de30838ea6,,outputs/segregated_results/commercial-base/evaluation-and-correctness-may2026/commercial-new/deepseek_chat_P1_few_shot_javascript_400_v1_summary.json
73,deepseek_chat_v3_2,javascript,FS,code_grounded_summary,400,1310,57f305456e6761ecbc5321d3a7647100ae574dccc8b961ea463550354e855487,,outputs/segregated_results/commercial-base/may2026/commercial-new/deepseek_chat_P1_few_shot_javascript_400_v1_code_grounded_summary.json
74,deepseek_chat_v3_2,javascript,FS,raw_generation,400,214790,7d348408773403a67f7ab3e815371466524b7e27f29e9ae7ccad436bdbaa0962,,outputs/raw_generations/commercial-new/deepseek_chat_P1_few_shot_javascript_400_v1.jsonl
74,deepseek_chat_v3_2,javascript,FS,raw_generation,400,214790,7d348408773403a67f7ab3e815371466524b7e27f29e9ae7ccad436bdbaa0962,,outputs/raw_generations/deepseek_chat_P1_few_shot_javascript_400_v1.jsonl
75,deepseek_chat_v3_2,javascript,OS,automatic_evaluation_detailed,400,332162,c10c2bef3a32fdb69d902a3c446c6bc7b46888b0a4f678f3a7a20b114807a946,,outputs/evaluations/deepseek_chat_P1_one_shot_javascript_400_v1_eval.json_detailed.jsonl
75,deepseek_chat_v3_2,javascript,OS,automatic_evaluation_detailed,400,332162,c10c2bef3a32fdb69d902a3c446c6bc7b46888b0a4f678f3a7a20b114807a946,,outputs/segregated_results/commercial-base/eval/deepseek_chat_P1_one_shot_javascript_400_v1_eval.json_detailed.jsonl
76,deepseek_chat_v3_2,javascript,OS,automatic_evaluation_summary,400,1106,cf4e3396d6700684b6cee597f91f4d5db297deeba603e8a1c8ce98d0e6434018,,outputs/evaluations/deepseek_chat_P1_one_shot_javascript_400_v1_eval.json_summary.json
76,deepseek_chat_v3_2,javascript,OS,automatic_evaluation_summary,400,1106,cf4e3396d6700684b6cee597f91f4d5db297deeba603e8a1c8ce98d0e6434018,,outputs/segregated_results/commercial-base/eval/deepseek_chat_P1_one_shot_javascript_400_v1_eval.json_summary.json
77,deepseek_chat_v3_2,javascript,OS,code_grounded_detailed,400,320295,e9a920e803b99ef80ddccc4a93362167f7535e405b892abedc6609ccaacc6b76,,outputs/correctness/deepseek_chat_P1_one_shot_javascript_400_v1_correctness.json_detailed.jsonl
77,deepseek_chat_v3_2,javascript,OS,code_grounded_detailed,400,320295,e9a920e803b99ef80ddccc4a93362167f7535e405b892abedc6609ccaacc6b76,,outputs/evaluation-and-correctness-may2026/commercial-new/deepseek_chat_P1_one_shot_javascript_400_v1_code_grounded_detailed.jsonl
77,deepseek_chat_v3_2,javascript,OS,code_grounded_detailed,400,332174,f7fae25503beceb635103c23e222d0f9a501e22ab638200a1fa5f880ce07e576,,outputs/evaluation-and-correctness-may2026/commercial-new/deepseek_chat_P1_one_shot_javascript_400_v1_detailed.jsonl
77,deepseek_chat_v3_2,javascript,OS,code_grounded_detailed,400,320295,e9a920e803b99ef80ddccc4a93362167f7535e405b892abedc6609ccaacc6b76,,outputs/segregated_results/commercial-base/correctness/deepseek_chat_P1_one_shot_javascript_400_v1_correctness.json_detailed.jsonl
77,deepseek_chat_v3_2,javascript,OS,code_grounded_detailed,400,320295,e9a920e803b99ef80ddccc4a93362167f7535e405b892abedc6609ccaacc6b76,,outputs/segregated_results/commercial-base/evaluation-and-correctness-may2026/commercial-new/deepseek_chat_P1_one_shot_javascript_400_v1_code_grounded_detailed.jsonl
77,deepseek_chat_v3_2,javascript,OS,code_grounded_detailed,400,332174,f7fae25503beceb635103c23e222d0f9a501e22ab638200a1fa5f880ce07e576,,outputs/segregated_results/commercial-base/evaluation-and-correctness-may2026/commercial-new/deepseek_chat_P1_one_shot_javascript_400_v1_detailed.jsonl
77,deepseek_chat_v3_2,javascript,OS,code_grounded_detailed,400,320295,e9a920e803b99ef80ddccc4a93362167f7535e405b892abedc6609ccaacc6b76,,outputs/segregated_results/commercial-base/may2026/commercial-new/deepseek_chat_P1_one_shot_javascript_400_v1_code_grounded_detailed.jsonl
78,deepseek_chat_v3_2,javascript,OS,code_grounded_summary,400,1289,aee1ddb38efdd905f69c2aa55dcc342718b8f5c0615534d7cb4b4183be446e26,,outputs/correctness/deepseek_chat_P1_one_shot_javascript_400_v1_correctness.json_summary.json
78,deepseek_chat_v3_2,javascript,OS,code_grounded_summary,400,1304,68dc76c07ed30f79b5cd2bc78c41d0a4761084d1afbf58c10cdc0e051f579a09,,outputs/evaluation-and-correctness-may2026/commercial-new/deepseek_chat_P1_one_shot_javascript_400_v1_code_grounded_summary.json
78,deepseek_chat_v3_2,javascript,OS,code_grounded_summary,400,1121,876c8acb41029c19c3e8597a442104daea837bf9fd6c339d3b51e2a13f63aa4b,,outputs/evaluation-and-correctness-may2026/commercial-new/deepseek_chat_P1_one_shot_javascript_400_v1_summary.json
78,deepseek_chat_v3_2,javascript,OS,code_grounded_summary,400,1289,aee1ddb38efdd905f69c2aa55dcc342718b8f5c0615534d7cb4b4183be446e26,,outputs/segregated_results/commercial-base/correctness/deepseek_chat_P1_one_shot_javascript_400_v1_correctness.json_summary.json
78,deepseek_chat_v3_2,javascript,OS,code_grounded_summary,400,1304,68dc76c07ed30f79b5cd2bc78c41d0a4761084d1afbf58c10cdc0e051f579a09,,outputs/segregated_results/commercial-base/evaluation-and-correctness-may2026/commercial-new/deepseek_chat_P1_one_shot_javascript_400_v1_code_grounded_summary.json
78,deepseek_chat_v3_2,javascript,OS,code_grounded_summary,400,1121,876c8acb41029c19c3e8597a442104daea837bf9fd6c339d3b51e2a13f63aa4b,,outputs/segregated_results/commercial-base/evaluation-and-correctness-may2026/commercial-new/deepseek_chat_P1_one_shot_javascript_400_v1_summary.json
78,deepseek_chat_v3_2,javascript,OS,code_grounded_summary,400,1304,68dc76c07ed30f79b5cd2bc78c41d0a4761084d1afbf58c10cdc0e051f579a09,,outputs/segregated_results/commercial-base/may2026/commercial-new/deepseek_chat_P1_one_shot_javascript_400_v1_code_grounded_summary.json
79,deepseek_chat_v3_2,javascript,OS,raw_generation,400,215050,a56a397d6858e7aa3d86b78e7ec75ccdf829273da481bc9740b34a3a80559286,,outputs/raw_generations/commercial-new/deepseek_chat_P1_one_shot_javascript_400_v1.jsonl
79,deepseek_chat_v3_2,javascript,OS,raw_generation,400,215050,a56a397d6858e7aa3d86b78e7ec75ccdf829273da481bc9740b34a3a80559286,,outputs/raw_generations/deepseek_chat_P1_one_shot_javascript_400_v1.jsonl
80,deepseek_chat_v3_2,javascript,ZS,automatic_evaluation_detailed,400,337960,b17656a1360ae54933fc6096266d7c23e5a5028bde487eaf5f10493cb9e9904f,,outputs/evaluations/deepseek_chat_P1_zero_shot_javascript_400_v1_eval.json_detailed.jsonl
80,deepseek_chat_v3_2,javascript,ZS,automatic_evaluation_detailed,400,337960,b17656a1360ae54933fc6096266d7c23e5a5028bde487eaf5f10493cb9e9904f,,outputs/segregated_results/commercial-base/eval/deepseek_chat_P1_zero_shot_javascript_400_v1_eval.json_detailed.jsonl
81,deepseek_chat_v3_2,javascript,ZS,automatic_evaluation_summary,400,1091,4af000fc7c34d8f7cb43298748b2045c5f09bc90569b56328534a4f807ffcb1a,,outputs/evaluations/deepseek_chat_P1_zero_shot_javascript_400_v1_eval.json_summary.json
81,deepseek_chat_v3_2,javascript,ZS,automatic_evaluation_summary,400,1091,4af000fc7c34d8f7cb43298748b2045c5f09bc90569b56328534a4f807ffcb1a,,outputs/segregated_results/commercial-base/eval/deepseek_chat_P1_zero_shot_javascript_400_v1_eval.json_summary.json
82,deepseek_chat_v3_2,javascript,ZS,code_grounded_detailed,400,325930,7cc6931a4b15335b7a5f5d8b18367facc17ad8f52337fde30e2b4e0edfcca08c,,outputs/correctness/deepseek_chat_P1_zero_shot_javascript_400_v1_correctness.json_detailed.jsonl
82,deepseek_chat_v3_2,javascript,ZS,code_grounded_detailed,400,325930,7cc6931a4b15335b7a5f5d8b18367facc17ad8f52337fde30e2b4e0edfcca08c,,outputs/evaluation-and-correctness-may2026/commercial-new/deepseek_chat_P1_zero_shot_javascript_400_v1_code_grounded_detailed.jsonl
82,deepseek_chat_v3_2,javascript,ZS,code_grounded_detailed,400,337959,864ba0333dcd2da54f95448cca31f0bf1c254d14bc8c0b3a71f3646a3dd73fb5,,outputs/evaluation-and-correctness-may2026/commercial-new/deepseek_chat_P1_zero_shot_javascript_400_v1_detailed.jsonl
82,deepseek_chat_v3_2,javascript,ZS,code_grounded_detailed,400,325930,7cc6931a4b15335b7a5f5d8b18367facc17ad8f52337fde30e2b4e0edfcca08c,,outputs/segregated_results/commercial-base/correctness/deepseek_chat_P1_zero_shot_javascript_400_v1_correctness.json_detailed.jsonl
82,deepseek_chat_v3_2,javascript,ZS,code_grounded_detailed,400,325930,7cc6931a4b15335b7a5f5d8b18367facc17ad8f52337fde30e2b4e0edfcca08c,,outputs/segregated_results/commercial-base/evaluation-and-correctness-may2026/commercial-new/deepseek_chat_P1_zero_shot_javascript_400_v1_code_grounded_detailed.jsonl
82,deepseek_chat_v3_2,javascript,ZS,code_grounded_detailed,400,337959,864ba0333dcd2da54f95448cca31f0bf1c254d14bc8c0b3a71f3646a3dd73fb5,,outputs/segregated_results/commercial-base/evaluation-and-correctness-may2026/commercial-new/deepseek_chat_P1_zero_shot_javascript_400_v1_detailed.jsonl
82,deepseek_chat_v3_2,javascript,ZS,code_grounded_detailed,400,325930,7cc6931a4b15335b7a5f5d8b18367facc17ad8f52337fde30e2b4e0edfcca08c,,outputs/segregated_results/commercial-base/may2026/commercial-new/deepseek_chat_P1_zero_shot_javascript_400_v1_code_grounded_detailed.jsonl
83,deepseek_chat_v3_2,javascript,ZS,code_grounded_summary,400,1292,804d207c61f1cdf9f742c29e91b6e56c6eac59c9e69b3a1ea28f4904bf25b525,,outputs/correctness/deepseek_chat_P1_zero_shot_javascript_400_v1_correctness.json_summary.json
83,deepseek_chat_v3_2,javascript,ZS,code_grounded_summary,400,1307,3048e58555f95794878bfbc3bc3ac5ae0221efc045ae16b0dc85308400236871,,outputs/evaluation-and-correctness-may2026/commercial-new/deepseek_chat_P1_zero_shot_javascript_400_v1_code_grounded_summary.json
83,deepseek_chat_v3_2,javascript,ZS,code_grounded_summary,400,1106,a8a6a068f383d2f00856ffad9cf6c114b2cfbcb2f6a87afe24c3cba8c49e31a4,,outputs/evaluation-and-correctness-may2026/commercial-new/deepseek_chat_P1_zero_shot_javascript_400_v1_summary.json
83,deepseek_chat_v3_2,javascript,ZS,code_grounded_summary,400,1292,804d207c61f1cdf9f742c29e91b6e56c6eac59c9e69b3a1ea28f4904bf25b525,,outputs/segregated_results/commercial-base/correctness/deepseek_chat_P1_zero_shot_javascript_400_v1_correctness.json_summary.json
83,deepseek_chat_v3_2,javascript,ZS,code_grounded_summary,400,1307,3048e58555f95794878bfbc3bc3ac5ae0221efc045ae16b0dc85308400236871,,outputs/segregated_results/commercial-base/evaluation-and-correctness-may2026/commercial-new/deepseek_chat_P1_zero_shot_javascript_400_v1_code_grounded_summary.json
83,deepseek_chat_v3_2,javascript,ZS,code_grounded_summary,400,1106,a8a6a068f383d2f00856ffad9cf6c114b2cfbcb2f6a87afe24c3cba8c49e31a4,,outputs/segregated_results/commercial-base/evaluation-and-correctness-may2026/commercial-new/deepseek_chat_P1_zero_shot_javascript_400_v1_summary.json
83,deepseek_chat_v3_2,javascript,ZS,code_grounded_summary,400,1307,3048e58555f95794878bfbc3bc3ac5ae0221efc045ae16b0dc85308400236871,,outputs/segregated_results/commercial-base/may2026/commercial-new/deepseek_chat_P1_zero_shot_javascript_400_v1_code_grounded_summary.json
84,deepseek_chat_v3_2,javascript,ZS,raw_generation,400,220681,8ed5d09e4e7880b8132124fbfa3c5fbf911e87f961564248ed23502923fcf7f0,,outputs/raw_generations/commercial-new/deepseek_chat_P1_zero_shot_javascript_400_v1.jsonl
84,deepseek_chat_v3_2,javascript,ZS,raw_generation,400,220681,8ed5d09e4e7880b8132124fbfa3c5fbf911e87f961564248ed23502923fcf7f0,,outputs/raw_generations/deepseek_chat_P1_zero_shot_javascript_400_v1.jsonl
85,deepseek_chat_v3_2,python,FS,automatic_evaluation_detailed,400,335484,35b5bf0e157d95551bde136ef2671490ee2f2ac1e6cd651de3d703ab8b5ab31e,,outputs/evaluations/deepseek_chat_P1_few_shot_python_400_v1_eval.json_detailed.jsonl
85,deepseek_chat_v3_2,python,FS,automatic_evaluation_detailed,400,335484,35b5bf0e157d95551bde136ef2671490ee2f2ac1e6cd651de3d703ab8b5ab31e,,outputs/segregated_results/commercial-base/eval/deepseek_chat_P1_few_shot_python_400_v1_eval.json_detailed.jsonl
86,deepseek_chat_v3_2,python,FS,automatic_evaluation_summary,400,1080,316a1680e5b1bef66464acdf8e3dae6cd2abc91600a438430384ea7aebb86a43,,outputs/evaluations/deepseek_chat_P1_few_shot_python_400_v1_eval.json_summary.json
86,deepseek_chat_v3_2,python,FS,automatic_evaluation_summary,400,1080,316a1680e5b1bef66464acdf8e3dae6cd2abc91600a438430384ea7aebb86a43,,outputs/segregated_results/commercial-base/eval/deepseek_chat_P1_few_shot_python_400_v1_eval.json_summary.json
87,deepseek_chat_v3_2,python,FS,code_grounded_detailed,400,321835,efd5114ed8f77178e782c6266456089a2fc0e44f65f193fa5c382fc64b69b2e7,,outputs/evaluation-and-correctness-may2026/commercial-new/deepseek_chat_P1_few_shot_python_400_v1_code_grounded_detailed.jsonl
87,deepseek_chat_v3_2,python,FS,code_grounded_detailed,400,335475,cf2d8f0dc41b965f27b60effc764d56d7c991040441cb45ec3a745404930aeb5,,outputs/evaluation-and-correctness-may2026/commercial-new/deepseek_chat_P1_few_shot_python_400_v1_detailed.jsonl
87,deepseek_chat_v3_2,python,FS,code_grounded_detailed,400,321835,efd5114ed8f77178e782c6266456089a2fc0e44f65f193fa5c382fc64b69b2e7,,outputs/evaluations/deepseek_chat_P1_few_shot_python_400_v1_code_grounded_detailed.jsonl
87,deepseek_chat_v3_2,python,FS,code_grounded_detailed,400,321835,efd5114ed8f77178e782c6266456089a2fc0e44f65f193fa5c382fc64b69b2e7,,outputs/segregated_results/commercial-base/eval/deepseek_chat_P1_few_shot_python_400_v1_code_grounded_detailed.jsonl
87,deepseek_chat_v3_2,python,FS,code_grounded_detailed,400,321835,efd5114ed8f77178e782c6266456089a2fc0e44f65f193fa5c382fc64b69b2e7,,outputs/segregated_results/commercial-base/evaluation-and-correctness-may2026/commercial-new/deepseek_chat_P1_few_shot_python_400_v1_code_grounded_detailed.jsonl
87,deepseek_chat_v3_2,python,FS,code_grounded_detailed,400,335475,cf2d8f0dc41b965f27b60effc764d56d7c991040441cb45ec3a745404930aeb5,,outputs/segregated_results/commercial-base/evaluation-and-correctness-may2026/commercial-new/deepseek_chat_P1_few_shot_python_400_v1_detailed.jsonl
87,deepseek_chat_v3_2,python,FS,code_grounded_detailed,400,321835,efd5114ed8f77178e782c6266456089a2fc0e44f65f193fa5c382fc64b69b2e7,,outputs/segregated_results/commercial-base/may2026/commercial-new/deepseek_chat_P1_few_shot_python_400_v1_code_grounded_detailed.jsonl
88,deepseek_chat_v3_2,python,FS,code_grounded_summary,400,1266,3afd3eac18fd629f5f319eb95bafe6f30603254f3d462a9a9281d83d90d29f44,,outputs/evaluation-and-correctness-may2026/commercial-new/deepseek_chat_P1_few_shot_python_400_v1_code_grounded_summary.json
88,deepseek_chat_v3_2,python,FS,code_grounded_summary,400,1095,32adacaa4ad707b844c29de0baa4cf3f7f8acc7e87dcb6fbdb48d48ba27259fd,,outputs/evaluation-and-correctness-may2026/commercial-new/deepseek_chat_P1_few_shot_python_400_v1_summary.json
88,deepseek_chat_v3_2,python,FS,code_grounded_summary,400,1251,5ac5e998031bb1ed8f967923cc70328441077f95760e13c70ee5cc1740b5f3af,,outputs/evaluations/deepseek_chat_P1_few_shot_python_400_v1_code_grounded_summary.json
88,deepseek_chat_v3_2,python,FS,code_grounded_summary,400,1251,5ac5e998031bb1ed8f967923cc70328441077f95760e13c70ee5cc1740b5f3af,,outputs/segregated_results/commercial-base/eval/deepseek_chat_P1_few_shot_python_400_v1_code_grounded_summary.json
88,deepseek_chat_v3_2,python,FS,code_grounded_summary,400,1266,3afd3eac18fd629f5f319eb95bafe6f30603254f3d462a9a9281d83d90d29f44,,outputs/segregated_results/commercial-base/evaluation-and-correctness-may2026/commercial-new/deepseek_chat_P1_few_shot_python_400_v1_code_grounded_summary.json
88,deepseek_chat_v3_2,python,FS,code_grounded_summary,400,1095,32adacaa4ad707b844c29de0baa4cf3f7f8acc7e87dcb6fbdb48d48ba27259fd,,outputs/segregated_results/commercial-base/evaluation-and-correctness-may2026/commercial-new/deepseek_chat_P1_few_shot_python_400_v1_summary.json
88,deepseek_chat_v3_2,python,FS,code_grounded_summary,400,1266,3afd3eac18fd629f5f319eb95bafe6f30603254f3d462a9a9281d83d90d29f44,,outputs/segregated_results/commercial-base/may2026/commercial-new/deepseek_chat_P1_few_shot_python_400_v1_code_grounded_summary.json
89,deepseek_chat_v3_2,python,FS,raw_generation,400,225705,68e360e20c94c400c1174321b944a11d81a3c4e74ef010640b065fb99413aab2,,outputs/raw_generations/commercial-new/deepseek_chat_P1_few_shot_python_400_v1.jsonl
89,deepseek_chat_v3_2,python,FS,raw_generation,400,225705,68e360e20c94c400c1174321b944a11d81a3c4e74ef010640b065fb99413aab2,,outputs/raw_generations/deepseek_chat_P1_few_shot_python_400_v1.jsonl
90,deepseek_chat_v3_2,python,OS,automatic_evaluation_detailed,400,329906,341d33abf491edcee40983243195f9c339c16092faa0deb994b1b25d9cf200a3,,outputs/evaluations/deepseek_chat_P1_one_shot_python_400_v1_eval.json_detailed.jsonl
90,deepseek_chat_v3_2,python,OS,automatic_evaluation_detailed,400,329906,341d33abf491edcee40983243195f9c339c16092faa0deb994b1b25d9cf200a3,,outputs/segregated_results/commercial-base/eval/deepseek_chat_P1_one_shot_python_400_v1_eval.json_detailed.jsonl
91,deepseek_chat_v3_2,python,OS,automatic_evaluation_summary,400,1080,0fd8b3cf2c90d8ea85f295654bd6a2eb5f374b08d495f455f98f2984ae624889,,outputs/evaluations/deepseek_chat_P1_one_shot_python_400_v1_eval.json_summary.json
91,deepseek_chat_v3_2,python,OS,automatic_evaluation_summary,400,1080,0fd8b3cf2c90d8ea85f295654bd6a2eb5f374b08d495f455f98f2984ae624889,,outputs/segregated_results/commercial-base/eval/deepseek_chat_P1_one_shot_python_400_v1_eval.json_summary.json
92,deepseek_chat_v3_2,python,OS,code_grounded_detailed,400,316529,212932c3fba5d61a842bfba666903e1dede42a5408a49dae0faa71757c5422b0,,outputs/correctness/deepseek_chat_P1_one_shot_python_400_v1_correctness.json_detailed.jsonl
92,deepseek_chat_v3_2,python,OS,code_grounded_detailed,400,316529,212932c3fba5d61a842bfba666903e1dede42a5408a49dae0faa71757c5422b0,,outputs/evaluation-and-correctness-may2026/commercial-new/deepseek_chat_P1_one_shot_python_400_v1_code_grounded_detailed.jsonl
92,deepseek_chat_v3_2,python,OS,code_grounded_detailed,400,329907,46f85e1d87cc4ffec8fe3e1d4d1fe44c867fb4019823a10d5788f07d7511f564,,outputs/evaluation-and-correctness-may2026/commercial-new/deepseek_chat_P1_one_shot_python_400_v1_detailed.jsonl
92,deepseek_chat_v3_2,python,OS,code_grounded_detailed,400,316529,212932c3fba5d61a842bfba666903e1dede42a5408a49dae0faa71757c5422b0,,outputs/segregated_results/commercial-base/correctness/deepseek_chat_P1_one_shot_python_400_v1_correctness.json_detailed.jsonl
92,deepseek_chat_v3_2,python,OS,code_grounded_detailed,400,316529,212932c3fba5d61a842bfba666903e1dede42a5408a49dae0faa71757c5422b0,,outputs/segregated_results/commercial-base/evaluation-and-correctness-may2026/commercial-new/deepseek_chat_P1_one_shot_python_400_v1_code_grounded_detailed.jsonl
92,deepseek_chat_v3_2,python,OS,code_grounded_detailed,400,329907,46f85e1d87cc4ffec8fe3e1d4d1fe44c867fb4019823a10d5788f07d7511f564,,outputs/segregated_results/commercial-base/evaluation-and-correctness-may2026/commercial-new/deepseek_chat_P1_one_shot_python_400_v1_detailed.jsonl
92,deepseek_chat_v3_2,python,OS,code_grounded_detailed,400,316529,212932c3fba5d61a842bfba666903e1dede42a5408a49dae0faa71757c5422b0,,outputs/segregated_results/commercial-base/may2026/commercial-new/deepseek_chat_P1_one_shot_python_400_v1_code_grounded_detailed.jsonl
93,deepseek_chat_v3_2,python,OS,code_grounded_summary,400,1257,d12026df828ab0bfd5b2513d31cdf9d0178585cf6d5ba316489d289a420521b5,,outputs/correctness/deepseek_chat_P1_one_shot_python_400_v1_correctness.json_summary.json
93,deepseek_chat_v3_2,python,OS,code_grounded_summary,400,1272,ecae236d242047d7ed3d09867fad4efbb99068fd99e585d2b9ecddbd7e2b3309,,outputs/evaluation-and-correctness-may2026/commercial-new/deepseek_chat_P1_one_shot_python_400_v1_code_grounded_summary.json
93,deepseek_chat_v3_2,python,OS,code_grounded_summary,400,1095,9c2944409bff8e4afca914527de9d4562726fd53b1f3f96603cd0f8962bec77d,,outputs/evaluation-and-correctness-may2026/commercial-new/deepseek_chat_P1_one_shot_python_400_v1_summary.json
93,deepseek_chat_v3_2,python,OS,code_grounded_summary,400,1257,d12026df828ab0bfd5b2513d31cdf9d0178585cf6d5ba316489d289a420521b5,,outputs/segregated_results/commercial-base/correctness/deepseek_chat_P1_one_shot_python_400_v1_correctness.json_summary.json
93,deepseek_chat_v3_2,python,OS,code_grounded_summary,400,1272,ecae236d242047d7ed3d09867fad4efbb99068fd99e585d2b9ecddbd7e2b3309,,outputs/segregated_results/commercial-base/evaluation-and-correctness-may2026/commercial-new/deepseek_chat_P1_one_shot_python_400_v1_code_grounded_summary.json
93,deepseek_chat_v3_2,python,OS,code_grounded_summary,400,1095,9c2944409bff8e4afca914527de9d4562726fd53b1f3f96603cd0f8962bec77d,,outputs/segregated_results/commercial-base/evaluation-and-correctness-may2026/commercial-new/deepseek_chat_P1_one_shot_python_400_v1_summary.json
93,deepseek_chat_v3_2,python,OS,code_grounded_summary,400,1272,ecae236d242047d7ed3d09867fad4efbb99068fd99e585d2b9ecddbd7e2b3309,,outputs/segregated_results/commercial-base/may2026/commercial-new/deepseek_chat_P1_one_shot_python_400_v1_code_grounded_summary.json
94,deepseek_chat_v3_2,python,OS,raw_generation,400,220549,c0ca545e48b93963dfdacf71c237ddd0a53d82c28177b21fd15bbed430a86447,,outputs/raw_generations/commercial-new/deepseek_chat_P1_one_shot_python_400_v1.jsonl
94,deepseek_chat_v3_2,python,OS,raw_generation,400,220549,c0ca545e48b93963dfdacf71c237ddd0a53d82c28177b21fd15bbed430a86447,,outputs/raw_generations/deepseek_chat_P1_one_shot_python_400_v1.jsonl
95,deepseek_chat_v3_2,python,ZS,automatic_evaluation_detailed,400,334856,bbb48c42383f718a8edd8fc3d291978317091ff1b2852c48e230f0d926a598fc,,outputs/evaluations/deepseek_chat_P1_zero_shot_python_400_v1_eval.json_detailed.jsonl
95,deepseek_chat_v3_2,python,ZS,automatic_evaluation_detailed,400,12439,9836d49a8e24293385222a27ebeac1273f3da51d96ea4053f014cb4083cfe41a,,outputs/evaluations/deepseek_reasoner_P1_zero_shot_python_400_v1_eval.json_detailed.jsonl
95,deepseek_chat_v3_2,python,ZS,automatic_evaluation_detailed,400,334856,bbb48c42383f718a8edd8fc3d291978317091ff1b2852c48e230f0d926a598fc,,outputs/segregated_results/commercial-base/eval/deepseek_chat_P1_zero_shot_python_400_v1_eval.json_detailed.jsonl
95,deepseek_chat_v3_2,python,ZS,automatic_evaluation_detailed,400,12439,9836d49a8e24293385222a27ebeac1273f3da51d96ea4053f014cb4083cfe41a,,outputs/segregated_results/commercial-base/eval/deepseek_reasoner_P1_zero_shot_python_400_v1_eval.json_detailed.jsonl
96,deepseek_chat_v3_2,python,ZS,automatic_evaluation_summary,400,1075,4ef393dd942be5f591141a3f820650d3493cd502e5031ac34cad89590fa632ab,,outputs/evaluations/deepseek_chat_P1_zero_shot_python_400_v1_eval.json_summary.json
96,deepseek_chat_v3_2,python,ZS,automatic_evaluation_summary,400,1097,0e8893a1ab1ebae45b72cf72a1e96dc0470bb4fa445b618bcf868693b8e180a0,,outputs/evaluations/deepseek_reasoner_P1_zero_shot_python_400_v1_eval.json_summary.json
96,deepseek_chat_v3_2,python,ZS,automatic_evaluation_summary,400,1075,4ef393dd942be5f591141a3f820650d3493cd502e5031ac34cad89590fa632ab,,outputs/segregated_results/commercial-base/eval/deepseek_chat_P1_zero_shot_python_400_v1_eval.json_summary.json
96,deepseek_chat_v3_2,python,ZS,automatic_evaluation_summary,400,1097,0e8893a1ab1ebae45b72cf72a1e96dc0470bb4fa445b618bcf868693b8e180a0,,outputs/segregated_results/commercial-base/eval/deepseek_reasoner_P1_zero_shot_python_400_v1_eval.json_summary.json
97,deepseek_chat_v3_2,python,ZS,code_grounded_detailed,400,321375,cadc90750ac0c25ecf8f720fc46aa88603626a1915f9dc228761f898bf089154,,outputs/correctness/deepseek_chat_P1_zero_shot_python_400_v1_correctness.json_detailed.jsonl
97,deepseek_chat_v3_2,python,ZS,code_grounded_detailed,400,12087,8d2d2f2dbf9a0c9aa456f552eef6a14ca9a3ca37e6e1d7b3705151b9da30ed9a,,outputs/correctness/deepseek_reasoner_P1_zero_shot_python_400_v1_correctness.json_detailed.jsonl
97,deepseek_chat_v3_2,python,ZS,code_grounded_detailed,400,321375,cadc90750ac0c25ecf8f720fc46aa88603626a1915f9dc228761f898bf089154,,outputs/evaluation-and-correctness-may2026/commercial-new/deepseek_chat_P1_zero_shot_python_400_v1_code_grounded_detailed.jsonl
97,deepseek_chat_v3_2,python,ZS,code_grounded_detailed,400,334852,3cd447c378a7bd7cdcbf4dc5e404e82cf9c62ced021c87b31b4d7a883b6b0771,,outputs/evaluation-and-correctness-may2026/commercial-new/deepseek_chat_P1_zero_shot_python_400_v1_detailed.jsonl
97,deepseek_chat_v3_2,python,ZS,code_grounded_detailed,400,12087,8d2d2f2dbf9a0c9aa456f552eef6a14ca9a3ca37e6e1d7b3705151b9da30ed9a,,outputs/evaluation-and-correctness-may2026/commercial-new/deepseek_reasoner_P1_zero_shot_python_400_v1_code_grounded_detailed.jsonl
97,deepseek_chat_v3_2,python,ZS,code_grounded_detailed,400,12439,9836d49a8e24293385222a27ebeac1273f3da51d96ea4053f014cb4083cfe41a,,outputs/evaluation-and-correctness-may2026/commercial-new/deepseek_reasoner_P1_zero_shot_python_400_v1_detailed.jsonl
97,deepseek_chat_v3_2,python,ZS,code_grounded_detailed,400,321375,cadc90750ac0c25ecf8f720fc46aa88603626a1915f9dc228761f898bf089154,,outputs/segregated_results/commercial-base/correctness/deepseek_chat_P1_zero_shot_python_400_v1_correctness.json_detailed.jsonl
97,deepseek_chat_v3_2,python,ZS,code_grounded_detailed,400,12087,8d2d2f2dbf9a0c9aa456f552eef6a14ca9a3ca37e6e1d7b3705151b9da30ed9a,,outputs/segregated_results/commercial-base/correctness/deepseek_reasoner_P1_zero_shot_python_400_v1_correctness.json_detailed.jsonl
97,deepseek_chat_v3_2,python,ZS,code_grounded_detailed,400,321375,cadc90750ac0c25ecf8f720fc46aa88603626a1915f9dc228761f898bf089154,,outputs/segregated_results/commercial-base/evaluation-and-correctness-may2026/commercial-new/deepseek_chat_P1_zero_shot_python_400_v1_code_grounded_detailed.jsonl
97,deepseek_chat_v3_2,python,ZS,code_grounded_detailed,400,334852,3cd447c378a7bd7cdcbf4dc5e404e82cf9c62ced021c87b31b4d7a883b6b0771,,outputs/segregated_results/commercial-base/evaluation-and-correctness-may2026/commercial-new/deepseek_chat_P1_zero_shot_python_400_v1_detailed.jsonl
97,deepseek_chat_v3_2,python,ZS,code_grounded_detailed,400,12087,8d2d2f2dbf9a0c9aa456f552eef6a14ca9a3ca37e6e1d7b3705151b9da30ed9a,,outputs/segregated_results/commercial-base/evaluation-and-correctness-may2026/commercial-new/deepseek_reasoner_P1_zero_shot_python_400_v1_code_grounded_detailed.jsonl
97,deepseek_chat_v3_2,python,ZS,code_grounded_detailed,400,12439,9836d49a8e24293385222a27ebeac1273f3da51d96ea4053f014cb4083cfe41a,,outputs/segregated_results/commercial-base/evaluation-and-correctness-may2026/commercial-new/deepseek_reasoner_P1_zero_shot_python_400_v1_detailed.jsonl
97,deepseek_chat_v3_2,python,ZS,code_grounded_detailed,400,321375,cadc90750ac0c25ecf8f720fc46aa88603626a1915f9dc228761f898bf089154,,outputs/segregated_results/commercial-base/may2026/commercial-new/deepseek_chat_P1_zero_shot_python_400_v1_code_grounded_detailed.jsonl
97,deepseek_chat_v3_2,python,ZS,code_grounded_detailed,400,12087,8d2d2f2dbf9a0c9aa456f552eef6a14ca9a3ca37e6e1d7b3705151b9da30ed9a,,outputs/segregated_results/commercial-base/may2026/commercial-new/deepseek_reasoner_P1_zero_shot_python_400_v1_code_grounded_detailed.jsonl
98,deepseek_chat_v3_2,python,ZS,code_grounded_summary,400,1260,47293bffbb229be41b90017d6699ed6fd1296e8f0ba0ba92c72037f1322e0253,,outputs/correctness/deepseek_chat_P1_zero_shot_python_400_v1_correctness.json_summary.json
98,deepseek_chat_v3_2,python,ZS,code_grounded_summary,400,1228,0c1a2ad67a6a0133e3bbd2f000ff44463b851494346ae4dc1e10adc0ad7d4d36,,outputs/correctness/deepseek_reasoner_P1_zero_shot_python_400_v1_correctness.json_summary.json
98,deepseek_chat_v3_2,python,ZS,code_grounded_summary,400,1275,1dfff9ea631364f10bcb245c12f713b7217905304b7b511bd3228cdbc0bbcbd9,,outputs/evaluation-and-correctness-may2026/commercial-new/deepseek_chat_P1_zero_shot_python_400_v1_code_grounded_summary.json
98,deepseek_chat_v3_2,python,ZS,code_grounded_summary,400,1090,d67a77f5b075413aa5d48ea873aafaedfa9f3502d8dc4b81e4a6d855f8292990,,outputs/evaluation-and-correctness-may2026/commercial-new/deepseek_chat_P1_zero_shot_python_400_v1_summary.json
98,deepseek_chat_v3_2,python,ZS,code_grounded_summary,400,1243,7dd6b60c775c38f34ced4e578b18c434eedf3bb513e3b2360bdd94078a6e67f0,,outputs/evaluation-and-correctness-may2026/commercial-new/deepseek_reasoner_P1_zero_shot_python_400_v1_code_grounded_summary.json
98,deepseek_chat_v3_2,python,ZS,code_grounded_summary,400,1112,4e8993c21924c14d1a3d89a41ef38c6685f3b54db1adbb39d9c5a23d88a11d5e,,outputs/evaluation-and-correctness-may2026/commercial-new/deepseek_reasoner_P1_zero_shot_python_400_v1_summary.json
98,deepseek_chat_v3_2,python,ZS,code_grounded_summary,400,1260,47293bffbb229be41b90017d6699ed6fd1296e8f0ba0ba92c72037f1322e0253,,outputs/segregated_results/commercial-base/correctness/deepseek_chat_P1_zero_shot_python_400_v1_correctness.json_summary.json
98,deepseek_chat_v3_2,python,ZS,code_grounded_summary,400,1228,0c1a2ad67a6a0133e3bbd2f000ff44463b851494346ae4dc1e10adc0ad7d4d36,,outputs/segregated_results/commercial-base/correctness/deepseek_reasoner_P1_zero_shot_python_400_v1_correctness.json_summary.json
98,deepseek_chat_v3_2,python,ZS,code_grounded_summary,400,1275,1dfff9ea631364f10bcb245c12f713b7217905304b7b511bd3228cdbc0bbcbd9,,outputs/segregated_results/commercial-base/evaluation-and-correctness-may2026/commercial-new/deepseek_chat_P1_zero_shot_python_400_v1_code_grounded_summary.json
98,deepseek_chat_v3_2,python,ZS,code_grounded_summary,400,1090,d67a77f5b075413aa5d48ea873aafaedfa9f3502d8dc4b81e4a6d855f8292990,,outputs/segregated_results/commercial-base/evaluation-and-correctness-may2026/commercial-new/deepseek_chat_P1_zero_shot_python_400_v1_summary.json
98,deepseek_chat_v3_2,python,ZS,code_grounded_summary,400,1243,7dd6b60c775c38f34ced4e578b18c434eedf3bb513e3b2360bdd94078a6e67f0,,outputs/segregated_results/commercial-base/evaluation-and-correctness-may2026/commercial-new/deepseek_reasoner_P1_zero_shot_python_400_v1_code_grounded_summary.json
98,deepseek_chat_v3_2,python,ZS,code_grounded_summary,400,1112,4e8993c21924c14d1a3d89a41ef38c6685f3b54db1adbb39d9c5a23d88a11d5e,,outputs/segregated_results/commercial-base/evaluation-and-correctness-may2026/commercial-new/deepseek_reasoner_P1_zero_shot_python_400_v1_summary.json
98,deepseek_chat_v3_2,python,ZS,code_grounded_summary,400,1275,1dfff9ea631364f10bcb245c12f713b7217905304b7b511bd3228cdbc0bbcbd9,,outputs/segregated_results/commercial-base/may2026/commercial-new/deepseek_chat_P1_zero_shot_python_400_v1_code_grounded_summary.json
98,deepseek_chat_v3_2,python,ZS,code_grounded_summary,400,1243,7dd6b60c775c38f34ced4e578b18c434eedf3bb513e3b2360bdd94078a6e67f0,,outputs/segregated_results/commercial-base/may2026/commercial-new/deepseek_reasoner_P1_zero_shot_python_400_v1_code_grounded_summary.json
99,deepseek_chat_v3_2,python,ZS,raw_generation,400,225095,93eb2e719d9a04748b369b98a1b5ff9c459759492f26d9a823765fdf1dac7fdb,,outputs/raw_generations/commercial-new/deepseek_chat_P1_zero_shot_python_400_v1.jsonl
99,deepseek_chat_v3_2,python,ZS,raw_generation,400,8699,06f42477bdce421436509fbae9b6d4136a40b383678e167c12babbe8fd91a076,,outputs/raw_generations/commercial-new/deepseek_reasoner_P1_zero_shot_python_400_v1.jsonl
99,deepseek_chat_v3_2,python,ZS,raw_generation,400,225095,93eb2e719d9a04748b369b98a1b5ff9c459759492f26d9a823765fdf1dac7fdb,,outputs/raw_generations/deepseek_chat_P1_zero_shot_python_400_v1.jsonl
99,deepseek_chat_v3_2,python,ZS,raw_generation,400,8699,06f42477bdce421436509fbae9b6d4136a40b383678e167c12babbe8fd91a076,,outputs/raw_generations/deepseek_reasoner_P1_zero_shot_python_400_v1.jsonl
100,gemini_3_flash,java,FS,code_grounded_detailed,400,341294,fd38873fe9ff775c2f2953d5779206caa22b60c740e5e7e4c7caeb79b34242c9,,outputs/evaluation-and-correctness-may2026/commercial-new/gemini_3_flash_preview_P1_few_shot_java_400_v1_code_grounded_detailed.jsonl
100,gemini_3_flash,java,FS,code_grounded_detailed,400,358970,9ade424a3cb9a0a174b9f0b2afc338cd3cfdbfa11cb123a1c80d47881ad0ad02,,outputs/evaluation-and-correctness-may2026/commercial-new/gemini_3_flash_preview_P1_few_shot_java_400_v1_detailed.jsonl
100,gemini_3_flash,java,FS,code_grounded_detailed,400,341294,fd38873fe9ff775c2f2953d5779206caa22b60c740e5e7e4c7caeb79b34242c9,,outputs/segregated_results/commercial-base/evaluation-and-correctness-may2026/commercial-new/gemini_3_flash_preview_P1_few_shot_java_400_v1_code_grounded_detailed.jsonl
100,gemini_3_flash,java,FS,code_grounded_detailed,400,358970,9ade424a3cb9a0a174b9f0b2afc338cd3cfdbfa11cb123a1c80d47881ad0ad02,,outputs/segregated_results/commercial-base/evaluation-and-correctness-may2026/commercial-new/gemini_3_flash_preview_P1_few_shot_java_400_v1_detailed.jsonl
100,gemini_3_flash,java,FS,code_grounded_detailed,400,341294,fd38873fe9ff775c2f2953d5779206caa22b60c740e5e7e4c7caeb79b34242c9,,outputs/segregated_results/commercial-base/may2026/commercial-new/gemini_3_flash_preview_P1_few_shot_java_400_v1_code_grounded_detailed.jsonl
101,gemini_3_flash,java,FS,code_grounded_summary,400,1278,27ebde568f3ae19058a509e904361d07134afc79538777027958f149bf7e60e6,,outputs/evaluation-and-correctness-may2026/commercial-new/gemini_3_flash_preview_P1_few_shot_java_400_v1_code_grounded_summary.json
101,gemini_3_flash,java,FS,code_grounded_summary,400,1105,2fe05009bb8268a0876b9d1f49cf94f56fe3df6234997c8b2f31f7ba8a3956b4,,outputs/evaluation-and-correctness-may2026/commercial-new/gemini_3_flash_preview_P1_few_shot_java_400_v1_summary.json
101,gemini_3_flash,java,FS,code_grounded_summary,400,1278,27ebde568f3ae19058a509e904361d07134afc79538777027958f149bf7e60e6,,outputs/segregated_results/commercial-base/evaluation-and-correctness-may2026/commercial-new/gemini_3_flash_preview_P1_few_shot_java_400_v1_code_grounded_summary.json
101,gemini_3_flash,java,FS,code_grounded_summary,400,1105,2fe05009bb8268a0876b9d1f49cf94f56fe3df6234997c8b2f31f7ba8a3956b4,,outputs/segregated_results/commercial-base/evaluation-and-correctness-may2026/commercial-new/gemini_3_flash_preview_P1_few_shot_java_400_v1_summary.json
101,gemini_3_flash,java,FS,code_grounded_summary,400,1278,27ebde568f3ae19058a509e904361d07134afc79538777027958f149bf7e60e6,,outputs/segregated_results/commercial-base/may2026/commercial-new/gemini_3_flash_preview_P1_few_shot_java_400_v1_code_grounded_summary.json
102,gemini_3_flash,java,FS,raw_generation,400,257733,5e1010598a14a0eaa2e7b4be67dcb3dc1127ddcfe61cd966f54ce08340e0c5a0,,outputs/raw_generations/commercial-new/gemini_3_flash_preview_P1_few_shot_java_400_v1.jsonl
102,gemini_3_flash,java,FS,raw_generation,400,257733,5e1010598a14a0eaa2e7b4be67dcb3dc1127ddcfe61cd966f54ce08340e0c5a0,,outputs/raw_generations/gemini_3_flash_preview_P1_few_shot_java_400_v1.jsonl
103,gemini_3_flash,java,OS,code_grounded_detailed,400,329038,ca5ce82e47af683bac2af41c70efcbe501a372142ea668d00086bfdfbba7046f,,outputs/evaluation-and-correctness-may2026/commercial-new/gemini_3_flash_preview_P1_one_shot_java_400_v1_code_grounded_detailed.jsonl
103,gemini_3_flash,java,OS,code_grounded_detailed,400,346817,0ff4972b8a90bce86f9a1b24d5876735c9b8548ce9402316e88dfc7d26ebe0f2,,outputs/evaluation-and-correctness-may2026/commercial-new/gemini_3_flash_preview_P1_one_shot_java_400_v1_detailed.jsonl
103,gemini_3_flash,java,OS,code_grounded_detailed,400,329038,ca5ce82e47af683bac2af41c70efcbe501a372142ea668d00086bfdfbba7046f,,outputs/segregated_results/commercial-base/evaluation-and-correctness-may2026/commercial-new/gemini_3_flash_preview_P1_one_shot_java_400_v1_code_grounded_detailed.jsonl
103,gemini_3_flash,java,OS,code_grounded_detailed,400,346817,0ff4972b8a90bce86f9a1b24d5876735c9b8548ce9402316e88dfc7d26ebe0f2,,outputs/segregated_results/commercial-base/evaluation-and-correctness-may2026/commercial-new/gemini_3_flash_preview_P1_one_shot_java_400_v1_detailed.jsonl
103,gemini_3_flash,java,OS,code_grounded_detailed,400,329038,ca5ce82e47af683bac2af41c70efcbe501a372142ea668d00086bfdfbba7046f,,outputs/segregated_results/commercial-base/may2026/commercial-new/gemini_3_flash_preview_P1_one_shot_java_400_v1_code_grounded_detailed.jsonl
104,gemini_3_flash,java,OS,code_grounded_summary,400,1304,6b909fc7b06d2c848a4215ec0b19b2da94dccbddc8abb76ca123a6dc4417da85,,outputs/evaluation-and-correctness-may2026/commercial-new/gemini_3_flash_preview_P1_one_shot_java_400_v1_code_grounded_summary.json
104,gemini_3_flash,java,OS,code_grounded_summary,400,1109,89449da8d76b8206039ff95e4c74c068b5bba1e5e641d6b2253e051b46cea22d,,outputs/evaluation-and-correctness-may2026/commercial-new/gemini_3_flash_preview_P1_one_shot_java_400_v1_summary.json
104,gemini_3_flash,java,OS,code_grounded_summary,400,1304,6b909fc7b06d2c848a4215ec0b19b2da94dccbddc8abb76ca123a6dc4417da85,,outputs/segregated_results/commercial-base/evaluation-and-correctness-may2026/commercial-new/gemini_3_flash_preview_P1_one_shot_java_400_v1_code_grounded_summary.json
104,gemini_3_flash,java,OS,code_grounded_summary,400,1109,89449da8d76b8206039ff95e4c74c068b5bba1e5e641d6b2253e051b46cea22d,,outputs/segregated_results/commercial-base/evaluation-and-correctness-may2026/commercial-new/gemini_3_flash_preview_P1_one_shot_java_400_v1_summary.json
104,gemini_3_flash,java,OS,code_grounded_summary,400,1304,6b909fc7b06d2c848a4215ec0b19b2da94dccbddc8abb76ca123a6dc4417da85,,outputs/segregated_results/commercial-base/may2026/commercial-new/gemini_3_flash_preview_P1_one_shot_java_400_v1_code_grounded_summary.json
105,gemini_3_flash,java,OS,raw_generation,400,245359,e9c4f86d070a3d493251ab9d2740ddd62eed63d8862b1cad2a36467f5fe68f64,,outputs/raw_generations/commercial-new/gemini_3_flash_preview_P1_one_shot_java_400_v1.jsonl
105,gemini_3_flash,java,OS,raw_generation,400,245359,e9c4f86d070a3d493251ab9d2740ddd62eed63d8862b1cad2a36467f5fe68f64,,outputs/raw_generations/gemini_3_flash_preview_P1_one_shot_java_400_v1.jsonl
106,gemini_3_flash,java,ZS,automatic_evaluation_detailed,400,335357,23a2128a7f252507c10cc3bd36cf62115149e179a14dabcab4f3d276f3b6b321,,outputs/evaluations/gemini_3_flash_preview_P1_zero_shot_java_400_v1_eval.json_detailed.jsonl
106,gemini_3_flash,java,ZS,automatic_evaluation_detailed,400,335357,23a2128a7f252507c10cc3bd36cf62115149e179a14dabcab4f3d276f3b6b321,,outputs/segregated_results/commercial-base/eval/gemini_3_flash_preview_P1_zero_shot_java_400_v1_eval.json_detailed.jsonl
107,gemini_3_flash,java,ZS,automatic_evaluation_summary,400,1115,bcd0e3af00d1465f6e56631631540f545a6de897615f4b2dd344da200df33473,,outputs/evaluations/gemini_3_flash_preview_P1_zero_shot_java_400_v1_eval.json_summary.json
107,gemini_3_flash,java,ZS,automatic_evaluation_summary,400,1115,bcd0e3af00d1465f6e56631631540f545a6de897615f4b2dd344da200df33473,,outputs/segregated_results/commercial-base/eval/gemini_3_flash_preview_P1_zero_shot_java_400_v1_eval.json_summary.json
108,gemini_3_flash,java,ZS,code_grounded_detailed,400,318636,4b4fa0b8dc9886f7315e46f35952264f3cd25cfc25588281254158368b97b00a,,outputs/correctness/gemini_3_flash_preview_P1_zero_shot_java_400_v1_correctness.json_detailed.jsonl
108,gemini_3_flash,java,ZS,code_grounded_detailed,400,318636,4b4fa0b8dc9886f7315e46f35952264f3cd25cfc25588281254158368b97b00a,,outputs/evaluation-and-correctness-may2026/commercial-new/gemini_3_flash_preview_P1_zero_shot_java_400_v1_code_grounded_detailed.jsonl
108,gemini_3_flash,java,ZS,code_grounded_detailed,400,335361,de956290b5a58b43f157df005775a6fd65252b25b0b0b94ac49e1f849640d4aa,,outputs/evaluation-and-correctness-may2026/commercial-new/gemini_3_flash_preview_P1_zero_shot_java_400_v1_detailed.jsonl
108,gemini_3_flash,java,ZS,code_grounded_detailed,400,318636,4b4fa0b8dc9886f7315e46f35952264f3cd25cfc25588281254158368b97b00a,,outputs/segregated_results/commercial-base/correctness/gemini_3_flash_preview_P1_zero_shot_java_400_v1_correctness.json_detailed.jsonl
108,gemini_3_flash,java,ZS,code_grounded_detailed,400,318636,4b4fa0b8dc9886f7315e46f35952264f3cd25cfc25588281254158368b97b00a,,outputs/segregated_results/commercial-base/evaluation-and-correctness-may2026/commercial-new/gemini_3_flash_preview_P1_zero_shot_java_400_v1_code_grounded_detailed.jsonl
108,gemini_3_flash,java,ZS,code_grounded_detailed,400,335361,de956290b5a58b43f157df005775a6fd65252b25b0b0b94ac49e1f849640d4aa,,outputs/segregated_results/commercial-base/evaluation-and-correctness-may2026/commercial-new/gemini_3_flash_preview_P1_zero_shot_java_400_v1_detailed.jsonl
108,gemini_3_flash,java,ZS,code_grounded_detailed,400,318636,4b4fa0b8dc9886f7315e46f35952264f3cd25cfc25588281254158368b97b00a,,outputs/segregated_results/commercial-base/may2026/commercial-new/gemini_3_flash_preview_P1_zero_shot_java_400_v1_code_grounded_detailed.jsonl
109,gemini_3_flash,java,ZS,code_grounded_summary,400,1296,5a590ae4eed4e8b09483ed00ac9a2804c8d0fe09e0c4af6d00b7c4e910a6264c,,outputs/correctness/gemini_3_flash_preview_P1_zero_shot_java_400_v1_correctness.json_summary.json
109,gemini_3_flash,java,ZS,code_grounded_summary,400,1311,7e0a0650fec3c4891ee874fb37c222f92e0f16da2fbc0959b756f6fb8987e51d,,outputs/evaluation-and-correctness-may2026/commercial-new/gemini_3_flash_preview_P1_zero_shot_java_400_v1_code_grounded_summary.json
109,gemini_3_flash,java,ZS,code_grounded_summary,400,1130,0b0f9372437e053b1eff4ec37276125a1264edeacbe67f0a1c2e45633b1bf20a,,outputs/evaluation-and-correctness-may2026/commercial-new/gemini_3_flash_preview_P1_zero_shot_java_400_v1_summary.json
109,gemini_3_flash,java,ZS,code_grounded_summary,400,1296,5a590ae4eed4e8b09483ed00ac9a2804c8d0fe09e0c4af6d00b7c4e910a6264c,,outputs/segregated_results/commercial-base/correctness/gemini_3_flash_preview_P1_zero_shot_java_400_v1_correctness.json_summary.json
109,gemini_3_flash,java,ZS,code_grounded_summary,400,1311,7e0a0650fec3c4891ee874fb37c222f92e0f16da2fbc0959b756f6fb8987e51d,,outputs/segregated_results/commercial-base/evaluation-and-correctness-may2026/commercial-new/gemini_3_flash_preview_P1_zero_shot_java_400_v1_code_grounded_summary.json
109,gemini_3_flash,java,ZS,code_grounded_summary,400,1130,0b0f9372437e053b1eff4ec37276125a1264edeacbe67f0a1c2e45633b1bf20a,,outputs/segregated_results/commercial-base/evaluation-and-correctness-may2026/commercial-new/gemini_3_flash_preview_P1_zero_shot_java_400_v1_summary.json
109,gemini_3_flash,java,ZS,code_grounded_summary,400,1311,7e0a0650fec3c4891ee874fb37c222f92e0f16da2fbc0959b756f6fb8987e51d,,outputs/segregated_results/commercial-base/may2026/commercial-new/gemini_3_flash_preview_P1_zero_shot_java_400_v1_code_grounded_summary.json
110,gemini_3_flash,java,ZS,raw_generation,400,234893,adc0d60be8d4967253b477284617543fcb056a24365646ee58712554a74d892e,,outputs/raw_generations/commercial-new/gemini_3_flash_preview_P1_zero_shot_java_400_v1.jsonl
110,gemini_3_flash,java,ZS,raw_generation,400,234893,adc0d60be8d4967253b477284617543fcb056a24365646ee58712554a74d892e,,outputs/raw_generations/gemini_3_flash_preview_P1_zero_shot_java_400_v1.jsonl
111,gemini_3_flash,javascript,FS,code_grounded_detailed,400,348015,6edc679fa522eaebd03605be4ddddbf7bc4628c756996c450de7f43be7f2434a,,outputs/evaluation-and-correctness-may2026/commercial-new/gemini_3_flash_preview_P1_few_shot_javascript_400_v1_code_grounded_detailed.jsonl
111,gemini_3_flash,javascript,FS,code_grounded_detailed,400,361805,11cfcdf7019b0baded89b90ceeeda5f4495a82409d0b1d5942c1a87d8e02521e,,outputs/evaluation-and-correctness-may2026/commercial-new/gemini_3_flash_preview_P1_few_shot_javascript_400_v1_detailed.jsonl
111,gemini_3_flash,javascript,FS,code_grounded_detailed,400,348015,6edc679fa522eaebd03605be4ddddbf7bc4628c756996c450de7f43be7f2434a,,outputs/segregated_results/commercial-base/evaluation-and-correctness-may2026/commercial-new/gemini_3_flash_preview_P1_few_shot_javascript_400_v1_code_grounded_detailed.jsonl
111,gemini_3_flash,javascript,FS,code_grounded_detailed,400,361805,11cfcdf7019b0baded89b90ceeeda5f4495a82409d0b1d5942c1a87d8e02521e,,outputs/segregated_results/commercial-base/evaluation-and-correctness-may2026/commercial-new/gemini_3_flash_preview_P1_few_shot_javascript_400_v1_detailed.jsonl
111,gemini_3_flash,javascript,FS,code_grounded_detailed,400,348015,6edc679fa522eaebd03605be4ddddbf7bc4628c756996c450de7f43be7f2434a,,outputs/segregated_results/commercial-base/may2026/commercial-new/gemini_3_flash_preview_P1_few_shot_javascript_400_v1_code_grounded_detailed.jsonl
112,gemini_3_flash,javascript,FS,code_grounded_summary,400,1320,a3d7c7f142a30a03e337fc7aae0bdac5292b3624212acc3595ed9b99a76e7e0c,,outputs/evaluation-and-correctness-may2026/commercial-new/gemini_3_flash_preview_P1_few_shot_javascript_400_v1_code_grounded_summary.json
112,gemini_3_flash,javascript,FS,code_grounded_summary,400,1125,d8012faf5bcea41c5ccf601e61dbaed5f283c967f4fff3b2c9c03ce3e845d716,,outputs/evaluation-and-correctness-may2026/commercial-new/gemini_3_flash_preview_P1_few_shot_javascript_400_v1_summary.json
112,gemini_3_flash,javascript,FS,code_grounded_summary,400,1320,a3d7c7f142a30a03e337fc7aae0bdac5292b3624212acc3595ed9b99a76e7e0c,,outputs/segregated_results/commercial-base/evaluation-and-correctness-may2026/commercial-new/gemini_3_flash_preview_P1_few_shot_javascript_400_v1_code_grounded_summary.json
112,gemini_3_flash,javascript,FS,code_grounded_summary,400,1125,d8012faf5bcea41c5ccf601e61dbaed5f283c967f4fff3b2c9c03ce3e845d716,,outputs/segregated_results/commercial-base/evaluation-and-correctness-may2026/commercial-new/gemini_3_flash_preview_P1_few_shot_javascript_400_v1_summary.json
112,gemini_3_flash,javascript,FS,code_grounded_summary,400,1320,a3d7c7f142a30a03e337fc7aae0bdac5292b3624212acc3595ed9b99a76e7e0c,,outputs/segregated_results/commercial-base/may2026/commercial-new/gemini_3_flash_preview_P1_few_shot_javascript_400_v1_code_grounded_summary.json
113,gemini_3_flash,javascript,FS,raw_generation,400,243561,99d87a3ef4651af389d4be529c33bb24c80fa5853c0b0c06e859e224f11668f5,,outputs/raw_generations/commercial-new/gemini_3_flash_preview_P1_few_shot_javascript_400_v1.jsonl
113,gemini_3_flash,javascript,FS,raw_generation,400,243561,99d87a3ef4651af389d4be529c33bb24c80fa5853c0b0c06e859e224f11668f5,,outputs/raw_generations/gemini_3_flash_preview_P1_few_shot_javascript_400_v1.jsonl
114,gemini_3_flash,javascript,OS,code_grounded_detailed,400,333043,8705c522656a0c829efca033460169ce4a7c029219b5e96f3d568aa8f17cde36,,outputs/evaluation-and-correctness-may2026/commercial-new/gemini_3_flash_preview_P1_one_shot_javascript_400_v1_code_grounded_detailed.jsonl
114,gemini_3_flash,javascript,OS,code_grounded_detailed,400,344871,449dea04afd816d319f41c39b6cee4126ec07fd181a73b64508b8559b452d5cd,,outputs/evaluation-and-correctness-may2026/commercial-new/gemini_3_flash_preview_P1_one_shot_javascript_400_v1_detailed.jsonl
114,gemini_3_flash,javascript,OS,code_grounded_detailed,400,333043,8705c522656a0c829efca033460169ce4a7c029219b5e96f3d568aa8f17cde36,,outputs/segregated_results/commercial-base/evaluation-and-correctness-may2026/commercial-new/gemini_3_flash_preview_P1_one_shot_javascript_400_v1_code_grounded_detailed.jsonl
114,gemini_3_flash,javascript,OS,code_grounded_detailed,400,344871,449dea04afd816d319f41c39b6cee4126ec07fd181a73b64508b8559b452d5cd,,outputs/segregated_results/commercial-base/evaluation-and-correctness-may2026/commercial-new/gemini_3_flash_preview_P1_one_shot_javascript_400_v1_detailed.jsonl
114,gemini_3_flash,javascript,OS,code_grounded_detailed,400,333043,8705c522656a0c829efca033460169ce4a7c029219b5e96f3d568aa8f17cde36,,outputs/segregated_results/commercial-base/may2026/commercial-new/gemini_3_flash_preview_P1_one_shot_javascript_400_v1_code_grounded_detailed.jsonl
115,gemini_3_flash,javascript,OS,code_grounded_summary,400,1322,97418dafe5b13a521d13f7b7636c3d0ae9e6c13e77687f25f7bb800102d68d2d,,outputs/evaluation-and-correctness-may2026/commercial-new/gemini_3_flash_preview_P1_one_shot_javascript_400_v1_code_grounded_summary.json
115,gemini_3_flash,javascript,OS,code_grounded_summary,400,1121,0366e63c497dc05c9995d2dd71a67f539f46b52f72fc6f15627a5070e4bd5f28,,outputs/evaluation-and-correctness-may2026/commercial-new/gemini_3_flash_preview_P1_one_shot_javascript_400_v1_summary.json
115,gemini_3_flash,javascript,OS,code_grounded_summary,400,1322,97418dafe5b13a521d13f7b7636c3d0ae9e6c13e77687f25f7bb800102d68d2d,,outputs/segregated_results/commercial-base/evaluation-and-correctness-may2026/commercial-new/gemini_3_flash_preview_P1_one_shot_javascript_400_v1_code_grounded_summary.json
115,gemini_3_flash,javascript,OS,code_grounded_summary,400,1121,0366e63c497dc05c9995d2dd71a67f539f46b52f72fc6f15627a5070e4bd5f28,,outputs/segregated_results/commercial-base/evaluation-and-correctness-may2026/commercial-new/gemini_3_flash_preview_P1_one_shot_javascript_400_v1_summary.json
115,gemini_3_flash,javascript,OS,code_grounded_summary,400,1322,97418dafe5b13a521d13f7b7636c3d0ae9e6c13e77687f25f7bb800102d68d2d,,outputs/segregated_results/commercial-base/may2026/commercial-new/gemini_3_flash_preview_P1_one_shot_javascript_400_v1_code_grounded_summary.json
116,gemini_3_flash,javascript,OS,raw_generation,400,227733,1ccf85501c0249ee648c8efe359a092dd1af5d8cd02e230556a86f8b263098bc,,outputs/raw_generations/commercial-new/gemini_3_flash_preview_P1_one_shot_javascript_400_v1.jsonl
116,gemini_3_flash,javascript,OS,raw_generation,400,227733,1ccf85501c0249ee648c8efe359a092dd1af5d8cd02e230556a86f8b263098bc,,outputs/raw_generations/gemini_3_flash_preview_P1_one_shot_javascript_400_v1.jsonl
117,gemini_3_flash,javascript,ZS,automatic_evaluation_detailed,400,339603,6103b9a24036744d431e1e60514e6fc30d2b40079eb304aac2014aa8f9d82a45,,outputs/evaluations/gemini_3_flash_preview_P1_zero_shot_javascript_400_v1_eval.json_detailed.jsonl
117,gemini_3_flash,javascript,ZS,automatic_evaluation_detailed,400,339603,6103b9a24036744d431e1e60514e6fc30d2b40079eb304aac2014aa8f9d82a45,,outputs/segregated_results/commercial-base/eval/gemini_3_flash_preview_P1_zero_shot_javascript_400_v1_eval.json_detailed.jsonl
118,gemini_3_flash,javascript,ZS,automatic_evaluation_summary,400,1101,8802f26e101130897e33797fac236eb44dd9747d92f27ac607a91f4c40358da7,,outputs/evaluations/gemini_3_flash_preview_P1_zero_shot_javascript_400_v1_eval.json_summary.json
118,gemini_3_flash,javascript,ZS,automatic_evaluation_summary,400,1101,8802f26e101130897e33797fac236eb44dd9747d92f27ac607a91f4c40358da7,,outputs/segregated_results/commercial-base/eval/gemini_3_flash_preview_P1_zero_shot_javascript_400_v1_eval.json_summary.json
119,gemini_3_flash,javascript,ZS,code_grounded_detailed,400,327872,bdb45cf6b86963f628dde39ca893bec80e057bd497fc88c9e9765dd8dfdd845a,,outputs/correctness/gemini_3_flash_preview_P1_zero_shot_javascript_400_v1_correctness.json_detailed.jsonl
119,gemini_3_flash,javascript,ZS,code_grounded_detailed,400,327872,bdb45cf6b86963f628dde39ca893bec80e057bd497fc88c9e9765dd8dfdd845a,,outputs/evaluation-and-correctness-may2026/commercial-new/gemini_3_flash_preview_P1_zero_shot_javascript_400_v1_code_grounded_detailed.jsonl
119,gemini_3_flash,javascript,ZS,code_grounded_detailed,400,339607,ab840f851a8c0a99fec8f1a344c9362c39369c06e40dd7fee55be12dcc190058,,outputs/evaluation-and-correctness-may2026/commercial-new/gemini_3_flash_preview_P1_zero_shot_javascript_400_v1_detailed.jsonl
119,gemini_3_flash,javascript,ZS,code_grounded_detailed,400,327872,bdb45cf6b86963f628dde39ca893bec80e057bd497fc88c9e9765dd8dfdd845a,,outputs/segregated_results/commercial-base/correctness/gemini_3_flash_preview_P1_zero_shot_javascript_400_v1_correctness.json_detailed.jsonl
119,gemini_3_flash,javascript,ZS,code_grounded_detailed,400,327872,bdb45cf6b86963f628dde39ca893bec80e057bd497fc88c9e9765dd8dfdd845a,,outputs/segregated_results/commercial-base/evaluation-and-correctness-may2026/commercial-new/gemini_3_flash_preview_P1_zero_shot_javascript_400_v1_code_grounded_detailed.jsonl
119,gemini_3_flash,javascript,ZS,code_grounded_detailed,400,339607,ab840f851a8c0a99fec8f1a344c9362c39369c06e40dd7fee55be12dcc190058,,outputs/segregated_results/commercial-base/evaluation-and-correctness-may2026/commercial-new/gemini_3_flash_preview_P1_zero_shot_javascript_400_v1_detailed.jsonl
119,gemini_3_flash,javascript,ZS,code_grounded_detailed,400,327872,bdb45cf6b86963f628dde39ca893bec80e057bd497fc88c9e9765dd8dfdd845a,,outputs/segregated_results/commercial-base/may2026/commercial-new/gemini_3_flash_preview_P1_zero_shot_javascript_400_v1_code_grounded_detailed.jsonl
120,gemini_3_flash,javascript,ZS,code_grounded_summary,400,1316,8590339755a5649b2cab45ab6fcc300b243110bcc873554e14f096f8fb7638c1,,outputs/correctness/gemini_3_flash_preview_P1_zero_shot_javascript_400_v1_correctness.json_summary.json
120,gemini_3_flash,javascript,ZS,code_grounded_summary,400,1331,c7b627663d50d1d08ec8dacdc63cb01b1bff34c453e7d49a5070c4c76de8d815,,outputs/evaluation-and-correctness-may2026/commercial-new/gemini_3_flash_preview_P1_zero_shot_javascript_400_v1_code_grounded_summary.json
120,gemini_3_flash,javascript,ZS,code_grounded_summary,400,1118,a584a09f4924154085577058321de2b1b0cf16fd8ea8225404dccbaebbb9318c,,outputs/evaluation-and-correctness-may2026/commercial-new/gemini_3_flash_preview_P1_zero_shot_javascript_400_v1_summary.json
120,gemini_3_flash,javascript,ZS,code_grounded_summary,400,1316,8590339755a5649b2cab45ab6fcc300b243110bcc873554e14f096f8fb7638c1,,outputs/segregated_results/commercial-base/correctness/gemini_3_flash_preview_P1_zero_shot_javascript_400_v1_correctness.json_summary.json
120,gemini_3_flash,javascript,ZS,code_grounded_summary,400,1331,c7b627663d50d1d08ec8dacdc63cb01b1bff34c453e7d49a5070c4c76de8d815,,outputs/segregated_results/commercial-base/evaluation-and-correctness-may2026/commercial-new/gemini_3_flash_preview_P1_zero_shot_javascript_400_v1_code_grounded_summary.json
120,gemini_3_flash,javascript,ZS,code_grounded_summary,400,1118,a584a09f4924154085577058321de2b1b0cf16fd8ea8225404dccbaebbb9318c,,outputs/segregated_results/commercial-base/evaluation-and-correctness-may2026/commercial-new/gemini_3_flash_preview_P1_zero_shot_javascript_400_v1_summary.json
120,gemini_3_flash,javascript,ZS,code_grounded_summary,400,1331,c7b627663d50d1d08ec8dacdc63cb01b1bff34c453e7d49a5070c4c76de8d815,,outputs/segregated_results/commercial-base/may2026/commercial-new/gemini_3_flash_preview_P1_zero_shot_javascript_400_v1_code_grounded_summary.json
121,gemini_3_flash,javascript,ZS,raw_generation,400,222512,bbecdb432e1786fe0ab64e1fb2a02a430c3798a888f1c6cef71788ab849c815b,,outputs/raw_generations/commercial-new/gemini_3_flash_preview_P1_zero_shot_javascript_400_v1.jsonl
121,gemini_3_flash,javascript,ZS,raw_generation,400,222512,bbecdb432e1786fe0ab64e1fb2a02a430c3798a888f1c6cef71788ab849c815b,,outputs/raw_generations/gemini_3_flash_preview_P1_zero_shot_javascript_400_v1.jsonl
122,gemini_3_flash,python,FS,code_grounded_detailed,400,322626,b863490c9ca2439c5280e5ca1bf2bb715f4a423f0b09b5a98c1df71aee275de4,,outputs/evaluation-and-correctness-may2026/commercial-new/gemini_3_flash_preview_P1_few_shot_python_400_v1_code_grounded_detailed.jsonl
122,gemini_3_flash,python,FS,code_grounded_detailed,400,335795,98bd741236941971b1bbe63b36e0dc2a0e07e96cc4fa5aa377b8dd70d870aaf4,,outputs/evaluation-and-correctness-may2026/commercial-new/gemini_3_flash_preview_P1_few_shot_python_400_v1_detailed.jsonl
122,gemini_3_flash,python,FS,code_grounded_detailed,400,322626,b863490c9ca2439c5280e5ca1bf2bb715f4a423f0b09b5a98c1df71aee275de4,,outputs/segregated_results/commercial-base/evaluation-and-correctness-may2026/commercial-new/gemini_3_flash_preview_P1_few_shot_python_400_v1_code_grounded_detailed.jsonl
122,gemini_3_flash,python,FS,code_grounded_detailed,400,335795,98bd741236941971b1bbe63b36e0dc2a0e07e96cc4fa5aa377b8dd70d870aaf4,,outputs/segregated_results/commercial-base/evaluation-and-correctness-may2026/commercial-new/gemini_3_flash_preview_P1_few_shot_python_400_v1_detailed.jsonl
122,gemini_3_flash,python,FS,code_grounded_detailed,400,322626,b863490c9ca2439c5280e5ca1bf2bb715f4a423f0b09b5a98c1df71aee275de4,,outputs/segregated_results/commercial-base/may2026/commercial-new/gemini_3_flash_preview_P1_few_shot_python_400_v1_code_grounded_detailed.jsonl
123,gemini_3_flash,python,FS,code_grounded_summary,400,1290,938adb35367c749d4f3ed8b822658f72b719e42014e846f594c49030c3d679ea,,outputs/evaluation-and-correctness-may2026/commercial-new/gemini_3_flash_preview_P1_few_shot_python_400_v1_code_grounded_summary.json
123,gemini_3_flash,python,FS,code_grounded_summary,400,1115,28fa066dcb0c535b03b2b2954f2aab954864054b5ab249883761479eeccd9ef8,,outputs/evaluation-and-correctness-may2026/commercial-new/gemini_3_flash_preview_P1_few_shot_python_400_v1_summary.json
123,gemini_3_flash,python,FS,code_grounded_summary,400,1290,938adb35367c749d4f3ed8b822658f72b719e42014e846f594c49030c3d679ea,,outputs/segregated_results/commercial-base/evaluation-and-correctness-may2026/commercial-new/gemini_3_flash_preview_P1_few_shot_python_400_v1_code_grounded_summary.json
123,gemini_3_flash,python,FS,code_grounded_summary,400,1115,28fa066dcb0c535b03b2b2954f2aab954864054b5ab249883761479eeccd9ef8,,outputs/segregated_results/commercial-base/evaluation-and-correctness-may2026/commercial-new/gemini_3_flash_preview_P1_few_shot_python_400_v1_summary.json
123,gemini_3_flash,python,FS,code_grounded_summary,400,1290,938adb35367c749d4f3ed8b822658f72b719e42014e846f594c49030c3d679ea,,outputs/segregated_results/commercial-base/may2026/commercial-new/gemini_3_flash_preview_P1_few_shot_python_400_v1_code_grounded_summary.json
124,gemini_3_flash,python,FS,raw_generation,400,226411,279342f82f215c68a604ffa9a0a63c7f138a473e723cf0b8dec7b528600fb341,,outputs/raw_generations/commercial-new/gemini_3_flash_preview_P1_few_shot_python_400_v1.jsonl
124,gemini_3_flash,python,FS,raw_generation,400,226411,279342f82f215c68a604ffa9a0a63c7f138a473e723cf0b8dec7b528600fb341,,outputs/raw_generations/gemini_3_flash_preview_P1_few_shot_python_400_v1.jsonl
125,gemini_3_flash,python,OS,automatic_evaluation_detailed,400,13979,ee1e0b0d2f402760f39d71c7b8277a5b115f74e038bfc660d8f8ebaaf9b5da22,,outputs/evaluations/gemini_3_flash_preview_P1_one_shot_python_400_v1_eval.json_detailed.jsonl
125,gemini_3_flash,python,OS,automatic_evaluation_detailed,400,13979,ee1e0b0d2f402760f39d71c7b8277a5b115f74e038bfc660d8f8ebaaf9b5da22,,outputs/segregated_results/commercial-base/eval/gemini_3_flash_preview_P1_one_shot_python_400_v1_eval.json_detailed.jsonl
126,gemini_3_flash,python,OS,automatic_evaluation_summary,400,1138,c0c274a6e24f0759e86ba4f13f88107ed1e14a351b63241c98c21eb8ed214129,,outputs/evaluations/gemini_3_flash_preview_P1_one_shot_python_400_v1_eval.json_summary.json
126,gemini_3_flash,python,OS,automatic_evaluation_summary,400,1138,c0c274a6e24f0759e86ba4f13f88107ed1e14a351b63241c98c21eb8ed214129,,outputs/segregated_results/commercial-base/eval/gemini_3_flash_preview_P1_one_shot_python_400_v1_eval.json_summary.json
127,gemini_3_flash,python,OS,code_grounded_detailed,400,13674,e0b66a902f70bc0961c25618354f8a65fb014d706bc37f63cdf045debd52fb73,,outputs/correctness/gemini_3_flash_preview_P1_one_shot_python_400_v1_correctness.json_detailed.jsonl
127,gemini_3_flash,python,OS,code_grounded_detailed,400,323307,25b2a885ddfd17415cbfc2faac43def9e730dcbc2d62ef1e7ea2e2b846c1f935,,outputs/evaluation-and-correctness-may2026/commercial-new/gemini_3_flash_preview_P1_one_shot_python_400_v1_code_grounded_detailed.jsonl
127,gemini_3_flash,python,OS,code_grounded_detailed,400,336735,784a9cc5b01b43c41ba6013c3e00db1115fe2f485f2eb4fa9ae1aa2d2be10429,,outputs/evaluation-and-correctness-may2026/commercial-new/gemini_3_flash_preview_P1_one_shot_python_400_v1_detailed.jsonl
127,gemini_3_flash,python,OS,code_grounded_detailed,400,13674,e0b66a902f70bc0961c25618354f8a65fb014d706bc37f63cdf045debd52fb73,,outputs/segregated_results/commercial-base/correctness/gemini_3_flash_preview_P1_one_shot_python_400_v1_correctness.json_detailed.jsonl
127,gemini_3_flash,python,OS,code_grounded_detailed,400,323307,25b2a885ddfd17415cbfc2faac43def9e730dcbc2d62ef1e7ea2e2b846c1f935,,outputs/segregated_results/commercial-base/evaluation-and-correctness-may2026/commercial-new/gemini_3_flash_preview_P1_one_shot_python_400_v1_code_grounded_detailed.jsonl
127,gemini_3_flash,python,OS,code_grounded_detailed,400,336735,784a9cc5b01b43c41ba6013c3e00db1115fe2f485f2eb4fa9ae1aa2d2be10429,,outputs/segregated_results/commercial-base/evaluation-and-correctness-may2026/commercial-new/gemini_3_flash_preview_P1_one_shot_python_400_v1_detailed.jsonl
127,gemini_3_flash,python,OS,code_grounded_detailed,400,323307,25b2a885ddfd17415cbfc2faac43def9e730dcbc2d62ef1e7ea2e2b846c1f935,,outputs/segregated_results/commercial-base/may2026/commercial-new/gemini_3_flash_preview_P1_one_shot_python_400_v1_code_grounded_detailed.jsonl
128,gemini_3_flash,python,OS,code_grounded_summary,400,1207,7f61278d00bcc874bf941bfb1bb72db3011e514abf388b9070c1d1f4bdbb4619,,outputs/correctness/gemini_3_flash_preview_P1_one_shot_python_400_v1_correctness.json_summary.json
128,gemini_3_flash,python,OS,code_grounded_summary,400,1288,2233bde1fdcd49e93f7e2a1790b6c7c62c8a7a4b72601d0ede055cfdffc3d30a,,outputs/evaluation-and-correctness-may2026/commercial-new/gemini_3_flash_preview_P1_one_shot_python_400_v1_code_grounded_summary.json
128,gemini_3_flash,python,OS,code_grounded_summary,400,1109,715c8feea501f63c7d67ffa0ade0b3c8d0cb0839a37cf1380a3fd00048c64e9a,,outputs/evaluation-and-correctness-may2026/commercial-new/gemini_3_flash_preview_P1_one_shot_python_400_v1_summary.json
128,gemini_3_flash,python,OS,code_grounded_summary,400,1207,7f61278d00bcc874bf941bfb1bb72db3011e514abf388b9070c1d1f4bdbb4619,,outputs/segregated_results/commercial-base/correctness/gemini_3_flash_preview_P1_one_shot_python_400_v1_correctness.json_summary.json
128,gemini_3_flash,python,OS,code_grounded_summary,400,1288,2233bde1fdcd49e93f7e2a1790b6c7c62c8a7a4b72601d0ede055cfdffc3d30a,,outputs/segregated_results/commercial-base/evaluation-and-correctness-may2026/commercial-new/gemini_3_flash_preview_P1_one_shot_python_400_v1_code_grounded_summary.json
128,gemini_3_flash,python,OS,code_grounded_summary,400,1109,715c8feea501f63c7d67ffa0ade0b3c8d0cb0839a37cf1380a3fd00048c64e9a,,outputs/segregated_results/commercial-base/evaluation-and-correctness-may2026/commercial-new/gemini_3_flash_preview_P1_one_shot_python_400_v1_summary.json
128,gemini_3_flash,python,OS,code_grounded_summary,400,1288,2233bde1fdcd49e93f7e2a1790b6c7c62c8a7a4b72601d0ede055cfdffc3d30a,,outputs/segregated_results/commercial-base/may2026/commercial-new/gemini_3_flash_preview_P1_one_shot_python_400_v1_code_grounded_summary.json
129,gemini_3_flash,python,OS,raw_generation,400,227208,d447b4c53c17fb2459d5b68e116fb373b826d7da9b26048fda1e335d28120726,,outputs/raw_generations/commercial-new/gemini_3_flash_preview_P1_one_shot_python_400_v1.jsonl
129,gemini_3_flash,python,OS,raw_generation,400,227208,d447b4c53c17fb2459d5b68e116fb373b826d7da9b26048fda1e335d28120726,,outputs/raw_generations/gemini_3_flash_preview_P1_one_shot_python_400_v1.jsonl
130,gemini_3_flash,python,ZS,automatic_evaluation_detailed,400,334922,800df4e6831bcb2b12ef75077077c11a6a9645440e7761ebfceb15e8e33dba4d,,outputs/evaluations/gemini_3_flash_preview_P1_zero_shot_python_400_v1_eval.json_detailed.jsonl
130,gemini_3_flash,python,ZS,automatic_evaluation_detailed,400,334922,800df4e6831bcb2b12ef75077077c11a6a9645440e7761ebfceb15e8e33dba4d,,outputs/segregated_results/commercial-base/eval/gemini_3_flash_preview_P1_zero_shot_python_400_v1_eval.json_detailed.jsonl
131,gemini_3_flash,python,ZS,automatic_evaluation_summary,400,1103,2a3674174d8e5e9131b2c763bb3d687dc36372d1b990d1b470b2b79b1ab77fe2,,outputs/evaluations/gemini_3_flash_preview_P1_zero_shot_python_400_v1_eval.json_summary.json
131,gemini_3_flash,python,ZS,automatic_evaluation_summary,400,1103,2a3674174d8e5e9131b2c763bb3d687dc36372d1b990d1b470b2b79b1ab77fe2,,outputs/segregated_results/commercial-base/eval/gemini_3_flash_preview_P1_zero_shot_python_400_v1_eval.json_summary.json
132,gemini_3_flash,python,ZS,code_grounded_detailed,400,321627,870062b9f883458274ff09d034244be74b84e3b1b8fafc9af2aee463b751de1b,,outputs/correctness/gemini_3_flash_preview_P1_zero_shot_python_400_v1_correctness.json_detailed.jsonl
132,gemini_3_flash,python,ZS,code_grounded_detailed,400,321627,870062b9f883458274ff09d034244be74b84e3b1b8fafc9af2aee463b751de1b,,outputs/evaluation-and-correctness-may2026/commercial-new/gemini_3_flash_preview_P1_zero_shot_python_400_v1_code_grounded_detailed.jsonl
132,gemini_3_flash,python,ZS,code_grounded_detailed,400,334924,4d47a974b27063acb80e7eda8eb189c78f363028422281e2a873302c7a21be45,,outputs/evaluation-and-correctness-may2026/commercial-new/gemini_3_flash_preview_P1_zero_shot_python_400_v1_detailed.jsonl
132,gemini_3_flash,python,ZS,code_grounded_detailed,400,321627,870062b9f883458274ff09d034244be74b84e3b1b8fafc9af2aee463b751de1b,,outputs/segregated_results/commercial-base/correctness/gemini_3_flash_preview_P1_zero_shot_python_400_v1_correctness.json_detailed.jsonl
132,gemini_3_flash,python,ZS,code_grounded_detailed,400,321627,870062b9f883458274ff09d034244be74b84e3b1b8fafc9af2aee463b751de1b,,outputs/segregated_results/commercial-base/evaluation-and-correctness-may2026/commercial-new/gemini_3_flash_preview_P1_zero_shot_python_400_v1_code_grounded_detailed.jsonl
132,gemini_3_flash,python,ZS,code_grounded_detailed,400,334924,4d47a974b27063acb80e7eda8eb189c78f363028422281e2a873302c7a21be45,,outputs/segregated_results/commercial-base/evaluation-and-correctness-may2026/commercial-new/gemini_3_flash_preview_P1_zero_shot_python_400_v1_detailed.jsonl
132,gemini_3_flash,python,ZS,code_grounded_detailed,400,321627,870062b9f883458274ff09d034244be74b84e3b1b8fafc9af2aee463b751de1b,,outputs/segregated_results/commercial-base/may2026/commercial-new/gemini_3_flash_preview_P1_zero_shot_python_400_v1_code_grounded_detailed.jsonl
133,gemini_3_flash,python,ZS,code_grounded_summary,400,1274,e1aaf2bca6e9da8ad17c982ac09d1992c32642029ef8d94d3d5bb18f2c3788fc,,outputs/correctness/gemini_3_flash_preview_P1_zero_shot_python_400_v1_correctness.json_summary.json
133,gemini_3_flash,python,ZS,code_grounded_summary,400,1289,17bc39351f433ab069ece2954f97ef463000bad6d146f293ba5e440567f10a81,,outputs/evaluation-and-correctness-may2026/commercial-new/gemini_3_flash_preview_P1_zero_shot_python_400_v1_code_grounded_summary.json
133,gemini_3_flash,python,ZS,code_grounded_summary,400,1118,b54187c8f63cb7b58e7c320e1645017f4bee71b3bf878780930879a3280073c3,,outputs/evaluation-and-correctness-may2026/commercial-new/gemini_3_flash_preview_P1_zero_shot_python_400_v1_summary.json
133,gemini_3_flash,python,ZS,code_grounded_summary,400,1274,e1aaf2bca6e9da8ad17c982ac09d1992c32642029ef8d94d3d5bb18f2c3788fc,,outputs/segregated_results/commercial-base/correctness/gemini_3_flash_preview_P1_zero_shot_python_400_v1_correctness.json_summary.json
133,gemini_3_flash,python,ZS,code_grounded_summary,400,1289,17bc39351f433ab069ece2954f97ef463000bad6d146f293ba5e440567f10a81,,outputs/segregated_results/commercial-base/evaluation-and-correctness-may2026/commercial-new/gemini_3_flash_preview_P1_zero_shot_python_400_v1_code_grounded_summary.json
133,gemini_3_flash,python,ZS,code_grounded_summary,400,1118,b54187c8f63cb7b58e7c320e1645017f4bee71b3bf878780930879a3280073c3,,outputs/segregated_results/commercial-base/evaluation-and-correctness-may2026/commercial-new/gemini_3_flash_preview_P1_zero_shot_python_400_v1_summary.json
133,gemini_3_flash,python,ZS,code_grounded_summary,400,1289,17bc39351f433ab069ece2954f97ef463000bad6d146f293ba5e440567f10a81,,outputs/segregated_results/commercial-base/may2026/commercial-new/gemini_3_flash_preview_P1_zero_shot_python_400_v1_code_grounded_summary.json
134,gemini_3_flash,python,ZS,raw_generation,400,225797,5154aaaff927fbe469ef70970b735ce7a0feeaec6e329e852211ad0d33b9ed32,,outputs/raw_generations/commercial-new/gemini_3_flash_preview_P1_zero_shot_python_400_v1.jsonl
134,gemini_3_flash,python,ZS,raw_generation,50,2492,6fff10b78c5c421d42fbdfb9e61eee7724bf6b70bd839ccb4351b038237eda8b,,outputs/raw_generations/commercial_old/gemini25flash_P1_zero_shot_python_50_v1.jsonl
134,gemini_3_flash,python,ZS,raw_generation,50,5929,fef59011417c76cd18d4e1072ebd8d56b89117c79d41eefe7d9dd6734486e198,,outputs/raw_generations/commercial_old/gemini3flash_preview_P1_zero_shot_python_50_v1.jsonl
134,gemini_3_flash,python,ZS,raw_generation,400,225797,5154aaaff927fbe469ef70970b735ce7a0feeaec6e329e852211ad0d33b9ed32,,outputs/raw_generations/gemini_3_flash_preview_P1_zero_shot_python_400_v1.jsonl
135,gemma_2_2b_it,java,FS,code_grounded_detailed,400,349262,e5e5bf5e22ae8604e45bf7c4e11cc80e7eec00406432bcc11eb660d7a7fc0b8d,,outputs/evaluation-and-correctness-may2026/open-source/gemma_2_2b_it_P1_few_shot_java_400_v1_code_grounded_detailed.jsonl
135,gemma_2_2b_it,java,FS,code_grounded_detailed,400,367937,ebb8dd90b80d70e79e51f28b6f1613f216d886376e4cf87e0c2f6956f897c6eb,,outputs/evaluation-and-correctness-may2026/open-source/gemma_2_2b_it_P1_few_shot_java_400_v1_detailed.jsonl
135,gemma_2_2b_it,java,FS,code_grounded_detailed,400,349262,e5e5bf5e22ae8604e45bf7c4e11cc80e7eec00406432bcc11eb660d7a7fc0b8d,,outputs/segregated_results/open-source-base/may2026/open-source/gemma_2_2b_it_P1_few_shot_java_400_v1_code_grounded_detailed.jsonl
136,gemma_2_2b_it,java,FS,code_grounded_summary,400,1292,8709caf393601cdf816392cc399e84c522fca8d89d33053be7074662d87b5b2a,,outputs/evaluation-and-correctness-may2026/open-source/gemma_2_2b_it_P1_few_shot_java_400_v1_code_grounded_summary.json
136,gemma_2_2b_it,java,FS,code_grounded_summary,400,1093,eb5a6d2502ec9a4406a4714a13b1a2fc6e4889340be5c41b56b649d8dc5d5803,,outputs/evaluation-and-correctness-may2026/open-source/gemma_2_2b_it_P1_few_shot_java_400_v1_summary.json
136,gemma_2_2b_it,java,FS,code_grounded_summary,400,1292,8709caf393601cdf816392cc399e84c522fca8d89d33053be7074662d87b5b2a,,outputs/segregated_results/open-source-base/may2026/open-source/gemma_2_2b_it_P1_few_shot_java_400_v1_code_grounded_summary.json
137,gemma_2_2b_it,java,FS,raw_generation,400,265927,89a72f52f991db86860b93bb023ab2d3b266968271a149daae685a86952b4034,,outputs/raw_generations/gemma_2_2b_it_P1_few_shot_java_400_v1.jsonl
137,gemma_2_2b_it,java,FS,raw_generation,400,265927,89a72f52f991db86860b93bb023ab2d3b266968271a149daae685a86952b4034,,outputs/raw_generations/open-source/gemma_2_2b_it_P1_few_shot_java_400_v1.jsonl
138,gemma_2_2b_it,java,OS,automatic_evaluation_detailed,400,319988,ae8880399206234ba48de9228f9e94997bf98fc0c83b495a53475936607336cc,,outputs/evaluations/gemma_2_2b_it_P1_one_shot_java_400_v1_eval.json_detailed.jsonl
138,gemma_2_2b_it,java,OS,automatic_evaluation_detailed,400,319988,ae8880399206234ba48de9228f9e94997bf98fc0c83b495a53475936607336cc,,outputs/segregated_results/open-source-base/eval/gemma_2_2b_it_P1_one_shot_java_400_v1_eval.json_detailed.jsonl
139,gemma_2_2b_it,java,OS,automatic_evaluation_summary,400,1085,66a4ae597d26b5a8c69feef73af3519f66cb1399b218c0a818f62176041af104,,outputs/evaluations/gemma_2_2b_it_P1_one_shot_java_400_v1_eval.json_summary.json
139,gemma_2_2b_it,java,OS,automatic_evaluation_summary,400,1085,66a4ae597d26b5a8c69feef73af3519f66cb1399b218c0a818f62176041af104,,outputs/segregated_results/open-source-base/eval/gemma_2_2b_it_P1_one_shot_java_400_v1_eval.json_summary.json
140,gemma_2_2b_it,java,OS,code_grounded_detailed,400,303269,cb4212d5731045d7b00949a12b683aa400c92832752aad78e56260af0102d057,,outputs/correctness/gemma_2_2b_it_P1_one_shot_java_400_v1_correctness.json_detailed.jsonl
140,gemma_2_2b_it,java,OS,code_grounded_detailed,400,303269,cb4212d5731045d7b00949a12b683aa400c92832752aad78e56260af0102d057,,outputs/evaluation-and-correctness-may2026/open-source/gemma_2_2b_it_P1_one_shot_java_400_v1_code_grounded_detailed.jsonl
140,gemma_2_2b_it,java,OS,code_grounded_detailed,400,319988,7e920d23382ce800f152512ca79299ed34c6bc9541849095baf8b15648644fbc,,outputs/evaluation-and-correctness-may2026/open-source/gemma_2_2b_it_P1_one_shot_java_400_v1_detailed.jsonl
140,gemma_2_2b_it,java,OS,code_grounded_detailed,400,303269,cb4212d5731045d7b00949a12b683aa400c92832752aad78e56260af0102d057,,outputs/segregated_results/open-source-base/correctness/gemma_2_2b_it_P1_one_shot_java_400_v1_correctness.json_detailed.jsonl
140,gemma_2_2b_it,java,OS,code_grounded_detailed,400,303269,cb4212d5731045d7b00949a12b683aa400c92832752aad78e56260af0102d057,,outputs/segregated_results/open-source-base/may2026/open-source/gemma_2_2b_it_P1_one_shot_java_400_v1_code_grounded_detailed.jsonl
141,gemma_2_2b_it,java,OS,code_grounded_summary,400,1274,6eea779eec57f01076e8a7e86a5cb2d0faeb409b671c4171a8d079b835e0f6cb,,outputs/correctness/gemma_2_2b_it_P1_one_shot_java_400_v1_correctness.json_summary.json
141,gemma_2_2b_it,java,OS,code_grounded_summary,400,1286,bdebb11d91090d19f1514e509526af60cf47caf9acf8c90a383b311aace822e7,,outputs/evaluation-and-correctness-may2026/open-source/gemma_2_2b_it_P1_one_shot_java_400_v1_code_grounded_summary.json
141,gemma_2_2b_it,java,OS,code_grounded_summary,400,1097,0e8967b20158f1f5c3468c9b06ae608722b2e05c673465179d20f40e65fbe660,,outputs/evaluation-and-correctness-may2026/open-source/gemma_2_2b_it_P1_one_shot_java_400_v1_summary.json
141,gemma_2_2b_it,java,OS,code_grounded_summary,400,1274,6eea779eec57f01076e8a7e86a5cb2d0faeb409b671c4171a8d079b835e0f6cb,,outputs/segregated_results/open-source-base/correctness/gemma_2_2b_it_P1_one_shot_java_400_v1_correctness.json_summary.json
141,gemma_2_2b_it,java,OS,code_grounded_summary,400,1286,bdebb11d91090d19f1514e509526af60cf47caf9acf8c90a383b311aace822e7,,outputs/segregated_results/open-source-base/may2026/open-source/gemma_2_2b_it_P1_one_shot_java_400_v1_code_grounded_summary.json
142,gemma_2_2b_it,java,OS,raw_generation,400,185513,9f2a9ec525af97cf2c51c4393d3dd34a04462ce7e3f5556c69a435bbdc1f87dd,,outputs/raw_generations/gemma_2_2b_it_P1_one_shot_java_400_v1.jsonl
142,gemma_2_2b_it,java,OS,raw_generation,400,185513,9f2a9ec525af97cf2c51c4393d3dd34a04462ce7e3f5556c69a435bbdc1f87dd,,outputs/raw_generations/open-source/gemma_2_2b_it_P1_one_shot_java_400_v1.jsonl
143,gemma_2_2b_it,java,ZS,code_grounded_detailed,400,330666,1e1fd722a65622dac0cfa9ac3a3e28cd5d1a8f0dee433bf888556c4b7c28330c,,outputs/evaluation-and-correctness-may2026/open-source/gemma_2_2b_it_P1_zero_shot_java_400_v2_code_grounded_detailed.jsonl
143,gemma_2_2b_it,java,ZS,code_grounded_detailed,400,348376,368875c107ce09c8b0b212295260a88f5c77700fd6f4a51d99615d0849de9470,,outputs/evaluation-and-correctness-may2026/open-source/gemma_2_2b_it_P1_zero_shot_java_400_v2_detailed.jsonl
143,gemma_2_2b_it,java,ZS,code_grounded_detailed,400,330666,1e1fd722a65622dac0cfa9ac3a3e28cd5d1a8f0dee433bf888556c4b7c28330c,,outputs/segregated_results/open-source-base/may2026/open-source/gemma_2_2b_it_P1_zero_shot_java_400_v2_code_grounded_detailed.jsonl
144,gemma_2_2b_it,java,ZS,code_grounded_summary,400,1303,d8af0cbca9b4a2682b57661ac5c17c31645977c7f25573cb8e8e477cbd59a747,,outputs/evaluation-and-correctness-may2026/open-source/gemma_2_2b_it_P1_zero_shot_java_400_v2_code_grounded_summary.json
144,gemma_2_2b_it,java,ZS,code_grounded_summary,400,1092,2a618829e0c3a8273af71b4b6c0dfad0e2c82439bc8bc7d9f19a06f356385f3f,,outputs/evaluation-and-correctness-may2026/open-source/gemma_2_2b_it_P1_zero_shot_java_400_v2_summary.json
144,gemma_2_2b_it,java,ZS,code_grounded_summary,400,1303,d8af0cbca9b4a2682b57661ac5c17c31645977c7f25573cb8e8e477cbd59a747,,outputs/segregated_results/open-source-base/may2026/open-source/gemma_2_2b_it_P1_zero_shot_java_400_v2_code_grounded_summary.json
145,gemma_2_2b_it,java,ZS,raw_generation,400,312257,6d47f2f11b1540fd256c7aba6c6f57e21b8d06a5fc28015f6310f7c0ea808279,,outputs/raw_generations/gemma_2_2b_it_P1_zero_shot_java_400_v2.jsonl
145,gemma_2_2b_it,java,ZS,raw_generation,400,312257,6d47f2f11b1540fd256c7aba6c6f57e21b8d06a5fc28015f6310f7c0ea808279,,outputs/raw_generations/open-source/gemma_2_2b_it_P1_zero_shot_java_400_v2.jsonl
146,gemma_2_2b_it,javascript,FS,code_grounded_detailed,400,315431,ef3001ce7284cf7814e89173547b6f35cbfc8a101d0d82b6dda08c73cf3d1574,,outputs/evaluation-and-correctness-may2026/open-source/gemma_2_2b_it_P1_few_shot_javascript_400_v1_code_grounded_detailed.jsonl
146,gemma_2_2b_it,javascript,FS,code_grounded_detailed,400,326885,1ac572703c2819f7f87b86fc8655e43bcbb36ce957eb32a8b5f13d1cdd62955d,,outputs/evaluation-and-correctness-may2026/open-source/gemma_2_2b_it_P1_few_shot_javascript_400_v1_detailed.jsonl
146,gemma_2_2b_it,javascript,FS,code_grounded_detailed,400,315431,ef3001ce7284cf7814e89173547b6f35cbfc8a101d0d82b6dda08c73cf3d1574,,outputs/segregated_results/open-source-base/may2026/open-source/gemma_2_2b_it_P1_few_shot_javascript_400_v1_code_grounded_detailed.jsonl
147,gemma_2_2b_it,javascript,FS,code_grounded_summary,400,1306,8a8d6052a8f8aa26366be19f55b14c636f98f571c7e2dc3e3d816bb8e3c61627,,outputs/evaluation-and-correctness-may2026/open-source/gemma_2_2b_it_P1_few_shot_javascript_400_v1_code_grounded_summary.json
147,gemma_2_2b_it,javascript,FS,code_grounded_summary,400,1105,958803cac4d812b6f0d99b0d0052df55c2ab4040ebd981e810305087706bb1e7,,outputs/evaluation-and-correctness-may2026/open-source/gemma_2_2b_it_P1_few_shot_javascript_400_v1_summary.json
147,gemma_2_2b_it,javascript,FS,code_grounded_summary,400,1306,8a8d6052a8f8aa26366be19f55b14c636f98f571c7e2dc3e3d816bb8e3c61627,,outputs/segregated_results/open-source-base/may2026/open-source/gemma_2_2b_it_P1_few_shot_javascript_400_v1_code_grounded_summary.json
148,gemma_2_2b_it,javascript,FS,raw_generation,400,198716,78439976d5d1e4b2bdb370c52e7bdfa111043f0a532904573d571e6a32374ee1,,outputs/raw_generations/gemma_2_2b_it_P1_few_shot_javascript_400_v1.jsonl
148,gemma_2_2b_it,javascript,FS,raw_generation,400,198716,78439976d5d1e4b2bdb370c52e7bdfa111043f0a532904573d571e6a32374ee1,,outputs/raw_generations/open-source/gemma_2_2b_it_P1_few_shot_javascript_400_v1.jsonl
149,gemma_2_2b_it,javascript,OS,automatic_evaluation_detailed,400,314209,43162ab8b71092676dd9e8490d0183299d88641501ba42dff651a7c38fa30238,,outputs/evaluations/gemma_2_2b_it_P1_one_shot_javascript_400_v1_eval.json_detailed.jsonl
149,gemma_2_2b_it,javascript,OS,automatic_evaluation_detailed,400,314209,43162ab8b71092676dd9e8490d0183299d88641501ba42dff651a7c38fa30238,,outputs/segregated_results/open-source-base/eval/gemma_2_2b_it_P1_one_shot_javascript_400_v1_eval.json_detailed.jsonl
150,gemma_2_2b_it,javascript,OS,automatic_evaluation_summary,400,1097,eb2905a88f371e1d94df2f0bc82566a33e4bb40786b0b539c3f00800f8db0a0f,,outputs/evaluations/gemma_2_2b_it_P1_one_shot_javascript_400_v1_eval.json_summary.json
150,gemma_2_2b_it,javascript,OS,automatic_evaluation_summary,400,1097,eb2905a88f371e1d94df2f0bc82566a33e4bb40786b0b539c3f00800f8db0a0f,,outputs/segregated_results/open-source-base/eval/gemma_2_2b_it_P1_one_shot_javascript_400_v1_eval.json_summary.json
151,gemma_2_2b_it,javascript,OS,code_grounded_detailed,400,304143,1d7a6cfcc4fe06f70f4056dcc45a75a81cdab1ddc4472cbb7f0a65537edd56bc,,outputs/correctness/gemma_2_2b_it_P1_one_shot_javascript_400_v1_correctness.json_detailed.jsonl
151,gemma_2_2b_it,javascript,OS,code_grounded_detailed,400,304143,1d7a6cfcc4fe06f70f4056dcc45a75a81cdab1ddc4472cbb7f0a65537edd56bc,,outputs/evaluation-and-correctness-may2026/open-source/gemma_2_2b_it_P1_one_shot_javascript_400_v1_code_grounded_detailed.jsonl
151,gemma_2_2b_it,javascript,OS,code_grounded_detailed,400,314198,79c362933e09573a081af1bb73483c4c076e4557ee678b9cc974955d842fd1ae,,outputs/evaluation-and-correctness-may2026/open-source/gemma_2_2b_it_P1_one_shot_javascript_400_v1_detailed.jsonl
151,gemma_2_2b_it,javascript,OS,code_grounded_detailed,400,304143,1d7a6cfcc4fe06f70f4056dcc45a75a81cdab1ddc4472cbb7f0a65537edd56bc,,outputs/segregated_results/open-source-base/correctness/gemma_2_2b_it_P1_one_shot_javascript_400_v1_correctness.json_detailed.jsonl
151,gemma_2_2b_it,javascript,OS,code_grounded_detailed,400,304143,1d7a6cfcc4fe06f70f4056dcc45a75a81cdab1ddc4472cbb7f0a65537edd56bc,,outputs/segregated_results/open-source-base/may2026/open-source/gemma_2_2b_it_P1_one_shot_javascript_400_v1_code_grounded_detailed.jsonl
152,gemma_2_2b_it,javascript,OS,code_grounded_summary,400,1302,4d3b8b6752e14e0cb195d2eb650490515a042410f2b7cb3d34963feffd56b601,,outputs/correctness/gemma_2_2b_it_P1_one_shot_javascript_400_v1_correctness.json_summary.json
152,gemma_2_2b_it,javascript,OS,code_grounded_summary,400,1314,4e0b0ec1c1b7fc684580823a8e56e40c193c0d788cb35b37bd935892a3e75dcb,,outputs/evaluation-and-correctness-may2026/open-source/gemma_2_2b_it_P1_one_shot_javascript_400_v1_code_grounded_summary.json
152,gemma_2_2b_it,javascript,OS,code_grounded_summary,400,1109,d120f53bcb8bd7dc4747287fb4e572556cdc2d8e00facfd3085c16bcc6f3c8eb,,outputs/evaluation-and-correctness-may2026/open-source/gemma_2_2b_it_P1_one_shot_javascript_400_v1_summary.json
152,gemma_2_2b_it,javascript,OS,code_grounded_summary,400,1302,4d3b8b6752e14e0cb195d2eb650490515a042410f2b7cb3d34963feffd56b601,,outputs/segregated_results/open-source-base/correctness/gemma_2_2b_it_P1_one_shot_javascript_400_v1_correctness.json_summary.json
152,gemma_2_2b_it,javascript,OS,code_grounded_summary,400,1314,4e0b0ec1c1b7fc684580823a8e56e40c193c0d788cb35b37bd935892a3e75dcb,,outputs/segregated_results/open-source-base/may2026/open-source/gemma_2_2b_it_P1_one_shot_javascript_400_v1_code_grounded_summary.json
153,gemma_2_2b_it,javascript,OS,raw_generation,400,173317,3e070fbaaf2779e21ed409531eb01869d54ee9f2742af37e9516b7592ae9c308,,outputs/raw_generations/gemma_2_2b_it_P1_one_shot_javascript_400_v1.jsonl
153,gemma_2_2b_it,javascript,OS,raw_generation,400,173317,3e070fbaaf2779e21ed409531eb01869d54ee9f2742af37e9516b7592ae9c308,,outputs/raw_generations/open-source/gemma_2_2b_it_P1_one_shot_javascript_400_v1.jsonl
154,gemma_2_2b_it,javascript,ZS,code_grounded_detailed,400,338336,aa4cd873eb47def950ab4b850e373fff332e8941e15162ad076b25f8fc0c5515,,outputs/evaluation-and-correctness-may2026/open-source/gemma_2_2b_it_P1_zero_shot_javascript_400_v2_code_grounded_detailed.jsonl
154,gemma_2_2b_it,javascript,ZS,code_grounded_detailed,400,350667,52f6fee3120f75409036a8fc5a384fbb0bbaf8f763eb1ec077861f1bb0644d9e,,outputs/evaluation-and-correctness-may2026/open-source/gemma_2_2b_it_P1_zero_shot_javascript_400_v2_detailed.jsonl
154,gemma_2_2b_it,javascript,ZS,code_grounded_detailed,400,338336,aa4cd873eb47def950ab4b850e373fff332e8941e15162ad076b25f8fc0c5515,,outputs/segregated_results/open-source-base/may2026/open-source/gemma_2_2b_it_P1_zero_shot_javascript_400_v2_code_grounded_detailed.jsonl
155,gemma_2_2b_it,javascript,ZS,code_grounded_summary,400,1313,7a8a3f20d2a4f866fd1296af91f3405ae6ec4aac3543bd33578dc3c0dcff34ca,,outputs/evaluation-and-correctness-may2026/open-source/gemma_2_2b_it_P1_zero_shot_javascript_400_v2_code_grounded_summary.json
155,gemma_2_2b_it,javascript,ZS,code_grounded_summary,400,1106,0dd4dc0084fbf5bed711ecf2a8d94c5111e3b804ab806d118e35d1c7743ed1d6,,outputs/evaluation-and-correctness-may2026/open-source/gemma_2_2b_it_P1_zero_shot_javascript_400_v2_summary.json
155,gemma_2_2b_it,javascript,ZS,code_grounded_summary,400,1313,7a8a3f20d2a4f866fd1296af91f3405ae6ec4aac3543bd33578dc3c0dcff34ca,,outputs/segregated_results/open-source-base/may2026/open-source/gemma_2_2b_it_P1_zero_shot_javascript_400_v2_code_grounded_summary.json
156,gemma_2_2b_it,javascript,ZS,raw_generation,400,300339,0a63fd7edee9d7b250ae7a0f272bdaba6b220d7a48b5b75cfdeae529d8406e7c,,outputs/raw_generations/gemma_2_2b_it_P1_zero_shot_javascript_400_v2.jsonl
156,gemma_2_2b_it,javascript,ZS,raw_generation,400,300339,0a63fd7edee9d7b250ae7a0f272bdaba6b220d7a48b5b75cfdeae529d8406e7c,,outputs/raw_generations/open-source/gemma_2_2b_it_P1_zero_shot_javascript_400_v2.jsonl
157,gemma_2_2b_it,python,FS,code_grounded_detailed,400,322830,42886a979dc5858b1d7006c67dc65234e0529bf2f5cac4101aaa0e87b5c969ee,,outputs/evaluation-and-correctness-may2026/open-source/gemma_2_2b_it_P1_few_shot_python_400_v1_code_grounded_detailed.jsonl
157,gemma_2_2b_it,python,FS,code_grounded_detailed,400,335665,fdd82dcc040c238df733e6734ee5d9ee7252c868d28e93088195b5e2282a9dd8,,outputs/evaluation-and-correctness-may2026/open-source/gemma_2_2b_it_P1_few_shot_python_400_v1_detailed.jsonl
157,gemma_2_2b_it,python,FS,code_grounded_detailed,400,322830,42886a979dc5858b1d7006c67dc65234e0529bf2f5cac4101aaa0e87b5c969ee,,outputs/segregated_results/open-source-base/may2026/open-source/gemma_2_2b_it_P1_few_shot_python_400_v1_code_grounded_detailed.jsonl
158,gemma_2_2b_it,python,FS,code_grounded_summary,400,1276,a8408132b7a8b22566d817e34e1fef6deabd668252df7f0440dda168a63943bd,,outputs/evaluation-and-correctness-may2026/open-source/gemma_2_2b_it_P1_few_shot_python_400_v1_code_grounded_summary.json
158,gemma_2_2b_it,python,FS,code_grounded_summary,400,1099,66b63abeb57b640bee1fa3e8e395877e766da14a00cbd6aadeb7fcef6c95c204,,outputs/evaluation-and-correctness-may2026/open-source/gemma_2_2b_it_P1_few_shot_python_400_v1_summary.json
158,gemma_2_2b_it,python,FS,code_grounded_summary,400,1276,a8408132b7a8b22566d817e34e1fef6deabd668252df7f0440dda168a63943bd,,outputs/segregated_results/open-source-base/may2026/open-source/gemma_2_2b_it_P1_few_shot_python_400_v1_code_grounded_summary.json
159,gemma_2_2b_it,python,FS,raw_generation,400,195437,160877038964c434474547fd938660b13f0a1ed7524aa57476c2c379bca55ce5,,outputs/raw_generations/gemma_2_2b_it_P1_few_shot_python_400_v1.jsonl
159,gemma_2_2b_it,python,FS,raw_generation,400,195437,160877038964c434474547fd938660b13f0a1ed7524aa57476c2c379bca55ce5,,outputs/raw_generations/open-source/gemma_2_2b_it_P1_few_shot_python_400_v1.jsonl
160,gemma_2_2b_it,python,OS,automatic_evaluation_detailed,400,339692,8c79693969b8dd0884805399f371dcdbc91ab3ef1f218fbefcfe65e933e59644,,outputs/evaluations/gemma_2_2b_it_P1_one_shot_python_400_v1_eval.json_detailed.jsonl
160,gemma_2_2b_it,python,OS,automatic_evaluation_detailed,400,339692,8c79693969b8dd0884805399f371dcdbc91ab3ef1f218fbefcfe65e933e59644,,outputs/segregated_results/open-source-base/eval/gemma_2_2b_it_P1_one_shot_python_400_v1_eval.json_detailed.jsonl
161,gemma_2_2b_it,python,OS,automatic_evaluation_summary,400,1085,d80f164164d9f50c927f66da1995558781f36826e803f15da97f97c7f31c7b8f,,outputs/evaluations/gemma_2_2b_it_P1_one_shot_python_400_v1_eval.json_summary.json
161,gemma_2_2b_it,python,OS,automatic_evaluation_summary,400,1085,d80f164164d9f50c927f66da1995558781f36826e803f15da97f97c7f31c7b8f,,outputs/segregated_results/open-source-base/eval/gemma_2_2b_it_P1_one_shot_python_400_v1_eval.json_summary.json
162,gemma_2_2b_it,python,OS,code_grounded_detailed,400,327030,6100c0748c15a5c023e3fc861120d9634416f2bc3a64e1c57907affab8bff111,,outputs/correctness/gemma_2_2b_it_P1_one_shot_python_400_v1_correctness.json_detailed.jsonl
162,gemma_2_2b_it,python,OS,code_grounded_detailed,400,327030,6100c0748c15a5c023e3fc861120d9634416f2bc3a64e1c57907affab8bff111,,outputs/evaluation-and-correctness-may2026/open-source/gemma_2_2b_it_P1_one_shot_python_400_v1_code_grounded_detailed.jsonl
162,gemma_2_2b_it,python,OS,code_grounded_detailed,400,339688,5c8545bd67d97011a1addfa29d8d6639642879a09711a0dfc0102fb617eac6b4,,outputs/evaluation-and-correctness-may2026/open-source/gemma_2_2b_it_P1_one_shot_python_400_v1_detailed.jsonl
162,gemma_2_2b_it,python,OS,code_grounded_detailed,400,327030,6100c0748c15a5c023e3fc861120d9634416f2bc3a64e1c57907affab8bff111,,outputs/segregated_results/open-source-base/correctness/gemma_2_2b_it_P1_one_shot_python_400_v1_correctness.json_detailed.jsonl
162,gemma_2_2b_it,python,OS,code_grounded_detailed,400,327030,6100c0748c15a5c023e3fc861120d9634416f2bc3a64e1c57907affab8bff111,,outputs/segregated_results/open-source-base/may2026/open-source/gemma_2_2b_it_P1_one_shot_python_400_v1_code_grounded_detailed.jsonl
163,gemma_2_2b_it,python,OS,code_grounded_summary,400,1256,c6b013cee68a51322b7c3bd92d0fb65322142b381aaf766d007ef151d03a03eb,,outputs/correctness/gemma_2_2b_it_P1_one_shot_python_400_v1_correctness.json_summary.json
163,gemma_2_2b_it,python,OS,code_grounded_summary,400,1268,bdd916b276812792fe0ea247bb5e19f29dfde93505c8d5b0f8dd3e502e83b4a6,,outputs/evaluation-and-correctness-may2026/open-source/gemma_2_2b_it_P1_one_shot_python_400_v1_code_grounded_summary.json
163,gemma_2_2b_it,python,OS,code_grounded_summary,400,1097,bbe1462d7aab6833cd39728d5b4aa707fad91fc1b28de3cbac460296d526dfd1,,outputs/evaluation-and-correctness-may2026/open-source/gemma_2_2b_it_P1_one_shot_python_400_v1_summary.json
163,gemma_2_2b_it,python,OS,code_grounded_summary,400,1256,c6b013cee68a51322b7c3bd92d0fb65322142b381aaf766d007ef151d03a03eb,,outputs/segregated_results/open-source-base/correctness/gemma_2_2b_it_P1_one_shot_python_400_v1_correctness.json_summary.json
163,gemma_2_2b_it,python,OS,code_grounded_summary,400,1268,bdd916b276812792fe0ea247bb5e19f29dfde93505c8d5b0f8dd3e502e83b4a6,,outputs/segregated_results/open-source-base/may2026/open-source/gemma_2_2b_it_P1_one_shot_python_400_v1_code_grounded_summary.json
164,gemma_2_2b_it,python,OS,raw_generation,400,199599,14af18e16f792dbe8346cc9ef62ede7b70aac7fc9641f87d89f5a41484199fad,,outputs/raw_generations/gemma_2_2b_it_P1_one_shot_python_400_v1.jsonl
164,gemma_2_2b_it,python,OS,raw_generation,400,199599,14af18e16f792dbe8346cc9ef62ede7b70aac7fc9641f87d89f5a41484199fad,,outputs/raw_generations/open-source/gemma_2_2b_it_P1_one_shot_python_400_v1.jsonl
165,gemma_2_2b_it,python,ZS,automatic_evaluation_detailed,300,281005,0fe0f5f0c2d96d7ffa5a4b32fa942b0f2ac0a9f61b96c4909cab66ee0125f1a7,,outputs/evaluations/gemma_2_2b_it_P1_zero_shot_python_300_ZS_v3_detailed.jsonl
165,gemma_2_2b_it,python,ZS,automatic_evaluation_detailed,300,288493,a1d95a700a9d2f522fc9788b1a7d99b0e4f88258f3fede65666744b78801b17a,,outputs/evaluations/gemma_2_2b_it_P1_zero_shot_python_300_ZS_v3_eval.json_detailed.jsonl
165,gemma_2_2b_it,python,ZS,automatic_evaluation_detailed,300,281005,0fe0f5f0c2d96d7ffa5a4b32fa942b0f2ac0a9f61b96c4909cab66ee0125f1a7,,outputs/segregated_results/open-source-base/eval/gemma_2_2b_it_P1_zero_shot_python_300_ZS_v3_detailed.jsonl
165,gemma_2_2b_it,python,ZS,automatic_evaluation_detailed,300,288493,a1d95a700a9d2f522fc9788b1a7d99b0e4f88258f3fede65666744b78801b17a,,outputs/segregated_results/open-source-base/eval/gemma_2_2b_it_P1_zero_shot_python_300_ZS_v3_eval.json_detailed.jsonl
166,gemma_2_2b_it,python,ZS,automatic_evaluation_summary,300,1131,5fa04218a3d0ed262711e80fa50558602be243f67ad40ab85bb01b7303ecfd87,,outputs/evaluations/gemma_2_2b_it_P1_zero_shot_python_300_ZS_v3_eval.json_summary.json
166,gemma_2_2b_it,python,ZS,automatic_evaluation_summary,300,1053,44d83adf257412ce1e57871f10462f543267523539f9fd99afe5ec03cebd064d,,outputs/evaluations/gemma_2_2b_it_P1_zero_shot_python_300_ZS_v3_summary.json
166,gemma_2_2b_it,python,ZS,automatic_evaluation_summary,300,1131,5fa04218a3d0ed262711e80fa50558602be243f67ad40ab85bb01b7303ecfd87,,outputs/segregated_results/open-source-base/eval/gemma_2_2b_it_P1_zero_shot_python_300_ZS_v3_eval.json_summary.json
166,gemma_2_2b_it,python,ZS,automatic_evaluation_summary,300,1053,44d83adf257412ce1e57871f10462f543267523539f9fd99afe5ec03cebd064d,,outputs/segregated_results/open-source-base/eval/gemma_2_2b_it_P1_zero_shot_python_300_ZS_v3_summary.json
167,gemma_2_2b_it,python,ZS,code_grounded_detailed,300,280190,1ebbfc356843d3efcadea33c438e800c6ca4970d917906e1ddab2e3dedbf9e23,,outputs/correctness/gemma_2_2b_it_P1_zero_shot_python_300_ZS_v3_correctness.json_detailed.jsonl
167,gemma_2_2b_it,python,ZS,code_grounded_detailed,300,288491,46bf3c053dd45609dec5e7aa686d2d6ffef8ee7350e9d877114f027e5c6c5c15,,outputs/evaluation-and-correctness-may2026/open-source/gemma_2_2b_it_P1_zero_shot_python_300_ZS_v3_detailed.jsonl
167,gemma_2_2b_it,python,ZS,code_grounded_detailed,400,334457,dcf42edce09ea04dbb68c6e29a6e67a1565528f3c6d885c876054a1c070479ef,,outputs/evaluation-and-correctness-may2026/open-source/gemma_2_2b_it_P1_zero_shot_python_400_v2_code_grounded_detailed.jsonl
167,gemma_2_2b_it,python,ZS,code_grounded_detailed,400,348396,4fc52c629ec0edc3cc3500b0ef6aeaa04c9e554065affa2f791c92b280b0949c,,outputs/evaluation-and-correctness-may2026/open-source/gemma_2_2b_it_P1_zero_shot_python_400_v2_detailed.jsonl
167,gemma_2_2b_it,python,ZS,code_grounded_detailed,300,280190,1ebbfc356843d3efcadea33c438e800c6ca4970d917906e1ddab2e3dedbf9e23,,outputs/segregated_results/open-source-base/correctness/gemma_2_2b_it_P1_zero_shot_python_300_ZS_v3_correctness.json_detailed.jsonl
167,gemma_2_2b_it,python,ZS,code_grounded_detailed,400,334457,dcf42edce09ea04dbb68c6e29a6e67a1565528f3c6d885c876054a1c070479ef,,outputs/segregated_results/open-source-base/may2026/open-source/gemma_2_2b_it_P1_zero_shot_python_400_v2_code_grounded_detailed.jsonl
168,gemma_2_2b_it,python,ZS,code_grounded_summary,300,1252,cd3a7a9d6db156c7579139457d7063def25da7541a02c3368d844ef5833e5aca,,outputs/correctness/gemma_2_2b_it_P1_zero_shot_python_300_ZS_v3_correctness.json_summary.json
168,gemma_2_2b_it,python,ZS,code_grounded_summary,300,1143,7de84a1e3854b323c2c285718660b53ee7234a749204fd1d7e59d991eb508f08,,outputs/evaluation-and-correctness-may2026/open-source/gemma_2_2b_it_P1_zero_shot_python_300_ZS_v3_summary.json
168,gemma_2_2b_it,python,ZS,code_grounded_summary,400,1279,3c90a02d761c17e817c1e98cce306a88173161f1e430130b4d6334cf81cdf5d5,,outputs/evaluation-and-correctness-may2026/open-source/gemma_2_2b_it_P1_zero_shot_python_400_v2_code_grounded_summary.json
168,gemma_2_2b_it,python,ZS,code_grounded_summary,400,1098,7a415b56211bc968082cd237e05081a559fb526cfe7d317911921988ee55a751,,outputs/evaluation-and-correctness-may2026/open-source/gemma_2_2b_it_P1_zero_shot_python_400_v2_summary.json
168,gemma_2_2b_it,python,ZS,code_grounded_summary,300,1252,cd3a7a9d6db156c7579139457d7063def25da7541a02c3368d844ef5833e5aca,,outputs/segregated_results/open-source-base/correctness/gemma_2_2b_it_P1_zero_shot_python_300_ZS_v3_correctness.json_summary.json
168,gemma_2_2b_it,python,ZS,code_grounded_summary,400,1279,3c90a02d761c17e817c1e98cce306a88173161f1e430130b4d6334cf81cdf5d5,,outputs/segregated_results/open-source-base/may2026/open-source/gemma_2_2b_it_P1_zero_shot_python_400_v2_code_grounded_summary.json
169,gemma_2_2b_it,python,ZS,raw_generation,300,187624,5a2814776e0810d363d4fbb79db04bcf528816b3b049bc1af01bee18a8ac3ca0,,outputs/raw_generations/gemma_2_2b_it_P1_zero_shot_python_300_ZS_v3.jsonl
169,gemma_2_2b_it,python,ZS,raw_generation,400,306020,fc9409051c929964cb4676a8415f63fd25c2cc83786379c65f4436aa3a5e1350,,outputs/raw_generations/gemma_2_2b_it_P1_zero_shot_python_400_v2.jsonl
169,gemma_2_2b_it,python,ZS,raw_generation,300,187624,5a2814776e0810d363d4fbb79db04bcf528816b3b049bc1af01bee18a8ac3ca0,,outputs/raw_generations/open-source/gemma_2_2b_it_P1_zero_shot_python_300_ZS_v3.jsonl
169,gemma_2_2b_it,python,ZS,raw_generation,400,306020,fc9409051c929964cb4676a8415f63fd25c2cc83786379c65f4436aa3a5e1350,,outputs/raw_generations/open-source/gemma_2_2b_it_P1_zero_shot_python_400_v2.jsonl
170,gemma_2_2b_it_lora,java,FS,code_grounded_detailed,400,331186,fc9a0e981afadf12cee6a792c1d9a212ebbfe927799912997713db69dfb386cc,,outputs/evaluation-and-correctness-may2026/open-source-fine-tuned/gemma_2_2b_it_lora_multilang/gemma_2_2b_it_lora_multilang_P1_few_shot_java_400_v1_code_grounded_detailed.jsonl
170,gemma_2_2b_it_lora,java,FS,code_grounded_detailed,400,347588,e217f4534945937dbb3e12ecfe9e38c3428c7fa4253d947f8bdef5b2c06fe3fa,,outputs/evaluation-and-correctness-may2026/open-source-fine-tuned/gemma_2_2b_it_lora_multilang/gemma_2_2b_it_lora_multilang_P1_few_shot_java_400_v1_detailed.jsonl
170,gemma_2_2b_it_lora,java,FS,code_grounded_detailed,400,331186,fc9a0e981afadf12cee6a792c1d9a212ebbfe927799912997713db69dfb386cc,,outputs/segregated_results/open-source-lora/_long_paths/70da3716a4c4_gemma_2_2b_it_lora_multilang_P1_few_shot_java_400_v1_code_grounded_detailed.jsonl
171,gemma_2_2b_it_lora,java,FS,code_grounded_summary,400,1351,681c51dd3f20b642598231bf35c21b65eb2bd81a87877ec7915f5d4e975939fe,,outputs/evaluation-and-correctness-may2026/open-source-fine-tuned/gemma_2_2b_it_lora_multilang/gemma_2_2b_it_lora_multilang_P1_few_shot_java_400_v1_code_grounded_summary.json
171,gemma_2_2b_it_lora,java,FS,code_grounded_summary,400,1174,f9a0641d77bda0783e35e78cd601fe7ee530ff6cd1f961ae00426f4af7a9bf12,,outputs/evaluation-and-correctness-may2026/open-source-fine-tuned/gemma_2_2b_it_lora_multilang/gemma_2_2b_it_lora_multilang_P1_few_shot_java_400_v1_summary.json
171,gemma_2_2b_it_lora,java,FS,code_grounded_summary,400,1351,681c51dd3f20b642598231bf35c21b65eb2bd81a87877ec7915f5d4e975939fe,,outputs/segregated_results/open-source-lora/_long_paths/0feca74d7094_gemma_2_2b_it_lora_multilang_P1_few_shot_java_400_v1_code_grounded_summary.json
172,gemma_2_2b_it_lora,java,OS,code_grounded_detailed,400,331186,bf9f3a0a3d64a1cbbf37b04e5b30eece55845c5c021f3d8289743565996e51b8,,outputs/evaluation-and-correctness-may2026/open-source-fine-tuned/gemma_2_2b_it_lora_multilang/gemma_2_2b_it_lora_multilang_P1_one_shot_java_400_v1_code_grounded_detailed.jsonl
172,gemma_2_2b_it_lora,java,OS,code_grounded_detailed,400,347593,93bfe6afe922ddd46a6262d22c32bbcd25ea7f556f469ae14072196b52e76804,,outputs/evaluation-and-correctness-may2026/open-source-fine-tuned/gemma_2_2b_it_lora_multilang/gemma_2_2b_it_lora_multilang_P1_one_shot_java_400_v1_detailed.jsonl
172,gemma_2_2b_it_lora,java,OS,code_grounded_detailed,400,331186,bf9f3a0a3d64a1cbbf37b04e5b30eece55845c5c021f3d8289743565996e51b8,,outputs/segregated_results/open-source-lora/_long_paths/74c2a63f1252_gemma_2_2b_it_lora_multilang_P1_one_shot_java_400_v1_code_grounded_detailed.jsonl
173,gemma_2_2b_it_lora,java,OS,code_grounded_summary,400,1351,523016cca923877d8528d5bbebebfcc13f3773e79d4ae58337b5eea6dd8426e1,,outputs/evaluation-and-correctness-may2026/open-source-fine-tuned/gemma_2_2b_it_lora_multilang/gemma_2_2b_it_lora_multilang_P1_one_shot_java_400_v1_code_grounded_summary.json
173,gemma_2_2b_it_lora,java,OS,code_grounded_summary,400,1176,b0d9c75263587906e0dea868abae420f90a08977a4dc110a73075692e8ef274d,,outputs/evaluation-and-correctness-may2026/open-source-fine-tuned/gemma_2_2b_it_lora_multilang/gemma_2_2b_it_lora_multilang_P1_one_shot_java_400_v1_summary.json
173,gemma_2_2b_it_lora,java,OS,code_grounded_summary,400,1351,523016cca923877d8528d5bbebebfcc13f3773e79d4ae58337b5eea6dd8426e1,,outputs/segregated_results/open-source-lora/_long_paths/fe63a138ddea_gemma_2_2b_it_lora_multilang_P1_one_shot_java_400_v1_code_grounded_summary.json
174,gemma_2_2b_it_lora,java,ZS,code_grounded_detailed,400,331186,60c52637dba5db8b7a9f7bc71d0e8d11717caa85118f262bcbce84e6c94f3b43,,outputs/evaluation-and-correctness-may2026/open-source-fine-tuned/gemma_2_2b_it_lora_multilang/gemma_2_2b_it_lora_multilang_P1_zero_shot_java_400_v1_code_grounded_detailed.jsonl
174,gemma_2_2b_it_lora,java,ZS,code_grounded_detailed,400,347569,5c5ea49baf9201ee46718c6c18ad42bd1009eadacf0afaa4d0f3e1bb12c4b32f,,outputs/evaluation-and-correctness-may2026/open-source-fine-tuned/gemma_2_2b_it_lora_multilang/gemma_2_2b_it_lora_multilang_P1_zero_shot_java_400_v1_detailed.jsonl
174,gemma_2_2b_it_lora,java,ZS,code_grounded_detailed,400,331186,60c52637dba5db8b7a9f7bc71d0e8d11717caa85118f262bcbce84e6c94f3b43,,outputs/segregated_results/open-source-lora/_long_paths/750317c8fd74_gemma_2_2b_it_lora_multilang_P1_zero_shot_java_400_v1_code_grounded_detailed.jsonl
175,gemma_2_2b_it_lora,java,ZS,code_grounded_summary,400,1356,8b45712ec926ee7a555940bc0ba8b69b06f20b3bf8a4b8848460e6bebc36996d,,outputs/evaluation-and-correctness-may2026/open-source-fine-tuned/gemma_2_2b_it_lora_multilang/gemma_2_2b_it_lora_multilang_P1_zero_shot_java_400_v1_code_grounded_summary.json
175,gemma_2_2b_it_lora,java,ZS,code_grounded_summary,400,1175,dd6b0b963844f1eaad4936f1ec628f7f3070b1a99bc25df65f21e2641160ba4b,,outputs/evaluation-and-correctness-may2026/open-source-fine-tuned/gemma_2_2b_it_lora_multilang/gemma_2_2b_it_lora_multilang_P1_zero_shot_java_400_v1_summary.json
175,gemma_2_2b_it_lora,java,ZS,code_grounded_summary,400,1356,8b45712ec926ee7a555940bc0ba8b69b06f20b3bf8a4b8848460e6bebc36996d,,outputs/segregated_results/open-source-lora/_long_paths/e959266be815_gemma_2_2b_it_lora_multilang_P1_zero_shot_java_400_v1_code_grounded_summary.json
176,gemma_2_2b_it_lora,javascript,FS,code_grounded_detailed,400,331707,ded2f2efb0005ad608ba51c168935b20a38e36a42b21cd1308f7337580e575fe,,outputs/correctness/gemma_2_2b_it_lora_multilang_P1_few_shot_javascript_400_v1_correctness_detailed.jsonl
176,gemma_2_2b_it_lora,javascript,FS,code_grounded_detailed,400,331307,89dc823447d63c1c2c4df1d1c0b9dc282106b96671e554ca9e7e20eb1b7ac561,,outputs/evaluation-and-correctness-may2026/open-source-fine-tuned/gemma_2_2b_it_lora_multilang/gemma_2_2b_it_lora_multilang_P1_few_shot_javascript_400_v1_code_grounded_detailed.jsonl
176,gemma_2_2b_it_lora,javascript,FS,code_grounded_detailed,400,343984,31cbeac95efc286f3fec6810bc55d1e1bdab1eb5c377c6afb9e0e27d665b5b35,,outputs/evaluation-and-correctness-may2026/open-source-fine-tuned/gemma_2_2b_it_lora_multilang/gemma_2_2b_it_lora_multilang_P1_few_shot_javascript_400_v1_detailed.jsonl
176,gemma_2_2b_it_lora,javascript,FS,code_grounded_detailed,400,331707,ded2f2efb0005ad608ba51c168935b20a38e36a42b21cd1308f7337580e575fe,,outputs/segregated_results/open-source-lora/correctness/gemma_2_2b_it_lora_multilang_P1_few_shot_javascript_400_v1_correctness_detailed.jsonl
177,gemma_2_2b_it_lora,javascript,FS,code_grounded_summary,400,1585,7974e224b564076570cf614e02fa84e7f173880157ccdd32525a3d95c42ff5f4,,outputs/correctness/gemma_2_2b_it_lora_multilang_P1_few_shot_javascript_400_v1_correctness_summary.json
177,gemma_2_2b_it_lora,javascript,FS,code_grounded_summary,400,1371,4d1e4540d2de56c75eaa8fb1bca1043fd2c184a0794617275d48fcf1cc1a8860,,outputs/evaluation-and-correctness-may2026/open-source-fine-tuned/gemma_2_2b_it_lora_multilang/gemma_2_2b_it_lora_multilang_P1_few_shot_javascript_400_v1_code_grounded_summary.json
177,gemma_2_2b_it_lora,javascript,FS,code_grounded_summary,400,1172,29de19dd1ed6a057959b5a84f8659b556ce920e78413082d2422e655298d9171,,outputs/evaluation-and-correctness-may2026/open-source-fine-tuned/gemma_2_2b_it_lora_multilang/gemma_2_2b_it_lora_multilang_P1_few_shot_javascript_400_v1_summary.json
177,gemma_2_2b_it_lora,javascript,FS,code_grounded_summary,400,1585,7974e224b564076570cf614e02fa84e7f173880157ccdd32525a3d95c42ff5f4,,outputs/segregated_results/open-source-lora/correctness/gemma_2_2b_it_lora_multilang_P1_few_shot_javascript_400_v1_correctness_summary.json
178,gemma_2_2b_it_lora,javascript,OS,code_grounded_detailed,400,331707,163dfe4ec26733ede6a9036172aace0587982a79b77e2098cb044774e259e6bc,,outputs/correctness/gemma_2_2b_it_lora_multilang_P1_one_shot_javascript_400_v1_correctness_detailed.jsonl
178,gemma_2_2b_it_lora,javascript,OS,code_grounded_detailed,400,331307,c7b4b1e0993c2c9597f8d67e79abe746083c46bd0e2cef70722eda1527959ad3,,outputs/evaluation-and-correctness-may2026/open-source-fine-tuned/gemma_2_2b_it_lora_multilang/gemma_2_2b_it_lora_multilang_P1_one_shot_javascript_400_v1_code_grounded_detailed.jsonl
178,gemma_2_2b_it_lora,javascript,OS,code_grounded_detailed,400,344008,9d02e1aafb77f31be739f124ece332bd7fe29bcc4b042c81aa8ab70b34f9fd90,,outputs/evaluation-and-correctness-may2026/open-source-fine-tuned/gemma_2_2b_it_lora_multilang/gemma_2_2b_it_lora_multilang_P1_one_shot_javascript_400_v1_detailed.jsonl
178,gemma_2_2b_it_lora,javascript,OS,code_grounded_detailed,400,331707,163dfe4ec26733ede6a9036172aace0587982a79b77e2098cb044774e259e6bc,,outputs/segregated_results/open-source-lora/correctness/gemma_2_2b_it_lora_multilang_P1_one_shot_javascript_400_v1_correctness_detailed.jsonl
179,gemma_2_2b_it_lora,javascript,OS,code_grounded_summary,400,1585,f635e8357eb92b3976336f5cd207a27d4f810e326c08f18b201f987e65ea5f94,,outputs/correctness/gemma_2_2b_it_lora_multilang_P1_one_shot_javascript_400_v1_correctness_summary.json
179,gemma_2_2b_it_lora,javascript,OS,code_grounded_summary,400,1371,a5843483bb209e56be5829adf5d134811858264627eba2c9815d9b71e70dec40,,outputs/evaluation-and-correctness-may2026/open-source-fine-tuned/gemma_2_2b_it_lora_multilang/gemma_2_2b_it_lora_multilang_P1_one_shot_javascript_400_v1_code_grounded_summary.json
179,gemma_2_2b_it_lora,javascript,OS,code_grounded_summary,400,1174,a0055b47395ad018046726ea547baa848f163684b4e281083ab68324342c704b,,outputs/evaluation-and-correctness-may2026/open-source-fine-tuned/gemma_2_2b_it_lora_multilang/gemma_2_2b_it_lora_multilang_P1_one_shot_javascript_400_v1_summary.json
179,gemma_2_2b_it_lora,javascript,OS,code_grounded_summary,400,1585,f635e8357eb92b3976336f5cd207a27d4f810e326c08f18b201f987e65ea5f94,,outputs/segregated_results/open-source-lora/correctness/gemma_2_2b_it_lora_multilang_P1_one_shot_javascript_400_v1_correctness_summary.json
180,gemma_2_2b_it_lora,javascript,ZS,code_grounded_detailed,400,331707,83bfc11217b1212e46ae8f3220e64ca3d34d041d22482a40902c6f2c1043fc8f,,outputs/correctness/gemma_2_2b_it_lora_multilang_P1_zero_shot_javascript_400_v1_correctness_detailed.jsonl
180,gemma_2_2b_it_lora,javascript,ZS,code_grounded_detailed,400,331307,a6b0a10d2e693aa4342561f9cfc4e41e518511e72018ca63d9c6c00e00774f9e,,outputs/evaluation-and-correctness-may2026/open-source-fine-tuned/gemma_2_2b_it_lora_multilang/gemma_2_2b_it_lora_multilang_P1_zero_shot_javascript_400_v1_code_grounded_detailed.jsonl
180,gemma_2_2b_it_lora,javascript,ZS,code_grounded_detailed,400,343984,2835b4aa5269a5dab7668b233362943c5a6521cc9e38095e066ba0a931580937,,outputs/evaluation-and-correctness-may2026/open-source-fine-tuned/gemma_2_2b_it_lora_multilang/gemma_2_2b_it_lora_multilang_P1_zero_shot_javascript_400_v1_detailed.jsonl
180,gemma_2_2b_it_lora,javascript,ZS,code_grounded_detailed,400,331707,83bfc11217b1212e46ae8f3220e64ca3d34d041d22482a40902c6f2c1043fc8f,,outputs/segregated_results/open-source-lora/correctness/gemma_2_2b_it_lora_multilang_P1_zero_shot_javascript_400_v1_correctness_detailed.jsonl
181,gemma_2_2b_it_lora,javascript,ZS,code_grounded_summary,400,1590,4654351184864309fdae11a579a0e03419aee1cabed72d84dc933d8298b304ec,,outputs/correctness/gemma_2_2b_it_lora_multilang_P1_zero_shot_javascript_400_v1_correctness_summary.json
181,gemma_2_2b_it_lora,javascript,ZS,code_grounded_summary,400,1376,9bf49479332f2b97706052a5dcae5aa8cf391ce20c4f6cfbc923ad18d1446393,,outputs/evaluation-and-correctness-may2026/open-source-fine-tuned/gemma_2_2b_it_lora_multilang/gemma_2_2b_it_lora_multilang_P1_zero_shot_javascript_400_v1_code_grounded_summary.json
181,gemma_2_2b_it_lora,javascript,ZS,code_grounded_summary,400,1173,e9e3ed17bbc1fe8986a4863785e070637f7b69876f063578084c337853cdc5ff,,outputs/evaluation-and-correctness-may2026/open-source-fine-tuned/gemma_2_2b_it_lora_multilang/gemma_2_2b_it_lora_multilang_P1_zero_shot_javascript_400_v1_summary.json
181,gemma_2_2b_it_lora,javascript,ZS,code_grounded_summary,400,1590,4654351184864309fdae11a579a0e03419aee1cabed72d84dc933d8298b304ec,,outputs/segregated_results/open-source-lora/correctness/gemma_2_2b_it_lora_multilang_P1_zero_shot_javascript_400_v1_correctness_summary.json
182,gemma_2_2b_it_lora,python,FS,code_grounded_detailed,400,321050,ce98d486562c4396229148b1e3412d34a4bf39313ad506a3200ab3ab1c850b3f,,outputs/evaluation-and-correctness-may2026/open-source-fine-tuned/gemma_2_2b_it_lora_multilang/gemma_2_2b_it_lora_multilang_P1_few_shot_python_400_v1_code_grounded_detailed.jsonl
182,gemma_2_2b_it_lora,python,FS,code_grounded_detailed,400,333679,6cf00d9b3a256e5449a8a6b02406d808da02cf83bf8e06abd73dc9375016412d,,outputs/evaluation-and-correctness-may2026/open-source-fine-tuned/gemma_2_2b_it_lora_multilang/gemma_2_2b_it_lora_multilang_P1_few_shot_python_400_v1_detailed.jsonl
182,gemma_2_2b_it_lora,python,FS,code_grounded_detailed,400,321050,ce98d486562c4396229148b1e3412d34a4bf39313ad506a3200ab3ab1c850b3f,,outputs/segregated_results/open-source-lora/_long_paths/2c94041537c6_gemma_2_2b_it_lora_multilang_P1_few_shot_python_400_v1_code_grounded_detailed.jsonl
183,gemma_2_2b_it_lora,python,FS,code_grounded_summary,400,1341,458968b2e53f33bfe219d23f2f63f682e0d77d9d9638be4e448dcf2d50088f12,,outputs/evaluation-and-correctness-may2026/open-source-fine-tuned/gemma_2_2b_it_lora_multilang/gemma_2_2b_it_lora_multilang_P1_few_shot_python_400_v1_code_grounded_summary.json
183,gemma_2_2b_it_lora,python,FS,code_grounded_summary,400,1160,6dd21b06171f51662eaf176aef99661302c4d1ba54a359bfca68dd96e92d22bd,,outputs/evaluation-and-correctness-may2026/open-source-fine-tuned/gemma_2_2b_it_lora_multilang/gemma_2_2b_it_lora_multilang_P1_few_shot_python_400_v1_summary.json
183,gemma_2_2b_it_lora,python,FS,code_grounded_summary,400,1341,458968b2e53f33bfe219d23f2f63f682e0d77d9d9638be4e448dcf2d50088f12,,outputs/segregated_results/open-source-lora/_long_paths/592b1872a60d_gemma_2_2b_it_lora_multilang_P1_few_shot_python_400_v1_code_grounded_summary.json
184,gemma_2_2b_it_lora,python,OS,code_grounded_detailed,400,321050,3bbf5765b871a814538fe29d6a8f4e89fa196d867ee6f7952eb2a6c84d2619cc,,outputs/evaluation-and-correctness-may2026/open-source-fine-tuned/gemma_2_2b_it_lora_multilang/gemma_2_2b_it_lora_multilang_P1_one_shot_python_400_v1_code_grounded_detailed.jsonl
184,gemma_2_2b_it_lora,python,OS,code_grounded_detailed,400,333686,44559deb6d0347502627f6c6f4ea9cb508a09362d324807458a4c44808571c68,,outputs/evaluation-and-correctness-may2026/open-source-fine-tuned/gemma_2_2b_it_lora_multilang/gemma_2_2b_it_lora_multilang_P1_one_shot_python_400_v1_detailed.jsonl
184,gemma_2_2b_it_lora,python,OS,code_grounded_detailed,400,321050,3bbf5765b871a814538fe29d6a8f4e89fa196d867ee6f7952eb2a6c84d2619cc,,outputs/segregated_results/open-source-lora/_long_paths/f72808e905b9_gemma_2_2b_it_lora_multilang_P1_one_shot_python_400_v1_code_grounded_detailed.jsonl
185,gemma_2_2b_it_lora,python,OS,code_grounded_summary,400,1341,4a214eeec85db5911a0fdcf068564bd1b38f538117f0893b2791a27cfe50a006,,outputs/evaluation-and-correctness-may2026/open-source-fine-tuned/gemma_2_2b_it_lora_multilang/gemma_2_2b_it_lora_multilang_P1_one_shot_python_400_v1_code_grounded_summary.json
185,gemma_2_2b_it_lora,python,OS,code_grounded_summary,400,1160,0f2b6ef4f21da2cd672e4a6dfd307ca91cf150783395a3e29a855508fa3c41a6,,outputs/evaluation-and-correctness-may2026/open-source-fine-tuned/gemma_2_2b_it_lora_multilang/gemma_2_2b_it_lora_multilang_P1_one_shot_python_400_v1_summary.json
185,gemma_2_2b_it_lora,python,OS,code_grounded_summary,400,1341,4a214eeec85db5911a0fdcf068564bd1b38f538117f0893b2791a27cfe50a006,,outputs/segregated_results/open-source-lora/_long_paths/83406dbe4444_gemma_2_2b_it_lora_multilang_P1_one_shot_python_400_v1_code_grounded_summary.json
186,gemma_2_2b_it_lora,python,ZS,code_grounded_detailed,400,321050,f704826a6861e55df9c7e2978f2d7b519c70121fb5ed2c3c78575e1c2e2cdb5e,,outputs/evaluation-and-correctness-may2026/open-source-fine-tuned/gemma_2_2b_it_lora_multilang/gemma_2_2b_it_lora_multilang_P1_zero_shot_python_400_v1_code_grounded_detailed.jsonl
186,gemma_2_2b_it_lora,python,ZS,code_grounded_detailed,400,333680,b0829e27dfd093d8061a6738fd0f5a4ff56e1ce4d2a5bcf7a2a4a05f2a5b3313,,outputs/evaluation-and-correctness-may2026/open-source-fine-tuned/gemma_2_2b_it_lora_multilang/gemma_2_2b_it_lora_multilang_P1_zero_shot_python_400_v1_detailed.jsonl
186,gemma_2_2b_it_lora,python,ZS,code_grounded_detailed,400,321050,f704826a6861e55df9c7e2978f2d7b519c70121fb5ed2c3c78575e1c2e2cdb5e,,outputs/segregated_results/open-source-lora/_long_paths/c7a243b99c39_gemma_2_2b_it_lora_multilang_P1_zero_shot_python_400_v1_code_grounded_detailed.jsonl
187,gemma_2_2b_it_lora,python,ZS,code_grounded_summary,400,1346,e9db57b6446f6ea43fa08ea3530c0f40053e4138c723a3e574b28b1748e7717c,,outputs/evaluation-and-correctness-may2026/open-source-fine-tuned/gemma_2_2b_it_lora_multilang/gemma_2_2b_it_lora_multilang_P1_zero_shot_python_400_v1_code_grounded_summary.json
187,gemma_2_2b_it_lora,python,ZS,code_grounded_summary,400,1161,0a56aafd525e6f7af1fb5fcee61542c4ad7fe76a7d70652b219dbef6d9fca8d0,,outputs/evaluation-and-correctness-may2026/open-source-fine-tuned/gemma_2_2b_it_lora_multilang/gemma_2_2b_it_lora_multilang_P1_zero_shot_python_400_v1_summary.json
187,gemma_2_2b_it_lora,python,ZS,code_grounded_summary,400,1346,e9db57b6446f6ea43fa08ea3530c0f40053e4138c723a3e574b28b1748e7717c,,outputs/segregated_results/open-source-lora/_long_paths/5ab05b514686_gemma_2_2b_it_lora_multilang_P1_zero_shot_python_400_v1_code_grounded_summary.json
188,gpt_5_1,java,FS,code_grounded_detailed,400,325275,a5a31d0b408b7c4849438fcc1abcba1491d9fc816b97eac4547d048c0bdb3174,,outputs/evaluation-and-correctness-may2026/commercial-new/gpt_5_1_P1_few_shot_java_400_v1_code_grounded_detailed.jsonl
188,gpt_5_1,java,FS,code_grounded_detailed,400,341956,1fe46a650e6d46e3bc71f8336e6ec99ca0203faca59e9d9a3c55f842f90b9acc,,outputs/evaluation-and-correctness-may2026/commercial-new/gpt_5_1_P1_few_shot_java_400_v1_detailed.jsonl
188,gpt_5_1,java,FS,code_grounded_detailed,400,325275,a5a31d0b408b7c4849438fcc1abcba1491d9fc816b97eac4547d048c0bdb3174,,outputs/segregated_results/commercial-base/evaluation-and-correctness-may2026/commercial-new/gpt_5_1_P1_few_shot_java_400_v1_code_grounded_detailed.jsonl
188,gpt_5_1,java,FS,code_grounded_detailed,400,341956,1fe46a650e6d46e3bc71f8336e6ec99ca0203faca59e9d9a3c55f842f90b9acc,,outputs/segregated_results/commercial-base/evaluation-and-correctness-may2026/commercial-new/gpt_5_1_P1_few_shot_java_400_v1_detailed.jsonl
188,gpt_5_1,java,FS,code_grounded_detailed,400,325275,a5a31d0b408b7c4849438fcc1abcba1491d9fc816b97eac4547d048c0bdb3174,,outputs/segregated_results/commercial-base/may2026/commercial-new/gpt_5_1_P1_few_shot_java_400_v1_code_grounded_detailed.jsonl
189,gpt_5_1,java,FS,code_grounded_summary,400,1278,84b651176b803fd06714b06cc31a8e65d49bf1dd9b18dd29210a06e517999654,,outputs/evaluation-and-correctness-may2026/commercial-new/gpt_5_1_P1_few_shot_java_400_v1_code_grounded_summary.json
189,gpt_5_1,java,FS,code_grounded_summary,400,1067,eeefce6037814a25a70fb8db5cb53f196532402196fe23b98468a9433c95df0f,,outputs/evaluation-and-correctness-may2026/commercial-new/gpt_5_1_P1_few_shot_java_400_v1_summary.json
189,gpt_5_1,java,FS,code_grounded_summary,400,1278,84b651176b803fd06714b06cc31a8e65d49bf1dd9b18dd29210a06e517999654,,outputs/segregated_results/commercial-base/evaluation-and-correctness-may2026/commercial-new/gpt_5_1_P1_few_shot_java_400_v1_code_grounded_summary.json
189,gpt_5_1,java,FS,code_grounded_summary,400,1067,eeefce6037814a25a70fb8db5cb53f196532402196fe23b98468a9433c95df0f,,outputs/segregated_results/commercial-base/evaluation-and-correctness-may2026/commercial-new/gpt_5_1_P1_few_shot_java_400_v1_summary.json
189,gpt_5_1,java,FS,code_grounded_summary,400,1278,84b651176b803fd06714b06cc31a8e65d49bf1dd9b18dd29210a06e517999654,,outputs/segregated_results/commercial-base/may2026/commercial-new/gpt_5_1_P1_few_shot_java_400_v1_code_grounded_summary.json
190,gpt_5_1,java,FS,provider_batch_state,400,748,0ef646bf37dc7c49f4748294b8f4ea03991341dae85edce1999bc6db72ba3cef,,outputs/batches/gpt_5_1_P1_few_shot_java_400_v1/state.json
190,gpt_5_1,java,FS,provider_batch_state,400,748,0ef646bf37dc7c49f4748294b8f4ea03991341dae85edce1999bc6db72ba3cef,,outputs/segregated_results/commercial-base/batches/gpt_5_1_P1_few_shot_java_400_v1/state.json
191,gpt_5_1,java,FS,provider_request,400,1414159,16ee413ddf947795f23e6f50c0386dbc40fa7abc828601a0f5cdfae2a8547e19,,outputs/batches/gpt_5_1_P1_few_shot_java_400_v1/batch_requests.jsonl
191,gpt_5_1,java,FS,provider_request,400,1414159,16ee413ddf947795f23e6f50c0386dbc40fa7abc828601a0f5cdfae2a8547e19,,outputs/segregated_results/commercial-base/batches/gpt_5_1_P1_few_shot_java_400_v1/batch_requests.jsonl
192,gpt_5_1,java,FS,provider_response,400,643195,afceb369a4cfc3a221f635c0606cf7da673eb66f1a802326345883bac1b7d5b3,,outputs/batches/gpt_5_1_P1_few_shot_java_400_v1/batch_output.jsonl
192,gpt_5_1,java,FS,provider_response,400,643195,afceb369a4cfc3a221f635c0606cf7da673eb66f1a802326345883bac1b7d5b3,,outputs/segregated_results/commercial-base/batches/gpt_5_1_P1_few_shot_java_400_v1/batch_output.jsonl
193,gpt_5_1,java,FS,raw_generation,400,2823364,f60654bd0c0bfd6bbfa376263b09234ddc271df363ee7170b38437cccc21458f,,outputs/raw_generations/commercial-new/gpt_5_1_P1_few_shot_java_400_v1.jsonl
193,gpt_5_1,java,FS,raw_generation,400,2823364,f60654bd0c0bfd6bbfa376263b09234ddc271df363ee7170b38437cccc21458f,,outputs/raw_generations/gpt_5_1_P1_few_shot_java_400_v1.jsonl
194,gpt_5_1,java,OS,code_grounded_detailed,400,326078,00fbd58408f3632554e75b23e0574c178f7764dd1c56a7b0b9ef91a450f74546,,outputs/evaluation-and-correctness-may2026/commercial-new/gpt_5_1_P1_one_shot_java_400_v1_code_grounded_detailed.jsonl
194,gpt_5_1,java,OS,code_grounded_detailed,400,343184,e9f370b2f645fd6b8fb66007202d8bef45ca5707e840a074b35df8093f9b3fdf,,outputs/evaluation-and-correctness-may2026/commercial-new/gpt_5_1_P1_one_shot_java_400_v1_detailed.jsonl
194,gpt_5_1,java,OS,code_grounded_detailed,400,326078,00fbd58408f3632554e75b23e0574c178f7764dd1c56a7b0b9ef91a450f74546,,outputs/segregated_results/commercial-base/evaluation-and-correctness-may2026/commercial-new/gpt_5_1_P1_one_shot_java_400_v1_code_grounded_detailed.jsonl
194,gpt_5_1,java,OS,code_grounded_detailed,400,343184,e9f370b2f645fd6b8fb66007202d8bef45ca5707e840a074b35df8093f9b3fdf,,outputs/segregated_results/commercial-base/evaluation-and-correctness-may2026/commercial-new/gpt_5_1_P1_one_shot_java_400_v1_detailed.jsonl
194,gpt_5_1,java,OS,code_grounded_detailed,400,326078,00fbd58408f3632554e75b23e0574c178f7764dd1c56a7b0b9ef91a450f74546,,outputs/segregated_results/commercial-base/may2026/commercial-new/gpt_5_1_P1_one_shot_java_400_v1_code_grounded_detailed.jsonl
195,gpt_5_1,java,OS,code_grounded_summary,400,1274,e96afe4b9f8d79c5a96f502d000c7e95f058ef0ae28b0c46ed765edc2958aa91,,outputs/evaluation-and-correctness-may2026/commercial-new/gpt_5_1_P1_one_shot_java_400_v1_code_grounded_summary.json
195,gpt_5_1,java,OS,code_grounded_summary,400,1063,e7b5e09659f0e6c25506355570eb16308e2ea07f758bcead3bf99e78950c89e6,,outputs/evaluation-and-correctness-may2026/commercial-new/gpt_5_1_P1_one_shot_java_400_v1_summary.json
195,gpt_5_1,java,OS,code_grounded_summary,400,1274,e96afe4b9f8d79c5a96f502d000c7e95f058ef0ae28b0c46ed765edc2958aa91,,outputs/segregated_results/commercial-base/evaluation-and-correctness-may2026/commercial-new/gpt_5_1_P1_one_shot_java_400_v1_code_grounded_summary.json
195,gpt_5_1,java,OS,code_grounded_summary,400,1063,e7b5e09659f0e6c25506355570eb16308e2ea07f758bcead3bf99e78950c89e6,,outputs/segregated_results/commercial-base/evaluation-and-correctness-may2026/commercial-new/gpt_5_1_P1_one_shot_java_400_v1_summary.json
195,gpt_5_1,java,OS,code_grounded_summary,400,1274,e96afe4b9f8d79c5a96f502d000c7e95f058ef0ae28b0c46ed765edc2958aa91,,outputs/segregated_results/commercial-base/may2026/commercial-new/gpt_5_1_P1_one_shot_java_400_v1_code_grounded_summary.json
196,gpt_5_1,java,OS,provider_batch_state,400,748,051076ca861d578104e48f7a977599e587c440840693c63e7901a9a3258c61a0,,outputs/batches/gpt_5_1_P1_one_shot_java_400_v1/state.json
196,gpt_5_1,java,OS,provider_batch_state,400,748,051076ca861d578104e48f7a977599e587c440840693c63e7901a9a3258c61a0,,outputs/segregated_results/commercial-base/batches/gpt_5_1_P1_one_shot_java_400_v1/state.json
197,gpt_5_1,java,OS,provider_request,400,764959,f1ef03aa6b67c137ba30eec5b469be76ed1e1399cd95b04356121aac2f9c115a,,outputs/batches/gpt_5_1_P1_one_shot_java_400_v1/batch_requests.jsonl
197,gpt_5_1,java,OS,provider_request,400,764959,f1ef03aa6b67c137ba30eec5b469be76ed1e1399cd95b04356121aac2f9c115a,,outputs/segregated_results/commercial-base/batches/gpt_5_1_P1_one_shot_java_400_v1/batch_requests.jsonl
198,gpt_5_1,java,OS,provider_response,400,643576,836df9e835c66442fd7217a27aaf5a70d362f65c81684d4c0ad303b751a08819,,outputs/batches/gpt_5_1_P1_one_shot_java_400_v1/batch_output.jsonl
198,gpt_5_1,java,OS,provider_response,400,643576,836df9e835c66442fd7217a27aaf5a70d362f65c81684d4c0ad303b751a08819,,outputs/segregated_results/commercial-base/batches/gpt_5_1_P1_one_shot_java_400_v1/batch_output.jsonl
199,gpt_5_1,java,OS,raw_generation,400,2088610,40a84b32386b63a8ea4f1b7ff9403fad39170945918e46616742a96d41f06de9,,outputs/raw_generations/commercial-new/gpt_5_1_P1_one_shot_java_400_v1.jsonl
199,gpt_5_1,java,OS,raw_generation,400,2088610,40a84b32386b63a8ea4f1b7ff9403fad39170945918e46616742a96d41f06de9,,outputs/raw_generations/gpt_5_1_P1_one_shot_java_400_v1.jsonl
200,gpt_5_1,java,ZS,automatic_evaluation_detailed,400,337884,d92ba1f0dea6e80403c20015baf69d68aac245ce365d643fef28109663aea613,,outputs/evaluations/gpt_5_1_P1_zero_shot_java_400_v1_eval.json_detailed.jsonl
200,gpt_5_1,java,ZS,automatic_evaluation_detailed,400,337884,d92ba1f0dea6e80403c20015baf69d68aac245ce365d643fef28109663aea613,,outputs/segregated_results/commercial-base/eval/gpt_5_1_P1_zero_shot_java_400_v1_eval.json_detailed.jsonl
201,gpt_5_1,java,ZS,automatic_evaluation_summary,400,1057,276396be7ec9a65facd13f190a2ce80b58cb103567f4431519b60bcdbf8fc213,,outputs/evaluations/gpt_5_1_P1_zero_shot_java_400_v1_eval.json_summary.json
201,gpt_5_1,java,ZS,automatic_evaluation_summary,400,1057,276396be7ec9a65facd13f190a2ce80b58cb103567f4431519b60bcdbf8fc213,,outputs/segregated_results/commercial-base/eval/gpt_5_1_P1_zero_shot_java_400_v1_eval.json_summary.json
202,gpt_5_1,java,ZS,code_grounded_detailed,400,321463,c2d1478ccfbc620a149059292a82d7648781ccf5800fdc9abda976de068628e8,,outputs/correctness/gpt_5_1_P1_zero_shot_java_400_v1_correctness.json_detailed.jsonl
202,gpt_5_1,java,ZS,code_grounded_detailed,400,321463,c2d1478ccfbc620a149059292a82d7648781ccf5800fdc9abda976de068628e8,,outputs/evaluation-and-correctness-may2026/commercial-new/gpt_5_1_P1_zero_shot_java_400_v1_code_grounded_detailed.jsonl
202,gpt_5_1,java,ZS,code_grounded_detailed,400,337886,1ad9dd098021b11360ada858f3da2888a1146f249a3017b55f351f61a6a731df,,outputs/evaluation-and-correctness-may2026/commercial-new/gpt_5_1_P1_zero_shot_java_400_v1_detailed.jsonl
202,gpt_5_1,java,ZS,code_grounded_detailed,400,321463,c2d1478ccfbc620a149059292a82d7648781ccf5800fdc9abda976de068628e8,,outputs/segregated_results/commercial-base/correctness/gpt_5_1_P1_zero_shot_java_400_v1_correctness.json_detailed.jsonl
202,gpt_5_1,java,ZS,code_grounded_detailed,400,321463,c2d1478ccfbc620a149059292a82d7648781ccf5800fdc9abda976de068628e8,,outputs/segregated_results/commercial-base/evaluation-and-correctness-may2026/commercial-new/gpt_5_1_P1_zero_shot_java_400_v1_code_grounded_detailed.jsonl
202,gpt_5_1,java,ZS,code_grounded_detailed,400,337886,1ad9dd098021b11360ada858f3da2888a1146f249a3017b55f351f61a6a731df,,outputs/segregated_results/commercial-base/evaluation-and-correctness-may2026/commercial-new/gpt_5_1_P1_zero_shot_java_400_v1_detailed.jsonl
202,gpt_5_1,java,ZS,code_grounded_detailed,400,321463,c2d1478ccfbc620a149059292a82d7648781ccf5800fdc9abda976de068628e8,,outputs/segregated_results/commercial-base/may2026/commercial-new/gpt_5_1_P1_zero_shot_java_400_v1_code_grounded_detailed.jsonl
203,gpt_5_1,java,ZS,code_grounded_summary,400,1264,4997e67f502c32411cab2450633daf132e2470bf061cfc2b80d8561ab2ab4e67,,outputs/correctness/gpt_5_1_P1_zero_shot_java_400_v1_correctness.json_summary.json
203,gpt_5_1,java,ZS,code_grounded_summary,400,1279,f5b874bd6b265cff51008324c0bb00ca802219ddbc8f9e88dc807553c6682fea,,outputs/evaluation-and-correctness-may2026/commercial-new/gpt_5_1_P1_zero_shot_java_400_v1_code_grounded_summary.json
203,gpt_5_1,java,ZS,code_grounded_summary,400,1072,590bf83df1939748984c1646240905e475f40cf439f8dff3dba6ae260983f808,,outputs/evaluation-and-correctness-may2026/commercial-new/gpt_5_1_P1_zero_shot_java_400_v1_summary.json
203,gpt_5_1,java,ZS,code_grounded_summary,400,1264,4997e67f502c32411cab2450633daf132e2470bf061cfc2b80d8561ab2ab4e67,,outputs/segregated_results/commercial-base/correctness/gpt_5_1_P1_zero_shot_java_400_v1_correctness.json_summary.json
203,gpt_5_1,java,ZS,code_grounded_summary,400,1279,f5b874bd6b265cff51008324c0bb00ca802219ddbc8f9e88dc807553c6682fea,,outputs/segregated_results/commercial-base/evaluation-and-correctness-may2026/commercial-new/gpt_5_1_P1_zero_shot_java_400_v1_code_grounded_summary.json
203,gpt_5_1,java,ZS,code_grounded_summary,400,1072,590bf83df1939748984c1646240905e475f40cf439f8dff3dba6ae260983f808,,outputs/segregated_results/commercial-base/evaluation-and-correctness-may2026/commercial-new/gpt_5_1_P1_zero_shot_java_400_v1_summary.json
203,gpt_5_1,java,ZS,code_grounded_summary,400,1279,f5b874bd6b265cff51008324c0bb00ca802219ddbc8f9e88dc807553c6682fea,,outputs/segregated_results/commercial-base/may2026/commercial-new/gpt_5_1_P1_zero_shot_java_400_v1_code_grounded_summary.json
204,gpt_5_1,java,ZS,provider_batch_state,400,753,262424655f92976c853f377c4c63eab99ef7c1b3c0872a0b9adf81cb258b45aa,,outputs/batches/gpt_5_1_P1_zero_shot_java_400_v1/state.json
204,gpt_5_1,java,ZS,provider_batch_state,400,753,262424655f92976c853f377c4c63eab99ef7c1b3c0872a0b9adf81cb258b45aa,,outputs/segregated_results/commercial-base/batches/gpt_5_1_P1_zero_shot_java_400_v1/state.json
205,gpt_5_1,java,ZS,provider_request,400,502959,b05b4fced972b22fc8f8dcd8c78cc974b2f1882c92f7cd0a90c9b2952721ee0d,,outputs/batches/gpt_5_1_P1_zero_shot_java_400_v1/batch_requests.jsonl
205,gpt_5_1,java,ZS,provider_request,400,502959,b05b4fced972b22fc8f8dcd8c78cc974b2f1882c92f7cd0a90c9b2952721ee0d,,outputs/segregated_results/commercial-base/batches/gpt_5_1_P1_zero_shot_java_400_v1/batch_requests.jsonl
206,gpt_5_1,java,ZS,provider_response,400,628275,70bc4267f1c3c85241e041995e16e211dd2d18a729cae36d854d2551cbfb5ffc,,outputs/batches/gpt_5_1_P1_zero_shot_java_400_v1/batch_output.jsonl
206,gpt_5_1,java,ZS,provider_response,400,628275,70bc4267f1c3c85241e041995e16e211dd2d18a729cae36d854d2551cbfb5ffc,,outputs/segregated_results/commercial-base/batches/gpt_5_1_P1_zero_shot_java_400_v1/batch_output.jsonl
207,gpt_5_1,java,ZS,raw_generation,400,1775902,0e6569a8026eef7ef53a9cda51657ce03c4e7b7093c639b07b5dffb1d0d9b013,,outputs/raw_generations/commercial-new/gpt_5_1_P1_zero_shot_java_400_v1.jsonl
207,gpt_5_1,java,ZS,raw_generation,400,1775902,0e6569a8026eef7ef53a9cda51657ce03c4e7b7093c639b07b5dffb1d0d9b013,,outputs/raw_generations/gpt_5_1_P1_zero_shot_java_400_v1.jsonl
208,gpt_5_1,javascript,FS,code_grounded_detailed,400,325738,6b0d9fa936f39fd202833bfcc7e77fe2e022ead23d337384449a0862849d7d46,,outputs/evaluation-and-correctness-may2026/commercial-new/gpt_5_1_P1_few_shot_javascript_400_v1_code_grounded_detailed.jsonl
208,gpt_5_1,javascript,FS,code_grounded_detailed,400,337043,e0edf3a374222564bcc54b257442226ede54a7985a0adb783a4cc280b0bd1821,,outputs/evaluation-and-correctness-may2026/commercial-new/gpt_5_1_P1_few_shot_javascript_400_v1_detailed.jsonl
208,gpt_5_1,javascript,FS,code_grounded_detailed,400,325738,6b0d9fa936f39fd202833bfcc7e77fe2e022ead23d337384449a0862849d7d46,,outputs/segregated_results/commercial-base/evaluation-and-correctness-may2026/commercial-new/gpt_5_1_P1_few_shot_javascript_400_v1_code_grounded_detailed.jsonl
208,gpt_5_1,javascript,FS,code_grounded_detailed,400,337043,e0edf3a374222564bcc54b257442226ede54a7985a0adb783a4cc280b0bd1821,,outputs/segregated_results/commercial-base/evaluation-and-correctness-may2026/commercial-new/gpt_5_1_P1_few_shot_javascript_400_v1_detailed.jsonl
208,gpt_5_1,javascript,FS,code_grounded_detailed,400,325738,6b0d9fa936f39fd202833bfcc7e77fe2e022ead23d337384449a0862849d7d46,,outputs/segregated_results/commercial-base/may2026/commercial-new/gpt_5_1_P1_few_shot_javascript_400_v1_code_grounded_detailed.jsonl
209,gpt_5_1,javascript,FS,code_grounded_summary,400,1290,d7ca667b7179fede57ff81ea5816390ef7b51a71e90ca7f395885e0e602413f1,,outputs/evaluation-and-correctness-may2026/commercial-new/gpt_5_1_P1_few_shot_javascript_400_v1_code_grounded_summary.json
209,gpt_5_1,javascript,FS,code_grounded_summary,400,1083,16101fd2636dafd471625dabff88957eeec135a03ab6dd5d8741ebce7f5b7336,,outputs/evaluation-and-correctness-may2026/commercial-new/gpt_5_1_P1_few_shot_javascript_400_v1_summary.json
209,gpt_5_1,javascript,FS,code_grounded_summary,400,1290,d7ca667b7179fede57ff81ea5816390ef7b51a71e90ca7f395885e0e602413f1,,outputs/segregated_results/commercial-base/evaluation-and-correctness-may2026/commercial-new/gpt_5_1_P1_few_shot_javascript_400_v1_code_grounded_summary.json
209,gpt_5_1,javascript,FS,code_grounded_summary,400,1083,16101fd2636dafd471625dabff88957eeec135a03ab6dd5d8741ebce7f5b7336,,outputs/segregated_results/commercial-base/evaluation-and-correctness-may2026/commercial-new/gpt_5_1_P1_few_shot_javascript_400_v1_summary.json
209,gpt_5_1,javascript,FS,code_grounded_summary,400,1290,d7ca667b7179fede57ff81ea5816390ef7b51a71e90ca7f395885e0e602413f1,,outputs/segregated_results/commercial-base/may2026/commercial-new/gpt_5_1_P1_few_shot_javascript_400_v1_code_grounded_summary.json
210,gpt_5_1,javascript,FS,provider_batch_state,400,760,c15158ebc394c2f49830dd1f4600f1a70c277723f862846726fa912f07813069,,outputs/batches/gpt_5_1_P1_few_shot_javascript_400_v1/state.json
210,gpt_5_1,javascript,FS,provider_batch_state,400,760,c15158ebc394c2f49830dd1f4600f1a70c277723f862846726fa912f07813069,,outputs/segregated_results/commercial-base/batches/gpt_5_1_P1_few_shot_javascript_400_v1/state.json
211,gpt_5_1,javascript,FS,provider_request,400,1136406,235b284294ffaeca6480127d76011ac4c4e5564ba71e042d9d6433704a64d30f,,outputs/batches/gpt_5_1_P1_few_shot_javascript_400_v1/batch_requests.jsonl
211,gpt_5_1,javascript,FS,provider_request,400,1136406,235b284294ffaeca6480127d76011ac4c4e5564ba71e042d9d6433704a64d30f,,outputs/segregated_results/commercial-base/batches/gpt_5_1_P1_few_shot_javascript_400_v1/batch_requests.jsonl
212,gpt_5_1,javascript,FS,provider_response,400,640914,938b81774d21eabefb496c241cae0e1c777e72240504cb76354e87c3674608c6,,outputs/batches/gpt_5_1_P1_few_shot_javascript_400_v1/batch_output.jsonl
212,gpt_5_1,javascript,FS,provider_response,400,640914,938b81774d21eabefb496c241cae0e1c777e72240504cb76354e87c3674608c6,,outputs/segregated_results/commercial-base/batches/gpt_5_1_P1_few_shot_javascript_400_v1/batch_output.jsonl
213,gpt_5_1,javascript,FS,raw_generation,400,2577822,eec3806c9c253831575a93457892e99b4b3bdde7d18067c2a8e253a399c3fac4,,outputs/raw_generations/commercial-new/gpt_5_1_P1_few_shot_javascript_400_v1.jsonl
213,gpt_5_1,javascript,FS,raw_generation,400,2577822,eec3806c9c253831575a93457892e99b4b3bdde7d18067c2a8e253a399c3fac4,,outputs/raw_generations/gpt_5_1_P1_few_shot_javascript_400_v1.jsonl
214,gpt_5_1,javascript,OS,code_grounded_detailed,400,330544,37bd745cf1ff2d94406399c822fd7f4e18000770c469b591a6ad83cd050d8500,,outputs/evaluation-and-correctness-may2026/commercial-new/gpt_5_1_P1_one_shot_javascript_400_v1_code_grounded_detailed.jsonl
214,gpt_5_1,javascript,OS,code_grounded_detailed,400,342000,810a97b80732522b81e4aacf9a0b55a02514250e9ba48bd83145f09664f61aa2,,outputs/evaluation-and-correctness-may2026/commercial-new/gpt_5_1_P1_one_shot_javascript_400_v1_detailed.jsonl
214,gpt_5_1,javascript,OS,code_grounded_detailed,400,330544,37bd745cf1ff2d94406399c822fd7f4e18000770c469b591a6ad83cd050d8500,,outputs/segregated_results/commercial-base/evaluation-and-correctness-may2026/commercial-new/gpt_5_1_P1_one_shot_javascript_400_v1_code_grounded_detailed.jsonl
214,gpt_5_1,javascript,OS,code_grounded_detailed,400,342000,810a97b80732522b81e4aacf9a0b55a02514250e9ba48bd83145f09664f61aa2,,outputs/segregated_results/commercial-base/evaluation-and-correctness-may2026/commercial-new/gpt_5_1_P1_one_shot_javascript_400_v1_detailed.jsonl
214,gpt_5_1,javascript,OS,code_grounded_detailed,400,330544,37bd745cf1ff2d94406399c822fd7f4e18000770c469b591a6ad83cd050d8500,,outputs/segregated_results/commercial-base/may2026/commercial-new/gpt_5_1_P1_one_shot_javascript_400_v1_code_grounded_detailed.jsonl
215,gpt_5_1,javascript,OS,code_grounded_summary,400,1290,9c6bdbab72b652e7965e10449805e587f4d9ff279707ff505661b95e739dfe3f,,outputs/evaluation-and-correctness-may2026/commercial-new/gpt_5_1_P1_one_shot_javascript_400_v1_code_grounded_summary.json
215,gpt_5_1,javascript,OS,code_grounded_summary,400,1083,4047274d8a7aadc618d7b9094e67982fc92a3b68c2ae9e9276e3cde949716ddc,,outputs/evaluation-and-correctness-may2026/commercial-new/gpt_5_1_P1_one_shot_javascript_400_v1_summary.json
215,gpt_5_1,javascript,OS,code_grounded_summary,400,1290,9c6bdbab72b652e7965e10449805e587f4d9ff279707ff505661b95e739dfe3f,,outputs/segregated_results/commercial-base/evaluation-and-correctness-may2026/commercial-new/gpt_5_1_P1_one_shot_javascript_400_v1_code_grounded_summary.json
215,gpt_5_1,javascript,OS,code_grounded_summary,400,1083,4047274d8a7aadc618d7b9094e67982fc92a3b68c2ae9e9276e3cde949716ddc,,outputs/segregated_results/commercial-base/evaluation-and-correctness-may2026/commercial-new/gpt_5_1_P1_one_shot_javascript_400_v1_summary.json
215,gpt_5_1,javascript,OS,code_grounded_summary,400,1290,9c6bdbab72b652e7965e10449805e587f4d9ff279707ff505661b95e739dfe3f,,outputs/segregated_results/commercial-base/may2026/commercial-new/gpt_5_1_P1_one_shot_javascript_400_v1_code_grounded_summary.json
216,gpt_5_1,javascript,OS,provider_batch_state,400,760,c98c932f5216fde9e9f4b2dd07eee13a6152111387055ad5b34482ba1dc4688a,,outputs/batches/gpt_5_1_P1_one_shot_javascript_400_v1/state.json
216,gpt_5_1,javascript,OS,provider_batch_state,400,760,c98c932f5216fde9e9f4b2dd07eee13a6152111387055ad5b34482ba1dc4688a,,outputs/segregated_results/commercial-base/batches/gpt_5_1_P1_one_shot_javascript_400_v1/state.json
217,gpt_5_1,javascript,OS,provider_request,400,834806,df33abbe88467c34400c2d64c13a17b2dc2f7e2fbb2975fc5c39ece8ba2ddc05,,outputs/batches/gpt_5_1_P1_one_shot_javascript_400_v1/batch_requests.jsonl
217,gpt_5_1,javascript,OS,provider_request,400,834806,df33abbe88467c34400c2d64c13a17b2dc2f7e2fbb2975fc5c39ece8ba2ddc05,,outputs/segregated_results/commercial-base/batches/gpt_5_1_P1_one_shot_javascript_400_v1/batch_requests.jsonl
218,gpt_5_1,javascript,OS,provider_response,400,645679,6ce9ea510ac9d85092eef277a06163f82a10c70d728150af30f79be7c276cced,,outputs/batches/gpt_5_1_P1_one_shot_javascript_400_v1/batch_output.jsonl
218,gpt_5_1,javascript,OS,provider_response,400,645679,6ce9ea510ac9d85092eef277a06163f82a10c70d728150af30f79be7c276cced,,outputs/segregated_results/commercial-base/batches/gpt_5_1_P1_one_shot_javascript_400_v1/batch_output.jsonl
219,gpt_5_1,javascript,OS,raw_generation,400,2217727,1570b040d4502e080ce1ca6c08c15a016f9cfcaf136dd347d6f1539f73dad420,,outputs/raw_generations/commercial-new/gpt_5_1_P1_one_shot_javascript_400_v1.jsonl
219,gpt_5_1,javascript,OS,raw_generation,400,2217727,1570b040d4502e080ce1ca6c08c15a016f9cfcaf136dd347d6f1539f73dad420,,outputs/raw_generations/gpt_5_1_P1_one_shot_javascript_400_v1.jsonl
220,gpt_5_1,javascript,ZS,automatic_evaluation_detailed,400,343862,9f95835a028a19f4a794ac8d852b6dd6a8f341b28aceca7a82da07e97863335f,,outputs/evaluations/gpt_5_1_P1_zero_shot_javascript_400_v1_eval.json_detailed.jsonl
220,gpt_5_1,javascript,ZS,automatic_evaluation_detailed,400,343862,9f95835a028a19f4a794ac8d852b6dd6a8f341b28aceca7a82da07e97863335f,,outputs/segregated_results/commercial-base/eval/gpt_5_1_P1_zero_shot_javascript_400_v1_eval.json_detailed.jsonl
221,gpt_5_1,javascript,ZS,automatic_evaluation_summary,400,1061,8377ad295273d65ada8e6ca49dbca6660648330439671fbff0af7e95a326733b,,outputs/evaluations/gpt_5_1_P1_zero_shot_javascript_400_v1_eval.json_summary.json
221,gpt_5_1,javascript,ZS,automatic_evaluation_summary,400,1061,8377ad295273d65ada8e6ca49dbca6660648330439671fbff0af7e95a326733b,,outputs/segregated_results/commercial-base/eval/gpt_5_1_P1_zero_shot_javascript_400_v1_eval.json_summary.json
222,gpt_5_1,javascript,ZS,code_grounded_detailed,400,332179,5b0bd19246c7d6453563ce8c417fccdb330a17b1284a3bcdfffe73b27c26ec77,,outputs/correctness/gpt_5_1_P1_zero_shot_javascript_400_v1_correctness.json_detailed.jsonl
222,gpt_5_1,javascript,ZS,code_grounded_detailed,400,332179,5b0bd19246c7d6453563ce8c417fccdb330a17b1284a3bcdfffe73b27c26ec77,,outputs/evaluation-and-correctness-may2026/commercial-new/gpt_5_1_P1_zero_shot_javascript_400_v1_code_grounded_detailed.jsonl
222,gpt_5_1,javascript,ZS,code_grounded_detailed,400,343862,74db78980ba2cf9973d9d97a8676cb91f68d1c9006950837e5207363276f3641,,outputs/evaluation-and-correctness-may2026/commercial-new/gpt_5_1_P1_zero_shot_javascript_400_v1_detailed.jsonl
222,gpt_5_1,javascript,ZS,code_grounded_detailed,400,332179,5b0bd19246c7d6453563ce8c417fccdb330a17b1284a3bcdfffe73b27c26ec77,,outputs/segregated_results/commercial-base/correctness/gpt_5_1_P1_zero_shot_javascript_400_v1_correctness.json_detailed.jsonl
222,gpt_5_1,javascript,ZS,code_grounded_detailed,400,332179,5b0bd19246c7d6453563ce8c417fccdb330a17b1284a3bcdfffe73b27c26ec77,,outputs/segregated_results/commercial-base/evaluation-and-correctness-may2026/commercial-new/gpt_5_1_P1_zero_shot_javascript_400_v1_code_grounded_detailed.jsonl
222,gpt_5_1,javascript,ZS,code_grounded_detailed,400,343862,74db78980ba2cf9973d9d97a8676cb91f68d1c9006950837e5207363276f3641,,outputs/segregated_results/commercial-base/evaluation-and-correctness-may2026/commercial-new/gpt_5_1_P1_zero_shot_javascript_400_v1_detailed.jsonl
222,gpt_5_1,javascript,ZS,code_grounded_detailed,400,332179,5b0bd19246c7d6453563ce8c417fccdb330a17b1284a3bcdfffe73b27c26ec77,,outputs/segregated_results/commercial-base/may2026/commercial-new/gpt_5_1_P1_zero_shot_javascript_400_v1_code_grounded_detailed.jsonl
223,gpt_5_1,javascript,ZS,code_grounded_summary,400,1284,08192aef3c9db68e2dabdf191e6f840ab80799c31bb329ebf1d8d49e8041c07e,,outputs/correctness/gpt_5_1_P1_zero_shot_javascript_400_v1_correctness.json_summary.json
223,gpt_5_1,javascript,ZS,code_grounded_summary,400,1299,4b5cff6076349414e1c529cf30faac8b4930786713d99a00569c15fe24d3968f,,outputs/evaluation-and-correctness-may2026/commercial-new/gpt_5_1_P1_zero_shot_javascript_400_v1_code_grounded_summary.json
223,gpt_5_1,javascript,ZS,code_grounded_summary,400,1078,23bd6e690c0cb87df00e1dac238efcd176aaaaebb7b333d5b7b54412d1846c80,,outputs/evaluation-and-correctness-may2026/commercial-new/gpt_5_1_P1_zero_shot_javascript_400_v1_summary.json
223,gpt_5_1,javascript,ZS,code_grounded_summary,400,1284,08192aef3c9db68e2dabdf191e6f840ab80799c31bb329ebf1d8d49e8041c07e,,outputs/segregated_results/commercial-base/correctness/gpt_5_1_P1_zero_shot_javascript_400_v1_correctness.json_summary.json
223,gpt_5_1,javascript,ZS,code_grounded_summary,400,1299,4b5cff6076349414e1c529cf30faac8b4930786713d99a00569c15fe24d3968f,,outputs/segregated_results/commercial-base/evaluation-and-correctness-may2026/commercial-new/gpt_5_1_P1_zero_shot_javascript_400_v1_code_grounded_summary.json
223,gpt_5_1,javascript,ZS,code_grounded_summary,400,1078,23bd6e690c0cb87df00e1dac238efcd176aaaaebb7b333d5b7b54412d1846c80,,outputs/segregated_results/commercial-base/evaluation-and-correctness-may2026/commercial-new/gpt_5_1_P1_zero_shot_javascript_400_v1_summary.json
223,gpt_5_1,javascript,ZS,code_grounded_summary,400,1299,4b5cff6076349414e1c529cf30faac8b4930786713d99a00569c15fe24d3968f,,outputs/segregated_results/commercial-base/may2026/commercial-new/gpt_5_1_P1_zero_shot_javascript_400_v1_code_grounded_summary.json
224,gpt_5_1,javascript,ZS,provider_batch_state,400,765,7a30cc2d0e5210d7f10336a4bda7f83008366948a641f4a557b8f9d5fa460d1d,,outputs/batches/gpt_5_1_P1_zero_shot_javascript_400_v1/state.json
224,gpt_5_1,javascript,ZS,provider_batch_state,400,765,7a30cc2d0e5210d7f10336a4bda7f83008366948a641f4a557b8f9d5fa460d1d,,outputs/segregated_results/commercial-base/batches/gpt_5_1_P1_zero_shot_javascript_400_v1/state.json
225,gpt_5_1,javascript,ZS,provider_request,400,524806,c881dd6f77248e705d5f64d23c919602464cde0c520f62aa504dfe87dd02a576,,outputs/batches/gpt_5_1_P1_zero_shot_javascript_400_v1/batch_requests.jsonl
225,gpt_5_1,javascript,ZS,provider_request,400,524806,c881dd6f77248e705d5f64d23c919602464cde0c520f62aa504dfe87dd02a576,,outputs/segregated_results/commercial-base/batches/gpt_5_1_P1_zero_shot_javascript_400_v1/batch_requests.jsonl
226,gpt_5_1,javascript,ZS,provider_response,400,635389,c2e21afdc69b6789bdd788c2cdd8f202b4b5861f34f14ff57881ecb0fd059f84,,outputs/batches/gpt_5_1_P1_zero_shot_javascript_400_v1/batch_output.jsonl
226,gpt_5_1,javascript,ZS,provider_response,400,635389,c2e21afdc69b6789bdd788c2cdd8f202b4b5861f34f14ff57881ecb0fd059f84,,outputs/segregated_results/commercial-base/batches/gpt_5_1_P1_zero_shot_javascript_400_v1/batch_output.jsonl
227,gpt_5_1,javascript,ZS,raw_generation,400,1851709,0622dfaf11805d6ec0d3223ac725e6700273b58453245cab764d254582da2ae9,,outputs/raw_generations/commercial-new/gpt_5_1_P1_zero_shot_javascript_400_v1.jsonl
227,gpt_5_1,javascript,ZS,raw_generation,400,1851709,0622dfaf11805d6ec0d3223ac725e6700273b58453245cab764d254582da2ae9,,outputs/raw_generations/gpt_5_1_P1_zero_shot_javascript_400_v1.jsonl
228,gpt_5_1,python,FS,code_grounded_detailed,400,327864,f5dd095477a99ae1f02bc701e6ebb5d2f29520776323005ee4e58f1f1809d452,,outputs/evaluation-and-correctness-may2026/commercial-new/gpt_5_1_P1_few_shot_python_400_v1_code_grounded_detailed.jsonl
228,gpt_5_1,python,FS,code_grounded_detailed,400,340893,93633ff04bf4ea036c61bc096a55459a2cdca64fc0e102d2e24031ad708b68d5,,outputs/evaluation-and-correctness-may2026/commercial-new/gpt_5_1_P1_few_shot_python_400_v1_detailed.jsonl
228,gpt_5_1,python,FS,code_grounded_detailed,400,327864,f5dd095477a99ae1f02bc701e6ebb5d2f29520776323005ee4e58f1f1809d452,,outputs/segregated_results/commercial-base/evaluation-and-correctness-may2026/commercial-new/gpt_5_1_P1_few_shot_python_400_v1_code_grounded_detailed.jsonl
228,gpt_5_1,python,FS,code_grounded_detailed,400,340893,93633ff04bf4ea036c61bc096a55459a2cdca64fc0e102d2e24031ad708b68d5,,outputs/segregated_results/commercial-base/evaluation-and-correctness-may2026/commercial-new/gpt_5_1_P1_few_shot_python_400_v1_detailed.jsonl
228,gpt_5_1,python,FS,code_grounded_detailed,400,327864,f5dd095477a99ae1f02bc701e6ebb5d2f29520776323005ee4e58f1f1809d452,,outputs/segregated_results/commercial-base/may2026/commercial-new/gpt_5_1_P1_few_shot_python_400_v1_code_grounded_detailed.jsonl
229,gpt_5_1,python,FS,code_grounded_summary,400,1258,f0125deb2f82ded3cebe57403cdbbd8b1f92ac30402dcc97b1c0fd63794db5b7,,outputs/evaluation-and-correctness-may2026/commercial-new/gpt_5_1_P1_few_shot_python_400_v1_code_grounded_summary.json
229,gpt_5_1,python,FS,code_grounded_summary,400,1073,b4583b190f9a9eca320bae76ae7196da862a3925404eff9c3516180b1f1a4448,,outputs/evaluation-and-correctness-may2026/commercial-new/gpt_5_1_P1_few_shot_python_400_v1_summary.json
229,gpt_5_1,python,FS,code_grounded_summary,400,1258,f0125deb2f82ded3cebe57403cdbbd8b1f92ac30402dcc97b1c0fd63794db5b7,,outputs/segregated_results/commercial-base/evaluation-and-correctness-may2026/commercial-new/gpt_5_1_P1_few_shot_python_400_v1_code_grounded_summary.json
229,gpt_5_1,python,FS,code_grounded_summary,400,1073,b4583b190f9a9eca320bae76ae7196da862a3925404eff9c3516180b1f1a4448,,outputs/segregated_results/commercial-base/evaluation-and-correctness-may2026/commercial-new/gpt_5_1_P1_few_shot_python_400_v1_summary.json
229,gpt_5_1,python,FS,code_grounded_summary,400,1258,f0125deb2f82ded3cebe57403cdbbd8b1f92ac30402dcc97b1c0fd63794db5b7,,outputs/segregated_results/commercial-base/may2026/commercial-new/gpt_5_1_P1_few_shot_python_400_v1_code_grounded_summary.json
230,gpt_5_1,python,FS,provider_batch_state,400,752,e7a6e40ad3e588c71c7972a70a1718dee2b1d95ccf747662c4f6544a1a074f2a,,outputs/batches/gpt_5_1_P1_few_shot_python_400_v1/state.json
230,gpt_5_1,python,FS,provider_batch_state,400,752,e7a6e40ad3e588c71c7972a70a1718dee2b1d95ccf747662c4f6544a1a074f2a,,outputs/segregated_results/commercial-base/batches/gpt_5_1_P1_few_shot_python_400_v1/state.json
231,gpt_5_1,python,FS,provider_request,400,1344336,c952eb2e3bc1c7908bae1b19cf14e067b7cb3dd8b5143d64f896358e8321bffa,,outputs/batches/gpt_5_1_P1_few_shot_python_400_v1/batch_requests.jsonl
231,gpt_5_1,python,FS,provider_request,400,1344336,c952eb2e3bc1c7908bae1b19cf14e067b7cb3dd8b5143d64f896358e8321bffa,,outputs/segregated_results/commercial-base/batches/gpt_5_1_P1_few_shot_python_400_v1/batch_requests.jsonl
232,gpt_5_1,python,FS,provider_response,400,644170,417de1a3125f88a2c7f2d70e3b3dff1e3b8b64ba2f9b7c8645c851e11e89daf9,,outputs/batches/gpt_5_1_P1_few_shot_python_400_v1/batch_output.jsonl
232,gpt_5_1,python,FS,provider_response,400,644170,417de1a3125f88a2c7f2d70e3b3dff1e3b8b64ba2f9b7c8645c851e11e89daf9,,outputs/segregated_results/commercial-base/batches/gpt_5_1_P1_few_shot_python_400_v1/batch_output.jsonl
233,gpt_5_1,python,FS,raw_generation,400,2703181,c53ae28b24213cfb91de418262af8e5e1b15c9385be9d51b7410bf9672f82ca2,,outputs/raw_generations/commercial-new/gpt_5_1_P1_few_shot_python_400_v1.jsonl
233,gpt_5_1,python,FS,raw_generation,400,2703181,c53ae28b24213cfb91de418262af8e5e1b15c9385be9d51b7410bf9672f82ca2,,outputs/raw_generations/gpt_5_1_P1_few_shot_python_400_v1.jsonl
234,gpt_5_1,python,OS,code_grounded_detailed,400,326353,58ed8edf879ba8f19ae56b03a91bc0fb18b4a7d804120dd942318bbf99b1010f,,outputs/evaluation-and-correctness-may2026/commercial-new/gpt_5_1_P1_one_shot_python_400_v1_code_grounded_detailed.jsonl
234,gpt_5_1,python,OS,code_grounded_detailed,400,339436,2b06857ce82ac4d1ad2656641207f1a74c92766156b131bf9f070ad869132bdc,,outputs/evaluation-and-correctness-may2026/commercial-new/gpt_5_1_P1_one_shot_python_400_v1_detailed.jsonl
234,gpt_5_1,python,OS,code_grounded_detailed,400,326353,58ed8edf879ba8f19ae56b03a91bc0fb18b4a7d804120dd942318bbf99b1010f,,outputs/segregated_results/commercial-base/evaluation-and-correctness-may2026/commercial-new/gpt_5_1_P1_one_shot_python_400_v1_code_grounded_detailed.jsonl
234,gpt_5_1,python,OS,code_grounded_detailed,400,339436,2b06857ce82ac4d1ad2656641207f1a74c92766156b131bf9f070ad869132bdc,,outputs/segregated_results/commercial-base/evaluation-and-correctness-may2026/commercial-new/gpt_5_1_P1_one_shot_python_400_v1_detailed.jsonl
234,gpt_5_1,python,OS,code_grounded_detailed,400,326353,58ed8edf879ba8f19ae56b03a91bc0fb18b4a7d804120dd942318bbf99b1010f,,outputs/segregated_results/commercial-base/may2026/commercial-new/gpt_5_1_P1_one_shot_python_400_v1_code_grounded_detailed.jsonl
235,gpt_5_1,python,OS,code_grounded_summary,400,1250,70551bc562af94e6299d0c48bd59f35bb79e635a397576bc44d1d9623a55b3ee,,outputs/evaluation-and-correctness-may2026/commercial-new/gpt_5_1_P1_one_shot_python_400_v1_code_grounded_summary.json
235,gpt_5_1,python,OS,code_grounded_summary,400,1069,95732dc50e3b8b3b2c65111e3935092b55b574eefdac93fa75f560fb06f587b0,,outputs/evaluation-and-correctness-may2026/commercial-new/gpt_5_1_P1_one_shot_python_400_v1_summary.json
235,gpt_5_1,python,OS,code_grounded_summary,400,1250,70551bc562af94e6299d0c48bd59f35bb79e635a397576bc44d1d9623a55b3ee,,outputs/segregated_results/commercial-base/evaluation-and-correctness-may2026/commercial-new/gpt_5_1_P1_one_shot_python_400_v1_code_grounded_summary.json
235,gpt_5_1,python,OS,code_grounded_summary,400,1069,95732dc50e3b8b3b2c65111e3935092b55b574eefdac93fa75f560fb06f587b0,,outputs/segregated_results/commercial-base/evaluation-and-correctness-may2026/commercial-new/gpt_5_1_P1_one_shot_python_400_v1_summary.json
235,gpt_5_1,python,OS,code_grounded_summary,400,1250,70551bc562af94e6299d0c48bd59f35bb79e635a397576bc44d1d9623a55b3ee,,outputs/segregated_results/commercial-base/may2026/commercial-new/gpt_5_1_P1_one_shot_python_400_v1_code_grounded_summary.json
236,gpt_5_1,python,OS,provider_batch_state,400,752,f55aa163a37af147e1101c37eed56bb9cd94395a1ee7eaf48173febaf4fafe20,,outputs/batches/gpt_5_1_P1_one_shot_python_400_v1/state.json
236,gpt_5_1,python,OS,provider_batch_state,400,752,f55aa163a37af147e1101c37eed56bb9cd94395a1ee7eaf48173febaf4fafe20,,outputs/segregated_results/commercial-base/batches/gpt_5_1_P1_one_shot_python_400_v1/state.json
237,gpt_5_1,python,OS,provider_request,400,753136,414b962e46ba77c9ebc482647bbbf0e935c61d4e314073d71c7796bf622b410d,,outputs/batches/gpt_5_1_P1_one_shot_python_400_v1/batch_requests.jsonl
237,gpt_5_1,python,OS,provider_request,400,753136,414b962e46ba77c9ebc482647bbbf0e935c61d4e314073d71c7796bf622b410d,,outputs/segregated_results/commercial-base/batches/gpt_5_1_P1_one_shot_python_400_v1/batch_requests.jsonl
238,gpt_5_1,python,OS,provider_response,400,642119,a58e1198972c7772720c399f613162771c186eb4758840a839ab0bd116925d8d,,outputs/batches/gpt_5_1_P1_one_shot_python_400_v1/batch_output.jsonl
238,gpt_5_1,python,OS,provider_response,400,642119,a58e1198972c7772720c399f613162771c186eb4758840a839ab0bd116925d8d,,outputs/segregated_results/commercial-base/batches/gpt_5_1_P1_one_shot_python_400_v1/batch_output.jsonl
239,gpt_5_1,python,OS,raw_generation,400,2049503,0b922f6d2225ddb77cf9647bc974c2cc586c79719ae05785b85d2027f9714b06,,outputs/raw_generations/commercial-new/gpt_5_1_P1_one_shot_python_400_v1.jsonl
239,gpt_5_1,python,OS,raw_generation,400,2049503,0b922f6d2225ddb77cf9647bc974c2cc586c79719ae05785b85d2027f9714b06,,outputs/raw_generations/gpt_5_1_P1_one_shot_python_400_v1.jsonl
240,gpt_5_1,python,ZS,automatic_evaluation_detailed,400,337281,8bffacf8dfbc3d60277ece305e295a0a6f094e427c5f425c4f1205b6d91d36ce,,outputs/evaluations/gpt_5_1_P1_zero_shot_python_400_v2_eval.json_detailed.jsonl
240,gpt_5_1,python,ZS,automatic_evaluation_detailed,400,337281,8bffacf8dfbc3d60277ece305e295a0a6f094e427c5f425c4f1205b6d91d36ce,,outputs/segregated_results/commercial-base/eval/gpt_5_1_P1_zero_shot_python_400_v2_eval.json_detailed.jsonl
241,gpt_5_1,python,ZS,automatic_evaluation_summary,400,1059,0750ba0a82e0d948002d3f0704bf9d6bd4223a7d9536cff839856fb30e6c1b50,,outputs/evaluations/gpt_5_1_P1_zero_shot_python_400_v2_eval.json_summary.json
241,gpt_5_1,python,ZS,automatic_evaluation_summary,400,1059,0750ba0a82e0d948002d3f0704bf9d6bd4223a7d9536cff839856fb30e6c1b50,,outputs/segregated_results/commercial-base/eval/gpt_5_1_P1_zero_shot_python_400_v2_eval.json_summary.json
242,gpt_5_1,python,ZS,code_grounded_detailed,400,324187,941fc2f44d7661940a0eb8840d11a6594d24e5e8bea4412c7e586176b4eaff9e,,outputs/correctness/gpt_5_1_P1_zero_shot_python_400_v2_correctness.json_detailed.jsonl
242,gpt_5_1,python,ZS,code_grounded_detailed,400,324187,941fc2f44d7661940a0eb8840d11a6594d24e5e8bea4412c7e586176b4eaff9e,,outputs/evaluation-and-correctness-may2026/commercial-new/gpt_5_1_P1_zero_shot_python_400_v2_code_grounded_detailed.jsonl
242,gpt_5_1,python,ZS,code_grounded_detailed,400,337281,521d32e6b8cce6a521e3ab2149ff2f93b9649845c17151c7cdad74fb5c966e7b,,outputs/evaluation-and-correctness-may2026/commercial-new/gpt_5_1_P1_zero_shot_python_400_v2_detailed.jsonl
242,gpt_5_1,python,ZS,code_grounded_detailed,400,324187,941fc2f44d7661940a0eb8840d11a6594d24e5e8bea4412c7e586176b4eaff9e,,outputs/segregated_results/commercial-base/correctness/gpt_5_1_P1_zero_shot_python_400_v2_correctness.json_detailed.jsonl
242,gpt_5_1,python,ZS,code_grounded_detailed,400,324187,941fc2f44d7661940a0eb8840d11a6594d24e5e8bea4412c7e586176b4eaff9e,,outputs/segregated_results/commercial-base/evaluation-and-correctness-may2026/commercial-new/gpt_5_1_P1_zero_shot_python_400_v2_code_grounded_detailed.jsonl
242,gpt_5_1,python,ZS,code_grounded_detailed,400,337281,521d32e6b8cce6a521e3ab2149ff2f93b9649845c17151c7cdad74fb5c966e7b,,outputs/segregated_results/commercial-base/evaluation-and-correctness-may2026/commercial-new/gpt_5_1_P1_zero_shot_python_400_v2_detailed.jsonl
242,gpt_5_1,python,ZS,code_grounded_detailed,400,324187,941fc2f44d7661940a0eb8840d11a6594d24e5e8bea4412c7e586176b4eaff9e,,outputs/segregated_results/commercial-base/may2026/commercial-new/gpt_5_1_P1_zero_shot_python_400_v2_code_grounded_detailed.jsonl
243,gpt_5_1,python,ZS,code_grounded_summary,400,1246,6d8c858c86e8bced64da6fc65ab5f92c8600d05032f484cc20819f815ff1bbb2,,outputs/correctness/gpt_5_1_P1_zero_shot_python_400_v2_correctness.json_summary.json
243,gpt_5_1,python,ZS,code_grounded_summary,400,1261,eb265a3c3334d3719a78a9ee476d657ed850058a9c90be629e5858a749f75976,,outputs/evaluation-and-correctness-may2026/commercial-new/gpt_5_1_P1_zero_shot_python_400_v2_code_grounded_summary.json
243,gpt_5_1,python,ZS,code_grounded_summary,400,1074,357070ece98dd2b0dfa348df9c2286a9cb44c184f5f4bbf3f17791e3c86729a6,,outputs/evaluation-and-correctness-may2026/commercial-new/gpt_5_1_P1_zero_shot_python_400_v2_summary.json
243,gpt_5_1,python,ZS,code_grounded_summary,400,1246,6d8c858c86e8bced64da6fc65ab5f92c8600d05032f484cc20819f815ff1bbb2,,outputs/segregated_results/commercial-base/correctness/gpt_5_1_P1_zero_shot_python_400_v2_correctness.json_summary.json
243,gpt_5_1,python,ZS,code_grounded_summary,400,1261,eb265a3c3334d3719a78a9ee476d657ed850058a9c90be629e5858a749f75976,,outputs/segregated_results/commercial-base/evaluation-and-correctness-may2026/commercial-new/gpt_5_1_P1_zero_shot_python_400_v2_code_grounded_summary.json
243,gpt_5_1,python,ZS,code_grounded_summary,400,1074,357070ece98dd2b0dfa348df9c2286a9cb44c184f5f4bbf3f17791e3c86729a6,,outputs/segregated_results/commercial-base/evaluation-and-correctness-may2026/commercial-new/gpt_5_1_P1_zero_shot_python_400_v2_summary.json
243,gpt_5_1,python,ZS,code_grounded_summary,400,1261,eb265a3c3334d3719a78a9ee476d657ed850058a9c90be629e5858a749f75976,,outputs/segregated_results/commercial-base/may2026/commercial-new/gpt_5_1_P1_zero_shot_python_400_v2_code_grounded_summary.json
244,gpt_5_1,python,ZS,provider_batch_state,400,763,87dd7a0da6646356cd43c015bd03801ef8941862ad15709120231c1b52a508ea,,outputs/batches/gpt_5_1_P1_zero_shot_python_400_v1/state.json
244,gpt_5_1,python,ZS,provider_batch_state,400,757,f3461320b9db035659bf9c62f8751ef89d6b4fe901a3961f47e4e8773c71f2b9,,outputs/batches/gpt_5_1_P1_zero_shot_python_400_v2/state.json
244,gpt_5_1,python,ZS,provider_batch_state,400,763,87dd7a0da6646356cd43c015bd03801ef8941862ad15709120231c1b52a508ea,,outputs/segregated_results/commercial-base/batches/gpt_5_1_P1_zero_shot_python_400_v1/state.json
244,gpt_5_1,python,ZS,provider_batch_state,400,757,f3461320b9db035659bf9c62f8751ef89d6b4fe901a3961f47e4e8773c71f2b9,,outputs/segregated_results/commercial-base/batches/gpt_5_1_P1_zero_shot_python_400_v2/state.json
245,gpt_5_1,python,ZS,provider_request,400,510736,fe06d31033bf4648e5f34dd10eb9f4df5f72efeab2ead6ae4e8544e00b9bbe0f,,outputs/batches/gpt_5_1_P1_zero_shot_python_400_v1/batch_requests.jsonl
245,gpt_5_1,python,ZS,provider_request,400,496736,eefce2e1cce047b8e1fc3b09723a07be7ec30b1b6b4c659d3d748e113ee07f24,,outputs/batches/gpt_5_1_P1_zero_shot_python_400_v2/batch_requests.jsonl
245,gpt_5_1,python,ZS,provider_request,400,510736,fe06d31033bf4648e5f34dd10eb9f4df5f72efeab2ead6ae4e8544e00b9bbe0f,,outputs/segregated_results/commercial-base/batches/gpt_5_1_P1_zero_shot_python_400_v1/batch_requests.jsonl
245,gpt_5_1,python,ZS,provider_request,400,496736,eefce2e1cce047b8e1fc3b09723a07be7ec30b1b6b4c659d3d748e113ee07f24,,outputs/segregated_results/commercial-base/batches/gpt_5_1_P1_zero_shot_python_400_v2/batch_requests.jsonl
246,gpt_5_1,python,ZS,provider_response,400,629248,bfbcaf390358347fff48755013102e444e2a9c2f9af6f2b3ed77ef2bf3a867b1,,outputs/batches/gpt_5_1_P1_zero_shot_python_400_v2/batch_output.jsonl
246,gpt_5_1,python,ZS,provider_response,400,629248,bfbcaf390358347fff48755013102e444e2a9c2f9af6f2b3ed77ef2bf3a867b1,,outputs/segregated_results/commercial-base/batches/gpt_5_1_P1_zero_shot_python_400_v2/batch_output.jsonl
247,gpt_5_1,python,ZS,raw_generation,400,1762386,f4971c24cdbf9aa35ceae07cedc9d2e83d5ac035ee7ea4fa112f830c136b7ffa,,outputs/raw_generations/commercial-new/gpt_5_1_P1_zero_shot_python_400_v2.jsonl
247,gpt_5_1,python,ZS,raw_generation,400,1762386,f4971c24cdbf9aa35ceae07cedc9d2e83d5ac035ee7ea4fa112f830c136b7ffa,,outputs/raw_generations/gpt_5_1_P1_zero_shot_python_400_v2.jsonl
248,gpt_5_1_codex,java,FS,code_grounded_detailed,400,325391,683d1f47b3bac75c72fcadca78977cd48b2aa3e9197b276f632a839f92919585,,outputs/evaluation-and-correctness-may2026/commercial-new/gpt_5_1_codex_P1_few_shot_java_400_v1_code_grounded_detailed.jsonl
248,gpt_5_1_codex,java,FS,code_grounded_detailed,400,346625,1fbe38962552f05800039ac7a291bbc0327a4ca4561a48c831b559443769c34c,,outputs/evaluation-and-correctness-may2026/commercial-new/gpt_5_1_codex_P1_few_shot_java_400_v1_detailed.jsonl
248,gpt_5_1_codex,java,FS,code_grounded_detailed,400,325391,683d1f47b3bac75c72fcadca78977cd48b2aa3e9197b276f632a839f92919585,,outputs/segregated_results/commercial-base/evaluation-and-correctness-may2026/commercial-new/gpt_5_1_codex_P1_few_shot_java_400_v1_code_grounded_detailed.jsonl
248,gpt_5_1_codex,java,FS,code_grounded_detailed,400,346625,1fbe38962552f05800039ac7a291bbc0327a4ca4561a48c831b559443769c34c,,outputs/segregated_results/commercial-base/evaluation-and-correctness-may2026/commercial-new/gpt_5_1_codex_P1_few_shot_java_400_v1_detailed.jsonl
248,gpt_5_1_codex,java,FS,code_grounded_detailed,400,325391,683d1f47b3bac75c72fcadca78977cd48b2aa3e9197b276f632a839f92919585,,outputs/segregated_results/commercial-base/may2026/commercial-new/gpt_5_1_codex_P1_few_shot_java_400_v1_code_grounded_detailed.jsonl
249,gpt_5_1_codex,java,FS,code_grounded_summary,400,1237,3799776499f887d94c00aed88129ca8b96b83ac1302d6977a37a537e8242c5f9,,outputs/evaluation-and-correctness-may2026/commercial-new/gpt_5_1_codex_P1_few_shot_java_400_v1_code_grounded_summary.json
249,gpt_5_1_codex,java,FS,code_grounded_summary,400,1088,67231db824685d3903c1f2767b25b53fa753ed930d1226882c992e303b8cd11f,,outputs/evaluation-and-correctness-may2026/commercial-new/gpt_5_1_codex_P1_few_shot_java_400_v1_summary.json
249,gpt_5_1_codex,java,FS,code_grounded_summary,400,1237,3799776499f887d94c00aed88129ca8b96b83ac1302d6977a37a537e8242c5f9,,outputs/segregated_results/commercial-base/evaluation-and-correctness-may2026/commercial-new/gpt_5_1_codex_P1_few_shot_java_400_v1_code_grounded_summary.json
249,gpt_5_1_codex,java,FS,code_grounded_summary,400,1088,67231db824685d3903c1f2767b25b53fa753ed930d1226882c992e303b8cd11f,,outputs/segregated_results/commercial-base/evaluation-and-correctness-may2026/commercial-new/gpt_5_1_codex_P1_few_shot_java_400_v1_summary.json
249,gpt_5_1_codex,java,FS,code_grounded_summary,400,1237,3799776499f887d94c00aed88129ca8b96b83ac1302d6977a37a537e8242c5f9,,outputs/segregated_results/commercial-base/may2026/commercial-new/gpt_5_1_codex_P1_few_shot_java_400_v1_code_grounded_summary.json
250,gpt_5_1_codex,java,FS,provider_response,400,691607,80810e4a4b7a3914c77f039218e76de265d104d1ea5ebb9af89f425b83b912ac,,outputs/responses/gpt_5_1_codex_P1_few_shot_java_400_v1/raw_responses.jsonl
250,gpt_5_1_codex,java,FS,provider_response,400,635,bd4f509754de977486734cfeba244acba21b8fcbfb94b7d0ec03d409ed56d7ae,,outputs/responses/gpt_5_1_codex_P1_few_shot_java_400_v1/state.json
250,gpt_5_1_codex,java,FS,provider_response,400,691607,80810e4a4b7a3914c77f039218e76de265d104d1ea5ebb9af89f425b83b912ac,,outputs/segregated_results/commercial-base/responses/gpt_5_1_codex_P1_few_shot_java_400_v1/raw_responses.jsonl
250,gpt_5_1_codex,java,FS,provider_response,400,635,bd4f509754de977486734cfeba244acba21b8fcbfb94b7d0ec03d409ed56d7ae,,outputs/segregated_results/commercial-base/responses/gpt_5_1_codex_P1_few_shot_java_400_v1/state.json
251,gpt_5_1_codex,java,OS,code_grounded_detailed,400,326445,2b41c1d71a39166d382dd0ace82ae2cf81d130ed390f9f2e8fe4bfd2087fbda9,,outputs/evaluation-and-correctness-may2026/commercial-new/gpt_5_1_codex_P1_one_shot_java_400_v1_code_grounded_detailed.jsonl
251,gpt_5_1_codex,java,OS,code_grounded_detailed,400,347748,57266664707467cf377d94db84d290280fbb6aae6ba86d5503805c625c581602,,outputs/evaluation-and-correctness-may2026/commercial-new/gpt_5_1_codex_P1_one_shot_java_400_v1_detailed.jsonl
251,gpt_5_1_codex,java,OS,code_grounded_detailed,400,326445,2b41c1d71a39166d382dd0ace82ae2cf81d130ed390f9f2e8fe4bfd2087fbda9,,outputs/segregated_results/commercial-base/evaluation-and-correctness-may2026/commercial-new/gpt_5_1_codex_P1_one_shot_java_400_v1_code_grounded_detailed.jsonl
251,gpt_5_1_codex,java,OS,code_grounded_detailed,400,347748,57266664707467cf377d94db84d290280fbb6aae6ba86d5503805c625c581602,,outputs/segregated_results/commercial-base/evaluation-and-correctness-may2026/commercial-new/gpt_5_1_codex_P1_one_shot_java_400_v1_detailed.jsonl
251,gpt_5_1_codex,java,OS,code_grounded_detailed,400,326445,2b41c1d71a39166d382dd0ace82ae2cf81d130ed390f9f2e8fe4bfd2087fbda9,,outputs/segregated_results/commercial-base/may2026/commercial-new/gpt_5_1_codex_P1_one_shot_java_400_v1_code_grounded_detailed.jsonl
252,gpt_5_1_codex,java,OS,code_grounded_summary,400,1290,a86eeffc9d86a70d8d30377d5786c4905d265420a6647e5152756a50b3936d48,,outputs/evaluation-and-correctness-may2026/commercial-new/gpt_5_1_codex_P1_one_shot_java_400_v1_code_grounded_summary.json
252,gpt_5_1_codex,java,OS,code_grounded_summary,400,1105,b50476156c3b37ee80dd082da18ee0fb476c049edea09741acf053f4ba18a515,,outputs/evaluation-and-correctness-may2026/commercial-new/gpt_5_1_codex_P1_one_shot_java_400_v1_summary.json
252,gpt_5_1_codex,java,OS,code_grounded_summary,400,1290,a86eeffc9d86a70d8d30377d5786c4905d265420a6647e5152756a50b3936d48,,outputs/segregated_results/commercial-base/evaluation-and-correctness-may2026/commercial-new/gpt_5_1_codex_P1_one_shot_java_400_v1_code_grounded_summary.json
252,gpt_5_1_codex,java,OS,code_grounded_summary,400,1105,b50476156c3b37ee80dd082da18ee0fb476c049edea09741acf053f4ba18a515,,outputs/segregated_results/commercial-base/evaluation-and-correctness-may2026/commercial-new/gpt_5_1_codex_P1_one_shot_java_400_v1_summary.json
252,gpt_5_1_codex,java,OS,code_grounded_summary,400,1290,a86eeffc9d86a70d8d30377d5786c4905d265420a6647e5152756a50b3936d48,,outputs/segregated_results/commercial-base/may2026/commercial-new/gpt_5_1_codex_P1_one_shot_java_400_v1_code_grounded_summary.json
253,gpt_5_1_codex,java,OS,provider_response,400,795295,b5e5577c3e75edfab682970dc27bd576271fc1f43af64715b4c381c10eaa61a9,,outputs/responses/gpt_5_1_codex_P1_one_shot_java_400_v1/raw_responses.jsonl
253,gpt_5_1_codex,java,OS,provider_response,400,640,d6340b6ad0761fde0910689556a62d1fe585c4e4094b0a6ec480082804c58b1a,,outputs/responses/gpt_5_1_codex_P1_one_shot_java_400_v1/state.json
253,gpt_5_1_codex,java,OS,provider_response,400,795295,b5e5577c3e75edfab682970dc27bd576271fc1f43af64715b4c381c10eaa61a9,,outputs/segregated_results/commercial-base/responses/gpt_5_1_codex_P1_one_shot_java_400_v1/raw_responses.jsonl
253,gpt_5_1_codex,java,OS,provider_response,400,640,d6340b6ad0761fde0910689556a62d1fe585c4e4094b0a6ec480082804c58b1a,,outputs/segregated_results/commercial-base/responses/gpt_5_1_codex_P1_one_shot_java_400_v1/state.json
254,gpt_5_1_codex,java,OS,raw_generation,400,2110979,6c277bd4317fb6225f36d589be73db30e475f4dcf142419690a96b55b22cd5a9,,outputs/raw_generations/commercial-new/gpt_5_1_codex_P1_one_shot_java_400_v1.jsonl
254,gpt_5_1_codex,java,OS,raw_generation,400,2110979,6c277bd4317fb6225f36d589be73db30e475f4dcf142419690a96b55b22cd5a9,,outputs/raw_generations/gpt_5_1_codex_P1_one_shot_java_400_v1.jsonl
255,gpt_5_1_codex,java,ZS,automatic_evaluation_detailed,400,345081,56c44baccaee2496ad3fd9aa0d368e9b43e517d2c8b94653f7050707edeab29b,,outputs/evaluations/gpt_5_1_codex_P1_zero_shot_java_400_v1_eval.json_detailed.jsonl
255,gpt_5_1_codex,java,ZS,automatic_evaluation_detailed,400,366861,3009c66b8c1b70ee9b2e934f572fb9a775ca849536b9e864cb256b988b10f122,,outputs/evaluations/gpt_5_3_codex_P1_zero_shot_java_400_v1_eval.json_detailed.jsonl
255,gpt_5_1_codex,java,ZS,automatic_evaluation_detailed,400,345081,56c44baccaee2496ad3fd9aa0d368e9b43e517d2c8b94653f7050707edeab29b,,outputs/segregated_results/commercial-base/eval/gpt_5_1_codex_P1_zero_shot_java_400_v1_eval.json_detailed.jsonl
255,gpt_5_1_codex,java,ZS,automatic_evaluation_detailed,400,366861,3009c66b8c1b70ee9b2e934f572fb9a775ca849536b9e864cb256b988b10f122,,outputs/segregated_results/commercial-base/eval/gpt_5_3_codex_P1_zero_shot_java_400_v1_eval.json_detailed.jsonl
256,gpt_5_1_codex,java,ZS,automatic_evaluation_summary,400,1091,2d51df433cbd5fb7215d9433226a70d3035b74a997e8d42d2099a08a4c7e8835,,outputs/evaluations/gpt_5_1_codex_P1_zero_shot_java_400_v1_eval.json_summary.json
256,gpt_5_1_codex,java,ZS,automatic_evaluation_summary,400,1089,a448ccee637298492e55d31b70b5d483a849df8e8ecb2193dd0b8531f96de13b,,outputs/evaluations/gpt_5_3_codex_P1_zero_shot_java_400_v1_eval.json_summary.json
256,gpt_5_1_codex,java,ZS,automatic_evaluation_summary,400,1091,2d51df433cbd5fb7215d9433226a70d3035b74a997e8d42d2099a08a4c7e8835,,outputs/segregated_results/commercial-base/eval/gpt_5_1_codex_P1_zero_shot_java_400_v1_eval.json_summary.json
256,gpt_5_1_codex,java,ZS,automatic_evaluation_summary,400,1089,a448ccee637298492e55d31b70b5d483a849df8e8ecb2193dd0b8531f96de13b,,outputs/segregated_results/commercial-base/eval/gpt_5_3_codex_P1_zero_shot_java_400_v1_eval.json_summary.json
257,gpt_5_1_codex,java,ZS,code_grounded_detailed,400,323765,d4b6b7d4df328f11943632bfbe82ba68e308673a8ba173a3204ccdc63ed499cb,,outputs/correctness/gpt_5_1_codex_P1_zero_shot_java_400_v1_correctness.json_detailed.jsonl
257,gpt_5_1_codex,java,ZS,code_grounded_detailed,400,344820,2a58db73ed28fedb3fd9a8de6d03ca02823d118decad6ee1375ac48c525a23a6,,outputs/correctness/gpt_5_3_codex_P1_zero_shot_java_400_v1_correctness.json_detailed.jsonl
257,gpt_5_1_codex,java,ZS,code_grounded_detailed,400,323765,d4b6b7d4df328f11943632bfbe82ba68e308673a8ba173a3204ccdc63ed499cb,,outputs/evaluation-and-correctness-may2026/commercial-new/gpt_5_1_codex_P1_zero_shot_java_400_v1_code_grounded_detailed.jsonl
257,gpt_5_1_codex,java,ZS,code_grounded_detailed,400,345085,e3f4c26a2814a96b1a008e3f0064812489eab50921e1bf04a18b9f9acde4b91c,,outputs/evaluation-and-correctness-may2026/commercial-new/gpt_5_1_codex_P1_zero_shot_java_400_v1_detailed.jsonl
257,gpt_5_1_codex,java,ZS,code_grounded_detailed,400,344820,2a58db73ed28fedb3fd9a8de6d03ca02823d118decad6ee1375ac48c525a23a6,,outputs/evaluation-and-correctness-may2026/commercial-new/gpt_5_3_codex_P1_zero_shot_java_400_v1_code_grounded_detailed.jsonl
257,gpt_5_1_codex,java,ZS,code_grounded_detailed,400,366866,b733091597042f9e242c8630373bd82046db30ea839cca5df09b55cd6be7f5ee,,outputs/evaluation-and-correctness-may2026/commercial-new/gpt_5_3_codex_P1_zero_shot_java_400_v1_detailed.jsonl
257,gpt_5_1_codex,java,ZS,code_grounded_detailed,400,323765,d4b6b7d4df328f11943632bfbe82ba68e308673a8ba173a3204ccdc63ed499cb,,outputs/segregated_results/commercial-base/correctness/gpt_5_1_codex_P1_zero_shot_java_400_v1_correctness.json_detailed.jsonl
257,gpt_5_1_codex,java,ZS,code_grounded_detailed,400,344820,2a58db73ed28fedb3fd9a8de6d03ca02823d118decad6ee1375ac48c525a23a6,,outputs/segregated_results/commercial-base/correctness/gpt_5_3_codex_P1_zero_shot_java_400_v1_correctness.json_detailed.jsonl
257,gpt_5_1_codex,java,ZS,code_grounded_detailed,400,323765,d4b6b7d4df328f11943632bfbe82ba68e308673a8ba173a3204ccdc63ed499cb,,outputs/segregated_results/commercial-base/evaluation-and-correctness-may2026/commercial-new/gpt_5_1_codex_P1_zero_shot_java_400_v1_code_grounded_detailed.jsonl
257,gpt_5_1_codex,java,ZS,code_grounded_detailed,400,345085,e3f4c26a2814a96b1a008e3f0064812489eab50921e1bf04a18b9f9acde4b91c,,outputs/segregated_results/commercial-base/evaluation-and-correctness-may2026/commercial-new/gpt_5_1_codex_P1_zero_shot_java_400_v1_detailed.jsonl
257,gpt_5_1_codex,java,ZS,code_grounded_detailed,400,344820,2a58db73ed28fedb3fd9a8de6d03ca02823d118decad6ee1375ac48c525a23a6,,outputs/segregated_results/commercial-base/evaluation-and-correctness-may2026/commercial-new/gpt_5_3_codex_P1_zero_shot_java_400_v1_code_grounded_detailed.jsonl
257,gpt_5_1_codex,java,ZS,code_grounded_detailed,400,366866,b733091597042f9e242c8630373bd82046db30ea839cca5df09b55cd6be7f5ee,,outputs/segregated_results/commercial-base/evaluation-and-correctness-may2026/commercial-new/gpt_5_3_codex_P1_zero_shot_java_400_v1_detailed.jsonl
257,gpt_5_1_codex,java,ZS,code_grounded_detailed,400,323765,d4b6b7d4df328f11943632bfbe82ba68e308673a8ba173a3204ccdc63ed499cb,,outputs/segregated_results/commercial-base/may2026/commercial-new/gpt_5_1_codex_P1_zero_shot_java_400_v1_code_grounded_detailed.jsonl
257,gpt_5_1_codex,java,ZS,code_grounded_detailed,400,344820,2a58db73ed28fedb3fd9a8de6d03ca02823d118decad6ee1375ac48c525a23a6,,outputs/segregated_results/commercial-base/may2026/commercial-new/gpt_5_3_codex_P1_zero_shot_java_400_v1_code_grounded_detailed.jsonl
258,gpt_5_1_codex,java,ZS,code_grounded_summary,400,1272,763dfec769551e80a9b79dcdb0ce052a1d78e8d2eb283723f8345015b83df3cc,,outputs/correctness/gpt_5_1_codex_P1_zero_shot_java_400_v1_correctness.json_summary.json
258,gpt_5_1_codex,java,ZS,code_grounded_summary,400,1278,c08695dbc78e1705747978a725686f5007efdadcb4078af003373b29a12b9bee,,outputs/correctness/gpt_5_3_codex_P1_zero_shot_java_400_v1_correctness.json_summary.json
258,gpt_5_1_codex,java,ZS,code_grounded_summary,400,1287,3213c98b1c2d1576701519549da55a13c0c681f99ac137cde5c3e57671033755,,outputs/evaluation-and-correctness-may2026/commercial-new/gpt_5_1_codex_P1_zero_shot_java_400_v1_code_grounded_summary.json
258,gpt_5_1_codex,java,ZS,code_grounded_summary,400,1106,8783746e7bc55910f35ffe3945d13adb2b9ed62b9992b37cf1f143e887be74a2,,outputs/evaluation-and-correctness-may2026/commercial-new/gpt_5_1_codex_P1_zero_shot_java_400_v1_summary.json
258,gpt_5_1_codex,java,ZS,code_grounded_summary,400,1293,efa2e1b9e2db83b7ddaac3af688293b4ce2ba1ed4e80bb6a1d1e5d93cb16a11e,,outputs/evaluation-and-correctness-may2026/commercial-new/gpt_5_3_codex_P1_zero_shot_java_400_v1_code_grounded_summary.json
258,gpt_5_1_codex,java,ZS,code_grounded_summary,400,1104,4670d8cf8c5582acef63c8d2fca39829288cbc4dc40dbe3b69fe6d47aeeec169,,outputs/evaluation-and-correctness-may2026/commercial-new/gpt_5_3_codex_P1_zero_shot_java_400_v1_summary.json
258,gpt_5_1_codex,java,ZS,code_grounded_summary,400,1272,763dfec769551e80a9b79dcdb0ce052a1d78e8d2eb283723f8345015b83df3cc,,outputs/segregated_results/commercial-base/correctness/gpt_5_1_codex_P1_zero_shot_java_400_v1_correctness.json_summary.json
258,gpt_5_1_codex,java,ZS,code_grounded_summary,400,1278,c08695dbc78e1705747978a725686f5007efdadcb4078af003373b29a12b9bee,,outputs/segregated_results/commercial-base/correctness/gpt_5_3_codex_P1_zero_shot_java_400_v1_correctness.json_summary.json
258,gpt_5_1_codex,java,ZS,code_grounded_summary,400,1287,3213c98b1c2d1576701519549da55a13c0c681f99ac137cde5c3e57671033755,,outputs/segregated_results/commercial-base/evaluation-and-correctness-may2026/commercial-new/gpt_5_1_codex_P1_zero_shot_java_400_v1_code_grounded_summary.json
258,gpt_5_1_codex,java,ZS,code_grounded_summary,400,1106,8783746e7bc55910f35ffe3945d13adb2b9ed62b9992b37cf1f143e887be74a2,,outputs/segregated_results/commercial-base/evaluation-and-correctness-may2026/commercial-new/gpt_5_1_codex_P1_zero_shot_java_400_v1_summary.json
258,gpt_5_1_codex,java,ZS,code_grounded_summary,400,1293,efa2e1b9e2db83b7ddaac3af688293b4ce2ba1ed4e80bb6a1d1e5d93cb16a11e,,outputs/segregated_results/commercial-base/evaluation-and-correctness-may2026/commercial-new/gpt_5_3_codex_P1_zero_shot_java_400_v1_code_grounded_summary.json
258,gpt_5_1_codex,java,ZS,code_grounded_summary,400,1104,4670d8cf8c5582acef63c8d2fca39829288cbc4dc40dbe3b69fe6d47aeeec169,,outputs/segregated_results/commercial-base/evaluation-and-correctness-may2026/commercial-new/gpt_5_3_codex_P1_zero_shot_java_400_v1_summary.json
258,gpt_5_1_codex,java,ZS,code_grounded_summary,400,1287,3213c98b1c2d1576701519549da55a13c0c681f99ac137cde5c3e57671033755,,outputs/segregated_results/commercial-base/may2026/commercial-new/gpt_5_1_codex_P1_zero_shot_java_400_v1_code_grounded_summary.json
258,gpt_5_1_codex,java,ZS,code_grounded_summary,400,1293,efa2e1b9e2db83b7ddaac3af688293b4ce2ba1ed4e80bb6a1d1e5d93cb16a11e,,outputs/segregated_results/commercial-base/may2026/commercial-new/gpt_5_3_codex_P1_zero_shot_java_400_v1_code_grounded_summary.json
259,gpt_5_1_codex,java,ZS,provider_response,400,682446,7391238b65d98cca827a4f5e8be9845b7bfe4e4f57de20b91c0bf60a87a1313e,,outputs/responses/gpt_5_1_codex_P1_zero_shot_java_400_v1/raw_responses.jsonl
259,gpt_5_1_codex,java,ZS,provider_response,400,640,f795dc6509910f145d29aba856049ca806cff685e0ec7e4733c06bc2152e6163,,outputs/responses/gpt_5_1_codex_P1_zero_shot_java_400_v1/state.json
259,gpt_5_1_codex,java,ZS,provider_response,400,641555,3bd899ff984ddf1e31fd04d24bfd0cb120c334805b20e487efafe5430c8e3508,,outputs/responses/gpt_5_3_codex_P1_zero_shot_java_400_v1/raw_responses.jsonl
259,gpt_5_1_codex,java,ZS,provider_response,400,640,714593e14c4e57dcfedeadac17466c2421ed1b1377d6f2c9959634c7822f4c58,,outputs/responses/gpt_5_3_codex_P1_zero_shot_java_400_v1/state.json
259,gpt_5_1_codex,java,ZS,provider_response,400,682446,7391238b65d98cca827a4f5e8be9845b7bfe4e4f57de20b91c0bf60a87a1313e,,outputs/segregated_results/commercial-base/responses/gpt_5_1_codex_P1_zero_shot_java_400_v1/raw_responses.jsonl
259,gpt_5_1_codex,java,ZS,provider_response,400,640,f795dc6509910f145d29aba856049ca806cff685e0ec7e4733c06bc2152e6163,,outputs/segregated_results/commercial-base/responses/gpt_5_1_codex_P1_zero_shot_java_400_v1/state.json
259,gpt_5_1_codex,java,ZS,provider_response,400,641555,3bd899ff984ddf1e31fd04d24bfd0cb120c334805b20e487efafe5430c8e3508,,outputs/segregated_results/commercial-base/responses/gpt_5_3_codex_P1_zero_shot_java_400_v1/raw_responses.jsonl
259,gpt_5_1_codex,java,ZS,provider_response,400,640,714593e14c4e57dcfedeadac17466c2421ed1b1377d6f2c9959634c7822f4c58,,outputs/segregated_results/commercial-base/responses/gpt_5_3_codex_P1_zero_shot_java_400_v1/state.json
260,gpt_5_1_codex,java,ZS,raw_generation,400,1811068,09ce2ec8c9fef7a28da8bc79325d248bc182edad7b9955635c11e38f1f493383,,outputs/raw_generations/commercial-new/gpt_5_1_codex_P1_zero_shot_java_400_v1.jsonl
260,gpt_5_1_codex,java,ZS,raw_generation,400,1832544,64dd44b010494f1df8a77a337586391f0434d8ca82cc44dc141aa25b1fe3276f,,outputs/raw_generations/commercial-new/gpt_5_3_codex_P1_zero_shot_java_400_v1.jsonl
260,gpt_5_1_codex,java,ZS,raw_generation,400,1811068,09ce2ec8c9fef7a28da8bc79325d248bc182edad7b9955635c11e38f1f493383,,outputs/raw_generations/gpt_5_1_codex_P1_zero_shot_java_400_v1.jsonl
260,gpt_5_1_codex,java,ZS,raw_generation,400,1832544,64dd44b010494f1df8a77a337586391f0434d8ca82cc44dc141aa25b1fe3276f,,outputs/raw_generations/gpt_5_3_codex_P1_zero_shot_java_400_v1.jsonl
261,gpt_5_1_codex,javascript,FS,code_grounded_detailed,400,327770,37fad6b3467ada1dba3aac676755702c1331439ccbe2e7303014197b5369af33,,outputs/evaluation-and-correctness-may2026/commercial-new/gpt_5_1_codex_P1_few_shot_javascript_400_v1_code_grounded_detailed.jsonl
261,gpt_5_1_codex,javascript,FS,code_grounded_detailed,400,342041,b24be17b27be2f919ca05cd10a459ae7ec188dc891e6652a9a91e61e45c9885f,,outputs/evaluation-and-correctness-may2026/commercial-new/gpt_5_1_codex_P1_few_shot_javascript_400_v1_detailed.jsonl
261,gpt_5_1_codex,javascript,FS,code_grounded_detailed,400,327770,37fad6b3467ada1dba3aac676755702c1331439ccbe2e7303014197b5369af33,,outputs/segregated_results/commercial-base/evaluation-and-correctness-may2026/commercial-new/gpt_5_1_codex_P1_few_shot_javascript_400_v1_code_grounded_detailed.jsonl
261,gpt_5_1_codex,javascript,FS,code_grounded_detailed,400,342041,b24be17b27be2f919ca05cd10a459ae7ec188dc891e6652a9a91e61e45c9885f,,outputs/segregated_results/commercial-base/evaluation-and-correctness-may2026/commercial-new/gpt_5_1_codex_P1_few_shot_javascript_400_v1_detailed.jsonl
261,gpt_5_1_codex,javascript,FS,code_grounded_detailed,400,327770,37fad6b3467ada1dba3aac676755702c1331439ccbe2e7303014197b5369af33,,outputs/segregated_results/commercial-base/may2026/commercial-new/gpt_5_1_codex_P1_few_shot_javascript_400_v1_code_grounded_detailed.jsonl
262,gpt_5_1_codex,javascript,FS,code_grounded_summary,400,1304,282f5c79f8b7cac1822cc1f3090a39e7205f473efcc7bf072f1e843c5d4935f7,,outputs/evaluation-and-correctness-may2026/commercial-new/gpt_5_1_codex_P1_few_shot_javascript_400_v1_code_grounded_summary.json
262,gpt_5_1_codex,javascript,FS,code_grounded_summary,400,1121,3ef8dea69977ea9de1a94b6350e57a2d99d85924ecb60277ee547f86076340b4,,outputs/evaluation-and-correctness-may2026/commercial-new/gpt_5_1_codex_P1_few_shot_javascript_400_v1_summary.json
262,gpt_5_1_codex,javascript,FS,code_grounded_summary,400,1304,282f5c79f8b7cac1822cc1f3090a39e7205f473efcc7bf072f1e843c5d4935f7,,outputs/segregated_results/commercial-base/evaluation-and-correctness-may2026/commercial-new/gpt_5_1_codex_P1_few_shot_javascript_400_v1_code_grounded_summary.json
262,gpt_5_1_codex,javascript,FS,code_grounded_summary,400,1121,3ef8dea69977ea9de1a94b6350e57a2d99d85924ecb60277ee547f86076340b4,,outputs/segregated_results/commercial-base/evaluation-and-correctness-may2026/commercial-new/gpt_5_1_codex_P1_few_shot_javascript_400_v1_summary.json
262,gpt_5_1_codex,javascript,FS,code_grounded_summary,400,1304,282f5c79f8b7cac1822cc1f3090a39e7205f473efcc7bf072f1e843c5d4935f7,,outputs/segregated_results/commercial-base/may2026/commercial-new/gpt_5_1_codex_P1_few_shot_javascript_400_v1_code_grounded_summary.json
263,gpt_5_1_codex,javascript,FS,provider_response,400,688188,c94778b7e96af1156f58993e766275e83d07f178717f4dd4edec243421e645f4,,outputs/responses/gpt_5_1_codex_P1_few_shot_javascript_400_v1/raw_responses.jsonl
263,gpt_5_1_codex,javascript,FS,provider_response,400,647,40af4ba327aa5d0753e7598f59f59ffc010759473a5f13765b7a7a8f836b8bc9,,outputs/responses/gpt_5_1_codex_P1_few_shot_javascript_400_v1/state.json
263,gpt_5_1_codex,javascript,FS,provider_response,400,688188,c94778b7e96af1156f58993e766275e83d07f178717f4dd4edec243421e645f4,,outputs/segregated_results/commercial-base/responses/gpt_5_1_codex_P1_few_shot_javascript_400_v1/raw_responses.jsonl
263,gpt_5_1_codex,javascript,FS,provider_response,400,647,40af4ba327aa5d0753e7598f59f59ffc010759473a5f13765b7a7a8f836b8bc9,,outputs/segregated_results/commercial-base/responses/gpt_5_1_codex_P1_few_shot_javascript_400_v1/state.json
264,gpt_5_1_codex,javascript,FS,raw_generation,400,2603253,4ee632e76ddb5c1200103b495e60d87d823a7a9e266f7a65ee317644cc8bd0cc,,outputs/raw_generations/commercial-new/gpt_5_1_codex_P1_few_shot_javascript_400_v1.jsonl
264,gpt_5_1_codex,javascript,FS,raw_generation,400,2603253,4ee632e76ddb5c1200103b495e60d87d823a7a9e266f7a65ee317644cc8bd0cc,,outputs/raw_generations/gpt_5_1_codex_P1_few_shot_javascript_400_v1.jsonl
265,gpt_5_1_codex,javascript,OS,code_grounded_detailed,400,330953,d02fb1f23ad65b69596981ebcacc002b17af63df4cdc9dfbf8dd0e1153f4f36f,,outputs/evaluation-and-correctness-may2026/commercial-new/gpt_5_1_codex_P1_one_shot_javascript_400_v1_code_grounded_detailed.jsonl
265,gpt_5_1_codex,javascript,OS,code_grounded_detailed,400,346708,2c85bbf045a77af966a7151b5104671f9db0691351292ef74b08250ac15e8ee5,,outputs/evaluation-and-correctness-may2026/commercial-new/gpt_5_1_codex_P1_one_shot_javascript_400_v1_detailed.jsonl
265,gpt_5_1_codex,javascript,OS,code_grounded_detailed,400,330953,d02fb1f23ad65b69596981ebcacc002b17af63df4cdc9dfbf8dd0e1153f4f36f,,outputs/segregated_results/commercial-base/evaluation-and-correctness-may2026/commercial-new/gpt_5_1_codex_P1_one_shot_javascript_400_v1_code_grounded_detailed.jsonl
265,gpt_5_1_codex,javascript,OS,code_grounded_detailed,400,346708,2c85bbf045a77af966a7151b5104671f9db0691351292ef74b08250ac15e8ee5,,outputs/segregated_results/commercial-base/evaluation-and-correctness-may2026/commercial-new/gpt_5_1_codex_P1_one_shot_javascript_400_v1_detailed.jsonl
265,gpt_5_1_codex,javascript,OS,code_grounded_detailed,400,330953,d02fb1f23ad65b69596981ebcacc002b17af63df4cdc9dfbf8dd0e1153f4f36f,,outputs/segregated_results/commercial-base/may2026/commercial-new/gpt_5_1_codex_P1_one_shot_javascript_400_v1_code_grounded_detailed.jsonl
266,gpt_5_1_codex,javascript,OS,code_grounded_summary,400,1306,b921b0e99d2688300fc15327f0d4d221e02497e987871df33ddb848047263503,,outputs/evaluation-and-correctness-may2026/commercial-new/gpt_5_1_codex_P1_one_shot_javascript_400_v1_code_grounded_summary.json
266,gpt_5_1_codex,javascript,OS,code_grounded_summary,400,1125,67667dee7f5ced52630ad61004685c0b3981a4a57d897318366120a5c1a2ecbc,,outputs/evaluation-and-correctness-may2026/commercial-new/gpt_5_1_codex_P1_one_shot_javascript_400_v1_summary.json
266,gpt_5_1_codex,javascript,OS,code_grounded_summary,400,1306,b921b0e99d2688300fc15327f0d4d221e02497e987871df33ddb848047263503,,outputs/segregated_results/commercial-base/evaluation-and-correctness-may2026/commercial-new/gpt_5_1_codex_P1_one_shot_javascript_400_v1_code_grounded_summary.json
266,gpt_5_1_codex,javascript,OS,code_grounded_summary,400,1125,67667dee7f5ced52630ad61004685c0b3981a4a57d897318366120a5c1a2ecbc,,outputs/segregated_results/commercial-base/evaluation-and-correctness-may2026/commercial-new/gpt_5_1_codex_P1_one_shot_javascript_400_v1_summary.json
266,gpt_5_1_codex,javascript,OS,code_grounded_summary,400,1306,b921b0e99d2688300fc15327f0d4d221e02497e987871df33ddb848047263503,,outputs/segregated_results/commercial-base/may2026/commercial-new/gpt_5_1_codex_P1_one_shot_javascript_400_v1_code_grounded_summary.json
267,gpt_5_1_codex,javascript,OS,provider_response,400,693935,ca3c09cae174d66d51323c1d7fb9eeee48b44f366d0822dca95016820600b28b,,outputs/responses/gpt_5_1_codex_P1_one_shot_javascript_400_v1/raw_responses.jsonl
267,gpt_5_1_codex,javascript,OS,provider_response,400,647,8bf39d36b561faf2dc40b35cf4876a39e346a89f5ec92949996fc08fbbab7886,,outputs/responses/gpt_5_1_codex_P1_one_shot_javascript_400_v1/state.json
267,gpt_5_1_codex,javascript,OS,provider_response,400,693935,ca3c09cae174d66d51323c1d7fb9eeee48b44f366d0822dca95016820600b28b,,outputs/segregated_results/commercial-base/responses/gpt_5_1_codex_P1_one_shot_javascript_400_v1/raw_responses.jsonl
267,gpt_5_1_codex,javascript,OS,provider_response,400,647,8bf39d36b561faf2dc40b35cf4876a39e346a89f5ec92949996fc08fbbab7886,,outputs/segregated_results/commercial-base/responses/gpt_5_1_codex_P1_one_shot_javascript_400_v1/state.json
268,gpt_5_1_codex,javascript,OS,raw_generation,400,2239709,13fb39f9199c760bb97e1a252ee9065b5dcb199cde3e27c783cc6ae3f5ac368c,,outputs/raw_generations/commercial-new/gpt_5_1_codex_P1_one_shot_javascript_400_v1.jsonl
268,gpt_5_1_codex,javascript,OS,raw_generation,400,2239709,13fb39f9199c760bb97e1a252ee9065b5dcb199cde3e27c783cc6ae3f5ac368c,,outputs/raw_generations/gpt_5_1_codex_P1_one_shot_javascript_400_v1.jsonl
269,gpt_5_1_codex,javascript,ZS,automatic_evaluation_detailed,400,349484,b0dad5798140fc2f45ae8dd0d741821ff4b33f7df744ddb20b8ce50767f1247e,,outputs/evaluations/gpt_5_1_codex_P1_zero_shot_javascript_400_v1_eval.json_detailed.jsonl
269,gpt_5_1_codex,javascript,ZS,automatic_evaluation_detailed,400,372909,30aba56bb8e1d5358525f5bca24dc5740996371bbc6346a5aed6980ba1423231,,outputs/evaluations/gpt_5_3_codex_P1_zero_shot_javascript_400_v1_eval.json_detailed.jsonl
269,gpt_5_1_codex,javascript,ZS,automatic_evaluation_detailed,400,349484,b0dad5798140fc2f45ae8dd0d741821ff4b33f7df744ddb20b8ce50767f1247e,,outputs/segregated_results/commercial-base/eval/gpt_5_1_codex_P1_zero_shot_javascript_400_v1_eval.json_detailed.jsonl
269,gpt_5_1_codex,javascript,ZS,automatic_evaluation_detailed,400,372909,30aba56bb8e1d5358525f5bca24dc5740996371bbc6346a5aed6980ba1423231,,outputs/segregated_results/commercial-base/eval/gpt_5_3_codex_P1_zero_shot_javascript_400_v1_eval.json_detailed.jsonl
270,gpt_5_1_codex,javascript,ZS,automatic_evaluation_summary,400,1109,251c8acf9f59921dd3123fb4c869676614925959986a3bf102de027b8be91060,,outputs/evaluations/gpt_5_1_codex_P1_zero_shot_javascript_400_v1_eval.json_summary.json
270,gpt_5_1_codex,javascript,ZS,automatic_evaluation_summary,400,1105,9222b80bac8b537fca0d2743a1e199e71c42d680f99b1b0e40499a8454607373,,outputs/evaluations/gpt_5_3_codex_P1_zero_shot_javascript_400_v1_eval.json_summary.json
270,gpt_5_1_codex,javascript,ZS,automatic_evaluation_summary,400,1109,251c8acf9f59921dd3123fb4c869676614925959986a3bf102de027b8be91060,,outputs/segregated_results/commercial-base/eval/gpt_5_1_codex_P1_zero_shot_javascript_400_v1_eval.json_summary.json
270,gpt_5_1_codex,javascript,ZS,automatic_evaluation_summary,400,1105,9222b80bac8b537fca0d2743a1e199e71c42d680f99b1b0e40499a8454607373,,outputs/segregated_results/commercial-base/eval/gpt_5_3_codex_P1_zero_shot_javascript_400_v1_eval.json_summary.json
271,gpt_5_1_codex,javascript,ZS,code_grounded_detailed,400,333063,cf8ea8c63ada79d8849d95c3ba87bdd6c464268aafe40a088cbafffacee7245a,,outputs/correctness/gpt_5_1_codex_P1_zero_shot_javascript_400_v1_correctness.json_detailed.jsonl
271,gpt_5_1_codex,javascript,ZS,code_grounded_detailed,400,355446,7e82e3ce1b67c1fb2e4ff6bbc06a426794558c2e9cf6d91bbbbe3b05b12bacba,,outputs/correctness/gpt_5_3_codex_P1_zero_shot_javascript_400_v1_correctness.json_detailed.jsonl
271,gpt_5_1_codex,javascript,ZS,code_grounded_detailed,400,333063,cf8ea8c63ada79d8849d95c3ba87bdd6c464268aafe40a088cbafffacee7245a,,outputs/evaluation-and-correctness-may2026/commercial-new/gpt_5_1_codex_P1_zero_shot_javascript_400_v1_code_grounded_detailed.jsonl
271,gpt_5_1_codex,javascript,ZS,code_grounded_detailed,400,349483,15b34ac1cc0436603e74471e7f72311124215d07888f00846f9a78f60db81578,,outputs/evaluation-and-correctness-may2026/commercial-new/gpt_5_1_codex_P1_zero_shot_javascript_400_v1_detailed.jsonl
271,gpt_5_1_codex,javascript,ZS,code_grounded_detailed,400,355446,7e82e3ce1b67c1fb2e4ff6bbc06a426794558c2e9cf6d91bbbbe3b05b12bacba,,outputs/evaluation-and-correctness-may2026/commercial-new/gpt_5_3_codex_P1_zero_shot_javascript_400_v1_code_grounded_detailed.jsonl
271,gpt_5_1_codex,javascript,ZS,code_grounded_detailed,400,372907,f03075b64ca83f98c30fcb6e314dd3dd736985a980f5f83a9ff3dbf68b05c6bb,,outputs/evaluation-and-correctness-may2026/commercial-new/gpt_5_3_codex_P1_zero_shot_javascript_400_v1_detailed.jsonl
271,gpt_5_1_codex,javascript,ZS,code_grounded_detailed,400,333063,cf8ea8c63ada79d8849d95c3ba87bdd6c464268aafe40a088cbafffacee7245a,,outputs/segregated_results/commercial-base/correctness/gpt_5_1_codex_P1_zero_shot_javascript_400_v1_correctness.json_detailed.jsonl
271,gpt_5_1_codex,javascript,ZS,code_grounded_detailed,400,355446,7e82e3ce1b67c1fb2e4ff6bbc06a426794558c2e9cf6d91bbbbe3b05b12bacba,,outputs/segregated_results/commercial-base/correctness/gpt_5_3_codex_P1_zero_shot_javascript_400_v1_correctness.json_detailed.jsonl
271,gpt_5_1_codex,javascript,ZS,code_grounded_detailed,400,333063,cf8ea8c63ada79d8849d95c3ba87bdd6c464268aafe40a088cbafffacee7245a,,outputs/segregated_results/commercial-base/evaluation-and-correctness-may2026/commercial-new/gpt_5_1_codex_P1_zero_shot_javascript_400_v1_code_grounded_detailed.jsonl
271,gpt_5_1_codex,javascript,ZS,code_grounded_detailed,400,349483,15b34ac1cc0436603e74471e7f72311124215d07888f00846f9a78f60db81578,,outputs/segregated_results/commercial-base/evaluation-and-correctness-may2026/commercial-new/gpt_5_1_codex_P1_zero_shot_javascript_400_v1_detailed.jsonl
271,gpt_5_1_codex,javascript,ZS,code_grounded_detailed,400,355446,7e82e3ce1b67c1fb2e4ff6bbc06a426794558c2e9cf6d91bbbbe3b05b12bacba,,outputs/segregated_results/commercial-base/evaluation-and-correctness-may2026/commercial-new/gpt_5_3_codex_P1_zero_shot_javascript_400_v1_code_grounded_detailed.jsonl
271,gpt_5_1_codex,javascript,ZS,code_grounded_detailed,400,372907,f03075b64ca83f98c30fcb6e314dd3dd736985a980f5f83a9ff3dbf68b05c6bb,,outputs/segregated_results/commercial-base/evaluation-and-correctness-may2026/commercial-new/gpt_5_3_codex_P1_zero_shot_javascript_400_v1_detailed.jsonl
271,gpt_5_1_codex,javascript,ZS,code_grounded_detailed,400,333063,cf8ea8c63ada79d8849d95c3ba87bdd6c464268aafe40a088cbafffacee7245a,,outputs/segregated_results/commercial-base/may2026/commercial-new/gpt_5_1_codex_P1_zero_shot_javascript_400_v1_code_grounded_detailed.jsonl
271,gpt_5_1_codex,javascript,ZS,code_grounded_detailed,400,355446,7e82e3ce1b67c1fb2e4ff6bbc06a426794558c2e9cf6d91bbbbe3b05b12bacba,,outputs/segregated_results/commercial-base/may2026/commercial-new/gpt_5_3_codex_P1_zero_shot_javascript_400_v1_code_grounded_detailed.jsonl
272,gpt_5_1_codex,javascript,ZS,code_grounded_summary,400,1298,6a1d3493ed46082710c18ba6b6f89e4422a646e3ac67ef5c4698d140b0353f8c,,outputs/correctness/gpt_5_1_codex_P1_zero_shot_javascript_400_v1_correctness.json_summary.json
272,gpt_5_1_codex,javascript,ZS,code_grounded_summary,400,1288,d912a6d1192e51209f0e184d34fc094bc13cee5f60c2fc9bd6ca31ad5f9a73a9,,outputs/correctness/gpt_5_3_codex_P1_zero_shot_javascript_400_v1_correctness.json_summary.json
272,gpt_5_1_codex,javascript,ZS,code_grounded_summary,400,1313,24104ead14ec977795af965e3b87c43f16b9b052d763c3e39a57e61475dfdaa5,,outputs/evaluation-and-correctness-may2026/commercial-new/gpt_5_1_codex_P1_zero_shot_javascript_400_v1_code_grounded_summary.json
272,gpt_5_1_codex,javascript,ZS,code_grounded_summary,400,1124,844b135f9a576522e178bebe3ca37888e3b7951ec191aff883b5ca8f5fed8ae9,,outputs/evaluation-and-correctness-may2026/commercial-new/gpt_5_1_codex_P1_zero_shot_javascript_400_v1_summary.json
272,gpt_5_1_codex,javascript,ZS,code_grounded_summary,400,1303,4a58058b295c6f55dd57c76e445406075d4b7781e2c82537ca2d0be1473e9177,,outputs/evaluation-and-correctness-may2026/commercial-new/gpt_5_3_codex_P1_zero_shot_javascript_400_v1_code_grounded_summary.json
272,gpt_5_1_codex,javascript,ZS,code_grounded_summary,400,1120,4d4ecde4f407d31b545b05f9f3a188d41d251a5b828d246ff32d3e0fd4a60eff,,outputs/evaluation-and-correctness-may2026/commercial-new/gpt_5_3_codex_P1_zero_shot_javascript_400_v1_summary.json
272,gpt_5_1_codex,javascript,ZS,code_grounded_summary,400,1298,6a1d3493ed46082710c18ba6b6f89e4422a646e3ac67ef5c4698d140b0353f8c,,outputs/segregated_results/commercial-base/correctness/gpt_5_1_codex_P1_zero_shot_javascript_400_v1_correctness.json_summary.json
272,gpt_5_1_codex,javascript,ZS,code_grounded_summary,400,1288,d912a6d1192e51209f0e184d34fc094bc13cee5f60c2fc9bd6ca31ad5f9a73a9,,outputs/segregated_results/commercial-base/correctness/gpt_5_3_codex_P1_zero_shot_javascript_400_v1_correctness.json_summary.json
272,gpt_5_1_codex,javascript,ZS,code_grounded_summary,400,1313,24104ead14ec977795af965e3b87c43f16b9b052d763c3e39a57e61475dfdaa5,,outputs/segregated_results/commercial-base/evaluation-and-correctness-may2026/commercial-new/gpt_5_1_codex_P1_zero_shot_javascript_400_v1_code_grounded_summary.json
272,gpt_5_1_codex,javascript,ZS,code_grounded_summary,400,1124,844b135f9a576522e178bebe3ca37888e3b7951ec191aff883b5ca8f5fed8ae9,,outputs/segregated_results/commercial-base/evaluation-and-correctness-may2026/commercial-new/gpt_5_1_codex_P1_zero_shot_javascript_400_v1_summary.json
272,gpt_5_1_codex,javascript,ZS,code_grounded_summary,400,1303,4a58058b295c6f55dd57c76e445406075d4b7781e2c82537ca2d0be1473e9177,,outputs/segregated_results/commercial-base/evaluation-and-correctness-may2026/commercial-new/gpt_5_3_codex_P1_zero_shot_javascript_400_v1_code_grounded_summary.json
272,gpt_5_1_codex,javascript,ZS,code_grounded_summary,400,1120,4d4ecde4f407d31b545b05f9f3a188d41d251a5b828d246ff32d3e0fd4a60eff,,outputs/segregated_results/commercial-base/evaluation-and-correctness-may2026/commercial-new/gpt_5_3_codex_P1_zero_shot_javascript_400_v1_summary.json
272,gpt_5_1_codex,javascript,ZS,code_grounded_summary,400,1313,24104ead14ec977795af965e3b87c43f16b9b052d763c3e39a57e61475dfdaa5,,outputs/segregated_results/commercial-base/may2026/commercial-new/gpt_5_1_codex_P1_zero_shot_javascript_400_v1_code_grounded_summary.json
272,gpt_5_1_codex,javascript,ZS,code_grounded_summary,400,1303,4a58058b295c6f55dd57c76e445406075d4b7781e2c82537ca2d0be1473e9177,,outputs/segregated_results/commercial-base/may2026/commercial-new/gpt_5_3_codex_P1_zero_shot_javascript_400_v1_code_grounded_summary.json
273,gpt_5_1_codex,javascript,ZS,provider_response,400,688232,b0570349e692341c7cc6e8cb06599aff16bbaf27b733ba36f0946fae79ed6257,,outputs/responses/gpt_5_1_codex_P1_zero_shot_javascript_400_v1/raw_responses.jsonl
273,gpt_5_1_codex,javascript,ZS,provider_response,400,652,b504c3837ebabb2c29a0509df2075e31f4f89e9b03ccfa1bca0b46776d60dd95,,outputs/responses/gpt_5_1_codex_P1_zero_shot_javascript_400_v1/state.json
273,gpt_5_1_codex,javascript,ZS,provider_response,400,649943,d73661699dd62611de49570a49cdf5cc5579857263a514e062345ff1cc60d5bb,,outputs/responses/gpt_5_3_codex_P1_zero_shot_javascript_400_v1/raw_responses.jsonl
273,gpt_5_1_codex,javascript,ZS,provider_response,400,652,868539ea751a39fa284afdb09fae7c627b3227a81381b7b71776d5317c53a724,,outputs/responses/gpt_5_3_codex_P1_zero_shot_javascript_400_v1/state.json
273,gpt_5_1_codex,javascript,ZS,provider_response,400,688232,b0570349e692341c7cc6e8cb06599aff16bbaf27b733ba36f0946fae79ed6257,,outputs/segregated_results/commercial-base/responses/gpt_5_1_codex_P1_zero_shot_javascript_400_v1/raw_responses.jsonl
273,gpt_5_1_codex,javascript,ZS,provider_response,400,652,b504c3837ebabb2c29a0509df2075e31f4f89e9b03ccfa1bca0b46776d60dd95,,outputs/segregated_results/commercial-base/responses/gpt_5_1_codex_P1_zero_shot_javascript_400_v1/state.json
273,gpt_5_1_codex,javascript,ZS,provider_response,400,649943,d73661699dd62611de49570a49cdf5cc5579857263a514e062345ff1cc60d5bb,,outputs/segregated_results/commercial-base/responses/gpt_5_3_codex_P1_zero_shot_javascript_400_v1/raw_responses.jsonl
273,gpt_5_1_codex,javascript,ZS,provider_response,400,652,868539ea751a39fa284afdb09fae7c627b3227a81381b7b71776d5317c53a724,,outputs/segregated_results/commercial-base/responses/gpt_5_3_codex_P1_zero_shot_javascript_400_v1/state.json
274,gpt_5_1_codex,javascript,ZS,raw_generation,400,1878429,128f7a332c9854352b791ce10073b794ee950ce75206e5b8da6003e061e5d85d,,outputs/raw_generations/commercial-new/gpt_5_1_codex_P1_zero_shot_javascript_400_v1.jsonl
274,gpt_5_1_codex,javascript,ZS,raw_generation,400,1907940,53a1cdccd24f18fce72fb5ab77a93495b5fad1de92d4bae4f854f6796fd9f09b,,outputs/raw_generations/commercial-new/gpt_5_3_codex_P1_zero_shot_javascript_400_v1.jsonl
274,gpt_5_1_codex,javascript,ZS,raw_generation,400,1878429,128f7a332c9854352b791ce10073b794ee950ce75206e5b8da6003e061e5d85d,,outputs/raw_generations/gpt_5_1_codex_P1_zero_shot_javascript_400_v1.jsonl
274,gpt_5_1_codex,javascript,ZS,raw_generation,400,1907940,53a1cdccd24f18fce72fb5ab77a93495b5fad1de92d4bae4f854f6796fd9f09b,,outputs/raw_generations/gpt_5_3_codex_P1_zero_shot_javascript_400_v1.jsonl
275,gpt_5_1_codex,python,FS,code_grounded_detailed,400,325736,47c1094aa8908f3db5669aae5a9658191d88225116eb251954fe8f463734911b,,outputs/evaluation-and-correctness-may2026/commercial-new/gpt_5_1_codex_P1_few_shot_python_400_v1_code_grounded_detailed.jsonl
275,gpt_5_1_codex,python,FS,code_grounded_detailed,400,341978,120fe6dc1f89667a80d5b173e409a5713f263ea9ff23acefd574373b5020116e,,outputs/evaluation-and-correctness-may2026/commercial-new/gpt_5_1_codex_P1_few_shot_python_400_v1_detailed.jsonl
275,gpt_5_1_codex,python,FS,code_grounded_detailed,400,325736,47c1094aa8908f3db5669aae5a9658191d88225116eb251954fe8f463734911b,,outputs/segregated_results/commercial-base/evaluation-and-correctness-may2026/commercial-new/gpt_5_1_codex_P1_few_shot_python_400_v1_code_grounded_detailed.jsonl
275,gpt_5_1_codex,python,FS,code_grounded_detailed,400,341978,120fe6dc1f89667a80d5b173e409a5713f263ea9ff23acefd574373b5020116e,,outputs/segregated_results/commercial-base/evaluation-and-correctness-may2026/commercial-new/gpt_5_1_codex_P1_few_shot_python_400_v1_detailed.jsonl
275,gpt_5_1_codex,python,FS,code_grounded_detailed,400,325736,47c1094aa8908f3db5669aae5a9658191d88225116eb251954fe8f463734911b,,outputs/segregated_results/commercial-base/may2026/commercial-new/gpt_5_1_codex_P1_few_shot_python_400_v1_code_grounded_detailed.jsonl
276,gpt_5_1_codex,python,FS,code_grounded_summary,400,1270,0c70c5262870b08eebc950950f661bbca75d2c03cb803e728bb21c92158da4e8,,outputs/evaluation-and-correctness-may2026/commercial-new/gpt_5_1_codex_P1_few_shot_python_400_v1_code_grounded_summary.json
276,gpt_5_1_codex,python,FS,code_grounded_summary,400,1111,6f8bbb4388e8f04932f84f6d6e4d652e23fb598c673373b133fe3dc321aae3c3,,outputs/evaluation-and-correctness-may2026/commercial-new/gpt_5_1_codex_P1_few_shot_python_400_v1_summary.json
276,gpt_5_1_codex,python,FS,code_grounded_summary,400,1270,0c70c5262870b08eebc950950f661bbca75d2c03cb803e728bb21c92158da4e8,,outputs/segregated_results/commercial-base/evaluation-and-correctness-may2026/commercial-new/gpt_5_1_codex_P1_few_shot_python_400_v1_code_grounded_summary.json
276,gpt_5_1_codex,python,FS,code_grounded_summary,400,1111,6f8bbb4388e8f04932f84f6d6e4d652e23fb598c673373b133fe3dc321aae3c3,,outputs/segregated_results/commercial-base/evaluation-and-correctness-may2026/commercial-new/gpt_5_1_codex_P1_few_shot_python_400_v1_summary.json
276,gpt_5_1_codex,python,FS,code_grounded_summary,400,1270,0c70c5262870b08eebc950950f661bbca75d2c03cb803e728bb21c92158da4e8,,outputs/segregated_results/commercial-base/may2026/commercial-new/gpt_5_1_codex_P1_few_shot_python_400_v1_code_grounded_summary.json
277,gpt_5_1_codex,python,FS,provider_response,400,688293,d5b0e273a897790d822b85fbbe6940d5f815d151708f779bfd927cdd2dc49aa5,,outputs/responses/gpt_5_1_codex_P1_few_shot_python_400_v1/raw_responses.jsonl
277,gpt_5_1_codex,python,FS,provider_response,400,639,0ef9866a49ca53c48e07cf27be1384edddc852316e6128a89e254c8f268a145b,,outputs/responses/gpt_5_1_codex_P1_few_shot_python_400_v1/state.json
277,gpt_5_1_codex,python,FS,provider_response,400,688293,d5b0e273a897790d822b85fbbe6940d5f815d151708f779bfd927cdd2dc49aa5,,outputs/segregated_results/commercial-base/responses/gpt_5_1_codex_P1_few_shot_python_400_v1/raw_responses.jsonl
277,gpt_5_1_codex,python,FS,provider_response,400,639,0ef9866a49ca53c48e07cf27be1384edddc852316e6128a89e254c8f268a145b,,outputs/segregated_results/commercial-base/responses/gpt_5_1_codex_P1_few_shot_python_400_v1/state.json
278,gpt_5_1_codex,python,FS,raw_generation,400,2713498,40f57b52f03066e91b4c35d1d140f73af90100bad33a90e0c2be169d841cda33,,outputs/raw_generations/commercial-new/gpt_5_1_codex_P1_few_shot_python_400_v1.jsonl
278,gpt_5_1_codex,python,FS,raw_generation,400,2713498,40f57b52f03066e91b4c35d1d140f73af90100bad33a90e0c2be169d841cda33,,outputs/raw_generations/gpt_5_1_codex_P1_few_shot_python_400_v1.jsonl
279,gpt_5_1_codex,python,OS,code_grounded_detailed,400,328559,da5a79181981ba3e84dea737e8c56778c1f7d70b151512a2e5a1829fc5d105ef,,outputs/evaluation-and-correctness-may2026/commercial-new/gpt_5_1_codex_P1_one_shot_python_400_v1_code_grounded_detailed.jsonl
279,gpt_5_1_codex,python,OS,code_grounded_detailed,400,345974,5bdaa02a0c0a8028f1d62edd32457833d48ce7d653ae4380ae9dc854239604ad,,outputs/evaluation-and-correctness-may2026/commercial-new/gpt_5_1_codex_P1_one_shot_python_400_v1_detailed.jsonl
279,gpt_5_1_codex,python,OS,code_grounded_detailed,400,328559,da5a79181981ba3e84dea737e8c56778c1f7d70b151512a2e5a1829fc5d105ef,,outputs/segregated_results/commercial-base/evaluation-and-correctness-may2026/commercial-new/gpt_5_1_codex_P1_one_shot_python_400_v1_code_grounded_detailed.jsonl
279,gpt_5_1_codex,python,OS,code_grounded_detailed,400,345974,5bdaa02a0c0a8028f1d62edd32457833d48ce7d653ae4380ae9dc854239604ad,,outputs/segregated_results/commercial-base/evaluation-and-correctness-may2026/commercial-new/gpt_5_1_codex_P1_one_shot_python_400_v1_detailed.jsonl
279,gpt_5_1_codex,python,OS,code_grounded_detailed,400,328559,da5a79181981ba3e84dea737e8c56778c1f7d70b151512a2e5a1829fc5d105ef,,outputs/segregated_results/commercial-base/may2026/commercial-new/gpt_5_1_codex_P1_one_shot_python_400_v1_code_grounded_detailed.jsonl
280,gpt_5_1_codex,python,OS,code_grounded_summary,400,1270,977512b3a1df515f1b277102ca7bf2730179c9752d2203ff639e73433f198a50,,outputs/evaluation-and-correctness-may2026/commercial-new/gpt_5_1_codex_P1_one_shot_python_400_v1_code_grounded_summary.json
280,gpt_5_1_codex,python,OS,code_grounded_summary,400,1111,25e69cd856c8d384d0709a59d82dc17e913880ef8e14b6f9f65e279977944641,,outputs/evaluation-and-correctness-may2026/commercial-new/gpt_5_1_codex_P1_one_shot_python_400_v1_summary.json
280,gpt_5_1_codex,python,OS,code_grounded_summary,400,1270,977512b3a1df515f1b277102ca7bf2730179c9752d2203ff639e73433f198a50,,outputs/segregated_results/commercial-base/evaluation-and-correctness-may2026/commercial-new/gpt_5_1_codex_P1_one_shot_python_400_v1_code_grounded_summary.json
280,gpt_5_1_codex,python,OS,code_grounded_summary,400,1111,25e69cd856c8d384d0709a59d82dc17e913880ef8e14b6f9f65e279977944641,,outputs/segregated_results/commercial-base/evaluation-and-correctness-may2026/commercial-new/gpt_5_1_codex_P1_one_shot_python_400_v1_summary.json
280,gpt_5_1_codex,python,OS,code_grounded_summary,400,1270,977512b3a1df515f1b277102ca7bf2730179c9752d2203ff639e73433f198a50,,outputs/segregated_results/commercial-base/may2026/commercial-new/gpt_5_1_codex_P1_one_shot_python_400_v1_code_grounded_summary.json
281,gpt_5_1_codex,python,OS,provider_response,400,692730,7c9330c306ea096cd5adb7ba2daf6f791a50439021c8379ac40362eeafb326e6,,outputs/responses/gpt_5_1_codex_P1_one_shot_python_400_v1/raw_responses.jsonl
281,gpt_5_1_codex,python,OS,provider_response,400,639,fcd1a127ae4af946360e41fe8635ffebcc7364277a84dad37a0baae91957337c,,outputs/responses/gpt_5_1_codex_P1_one_shot_python_400_v1/state.json
281,gpt_5_1_codex,python,OS,provider_response,400,692730,7c9330c306ea096cd5adb7ba2daf6f791a50439021c8379ac40362eeafb326e6,,outputs/segregated_results/commercial-base/responses/gpt_5_1_codex_P1_one_shot_python_400_v1/raw_responses.jsonl
281,gpt_5_1_codex,python,OS,provider_response,400,639,fcd1a127ae4af946360e41fe8635ffebcc7364277a84dad37a0baae91957337c,,outputs/segregated_results/commercial-base/responses/gpt_5_1_codex_P1_one_shot_python_400_v1/state.json
282,gpt_5_1_codex,python,OS,raw_generation,400,2079947,7f47e4eb3e39e9a772c020ec0827e4ac032ca631ea1286a8f5912ba68caf83ec,,outputs/raw_generations/commercial-new/gpt_5_1_codex_P1_one_shot_python_400_v1.jsonl
282,gpt_5_1_codex,python,OS,raw_generation,400,2079947,7f47e4eb3e39e9a772c020ec0827e4ac032ca631ea1286a8f5912ba68caf83ec,,outputs/raw_generations/gpt_5_1_codex_P1_one_shot_python_400_v1.jsonl
283,gpt_5_1_codex,python,ZS,automatic_evaluation_detailed,50,40779,8d286a972d66d922a320f4b78be2cd0b99ea972e1663b22d5475b72e8439a9c4,,outputs/evaluations/commercial/codex_cli_P1_zero_shot_python_50_v1_detailed.jsonl
283,gpt_5_1_codex,python,ZS,automatic_evaluation_detailed,50,40347,9412f2b0e8f2a62311b8bc40cde1d2e61ff45bd133aa7879bd166c2268c594ed,,outputs/evaluations/commercial/gpt54_codex_cli_P1_zero_shot_python_50_v1_detailed.jsonl
283,gpt_5_1_codex,python,ZS,automatic_evaluation_detailed,400,343594,290ae1c8978994345983bd798f29ac1780c2b822ff67445491eaca4337922992,,outputs/evaluations/gpt_5_1_codex_P1_zero_shot_python_400_v1_eval.json_detailed.jsonl
283,gpt_5_1_codex,python,ZS,automatic_evaluation_detailed,400,366949,ccc1828274a49afede93fadc2babbf446b8fc62938a7871fd55bdfa8b6ce7e21,,outputs/evaluations/gpt_5_3_codex_P1_zero_shot_python_400_v1_eval.json_detailed.jsonl
283,gpt_5_1_codex,python,ZS,automatic_evaluation_detailed,50,40779,8d286a972d66d922a320f4b78be2cd0b99ea972e1663b22d5475b72e8439a9c4,,outputs/segregated_results/commercial-base/eval/commercial/codex_cli_P1_zero_shot_python_50_v1_detailed.jsonl
283,gpt_5_1_codex,python,ZS,automatic_evaluation_detailed,50,40347,9412f2b0e8f2a62311b8bc40cde1d2e61ff45bd133aa7879bd166c2268c594ed,,outputs/segregated_results/commercial-base/eval/commercial/gpt54_codex_cli_P1_zero_shot_python_50_v1_detailed.jsonl
283,gpt_5_1_codex,python,ZS,automatic_evaluation_detailed,400,343594,290ae1c8978994345983bd798f29ac1780c2b822ff67445491eaca4337922992,,outputs/segregated_results/commercial-base/eval/gpt_5_1_codex_P1_zero_shot_python_400_v1_eval.json_detailed.jsonl
283,gpt_5_1_codex,python,ZS,automatic_evaluation_detailed,400,366949,ccc1828274a49afede93fadc2babbf446b8fc62938a7871fd55bdfa8b6ce7e21,,outputs/segregated_results/commercial-base/eval/gpt_5_3_codex_P1_zero_shot_python_400_v1_eval.json_detailed.jsonl
284,gpt_5_1_codex,python,ZS,automatic_evaluation_summary,50,1007,d00ebf759da0066e702a04e7e83deed0b151a6242cd621db3dd360ea0e65825d,,outputs/evaluations/commercial/codex_cli_P1_zero_shot_python_50_v1_summary.json
284,gpt_5_1_codex,python,ZS,automatic_evaluation_summary,50,997,9ed967c20ab6d3e9d2b57546169946a33105a438b0a7c72da7f912a1cb65b8ea,,outputs/evaluations/commercial/gpt54_codex_cli_P1_zero_shot_python_50_v1_summary.json
284,gpt_5_1_codex,python,ZS,automatic_evaluation_summary,400,1093,86cf3e62d5a0b100833ad0ee359d79f5d49e477758b15130f6d4f28724cfe047,,outputs/evaluations/gpt_5_1_codex_P1_zero_shot_python_400_v1_eval.json_summary.json
284,gpt_5_1_codex,python,ZS,automatic_evaluation_summary,400,1093,5bd90157d3cfd11336944b33390ee461649772fbae13948df50976b6b1a18013,,outputs/evaluations/gpt_5_3_codex_P1_zero_shot_python_400_v1_eval.json_summary.json
284,gpt_5_1_codex,python,ZS,automatic_evaluation_summary,50,1007,d00ebf759da0066e702a04e7e83deed0b151a6242cd621db3dd360ea0e65825d,,outputs/segregated_results/commercial-base/eval/commercial/codex_cli_P1_zero_shot_python_50_v1_summary.json
284,gpt_5_1_codex,python,ZS,automatic_evaluation_summary,50,997,9ed967c20ab6d3e9d2b57546169946a33105a438b0a7c72da7f912a1cb65b8ea,,outputs/segregated_results/commercial-base/eval/commercial/gpt54_codex_cli_P1_zero_shot_python_50_v1_summary.json
284,gpt_5_1_codex,python,ZS,automatic_evaluation_summary,400,1093,86cf3e62d5a0b100833ad0ee359d79f5d49e477758b15130f6d4f28724cfe047,,outputs/segregated_results/commercial-base/eval/gpt_5_1_codex_P1_zero_shot_python_400_v1_eval.json_summary.json
284,gpt_5_1_codex,python,ZS,automatic_evaluation_summary,400,1093,5bd90157d3cfd11336944b33390ee461649772fbae13948df50976b6b1a18013,,outputs/segregated_results/commercial-base/eval/gpt_5_3_codex_P1_zero_shot_python_400_v1_eval.json_summary.json
285,gpt_5_1_codex,python,ZS,code_grounded_detailed,400,326507,6afdeb58d596b089596b7e242226205b7ce64748018f12c00177b82866e1d171,,outputs/correctness/gpt_5_1_codex_P1_zero_shot_python_400_v1_correctness.json_detailed.jsonl
285,gpt_5_1_codex,python,ZS,code_grounded_detailed,400,348209,c17438c741ced7de14ded25fbd6aa065eb8ebb3ea435c0d2ddad938164f7d254,,outputs/correctness/gpt_5_3_codex_P1_zero_shot_python_400_v1_correctness.json_detailed.jsonl
285,gpt_5_1_codex,python,ZS,code_grounded_detailed,400,326507,6afdeb58d596b089596b7e242226205b7ce64748018f12c00177b82866e1d171,,outputs/evaluation-and-correctness-may2026/commercial-new/gpt_5_1_codex_P1_zero_shot_python_400_v1_code_grounded_detailed.jsonl
285,gpt_5_1_codex,python,ZS,code_grounded_detailed,400,343593,d26163b11d7576680077eeb175b301b9076a82cff13111169a265f5689baef5a,,outputs/evaluation-and-correctness-may2026/commercial-new/gpt_5_1_codex_P1_zero_shot_python_400_v1_detailed.jsonl
285,gpt_5_1_codex,python,ZS,code_grounded_detailed,400,348209,c17438c741ced7de14ded25fbd6aa065eb8ebb3ea435c0d2ddad938164f7d254,,outputs/evaluation-and-correctness-may2026/commercial-new/gpt_5_3_codex_P1_zero_shot_python_400_v1_code_grounded_detailed.jsonl
285,gpt_5_1_codex,python,ZS,code_grounded_detailed,400,366952,dbdca1051eb170f1e519a6d9c93ff6b118290e75d6ae4acc17e5754924b73e6c,,outputs/evaluation-and-correctness-may2026/commercial-new/gpt_5_3_codex_P1_zero_shot_python_400_v1_detailed.jsonl
285,gpt_5_1_codex,python,ZS,code_grounded_detailed,400,326507,6afdeb58d596b089596b7e242226205b7ce64748018f12c00177b82866e1d171,,outputs/segregated_results/commercial-base/correctness/gpt_5_1_codex_P1_zero_shot_python_400_v1_correctness.json_detailed.jsonl
285,gpt_5_1_codex,python,ZS,code_grounded_detailed,400,348209,c17438c741ced7de14ded25fbd6aa065eb8ebb3ea435c0d2ddad938164f7d254,,outputs/segregated_results/commercial-base/correctness/gpt_5_3_codex_P1_zero_shot_python_400_v1_correctness.json_detailed.jsonl
285,gpt_5_1_codex,python,ZS,code_grounded_detailed,400,326507,6afdeb58d596b089596b7e242226205b7ce64748018f12c00177b82866e1d171,,outputs/segregated_results/commercial-base/evaluation-and-correctness-may2026/commercial-new/gpt_5_1_codex_P1_zero_shot_python_400_v1_code_grounded_detailed.jsonl
285,gpt_5_1_codex,python,ZS,code_grounded_detailed,400,343593,d26163b11d7576680077eeb175b301b9076a82cff13111169a265f5689baef5a,,outputs/segregated_results/commercial-base/evaluation-and-correctness-may2026/commercial-new/gpt_5_1_codex_P1_zero_shot_python_400_v1_detailed.jsonl
285,gpt_5_1_codex,python,ZS,code_grounded_detailed,400,348209,c17438c741ced7de14ded25fbd6aa065eb8ebb3ea435c0d2ddad938164f7d254,,outputs/segregated_results/commercial-base/evaluation-and-correctness-may2026/commercial-new/gpt_5_3_codex_P1_zero_shot_python_400_v1_code_grounded_detailed.jsonl
285,gpt_5_1_codex,python,ZS,code_grounded_detailed,400,366952,dbdca1051eb170f1e519a6d9c93ff6b118290e75d6ae4acc17e5754924b73e6c,,outputs/segregated_results/commercial-base/evaluation-and-correctness-may2026/commercial-new/gpt_5_3_codex_P1_zero_shot_python_400_v1_detailed.jsonl
285,gpt_5_1_codex,python,ZS,code_grounded_detailed,400,326507,6afdeb58d596b089596b7e242226205b7ce64748018f12c00177b82866e1d171,,outputs/segregated_results/commercial-base/may2026/commercial-new/gpt_5_1_codex_P1_zero_shot_python_400_v1_code_grounded_detailed.jsonl
285,gpt_5_1_codex,python,ZS,code_grounded_detailed,400,348209,c17438c741ced7de14ded25fbd6aa065eb8ebb3ea435c0d2ddad938164f7d254,,outputs/segregated_results/commercial-base/may2026/commercial-new/gpt_5_3_codex_P1_zero_shot_python_400_v1_code_grounded_detailed.jsonl
286,gpt_5_1_codex,python,ZS,code_grounded_summary,400,1256,7d638962a60da9d6d76a2d71b5a2c6bded6e688d5a933fbfdff95418ac82ada1,,outputs/correctness/gpt_5_1_codex_P1_zero_shot_python_400_v1_correctness.json_summary.json
286,gpt_5_1_codex,python,ZS,code_grounded_summary,400,1260,2fb98a1a4e9dd9de2c534a09cd2ebe61052886f600c8bb1dd327fa5a532dc993,,outputs/correctness/gpt_5_3_codex_P1_zero_shot_python_400_v1_correctness.json_summary.json
286,gpt_5_1_codex,python,ZS,code_grounded_summary,400,1271,9b1e13d133d7abff36d4e654ac5302253c277d3f7e09911a4ae8dfab94950b42,,outputs/evaluation-and-correctness-may2026/commercial-new/gpt_5_1_codex_P1_zero_shot_python_400_v1_code_grounded_summary.json
286,gpt_5_1_codex,python,ZS,code_grounded_summary,400,1108,4c2c01b4b341fc7856e42ed072b5a3e75d4548a3f8b20cc1d252673f6e45e674,,outputs/evaluation-and-correctness-may2026/commercial-new/gpt_5_1_codex_P1_zero_shot_python_400_v1_summary.json
286,gpt_5_1_codex,python,ZS,code_grounded_summary,400,1275,c9b9189fdfd8712a4e2d27a1eac8810dc14900e8a7a56048c3f47d340ebbed8f,,outputs/evaluation-and-correctness-may2026/commercial-new/gpt_5_3_codex_P1_zero_shot_python_400_v1_code_grounded_summary.json
286,gpt_5_1_codex,python,ZS,code_grounded_summary,400,1110,ef32d699823818f2ca3b8ab93a6ce3b194cecd6e87e01550c3a70e80a7b8f3bb,,outputs/evaluation-and-correctness-may2026/commercial-new/gpt_5_3_codex_P1_zero_shot_python_400_v1_summary.json
286,gpt_5_1_codex,python,ZS,code_grounded_summary,400,1256,7d638962a60da9d6d76a2d71b5a2c6bded6e688d5a933fbfdff95418ac82ada1,,outputs/segregated_results/commercial-base/correctness/gpt_5_1_codex_P1_zero_shot_python_400_v1_correctness.json_summary.json
286,gpt_5_1_codex,python,ZS,code_grounded_summary,400,1260,2fb98a1a4e9dd9de2c534a09cd2ebe61052886f600c8bb1dd327fa5a532dc993,,outputs/segregated_results/commercial-base/correctness/gpt_5_3_codex_P1_zero_shot_python_400_v1_correctness.json_summary.json
286,gpt_5_1_codex,python,ZS,code_grounded_summary,400,1271,9b1e13d133d7abff36d4e654ac5302253c277d3f7e09911a4ae8dfab94950b42,,outputs/segregated_results/commercial-base/evaluation-and-correctness-may2026/commercial-new/gpt_5_1_codex_P1_zero_shot_python_400_v1_code_grounded_summary.json
286,gpt_5_1_codex,python,ZS,code_grounded_summary,400,1108,4c2c01b4b341fc7856e42ed072b5a3e75d4548a3f8b20cc1d252673f6e45e674,,outputs/segregated_results/commercial-base/evaluation-and-correctness-may2026/commercial-new/gpt_5_1_codex_P1_zero_shot_python_400_v1_summary.json
286,gpt_5_1_codex,python,ZS,code_grounded_summary,400,1275,c9b9189fdfd8712a4e2d27a1eac8810dc14900e8a7a56048c3f47d340ebbed8f,,outputs/segregated_results/commercial-base/evaluation-and-correctness-may2026/commercial-new/gpt_5_3_codex_P1_zero_shot_python_400_v1_code_grounded_summary.json
286,gpt_5_1_codex,python,ZS,code_grounded_summary,400,1110,ef32d699823818f2ca3b8ab93a6ce3b194cecd6e87e01550c3a70e80a7b8f3bb,,outputs/segregated_results/commercial-base/evaluation-and-correctness-may2026/commercial-new/gpt_5_3_codex_P1_zero_shot_python_400_v1_summary.json
286,gpt_5_1_codex,python,ZS,code_grounded_summary,400,1271,9b1e13d133d7abff36d4e654ac5302253c277d3f7e09911a4ae8dfab94950b42,,outputs/segregated_results/commercial-base/may2026/commercial-new/gpt_5_1_codex_P1_zero_shot_python_400_v1_code_grounded_summary.json
286,gpt_5_1_codex,python,ZS,code_grounded_summary,400,1275,c9b9189fdfd8712a4e2d27a1eac8810dc14900e8a7a56048c3f47d340ebbed8f,,outputs/segregated_results/commercial-base/may2026/commercial-new/gpt_5_3_codex_P1_zero_shot_python_400_v1_code_grounded_summary.json
287,gpt_5_1_codex,python,ZS,provider_response,400,682425,6cf388edd8e485eaf9e98c0ae6d72bb56a6cad621d506d674b4d68e515cd61ca,,outputs/responses/gpt_5_1_codex_P1_zero_shot_python_400_v1/raw_responses.jsonl
287,gpt_5_1_codex,python,ZS,provider_response,400,644,e3ee5d5541732d96d93dfa87b6065a4640cd905f94670a739bc10226bc1950d9,,outputs/responses/gpt_5_1_codex_P1_zero_shot_python_400_v1/state.json
287,gpt_5_1_codex,python,ZS,provider_response,400,641494,acb00487aae62328d2bb61af8ee9152aadf722846ce339a5d8b9d86c39ce69f2,,outputs/responses/gpt_5_3_codex_P1_zero_shot_python_400_v1/raw_responses.jsonl
287,gpt_5_1_codex,python,ZS,provider_response,400,644,9e0ce5976a434921d19cff0ffc3015ebba416ff1d33a29d0b5d73d1e70c2109d,,outputs/responses/gpt_5_3_codex_P1_zero_shot_python_400_v1/state.json
287,gpt_5_1_codex,python,ZS,provider_response,400,682425,6cf388edd8e485eaf9e98c0ae6d72bb56a6cad621d506d674b4d68e515cd61ca,,outputs/segregated_results/commercial-base/responses/gpt_5_1_codex_P1_zero_shot_python_400_v1/raw_responses.jsonl
287,gpt_5_1_codex,python,ZS,provider_response,400,644,e3ee5d5541732d96d93dfa87b6065a4640cd905f94670a739bc10226bc1950d9,,outputs/segregated_results/commercial-base/responses/gpt_5_1_codex_P1_zero_shot_python_400_v1/state.json
287,gpt_5_1_codex,python,ZS,provider_response,400,641494,acb00487aae62328d2bb61af8ee9152aadf722846ce339a5d8b9d86c39ce69f2,,outputs/segregated_results/commercial-base/responses/gpt_5_3_codex_P1_zero_shot_python_400_v1/raw_responses.jsonl
287,gpt_5_1_codex,python,ZS,provider_response,400,644,9e0ce5976a434921d19cff0ffc3015ebba416ff1d33a29d0b5d73d1e70c2109d,,outputs/segregated_results/commercial-base/responses/gpt_5_3_codex_P1_zero_shot_python_400_v1/state.json
288,gpt_5_1_codex,python,ZS,raw_generation,400,1794724,ac58f377da3d7121a2a71fc7568059078f1c0f38e46d775be9cd45042c21d486,,outputs/raw_generations/commercial-new/gpt_5_1_codex_P1_zero_shot_python_400_v1.jsonl
288,gpt_5_1_codex,python,ZS,raw_generation,400,1819457,e875b57bd645c087ab0a48565ac47aea6dadcc4b83da4b0d343a248c27b49b8a,,outputs/raw_generations/commercial-new/gpt_5_3_codex_P1_zero_shot_python_400_v1.jsonl
288,gpt_5_1_codex,python,ZS,raw_generation,50,24504,d81d2e6164a2bfeb8898d642044638006996acaf0731c8cb22e50151261a3321,,outputs/raw_generations/commercial_old/codex_cli_P1_zero_shot_python_50_v1.jsonl
288,gpt_5_1_codex,python,ZS,raw_generation,50,24018,9adcb6556e9e2657b62846de21155120cbbb94bf50e6cd7624844b845efe5cbd,,outputs/raw_generations/commercial_old/gpt54_codex_cli_P1_zero_shot_python_50_v1.jsonl
288,gpt_5_1_codex,python,ZS,raw_generation,400,1794724,ac58f377da3d7121a2a71fc7568059078f1c0f38e46d775be9cd45042c21d486,,outputs/raw_generations/gpt_5_1_codex_P1_zero_shot_python_400_v1.jsonl
288,gpt_5_1_codex,python,ZS,raw_generation,400,1819457,e875b57bd645c087ab0a48565ac47aea6dadcc4b83da4b0d343a248c27b49b8a,,outputs/raw_generations/gpt_5_3_codex_P1_zero_shot_python_400_v1.jsonl
289,qwen2_5_1_5b_instruct,java,FS,automatic_evaluation_detailed,400,352825,e226f94e1d934952c11473f602619d6b5b5227c294c47f5f4c060597b490035d,,outputs/evaluations/qwen25_1_5b_instruct_P1_few_shot_java_400_v1_eval.json_detailed.jsonl
289,qwen2_5_1_5b_instruct,java,FS,automatic_evaluation_detailed,400,352825,e226f94e1d934952c11473f602619d6b5b5227c294c47f5f4c060597b490035d,,outputs/segregated_results/open-source-base/eval/qwen25_1_5b_instruct_P1_few_shot_java_400_v1_eval.json_detailed.jsonl
290,qwen2_5_1_5b_instruct,java,FS,automatic_evaluation_summary,400,1090,ceb7ac8bc2c464e38dd190b4a4fd096117456df5b54449b64794b6087c6d01a1,,outputs/evaluations/qwen25_1_5b_instruct_P1_few_shot_java_400_v1_eval.json_summary.json
290,qwen2_5_1_5b_instruct,java,FS,automatic_evaluation_summary,400,1090,ceb7ac8bc2c464e38dd190b4a4fd096117456df5b54449b64794b6087c6d01a1,,outputs/segregated_results/open-source-base/eval/qwen25_1_5b_instruct_P1_few_shot_java_400_v1_eval.json_summary.json
291,qwen2_5_1_5b_instruct,java,FS,code_grounded_detailed,400,335652,ac377eec86cb9db8b897f7feb33428918e237659aad6a91efcfa7e66071c51eb,,outputs/correctness/qwen25_1_5b_instruct_P1_few_shot_java_400_v1_correctness_detailed.jsonl
291,qwen2_5_1_5b_instruct,java,FS,code_grounded_detailed,400,335652,ac377eec86cb9db8b897f7feb33428918e237659aad6a91efcfa7e66071c51eb,,outputs/evaluation-and-correctness-may2026/open-source/qwen25_1_5b_instruct_P1_few_shot_java_400_v1_code_grounded_detailed.jsonl
291,qwen2_5_1_5b_instruct,java,FS,code_grounded_detailed,400,352831,d4c6805c641a9d66a4f1d8961baf4d6d06cb0ad4944bddc77dede2acc01c14a0,,outputs/evaluation-and-correctness-may2026/open-source/qwen25_1_5b_instruct_P1_few_shot_java_400_v1_detailed.jsonl
291,qwen2_5_1_5b_instruct,java,FS,code_grounded_detailed,400,335652,ac377eec86cb9db8b897f7feb33428918e237659aad6a91efcfa7e66071c51eb,,outputs/segregated_results/open-source-base/correctness/qwen25_1_5b_instruct_P1_few_shot_java_400_v1_correctness_detailed.jsonl
291,qwen2_5_1_5b_instruct,java,FS,code_grounded_detailed,400,335652,ac377eec86cb9db8b897f7feb33428918e237659aad6a91efcfa7e66071c51eb,,outputs/segregated_results/open-source-base/may2026/open-source/qwen25_1_5b_instruct_P1_few_shot_java_400_v1_code_grounded_detailed.jsonl
292,qwen2_5_1_5b_instruct,java,FS,code_grounded_summary,400,1293,be0ccd2544f69c3d7c32ffd694e2ebdfb9eb61a02581d20bf5731784b7c99cd8,,outputs/correctness/qwen25_1_5b_instruct_P1_few_shot_java_400_v1_correctness_summary.json
292,qwen2_5_1_5b_instruct,java,FS,code_grounded_summary,400,1293,be0ccd2544f69c3d7c32ffd694e2ebdfb9eb61a02581d20bf5731784b7c99cd8,,outputs/evaluation-and-correctness-may2026/open-source/qwen25_1_5b_instruct_P1_few_shot_java_400_v1_code_grounded_summary.json
292,qwen2_5_1_5b_instruct,java,FS,code_grounded_summary,400,1090,15d97b59ed49aff0f1268048e731d27acea5854c769dac8e81f8f418d5792dc1,,outputs/evaluation-and-correctness-may2026/open-source/qwen25_1_5b_instruct_P1_few_shot_java_400_v1_summary.json
292,qwen2_5_1_5b_instruct,java,FS,code_grounded_summary,400,1293,be0ccd2544f69c3d7c32ffd694e2ebdfb9eb61a02581d20bf5731784b7c99cd8,,outputs/segregated_results/open-source-base/correctness/qwen25_1_5b_instruct_P1_few_shot_java_400_v1_correctness_summary.json
292,qwen2_5_1_5b_instruct,java,FS,code_grounded_summary,400,1293,be0ccd2544f69c3d7c32ffd694e2ebdfb9eb61a02581d20bf5731784b7c99cd8,,outputs/segregated_results/open-source-base/may2026/open-source/qwen25_1_5b_instruct_P1_few_shot_java_400_v1_code_grounded_summary.json
293,qwen2_5_1_5b_instruct,java,OS,automatic_evaluation_detailed,400,365408,949caa1fce7ad21332edb1f7a50ef0643caf7f054ef14aca6ffdba1a16177d92,,outputs/evaluations/qwen25_1_5b_instruct_P1_one_shot_java_400_v1_eval.json_detailed.jsonl
293,qwen2_5_1_5b_instruct,java,OS,automatic_evaluation_detailed,400,365408,949caa1fce7ad21332edb1f7a50ef0643caf7f054ef14aca6ffdba1a16177d92,,outputs/segregated_results/open-source-base/eval/qwen25_1_5b_instruct_P1_one_shot_java_400_v1_eval.json_detailed.jsonl
294,qwen2_5_1_5b_instruct,java,OS,automatic_evaluation_summary,400,1092,949d99652f6bf7424dc6e6ae96453d0c5dfac820c3075d6e44ddd4e20bc808c1,,outputs/evaluations/qwen25_1_5b_instruct_P1_one_shot_java_400_v1_eval.json_summary.json
294,qwen2_5_1_5b_instruct,java,OS,automatic_evaluation_summary,400,1092,949d99652f6bf7424dc6e6ae96453d0c5dfac820c3075d6e44ddd4e20bc808c1,,outputs/segregated_results/open-source-base/eval/qwen25_1_5b_instruct_P1_one_shot_java_400_v1_eval.json_summary.json
295,qwen2_5_1_5b_instruct,java,OS,code_grounded_detailed,400,347291,1139bab66e1aabc990b0dc5ebb3fbad51b090df6eb2ae97915dbcdf986c44993,,outputs/correctness/qwen25_1_5b_instruct_P1_one_shot_java_400_v1_correctness.json_detailed.jsonl
295,qwen2_5_1_5b_instruct,java,OS,code_grounded_detailed,400,347291,1139bab66e1aabc990b0dc5ebb3fbad51b090df6eb2ae97915dbcdf986c44993,,outputs/evaluation-and-correctness-may2026/open-source/qwen25_1_5b_instruct_P1_one_shot_java_400_v1_code_grounded_detailed.jsonl
295,qwen2_5_1_5b_instruct,java,OS,code_grounded_detailed,400,365416,38307f778185fa5d26c8d7fd99d9c8d0dcb55cdff78eef37ca0917ae9032d08f,,outputs/evaluation-and-correctness-may2026/open-source/qwen25_1_5b_instruct_P1_one_shot_java_400_v1_detailed.jsonl
295,qwen2_5_1_5b_instruct,java,OS,code_grounded_detailed,400,347291,1139bab66e1aabc990b0dc5ebb3fbad51b090df6eb2ae97915dbcdf986c44993,,outputs/segregated_results/open-source-base/correctness/qwen25_1_5b_instruct_P1_one_shot_java_400_v1_correctness.json_detailed.jsonl
295,qwen2_5_1_5b_instruct,java,OS,code_grounded_detailed,400,347291,1139bab66e1aabc990b0dc5ebb3fbad51b090df6eb2ae97915dbcdf986c44993,,outputs/segregated_results/open-source-base/may2026/open-source/qwen25_1_5b_instruct_P1_one_shot_java_400_v1_code_grounded_detailed.jsonl
296,qwen2_5_1_5b_instruct,java,OS,code_grounded_summary,400,1287,c576a28bed0088cdc6e7bd616ca91d208001cec335b0e25e065f0dfeadf332ad,,outputs/correctness/qwen25_1_5b_instruct_P1_one_shot_java_400_v1_correctness.json_summary.json
296,qwen2_5_1_5b_instruct,java,OS,code_grounded_summary,400,1299,13846b1433d20704a534c89bd2658668da09cbfb19a261a981a0214cb8e8cbe9,,outputs/evaluation-and-correctness-may2026/open-source/qwen25_1_5b_instruct_P1_one_shot_java_400_v1_code_grounded_summary.json
296,qwen2_5_1_5b_instruct,java,OS,code_grounded_summary,400,1104,7db58081a184755c70337b880cefa3877b9728a02c7911fe495a3a6770013670,,outputs/evaluation-and-correctness-may2026/open-source/qwen25_1_5b_instruct_P1_one_shot_java_400_v1_summary.json
296,qwen2_5_1_5b_instruct,java,OS,code_grounded_summary,400,1287,c576a28bed0088cdc6e7bd616ca91d208001cec335b0e25e065f0dfeadf332ad,,outputs/segregated_results/open-source-base/correctness/qwen25_1_5b_instruct_P1_one_shot_java_400_v1_correctness.json_summary.json
296,qwen2_5_1_5b_instruct,java,OS,code_grounded_summary,400,1299,13846b1433d20704a534c89bd2658668da09cbfb19a261a981a0214cb8e8cbe9,,outputs/segregated_results/open-source-base/may2026/open-source/qwen25_1_5b_instruct_P1_one_shot_java_400_v1_code_grounded_summary.json
297,qwen2_5_1_5b_instruct,java,OS,raw_generation,400,229403,60b2d45689f71d2cbe6bbcf0c8716e883284d2523502fab9b1314fae6131fc2b,,outputs/raw_generations/open-source/qwen25_1_5b_instruct_P1_one_shot_java_400_v1.jsonl
297,qwen2_5_1_5b_instruct,java,OS,raw_generation,400,229403,60b2d45689f71d2cbe6bbcf0c8716e883284d2523502fab9b1314fae6131fc2b,,outputs/raw_generations/qwen25_1_5b_instruct_P1_one_shot_java_400_v1.jsonl
298,qwen2_5_1_5b_instruct,java,ZS,automatic_evaluation_detailed,400,335890,a5378e6ab82f88915edceff035bc3a52d0cc97888d37ddc816af965c151977a7,,outputs/evaluations/qwen25_1_5b_instruct_P1_zero_shot_java_400_v1_eval.json_detailed.jsonl
298,qwen2_5_1_5b_instruct,java,ZS,automatic_evaluation_detailed,400,335890,a5378e6ab82f88915edceff035bc3a52d0cc97888d37ddc816af965c151977a7,,outputs/segregated_results/open-source-base/eval/qwen25_1_5b_instruct_P1_zero_shot_java_400_v1_eval.json_detailed.jsonl
299,qwen2_5_1_5b_instruct,java,ZS,automatic_evaluation_summary,400,1091,0790ba671df67c772441809eddfe9a2130f0b574c4b897f48bb372f841f01611,,outputs/evaluations/qwen25_1_5b_instruct_P1_zero_shot_java_400_v1_eval.json_summary.json
299,qwen2_5_1_5b_instruct,java,ZS,automatic_evaluation_summary,400,1091,0790ba671df67c772441809eddfe9a2130f0b574c4b897f48bb372f841f01611,,outputs/segregated_results/open-source-base/eval/qwen25_1_5b_instruct_P1_zero_shot_java_400_v1_eval.json_summary.json
300,qwen2_5_1_5b_instruct,java,ZS,code_grounded_detailed,400,319480,a5fa2f5b49c806306ae17c12f9a8862f99516af99fc58ea28c694b23a3c5f547,,outputs/correctness/qwen25_1_5b_instruct_P1_zero_shot_java_400_v1_correctness_detailed.jsonl
300,qwen2_5_1_5b_instruct,java,ZS,code_grounded_detailed,400,319480,a5fa2f5b49c806306ae17c12f9a8862f99516af99fc58ea28c694b23a3c5f547,,outputs/evaluation-and-correctness-may2026/open-source/qwen25_1_5b_instruct_P1_zero_shot_java_400_v1_code_grounded_detailed.jsonl
300,qwen2_5_1_5b_instruct,java,ZS,code_grounded_detailed,400,335882,62a4c661409ecdc2cbd9b1aba4fcd6e39e84a50a1a2970e29ea9c1fbf9256eb8,,outputs/evaluation-and-correctness-may2026/open-source/qwen25_1_5b_instruct_P1_zero_shot_java_400_v1_detailed.jsonl
300,qwen2_5_1_5b_instruct,java,ZS,code_grounded_detailed,400,319480,a5fa2f5b49c806306ae17c12f9a8862f99516af99fc58ea28c694b23a3c5f547,,outputs/segregated_results/open-source-base/correctness/qwen25_1_5b_instruct_P1_zero_shot_java_400_v1_correctness_detailed.jsonl
300,qwen2_5_1_5b_instruct,java,ZS,code_grounded_detailed,400,319480,a5fa2f5b49c806306ae17c12f9a8862f99516af99fc58ea28c694b23a3c5f547,,outputs/segregated_results/open-source-base/may2026/open-source/qwen25_1_5b_instruct_P1_zero_shot_java_400_v1_code_grounded_detailed.jsonl
301,qwen2_5_1_5b_instruct,java,ZS,code_grounded_summary,400,1300,a3d6138c2725f1c1059b9c1a6f64cd02f8e064f01c7c93b90dc6f09cde2df936,,outputs/correctness/qwen25_1_5b_instruct_P1_zero_shot_java_400_v1_correctness_summary.json
301,qwen2_5_1_5b_instruct,java,ZS,code_grounded_summary,400,1300,a3d6138c2725f1c1059b9c1a6f64cd02f8e064f01c7c93b90dc6f09cde2df936,,outputs/evaluation-and-correctness-may2026/open-source/qwen25_1_5b_instruct_P1_zero_shot_java_400_v1_code_grounded_summary.json
301,qwen2_5_1_5b_instruct,java,ZS,code_grounded_summary,400,1091,0d41ee9d2443f25defef0893ddf99b001b27377bacc48c6db9eea72b554aa2a4,,outputs/evaluation-and-correctness-may2026/open-source/qwen25_1_5b_instruct_P1_zero_shot_java_400_v1_summary.json
301,qwen2_5_1_5b_instruct,java,ZS,code_grounded_summary,400,1300,a3d6138c2725f1c1059b9c1a6f64cd02f8e064f01c7c93b90dc6f09cde2df936,,outputs/segregated_results/open-source-base/correctness/qwen25_1_5b_instruct_P1_zero_shot_java_400_v1_correctness_summary.json
301,qwen2_5_1_5b_instruct,java,ZS,code_grounded_summary,400,1300,a3d6138c2725f1c1059b9c1a6f64cd02f8e064f01c7c93b90dc6f09cde2df936,,outputs/segregated_results/open-source-base/may2026/open-source/qwen25_1_5b_instruct_P1_zero_shot_java_400_v1_code_grounded_summary.json
302,qwen2_5_1_5b_instruct,javascript,FS,automatic_evaluation_detailed,400,324162,d7a4328f0fdaf707689a294a66e47459d6479289d6e5d55964f4b63915a3829f,,outputs/evaluations/qwen25_1_5b_instruct_P1_few_shot_javascript_400_v1_eval.json_detailed.jsonl
302,qwen2_5_1_5b_instruct,javascript,FS,automatic_evaluation_detailed,400,324162,d7a4328f0fdaf707689a294a66e47459d6479289d6e5d55964f4b63915a3829f,,outputs/segregated_results/open-source-base/eval/qwen25_1_5b_instruct_P1_few_shot_javascript_400_v1_eval.json_detailed.jsonl
303,qwen2_5_1_5b_instruct,javascript,FS,automatic_evaluation_summary,400,1108,ad136fc0480d9d65991d26a002f22444f5866e0d6fe56a956c27e60a4415d91b,,outputs/evaluations/qwen25_1_5b_instruct_P1_few_shot_javascript_400_v1_eval.json_summary.json
303,qwen2_5_1_5b_instruct,javascript,FS,automatic_evaluation_summary,400,1108,ad136fc0480d9d65991d26a002f22444f5866e0d6fe56a956c27e60a4415d91b,,outputs/segregated_results/open-source-base/eval/qwen25_1_5b_instruct_P1_few_shot_javascript_400_v1_eval.json_summary.json
304,qwen2_5_1_5b_instruct,javascript,FS,code_grounded_detailed,400,314539,69932a1e04488f0c84d71962a15f228268434f3d0ec6701e452a6a34f13db293,,outputs/correctness/qwen25_1_5b_instruct_P1_few_shot_javascript_400_v1_correctness_detailed.jsonl
304,qwen2_5_1_5b_instruct,javascript,FS,code_grounded_detailed,400,314539,69932a1e04488f0c84d71962a15f228268434f3d0ec6701e452a6a34f13db293,,outputs/evaluation-and-correctness-may2026/open-source/qwen25_1_5b_instruct_P1_few_shot_javascript_400_v1_code_grounded_detailed.jsonl
304,qwen2_5_1_5b_instruct,javascript,FS,code_grounded_detailed,400,324161,69432bd46e0d3fbd1b6ca7b68b540d16b28ce4a56c7da2ee9d9159b19192d799,,outputs/evaluation-and-correctness-may2026/open-source/qwen25_1_5b_instruct_P1_few_shot_javascript_400_v1_detailed.jsonl
304,qwen2_5_1_5b_instruct,javascript,FS,code_grounded_detailed,400,314539,69932a1e04488f0c84d71962a15f228268434f3d0ec6701e452a6a34f13db293,,outputs/segregated_results/open-source-base/correctness/qwen25_1_5b_instruct_P1_few_shot_javascript_400_v1_correctness_detailed.jsonl
304,qwen2_5_1_5b_instruct,javascript,FS,code_grounded_detailed,400,314539,69932a1e04488f0c84d71962a15f228268434f3d0ec6701e452a6a34f13db293,,outputs/segregated_results/open-source-base/may2026/open-source/qwen25_1_5b_instruct_P1_few_shot_javascript_400_v1_code_grounded_detailed.jsonl
305,qwen2_5_1_5b_instruct,javascript,FS,code_grounded_summary,400,1309,81cb9c99dcfa7eb8f25cf3c91fe0438144385f7a26e8b94d9e57966c8e262309,,outputs/correctness/qwen25_1_5b_instruct_P1_few_shot_javascript_400_v1_correctness_summary.json
305,qwen2_5_1_5b_instruct,javascript,FS,code_grounded_summary,400,1309,81cb9c99dcfa7eb8f25cf3c91fe0438144385f7a26e8b94d9e57966c8e262309,,outputs/evaluation-and-correctness-may2026/open-source/qwen25_1_5b_instruct_P1_few_shot_javascript_400_v1_code_grounded_summary.json
305,qwen2_5_1_5b_instruct,javascript,FS,code_grounded_summary,400,1110,3bbc50ae7e6f4cc5d5767aac5a13194e743800745f4ef26eb84397b851243004,,outputs/evaluation-and-correctness-may2026/open-source/qwen25_1_5b_instruct_P1_few_shot_javascript_400_v1_summary.json
305,qwen2_5_1_5b_instruct,javascript,FS,code_grounded_summary,400,1309,81cb9c99dcfa7eb8f25cf3c91fe0438144385f7a26e8b94d9e57966c8e262309,,outputs/segregated_results/open-source-base/correctness/qwen25_1_5b_instruct_P1_few_shot_javascript_400_v1_correctness_summary.json
305,qwen2_5_1_5b_instruct,javascript,FS,code_grounded_summary,400,1309,81cb9c99dcfa7eb8f25cf3c91fe0438144385f7a26e8b94d9e57966c8e262309,,outputs/segregated_results/open-source-base/may2026/open-source/qwen25_1_5b_instruct_P1_few_shot_javascript_400_v1_code_grounded_summary.json
306,qwen2_5_1_5b_instruct,javascript,OS,automatic_evaluation_detailed,400,333802,d71a5598ba63386b4a6819fe8b200855130b6c278e6952fd7de83d8e027ba21c,,outputs/evaluations/qwen25_1_5b_instruct_P1_one_shot_javascript_400_v1_eval.json_detailed.jsonl
306,qwen2_5_1_5b_instruct,javascript,OS,automatic_evaluation_detailed,400,333802,d71a5598ba63386b4a6819fe8b200855130b6c278e6952fd7de83d8e027ba21c,,outputs/segregated_results/open-source-base/eval/qwen25_1_5b_instruct_P1_one_shot_javascript_400_v1_eval.json_detailed.jsonl
307,qwen2_5_1_5b_instruct,javascript,OS,automatic_evaluation_summary,400,1110,2e3123cc718fe79219a5c993755454dd2dc531296d428b8c20000eda15186868,,outputs/evaluations/qwen25_1_5b_instruct_P1_one_shot_javascript_400_v1_eval.json_summary.json
307,qwen2_5_1_5b_instruct,javascript,OS,automatic_evaluation_summary,400,1110,2e3123cc718fe79219a5c993755454dd2dc531296d428b8c20000eda15186868,,outputs/segregated_results/open-source-base/eval/qwen25_1_5b_instruct_P1_one_shot_javascript_400_v1_eval.json_summary.json
308,qwen2_5_1_5b_instruct,javascript,OS,code_grounded_detailed,400,323058,d8b1070c88a23676333e7a641d06e69521a00d8368d6f9c97a54089f5a8b6782,,outputs/correctness/qwen25_1_5b_instruct_P1_one_shot_javascript_400_v1_correctness.json_detailed.jsonl
308,qwen2_5_1_5b_instruct,javascript,OS,code_grounded_detailed,400,323058,d8b1070c88a23676333e7a641d06e69521a00d8368d6f9c97a54089f5a8b6782,,outputs/evaluation-and-correctness-may2026/open-source/qwen25_1_5b_instruct_P1_one_shot_javascript_400_v1_code_grounded_detailed.jsonl
308,qwen2_5_1_5b_instruct,javascript,OS,code_grounded_detailed,400,333805,ae43c8d41bba8177e1b4bd79178700a9a0068893a6b857efc6dbf55c048ae7ba,,outputs/evaluation-and-correctness-may2026/open-source/qwen25_1_5b_instruct_P1_one_shot_javascript_400_v1_detailed.jsonl
308,qwen2_5_1_5b_instruct,javascript,OS,code_grounded_detailed,400,323058,d8b1070c88a23676333e7a641d06e69521a00d8368d6f9c97a54089f5a8b6782,,outputs/segregated_results/open-source-base/correctness/qwen25_1_5b_instruct_P1_one_shot_javascript_400_v1_correctness.json_detailed.jsonl
308,qwen2_5_1_5b_instruct,javascript,OS,code_grounded_detailed,400,323058,d8b1070c88a23676333e7a641d06e69521a00d8368d6f9c97a54089f5a8b6782,,outputs/segregated_results/open-source-base/may2026/open-source/qwen25_1_5b_instruct_P1_one_shot_javascript_400_v1_code_grounded_detailed.jsonl
309,qwen2_5_1_5b_instruct,javascript,OS,code_grounded_summary,400,1311,e65f03d20b90c386d5b0ced4230d2379167f6278aa73888c32a1b639baacba80,,outputs/correctness/qwen25_1_5b_instruct_P1_one_shot_javascript_400_v1_correctness.json_summary.json
309,qwen2_5_1_5b_instruct,javascript,OS,code_grounded_summary,400,1323,3ba89883478772214a6ad056e39154271129c7a1e5e65f6f7c07dad2ab3c6828,,outputs/evaluation-and-correctness-may2026/open-source/qwen25_1_5b_instruct_P1_one_shot_javascript_400_v1_code_grounded_summary.json
309,qwen2_5_1_5b_instruct,javascript,OS,code_grounded_summary,400,1122,340af4a7f3b5af946de18745853a4120b7413d0058acde3bf256af8e29df5d29,,outputs/evaluation-and-correctness-may2026/open-source/qwen25_1_5b_instruct_P1_one_shot_javascript_400_v1_summary.json
309,qwen2_5_1_5b_instruct,javascript,OS,code_grounded_summary,400,1311,e65f03d20b90c386d5b0ced4230d2379167f6278aa73888c32a1b639baacba80,,outputs/segregated_results/open-source-base/correctness/qwen25_1_5b_instruct_P1_one_shot_javascript_400_v1_correctness.json_summary.json
309,qwen2_5_1_5b_instruct,javascript,OS,code_grounded_summary,400,1323,3ba89883478772214a6ad056e39154271129c7a1e5e65f6f7c07dad2ab3c6828,,outputs/segregated_results/open-source-base/may2026/open-source/qwen25_1_5b_instruct_P1_one_shot_javascript_400_v1_code_grounded_summary.json
310,qwen2_5_1_5b_instruct,javascript,OS,raw_generation,400,192151,83ac243ad196bf5203ae82b3abd06a241a748042b246798cce3db080cb94e7e4,,outputs/raw_generations/open-source/qwen25_1_5b_instruct_P1_one_shot_javascript_400_v1.jsonl
310,qwen2_5_1_5b_instruct,javascript,OS,raw_generation,400,192151,83ac243ad196bf5203ae82b3abd06a241a748042b246798cce3db080cb94e7e4,,outputs/raw_generations/qwen25_1_5b_instruct_P1_one_shot_javascript_400_v1.jsonl
311,qwen2_5_1_5b_instruct,javascript,ZS,automatic_evaluation_detailed,400,342503,49e3b92e2a9b06703593c7acf8c32f5af59fdeba55c5be2f8930daa5b970e913,,outputs/evaluations/qwen25_1_5b_instruct_P1_zero_shot_javascript_400_v1_eval.json_detailed.jsonl
311,qwen2_5_1_5b_instruct,javascript,ZS,automatic_evaluation_detailed,400,342503,49e3b92e2a9b06703593c7acf8c32f5af59fdeba55c5be2f8930daa5b970e913,,outputs/segregated_results/open-source-base/eval/qwen25_1_5b_instruct_P1_zero_shot_javascript_400_v1_eval.json_detailed.jsonl
312,qwen2_5_1_5b_instruct,javascript,ZS,automatic_evaluation_summary,400,1109,dc377fdf98af262709a038c3b9c10c2449c5edfa7af1f2925ed1d7e2c0c0e458,,outputs/evaluations/qwen25_1_5b_instruct_P1_zero_shot_javascript_400_v1_eval.json_summary.json
312,qwen2_5_1_5b_instruct,javascript,ZS,automatic_evaluation_summary,400,1109,dc377fdf98af262709a038c3b9c10c2449c5edfa7af1f2925ed1d7e2c0c0e458,,outputs/segregated_results/open-source-base/eval/qwen25_1_5b_instruct_P1_zero_shot_javascript_400_v1_eval.json_summary.json
313,qwen2_5_1_5b_instruct,javascript,ZS,code_grounded_detailed,400,331322,eb480e633fd1f3add76338136fababef911c1f2f2beaff8d19f2fcd7db186a1e,,outputs/correctness/qwen25_1_5b_instruct_P1_zero_shot_javascript_400_v1_correctness_detailed.jsonl
313,qwen2_5_1_5b_instruct,javascript,ZS,code_grounded_detailed,400,331322,eb480e633fd1f3add76338136fababef911c1f2f2beaff8d19f2fcd7db186a1e,,outputs/evaluation-and-correctness-may2026/open-source/qwen25_1_5b_instruct_P1_zero_shot_javascript_400_v1_code_grounded_detailed.jsonl
313,qwen2_5_1_5b_instruct,javascript,ZS,code_grounded_detailed,400,342504,8c741349bf2d9048c797a40c6a58c0caf647b126fbc38724bc340e2c0e443e0f,,outputs/evaluation-and-correctness-may2026/open-source/qwen25_1_5b_instruct_P1_zero_shot_javascript_400_v1_detailed.jsonl
313,qwen2_5_1_5b_instruct,javascript,ZS,code_grounded_detailed,400,331322,eb480e633fd1f3add76338136fababef911c1f2f2beaff8d19f2fcd7db186a1e,,outputs/segregated_results/open-source-base/correctness/qwen25_1_5b_instruct_P1_zero_shot_javascript_400_v1_correctness_detailed.jsonl
313,qwen2_5_1_5b_instruct,javascript,ZS,code_grounded_detailed,400,331322,eb480e633fd1f3add76338136fababef911c1f2f2beaff8d19f2fcd7db186a1e,,outputs/segregated_results/open-source-base/may2026/open-source/qwen25_1_5b_instruct_P1_zero_shot_javascript_400_v1_code_grounded_detailed.jsonl
314,qwen2_5_1_5b_instruct,javascript,ZS,code_grounded_summary,400,1316,b50304c2afdcbfc0355de23480931802ed029d98a4d2d11a207b5fd5326651bd,,outputs/correctness/qwen25_1_5b_instruct_P1_zero_shot_javascript_400_v1_correctness_summary.json
314,qwen2_5_1_5b_instruct,javascript,ZS,code_grounded_summary,400,1316,b50304c2afdcbfc0355de23480931802ed029d98a4d2d11a207b5fd5326651bd,,outputs/evaluation-and-correctness-may2026/open-source/qwen25_1_5b_instruct_P1_zero_shot_javascript_400_v1_code_grounded_summary.json
314,qwen2_5_1_5b_instruct,javascript,ZS,code_grounded_summary,400,1109,f689c852b8fe492f1c0e90b7ae849021cd81a34b0b84fa3517fa7e0f08d5371a,,outputs/evaluation-and-correctness-may2026/open-source/qwen25_1_5b_instruct_P1_zero_shot_javascript_400_v1_summary.json
314,qwen2_5_1_5b_instruct,javascript,ZS,code_grounded_summary,400,1316,b50304c2afdcbfc0355de23480931802ed029d98a4d2d11a207b5fd5326651bd,,outputs/segregated_results/open-source-base/correctness/qwen25_1_5b_instruct_P1_zero_shot_javascript_400_v1_correctness_summary.json
314,qwen2_5_1_5b_instruct,javascript,ZS,code_grounded_summary,400,1316,b50304c2afdcbfc0355de23480931802ed029d98a4d2d11a207b5fd5326651bd,,outputs/segregated_results/open-source-base/may2026/open-source/qwen25_1_5b_instruct_P1_zero_shot_javascript_400_v1_code_grounded_summary.json
315,qwen2_5_1_5b_instruct,python,FS,automatic_evaluation_detailed,300,261792,a2a9b8ff42706589e567db0bb466bd04994a94277c8255a504eea46d44319062,,outputs/evaluations/qwen25_1_5b_instruct_P1_few_shot_python_300_v1_detailed.jsonl
315,qwen2_5_1_5b_instruct,python,FS,automatic_evaluation_detailed,300,270216,4c2e67ddd8540f21f42dcf95f29586f6124c8f938b968b9ab84201a3fd42b774,,outputs/evaluations/qwen25_1_5b_instruct_P1_few_shot_python_300_v1_eval.json_detailed.jsonl
315,qwen2_5_1_5b_instruct,python,FS,automatic_evaluation_detailed,400,335866,59c3629bc9821d270b6b1cf5eb6fd3b839da57bf1d2ceb567fa4618f7f5d9263,,outputs/evaluations/qwen25_1_5b_instruct_P1_few_shot_python_400_v1_eval.json_detailed.jsonl
315,qwen2_5_1_5b_instruct,python,FS,automatic_evaluation_detailed,300,261792,a2a9b8ff42706589e567db0bb466bd04994a94277c8255a504eea46d44319062,,outputs/segregated_results/open-source-base/eval/qwen25_1_5b_instruct_P1_few_shot_python_300_v1_detailed.jsonl
315,qwen2_5_1_5b_instruct,python,FS,automatic_evaluation_detailed,300,270216,4c2e67ddd8540f21f42dcf95f29586f6124c8f938b968b9ab84201a3fd42b774,,outputs/segregated_results/open-source-base/eval/qwen25_1_5b_instruct_P1_few_shot_python_300_v1_eval.json_detailed.jsonl
315,qwen2_5_1_5b_instruct,python,FS,automatic_evaluation_detailed,400,335866,59c3629bc9821d270b6b1cf5eb6fd3b839da57bf1d2ceb567fa4618f7f5d9263,,outputs/segregated_results/open-source-base/eval/qwen25_1_5b_instruct_P1_few_shot_python_400_v1_eval.json_detailed.jsonl
316,qwen2_5_1_5b_instruct,python,FS,automatic_evaluation_summary,300,1112,a2d26f497c5ff1515be3d5503c9f73259d1e80e18a9ce241eb1acf7dd6d74497,,outputs/evaluations/qwen25_1_5b_instruct_P1_few_shot_python_300_v1_eval.json_summary.json
316,qwen2_5_1_5b_instruct,python,FS,automatic_evaluation_summary,300,1034,3b2024298c8c0f603fed74decb11e1f369ddd59fabcb540c986b1c5da7aeaa9b,,outputs/evaluations/qwen25_1_5b_instruct_P1_few_shot_python_300_v1_summary.json
316,qwen2_5_1_5b_instruct,python,FS,automatic_evaluation_summary,400,1100,0fb0cc36f35c59b879df4cfb26077f1d84a596608049e88171ffc88979851091,,outputs/evaluations/qwen25_1_5b_instruct_P1_few_shot_python_400_v1_eval.json_summary.json
316,qwen2_5_1_5b_instruct,python,FS,automatic_evaluation_summary,300,1112,a2d26f497c5ff1515be3d5503c9f73259d1e80e18a9ce241eb1acf7dd6d74497,,outputs/segregated_results/open-source-base/eval/qwen25_1_5b_instruct_P1_few_shot_python_300_v1_eval.json_summary.json
316,qwen2_5_1_5b_instruct,python,FS,automatic_evaluation_summary,300,1034,3b2024298c8c0f603fed74decb11e1f369ddd59fabcb540c986b1c5da7aeaa9b,,outputs/segregated_results/open-source-base/eval/qwen25_1_5b_instruct_P1_few_shot_python_300_v1_summary.json
316,qwen2_5_1_5b_instruct,python,FS,automatic_evaluation_summary,400,1100,0fb0cc36f35c59b879df4cfb26077f1d84a596608049e88171ffc88979851091,,outputs/segregated_results/open-source-base/eval/qwen25_1_5b_instruct_P1_few_shot_python_400_v1_eval.json_summary.json
317,qwen2_5_1_5b_instruct,python,FS,code_grounded_detailed,300,260784,9f8c09d1f06060b4291c6bfe3a6a82ae265a01ed047578987365220ca1763cc8,,outputs/correctness/qwen25_1_5b_instruct_P1_few_shot_python_300_v1_correctness.json_detailed.jsonl
317,qwen2_5_1_5b_instruct,python,FS,code_grounded_detailed,400,323162,a206170681fe2ce1dfce3ecfe93ecd398b25346e06312a795db7eadde8e24212,,outputs/correctness/qwen25_1_5b_instruct_P1_few_shot_python_400_v1_correctness_detailed.jsonl
317,qwen2_5_1_5b_instruct,python,FS,code_grounded_detailed,300,270211,17e859e664541de4e31a7cbd783bc1acdcd230d1fe0c23ab202c9e52869c7d48,,outputs/evaluation-and-correctness-may2026/open-source/qwen25_1_5b_instruct_P1_few_shot_python_300_v1_detailed.jsonl
317,qwen2_5_1_5b_instruct,python,FS,code_grounded_detailed,400,323162,a206170681fe2ce1dfce3ecfe93ecd398b25346e06312a795db7eadde8e24212,,outputs/evaluation-and-correctness-may2026/open-source/qwen25_1_5b_instruct_P1_few_shot_python_400_v1_code_grounded_detailed.jsonl
317,qwen2_5_1_5b_instruct,python,FS,code_grounded_detailed,400,335863,45db4d1f9e42559e6b2c897e51e090af64cb5bdde7fd14282d66f5299fe74f59,,outputs/evaluation-and-correctness-may2026/open-source/qwen25_1_5b_instruct_P1_few_shot_python_400_v1_detailed.jsonl
317,qwen2_5_1_5b_instruct,python,FS,code_grounded_detailed,300,260784,9f8c09d1f06060b4291c6bfe3a6a82ae265a01ed047578987365220ca1763cc8,,outputs/segregated_results/open-source-base/correctness/qwen25_1_5b_instruct_P1_few_shot_python_300_v1_correctness.json_detailed.jsonl
317,qwen2_5_1_5b_instruct,python,FS,code_grounded_detailed,400,323162,a206170681fe2ce1dfce3ecfe93ecd398b25346e06312a795db7eadde8e24212,,outputs/segregated_results/open-source-base/correctness/qwen25_1_5b_instruct_P1_few_shot_python_400_v1_correctness_detailed.jsonl
317,qwen2_5_1_5b_instruct,python,FS,code_grounded_detailed,400,323162,a206170681fe2ce1dfce3ecfe93ecd398b25346e06312a795db7eadde8e24212,,outputs/segregated_results/open-source-base/may2026/open-source/qwen25_1_5b_instruct_P1_few_shot_python_400_v1_code_grounded_detailed.jsonl
318,qwen2_5_1_5b_instruct,python,FS,code_grounded_summary,300,1289,10ab0ce719cb211277e4ac6d75a98edaa741e935b5c2bfff77af51d17bd505ec,,outputs/correctness/qwen25_1_5b_instruct_P1_few_shot_python_300_v1_correctness.json_summary.json
318,qwen2_5_1_5b_instruct,python,FS,code_grounded_summary,400,1273,3f67d3e8b496152e14471bfd7b7e8b272d3be5d2cba9d3a40a0b1dc8af4998b2,,outputs/correctness/qwen25_1_5b_instruct_P1_few_shot_python_400_v1_correctness_summary.json
318,qwen2_5_1_5b_instruct,python,FS,code_grounded_summary,300,1124,ba5d37e4de7aa1940250d2f9ccd63da983a412eede819608410f0f1865f64824,,outputs/evaluation-and-correctness-may2026/open-source/qwen25_1_5b_instruct_P1_few_shot_python_300_v1_summary.json
318,qwen2_5_1_5b_instruct,python,FS,code_grounded_summary,400,1273,3f67d3e8b496152e14471bfd7b7e8b272d3be5d2cba9d3a40a0b1dc8af4998b2,,outputs/evaluation-and-correctness-may2026/open-source/qwen25_1_5b_instruct_P1_few_shot_python_400_v1_code_grounded_summary.json
318,qwen2_5_1_5b_instruct,python,FS,code_grounded_summary,400,1100,b0b98723fa5ec3328bc68831842af9190c2f4fe488c9d29076b303db51f096c6,,outputs/evaluation-and-correctness-may2026/open-source/qwen25_1_5b_instruct_P1_few_shot_python_400_v1_summary.json
318,qwen2_5_1_5b_instruct,python,FS,code_grounded_summary,300,1289,10ab0ce719cb211277e4ac6d75a98edaa741e935b5c2bfff77af51d17bd505ec,,outputs/segregated_results/open-source-base/correctness/qwen25_1_5b_instruct_P1_few_shot_python_300_v1_correctness.json_summary.json
318,qwen2_5_1_5b_instruct,python,FS,code_grounded_summary,400,1273,3f67d3e8b496152e14471bfd7b7e8b272d3be5d2cba9d3a40a0b1dc8af4998b2,,outputs/segregated_results/open-source-base/correctness/qwen25_1_5b_instruct_P1_few_shot_python_400_v1_correctness_summary.json
318,qwen2_5_1_5b_instruct,python,FS,code_grounded_summary,400,1273,3f67d3e8b496152e14471bfd7b7e8b272d3be5d2cba9d3a40a0b1dc8af4998b2,,outputs/segregated_results/open-source-base/may2026/open-source/qwen25_1_5b_instruct_P1_few_shot_python_400_v1_code_grounded_summary.json
319,qwen2_5_1_5b_instruct,python,FS,raw_generation,300,165479,511eecd5cb724f04c8d7b6c19ad7a08145b4b9e152aff5500208e1cdbfba1382,,outputs/raw_generations/open-source/qwen25_1_5b_instruct_P1_few_shot_python_300_v1.jsonl
319,qwen2_5_1_5b_instruct,python,FS,raw_generation,300,165479,511eecd5cb724f04c8d7b6c19ad7a08145b4b9e152aff5500208e1cdbfba1382,,outputs/raw_generations/qwen25_1_5b_instruct_P1_few_shot_python_300_v1.jsonl
319,qwen2_5_1_5b_instruct,python,FS,raw_generation,400,279452,b23a93d34526f5377ebf9fc780cfa931399013e48ef2190271193eac43b720fd,,outputs/raw_generations/qwen25_1_5b_instruct_P1_few_shot_python_400_v1.jsonl
320,qwen2_5_1_5b_instruct,python,OS,automatic_evaluation_detailed,300,265635,0c0cac73bd44aa3d1a0449f2236b39a8f6c79c090cabfeaa24f1d5bce00120ae,,outputs/evaluations/qwen25_1_5b_instruct_P1_one_shot_python_300_v1_detailed.jsonl
320,qwen2_5_1_5b_instruct,python,OS,automatic_evaluation_detailed,300,274100,d03a33d5821500c5806da5f19edeff7cf1d3c0e00b80fab6a4bc315ebeb67d11,,outputs/evaluations/qwen25_1_5b_instruct_P1_one_shot_python_300_v1_eval.json_detailed.jsonl
320,qwen2_5_1_5b_instruct,python,OS,automatic_evaluation_detailed,400,354539,a162685ca463199425aa02c5def9bfebc75cb5e6a13a8cca280b815ae61b4aea,,outputs/evaluations/qwen25_1_5b_instruct_P1_one_shot_python_400_v1_eval.json_detailed.jsonl
320,qwen2_5_1_5b_instruct,python,OS,automatic_evaluation_detailed,300,265635,0c0cac73bd44aa3d1a0449f2236b39a8f6c79c090cabfeaa24f1d5bce00120ae,,outputs/segregated_results/open-source-base/eval/qwen25_1_5b_instruct_P1_one_shot_python_300_v1_detailed.jsonl
320,qwen2_5_1_5b_instruct,python,OS,automatic_evaluation_detailed,300,274100,d03a33d5821500c5806da5f19edeff7cf1d3c0e00b80fab6a4bc315ebeb67d11,,outputs/segregated_results/open-source-base/eval/qwen25_1_5b_instruct_P1_one_shot_python_300_v1_eval.json_detailed.jsonl
320,qwen2_5_1_5b_instruct,python,OS,automatic_evaluation_detailed,400,354539,a162685ca463199425aa02c5def9bfebc75cb5e6a13a8cca280b815ae61b4aea,,outputs/segregated_results/open-source-base/eval/qwen25_1_5b_instruct_P1_one_shot_python_400_v1_eval.json_detailed.jsonl
321,qwen2_5_1_5b_instruct,python,OS,automatic_evaluation_summary,300,1138,843a4d5ced7a9c2dc3ed5de92c90613fee7dce03124083aa1b3b70d3d1d61bed,,outputs/evaluations/qwen25_1_5b_instruct_P1_one_shot_python_300_v1_eval.json_summary.json
321,qwen2_5_1_5b_instruct,python,OS,automatic_evaluation_summary,300,1062,f3649dee43caf67a84fa7a071bb0794a7023ac6110fb7316aa33371d732ba623,,outputs/evaluations/qwen25_1_5b_instruct_P1_one_shot_python_300_v1_summary.json
321,qwen2_5_1_5b_instruct,python,OS,automatic_evaluation_summary,400,1102,ea16fc47348d9994ccd930a4a817a126dcda0113310dd95945ddfca115ce3e77,,outputs/evaluations/qwen25_1_5b_instruct_P1_one_shot_python_400_v1_eval.json_summary.json
321,qwen2_5_1_5b_instruct,python,OS,automatic_evaluation_summary,300,1138,843a4d5ced7a9c2dc3ed5de92c90613fee7dce03124083aa1b3b70d3d1d61bed,,outputs/segregated_results/open-source-base/eval/qwen25_1_5b_instruct_P1_one_shot_python_300_v1_eval.json_summary.json
321,qwen2_5_1_5b_instruct,python,OS,automatic_evaluation_summary,300,1062,f3649dee43caf67a84fa7a071bb0794a7023ac6110fb7316aa33371d732ba623,,outputs/segregated_results/open-source-base/eval/qwen25_1_5b_instruct_P1_one_shot_python_300_v1_summary.json
321,qwen2_5_1_5b_instruct,python,OS,automatic_evaluation_summary,400,1102,ea16fc47348d9994ccd930a4a817a126dcda0113310dd95945ddfca115ce3e77,,outputs/segregated_results/open-source-base/eval/qwen25_1_5b_instruct_P1_one_shot_python_400_v1_eval.json_summary.json
322,qwen2_5_1_5b_instruct,python,OS,code_grounded_detailed,300,264072,0bf413d37d3b7d214be04793d909c9ef756cf2047d3fb4fcc0ba2367f1dd841e,,outputs/correctness/qwen25_1_5b_instruct_P1_one_shot_python_300_v1_correctness.json_detailed.jsonl
322,qwen2_5_1_5b_instruct,python,OS,code_grounded_detailed,400,343556,283d861cd71b2a99957f65a57bfa754ecf9869db46ca249a7a0c7bfd63841004,,outputs/correctness/qwen25_1_5b_instruct_P1_one_shot_python_400_v1_correctness.json_detailed.jsonl
322,qwen2_5_1_5b_instruct,python,OS,code_grounded_detailed,300,274098,d8ecb6b1d0abf848acf59634f315fbea7e5b274a7035a6e35c1eb744ae4f352b,,outputs/evaluation-and-correctness-may2026/open-source/qwen25_1_5b_instruct_P1_one_shot_python_300_v1_detailed.jsonl
322,qwen2_5_1_5b_instruct,python,OS,code_grounded_detailed,400,319334,0994c4d6c3d385367e6c50bdb09b4b6fabb3182041745f6e848b618aa30757b0,,outputs/evaluation-and-correctness-may2026/open-source/qwen25_1_5b_instruct_P1_one_shot_python_400_v1_code_grounded_detailed.jsonl
322,qwen2_5_1_5b_instruct,python,OS,code_grounded_detailed,400,332044,f409e174ee68657ee88e17ef8f7d8aabbb4df602574de91975cf796e34f53987,,outputs/evaluation-and-correctness-may2026/open-source/qwen25_1_5b_instruct_P1_one_shot_python_400_v1_detailed.jsonl
322,qwen2_5_1_5b_instruct,python,OS,code_grounded_detailed,300,264072,0bf413d37d3b7d214be04793d909c9ef756cf2047d3fb4fcc0ba2367f1dd841e,,outputs/segregated_results/open-source-base/correctness/qwen25_1_5b_instruct_P1_one_shot_python_300_v1_correctness.json_detailed.jsonl
322,qwen2_5_1_5b_instruct,python,OS,code_grounded_detailed,400,343556,283d861cd71b2a99957f65a57bfa754ecf9869db46ca249a7a0c7bfd63841004,,outputs/segregated_results/open-source-base/correctness/qwen25_1_5b_instruct_P1_one_shot_python_400_v1_correctness.json_detailed.jsonl
322,qwen2_5_1_5b_instruct,python,OS,code_grounded_detailed,400,319334,0994c4d6c3d385367e6c50bdb09b4b6fabb3182041745f6e848b618aa30757b0,,outputs/segregated_results/open-source-base/may2026/open-source/qwen25_1_5b_instruct_P1_one_shot_python_400_v1_code_grounded_detailed.jsonl
323,qwen2_5_1_5b_instruct,python,OS,code_grounded_summary,300,1317,19107e10c8cfb7a6adb8df418ea5279ecd5b5485b658ad57856dd225ed9b44d6,,outputs/correctness/qwen25_1_5b_instruct_P1_one_shot_python_300_v1_correctness.json_summary.json
323,qwen2_5_1_5b_instruct,python,OS,code_grounded_summary,400,1277,7c07ac3eb3b77febfc9386605150b3b1d610016cc26d81abc0943f47c9b09235,,outputs/correctness/qwen25_1_5b_instruct_P1_one_shot_python_400_v1_correctness.json_summary.json
323,qwen2_5_1_5b_instruct,python,OS,code_grounded_summary,300,1148,2f6edc85c4f335f5bcf8c9a4686ab9bb5d3490fefe911328e7cf66ebcbecbee0,,outputs/evaluation-and-correctness-may2026/open-source/qwen25_1_5b_instruct_P1_one_shot_python_300_v1_summary.json
323,qwen2_5_1_5b_instruct,python,OS,code_grounded_summary,400,1293,d3daf52dd652129de4055334e36432bd4df49c32c73c4cb4231eeb5be3d17f5c,,outputs/evaluation-and-correctness-may2026/open-source/qwen25_1_5b_instruct_P1_one_shot_python_400_v1_code_grounded_summary.json
323,qwen2_5_1_5b_instruct,python,OS,code_grounded_summary,400,1112,9392f4a6b0d8b78fc8d69ad49bd2711341605464b2eec466fc861d1b9737fb64,,outputs/evaluation-and-correctness-may2026/open-source/qwen25_1_5b_instruct_P1_one_shot_python_400_v1_summary.json
323,qwen2_5_1_5b_instruct,python,OS,code_grounded_summary,300,1317,19107e10c8cfb7a6adb8df418ea5279ecd5b5485b658ad57856dd225ed9b44d6,,outputs/segregated_results/open-source-base/correctness/qwen25_1_5b_instruct_P1_one_shot_python_300_v1_correctness.json_summary.json
323,qwen2_5_1_5b_instruct,python,OS,code_grounded_summary,400,1277,7c07ac3eb3b77febfc9386605150b3b1d610016cc26d81abc0943f47c9b09235,,outputs/segregated_results/open-source-base/correctness/qwen25_1_5b_instruct_P1_one_shot_python_400_v1_correctness.json_summary.json
323,qwen2_5_1_5b_instruct,python,OS,code_grounded_summary,400,1293,d3daf52dd652129de4055334e36432bd4df49c32c73c4cb4231eeb5be3d17f5c,,outputs/segregated_results/open-source-base/may2026/open-source/qwen25_1_5b_instruct_P1_one_shot_python_400_v1_code_grounded_summary.json
324,qwen2_5_1_5b_instruct,python,OS,raw_generation,300,168772,085f8db5759c7280cb686b704d36cef45e007981beae496822a99e165a8cee3f,,outputs/raw_generations/open-source/qwen25_1_5b_instruct_P1_one_shot_python_300_v1.jsonl
324,qwen2_5_1_5b_instruct,python,OS,raw_generation,400,271990,46df16d96337dfcb2bf92b050718df0f457289ac9863d3fecf433d74972452ff,,outputs/raw_generations/open-source/qwen25_1_5b_instruct_P1_one_shot_python_400_v1.jsonl
324,qwen2_5_1_5b_instruct,python,OS,raw_generation,300,168772,085f8db5759c7280cb686b704d36cef45e007981beae496822a99e165a8cee3f,,outputs/raw_generations/qwen25_1_5b_instruct_P1_one_shot_python_300_v1.jsonl
324,qwen2_5_1_5b_instruct,python,OS,raw_generation,400,271990,46df16d96337dfcb2bf92b050718df0f457289ac9863d3fecf433d74972452ff,,outputs/raw_generations/qwen25_1_5b_instruct_P1_one_shot_python_400_v1.jsonl
325,qwen2_5_1_5b_instruct,python,ZS,automatic_evaluation_detailed,300,282050,969738726d55fb66d5e44dd02d2bafe526125baa087ba3825c9db1a8db14f5be,,outputs/evaluations/qwen25_1_5b_instruct_P1_zero_shot_python_300_ZS_v3_detailed.jsonl
325,qwen2_5_1_5b_instruct,python,ZS,automatic_evaluation_detailed,300,290468,220a6d3b02fc285d78d490b0b94eafc88b49456d10e5daf3ab96febfe880ea6b,,outputs/evaluations/qwen25_1_5b_instruct_P1_zero_shot_python_300_ZS_v3_eval.json_detailed.jsonl
325,qwen2_5_1_5b_instruct,python,ZS,automatic_evaluation_detailed,400,332768,667516dc4a45fc190e85d66ec8584e381f42779c16ecb8c0724d9d52ade21892,,outputs/evaluations/qwen25_1_5b_instruct_P1_zero_shot_python_400_v1_eval.json_detailed.jsonl
325,qwen2_5_1_5b_instruct,python,ZS,automatic_evaluation_detailed,300,282050,969738726d55fb66d5e44dd02d2bafe526125baa087ba3825c9db1a8db14f5be,,outputs/segregated_results/open-source-base/eval/qwen25_1_5b_instruct_P1_zero_shot_python_300_ZS_v3_detailed.jsonl
325,qwen2_5_1_5b_instruct,python,ZS,automatic_evaluation_detailed,300,290468,220a6d3b02fc285d78d490b0b94eafc88b49456d10e5daf3ab96febfe880ea6b,,outputs/segregated_results/open-source-base/eval/qwen25_1_5b_instruct_P1_zero_shot_python_300_ZS_v3_eval.json_detailed.jsonl
325,qwen2_5_1_5b_instruct,python,ZS,automatic_evaluation_detailed,400,332768,667516dc4a45fc190e85d66ec8584e381f42779c16ecb8c0724d9d52ade21892,,outputs/segregated_results/open-source-base/eval/qwen25_1_5b_instruct_P1_zero_shot_python_400_v1_eval.json_detailed.jsonl
326,qwen2_5_1_5b_instruct,python,ZS,automatic_evaluation_summary,300,1124,4612fc399e7e8b10d371aac7bf006cae2bba06966eb69b7490888a7620e862c6,,outputs/evaluations/qwen25_1_5b_instruct_P1_zero_shot_python_300_ZS_v3_eval.json_summary.json
326,qwen2_5_1_5b_instruct,python,ZS,automatic_evaluation_summary,300,1044,317c4aef6c64706b694587720e1a035d81e57d9d71b67f2a8661904adf87b904,,outputs/evaluations/qwen25_1_5b_instruct_P1_zero_shot_python_300_ZS_v3_summary.json
326,qwen2_5_1_5b_instruct,python,ZS,automatic_evaluation_summary,400,1103,66ccfac879f81686222f700ffb2f6a3b0f8d87992aef3a901293fb35a30426f3,,outputs/evaluations/qwen25_1_5b_instruct_P1_zero_shot_python_400_v1_eval.json_summary.json
326,qwen2_5_1_5b_instruct,python,ZS,automatic_evaluation_summary,300,1124,4612fc399e7e8b10d371aac7bf006cae2bba06966eb69b7490888a7620e862c6,,outputs/segregated_results/open-source-base/eval/qwen25_1_5b_instruct_P1_zero_shot_python_300_ZS_v3_eval.json_summary.json
326,qwen2_5_1_5b_instruct,python,ZS,automatic_evaluation_summary,300,1044,317c4aef6c64706b694587720e1a035d81e57d9d71b67f2a8661904adf87b904,,outputs/segregated_results/open-source-base/eval/qwen25_1_5b_instruct_P1_zero_shot_python_300_ZS_v3_summary.json
326,qwen2_5_1_5b_instruct,python,ZS,automatic_evaluation_summary,400,1103,66ccfac879f81686222f700ffb2f6a3b0f8d87992aef3a901293fb35a30426f3,,outputs/segregated_results/open-source-base/eval/qwen25_1_5b_instruct_P1_zero_shot_python_400_v1_eval.json_summary.json
327,qwen2_5_1_5b_instruct,python,ZS,code_grounded_detailed,300,280087,41e287ec7466c99e982b8ca154f40783031aa0df9bb528fe0693d36c8b3bffe5,,outputs/correctness/qwen25_1_5b_instruct_P1_zero_shot_python_300_ZS_v3_correctness.json_detailed.jsonl
327,qwen2_5_1_5b_instruct,python,ZS,code_grounded_detailed,400,320465,c075ef9df0930052e1c9b9dc15456cf4a188495299210ca6e18cf31c4525d5ca,,outputs/correctness/qwen25_1_5b_instruct_P1_zero_shot_python_400_v1_correctness_detailed.jsonl
327,qwen2_5_1_5b_instruct,python,ZS,code_grounded_detailed,300,290475,34ae172770c052c04eb78746f59a03edd5d63f9eceb5929d823b943a2937146e,,outputs/evaluation-and-correctness-may2026/open-source/qwen25_1_5b_instruct_P1_zero_shot_python_300_ZS_v3_detailed.jsonl
327,qwen2_5_1_5b_instruct,python,ZS,code_grounded_detailed,400,320465,c075ef9df0930052e1c9b9dc15456cf4a188495299210ca6e18cf31c4525d5ca,,outputs/evaluation-and-correctness-may2026/open-source/qwen25_1_5b_instruct_P1_zero_shot_python_400_v1_code_grounded_detailed.jsonl
327,qwen2_5_1_5b_instruct,python,ZS,code_grounded_detailed,400,332762,85eb544627c1fc5e94023bb5c2075dc99a443ab73384b7c7c34de312186ee597,,outputs/evaluation-and-correctness-may2026/open-source/qwen25_1_5b_instruct_P1_zero_shot_python_400_v1_detailed.jsonl
327,qwen2_5_1_5b_instruct,python,ZS,code_grounded_detailed,300,280087,41e287ec7466c99e982b8ca154f40783031aa0df9bb528fe0693d36c8b3bffe5,,outputs/segregated_results/open-source-base/correctness/qwen25_1_5b_instruct_P1_zero_shot_python_300_ZS_v3_correctness.json_detailed.jsonl
327,qwen2_5_1_5b_instruct,python,ZS,code_grounded_detailed,400,320465,c075ef9df0930052e1c9b9dc15456cf4a188495299210ca6e18cf31c4525d5ca,,outputs/segregated_results/open-source-base/correctness/qwen25_1_5b_instruct_P1_zero_shot_python_400_v1_correctness_detailed.jsonl
327,qwen2_5_1_5b_instruct,python,ZS,code_grounded_detailed,400,320465,c075ef9df0930052e1c9b9dc15456cf4a188495299210ca6e18cf31c4525d5ca,,outputs/segregated_results/open-source-base/may2026/open-source/qwen25_1_5b_instruct_P1_zero_shot_python_400_v1_code_grounded_detailed.jsonl
328,qwen2_5_1_5b_instruct,python,ZS,code_grounded_summary,300,1297,3d0905d5fd0f36f2c2eb3fdeb05af55a1589a7a4cfca615e738249370f73a118,,outputs/correctness/qwen25_1_5b_instruct_P1_zero_shot_python_300_ZS_v3_correctness.json_summary.json
328,qwen2_5_1_5b_instruct,python,ZS,code_grounded_summary,400,1280,a107e40bfa65b5d4566ad9a645d76503bf090ba358df6e462c640fdffa287adc,,outputs/correctness/qwen25_1_5b_instruct_P1_zero_shot_python_400_v1_correctness_summary.json
328,qwen2_5_1_5b_instruct,python,ZS,code_grounded_summary,300,1136,d3ba29d99d7cb2262236425f34eb1669f869ee2c5d7db0efb77041a3169e54e9,,outputs/evaluation-and-correctness-may2026/open-source/qwen25_1_5b_instruct_P1_zero_shot_python_300_ZS_v3_summary.json
328,qwen2_5_1_5b_instruct,python,ZS,code_grounded_summary,400,1280,a107e40bfa65b5d4566ad9a645d76503bf090ba358df6e462c640fdffa287adc,,outputs/evaluation-and-correctness-may2026/open-source/qwen25_1_5b_instruct_P1_zero_shot_python_400_v1_code_grounded_summary.json
328,qwen2_5_1_5b_instruct,python,ZS,code_grounded_summary,400,1103,bc93b473489bfc9a102906ae1a4a7dd2bdcca3e8a45ca0976eded8170ed54d7e,,outputs/evaluation-and-correctness-may2026/open-source/qwen25_1_5b_instruct_P1_zero_shot_python_400_v1_summary.json
328,qwen2_5_1_5b_instruct,python,ZS,code_grounded_summary,300,1297,3d0905d5fd0f36f2c2eb3fdeb05af55a1589a7a4cfca615e738249370f73a118,,outputs/segregated_results/open-source-base/correctness/qwen25_1_5b_instruct_P1_zero_shot_python_300_ZS_v3_correctness.json_summary.json
328,qwen2_5_1_5b_instruct,python,ZS,code_grounded_summary,400,1280,a107e40bfa65b5d4566ad9a645d76503bf090ba358df6e462c640fdffa287adc,,outputs/segregated_results/open-source-base/correctness/qwen25_1_5b_instruct_P1_zero_shot_python_400_v1_correctness_summary.json
328,qwen2_5_1_5b_instruct,python,ZS,code_grounded_summary,400,1280,a107e40bfa65b5d4566ad9a645d76503bf090ba358df6e462c640fdffa287adc,,outputs/segregated_results/open-source-base/may2026/open-source/qwen25_1_5b_instruct_P1_zero_shot_python_400_v1_code_grounded_summary.json
329,qwen2_5_1_5b_instruct,python,ZS,raw_generation,300,184748,df4e85447e55ed721b56a8d5e721a9e57b031f4840241f570294fb86a171711a,,outputs/raw_generations/open-source/qwen25_1_5b_instruct_P1_zero_shot_python_300_ZS_v3.jsonl
329,qwen2_5_1_5b_instruct,python,ZS,raw_generation,300,184748,df4e85447e55ed721b56a8d5e721a9e57b031f4840241f570294fb86a171711a,,outputs/raw_generations/qwen25_1_5b_instruct_P1_zero_shot_python_300_ZS_v3.jsonl
329,qwen2_5_1_5b_instruct,python,ZS,raw_generation,400,273757,e452ebac590faa83a7463cf76b024992cda5ef31e515de563d54a6460d9da7a0,,outputs/raw_generations/qwen25_1_5b_instruct_P1_zero_shot_python_400_v1.jsonl
330,qwen2_5_1_5b_instruct_lora,java,FS,code_grounded_detailed,400,339348,65be89fbfb1fd3f7ac79ace5ad895ccf0a101aceab5b0b32480e6488e3870ac9,,outputs/correctness/qwen25_1_5b_instruct_lora_multilang_P1_few_shot_java_400_v1_correctness_detailed.jsonl
330,qwen2_5_1_5b_instruct_lora,java,FS,code_grounded_detailed,400,338948,dc470c833a7ad98c302ce5f931e1bc5b2e151bc87d6d2fda39f6f30d3e6472d8,,outputs/evaluation-and-correctness-may2026/open-source-fine-tuned/qwen25_1_5b_instruct_lora_multilang/qwen25_1_5b_instruct_lora_multilang_P1_few_shot_java_400_v1_code_grounded_detailed.jsonl
330,qwen2_5_1_5b_instruct_lora,java,FS,code_grounded_detailed,400,356066,8368019733109c4b13149aa53e401e8fa291a68258d75ec7a29574b1632f41ea,,outputs/evaluation-and-correctness-may2026/open-source-fine-tuned/qwen25_1_5b_instruct_lora_multilang/qwen25_1_5b_instruct_lora_multilang_P1_few_shot_java_400_v1_detailed.jsonl
330,qwen2_5_1_5b_instruct_lora,java,FS,code_grounded_detailed,400,339348,65be89fbfb1fd3f7ac79ace5ad895ccf0a101aceab5b0b32480e6488e3870ac9,,outputs/segregated_results/open-source-lora/correctness/qwen25_1_5b_instruct_lora_multilang_P1_few_shot_java_400_v1_correctness_detailed.jsonl
331,qwen2_5_1_5b_instruct_lora,java,FS,code_grounded_summary,400,1594,ef816a385339af1b7fd186f79652b461b222a4e511795bb80e070c449b145ece,,outputs/correctness/qwen25_1_5b_instruct_lora_multilang_P1_few_shot_java_400_v1_correctness_summary.json
331,qwen2_5_1_5b_instruct_lora,java,FS,code_grounded_summary,400,1380,4043e703414122c1eafd77e3e6220dec7ce7b28dec754e41a86ce4f82a5962e0,,outputs/evaluation-and-correctness-may2026/open-source-fine-tuned/qwen25_1_5b_instruct_lora_multilang/qwen25_1_5b_instruct_lora_multilang_P1_few_shot_java_400_v1_code_grounded_summary.json
331,qwen2_5_1_5b_instruct_lora,java,FS,code_grounded_summary,400,1185,c00838ff7b0ac47bba6e7bbe64063a5e81a126fd3d83cf262aed6183be135d7a,,outputs/evaluation-and-correctness-may2026/open-source-fine-tuned/qwen25_1_5b_instruct_lora_multilang/qwen25_1_5b_instruct_lora_multilang_P1_few_shot_java_400_v1_summary.json
331,qwen2_5_1_5b_instruct_lora,java,FS,code_grounded_summary,400,1594,ef816a385339af1b7fd186f79652b461b222a4e511795bb80e070c449b145ece,,outputs/segregated_results/open-source-lora/correctness/qwen25_1_5b_instruct_lora_multilang_P1_few_shot_java_400_v1_correctness_summary.json
332,qwen2_5_1_5b_instruct_lora,java,OS,code_grounded_detailed,400,340074,342faa9c2482ff461f696bdec63ab20d7a713d38b762dd8b0b0769a5bf4bbe2c,,outputs/correctness/qwen25_1_5b_instruct_lora_multilang_P1_one_shot_java_400_v1_correctness_detailed.jsonl
332,qwen2_5_1_5b_instruct_lora,java,OS,code_grounded_detailed,400,339674,d51ffc41b697e8ea16801707f6ffa9d99e3c453f1ea5e205004f8ff993c9ed5a,,outputs/evaluation-and-correctness-may2026/open-source-fine-tuned/qwen25_1_5b_instruct_lora_multilang/qwen25_1_5b_instruct_lora_multilang_P1_one_shot_java_400_v1_code_grounded_detailed.jsonl
332,qwen2_5_1_5b_instruct_lora,java,OS,code_grounded_detailed,400,355842,cb98ea49e59f36bd35f8c496dfe7b4e1f15a2c19571a0d33c7deef5e02852bf0,,outputs/evaluation-and-correctness-may2026/open-source-fine-tuned/qwen25_1_5b_instruct_lora_multilang/qwen25_1_5b_instruct_lora_multilang_P1_one_shot_java_400_v1_detailed.jsonl
332,qwen2_5_1_5b_instruct_lora,java,OS,code_grounded_detailed,400,340074,342faa9c2482ff461f696bdec63ab20d7a713d38b762dd8b0b0769a5bf4bbe2c,,outputs/segregated_results/open-source-lora/correctness/qwen25_1_5b_instruct_lora_multilang_P1_one_shot_java_400_v1_correctness_detailed.jsonl
333,qwen2_5_1_5b_instruct_lora,java,OS,code_grounded_summary,400,1596,92e4daa4309c93a74a7537938aa69550b3e230e1cee7c76c491d4646690a5cda,,outputs/correctness/qwen25_1_5b_instruct_lora_multilang_P1_one_shot_java_400_v1_correctness_summary.json
333,qwen2_5_1_5b_instruct_lora,java,OS,code_grounded_summary,400,1382,1fee83239fda58f591712eeaab01bf5098c51b9e864038d70ad14da910e9d648,,outputs/evaluation-and-correctness-may2026/open-source-fine-tuned/qwen25_1_5b_instruct_lora_multilang/qwen25_1_5b_instruct_lora_multilang_P1_one_shot_java_400_v1_code_grounded_summary.json
333,qwen2_5_1_5b_instruct_lora,java,OS,code_grounded_summary,400,1185,5ae9f18dc249843a7e4bf2e1a45bf652bc616335af0f41624bf83d9cb0cd6011,,outputs/evaluation-and-correctness-may2026/open-source-fine-tuned/qwen25_1_5b_instruct_lora_multilang/qwen25_1_5b_instruct_lora_multilang_P1_one_shot_java_400_v1_summary.json
333,qwen2_5_1_5b_instruct_lora,java,OS,code_grounded_summary,400,1596,92e4daa4309c93a74a7537938aa69550b3e230e1cee7c76c491d4646690a5cda,,outputs/segregated_results/open-source-lora/correctness/qwen25_1_5b_instruct_lora_multilang_P1_one_shot_java_400_v1_correctness_summary.json
334,qwen2_5_1_5b_instruct_lora,java,ZS,code_grounded_detailed,400,351183,c4f5a8ddfea5c512b855a6b8c41a8d82fdce993bf26b763e83b1460f05acef6f,,outputs/correctness/qwen25_1_5b_instruct_lora_multilang_P1_zero_shot_java_400_v1_correctness_detailed.jsonl
334,qwen2_5_1_5b_instruct_lora,java,ZS,code_grounded_detailed,400,350783,bd12b623361a066691b6c4abb3f9b8f5adfbc0b3cc2fe3990c5937b510acade5,,outputs/evaluation-and-correctness-may2026/open-source-fine-tuned/qwen25_1_5b_instruct_lora_multilang/qwen25_1_5b_instruct_lora_multilang_P1_zero_shot_java_400_v1_code_grounded_detailed.jsonl
334,qwen2_5_1_5b_instruct_lora,java,ZS,code_grounded_detailed,400,366979,4a19d4a254fabbbf81c190738734e32b8823735bd20a961f2d1dc70c45c4c4f9,,outputs/evaluation-and-correctness-may2026/open-source-fine-tuned/qwen25_1_5b_instruct_lora_multilang/qwen25_1_5b_instruct_lora_multilang_P1_zero_shot_java_400_v1_detailed.jsonl
334,qwen2_5_1_5b_instruct_lora,java,ZS,code_grounded_detailed,400,351183,c4f5a8ddfea5c512b855a6b8c41a8d82fdce993bf26b763e83b1460f05acef6f,,outputs/segregated_results/open-source-lora/correctness/qwen25_1_5b_instruct_lora_multilang_P1_zero_shot_java_400_v1_correctness_detailed.jsonl
335,qwen2_5_1_5b_instruct_lora,java,ZS,code_grounded_summary,400,1599,600e6a3b16ca05ba83f6c7db326afd879be3bda8fb7318d7359c90c52551be32,,outputs/correctness/qwen25_1_5b_instruct_lora_multilang_P1_zero_shot_java_400_v1_correctness_summary.json
335,qwen2_5_1_5b_instruct_lora,java,ZS,code_grounded_summary,400,1385,8cda12d2842cfaf6ebdfc46a36df32df1704fdc2ae4bc73f979fddf3307dd2c1,,outputs/evaluation-and-correctness-may2026/open-source-fine-tuned/qwen25_1_5b_instruct_lora_multilang/qwen25_1_5b_instruct_lora_multilang_P1_zero_shot_java_400_v1_code_grounded_summary.json
335,qwen2_5_1_5b_instruct_lora,java,ZS,code_grounded_summary,400,1182,0a66eab2edfb798307e8d41ea730cae1d727233cbaa8df628e6d01867bacd674,,outputs/evaluation-and-correctness-may2026/open-source-fine-tuned/qwen25_1_5b_instruct_lora_multilang/qwen25_1_5b_instruct_lora_multilang_P1_zero_shot_java_400_v1_summary.json
335,qwen2_5_1_5b_instruct_lora,java,ZS,code_grounded_summary,400,1599,600e6a3b16ca05ba83f6c7db326afd879be3bda8fb7318d7359c90c52551be32,,outputs/segregated_results/open-source-lora/correctness/qwen25_1_5b_instruct_lora_multilang_P1_zero_shot_java_400_v1_correctness_summary.json
336,qwen2_5_1_5b_instruct_lora,javascript,FS,automatic_evaluation_detailed,400,345590,6ed1e662b5feeeee658f68ae00aa1c1c44a43e79c386d78553f3dedd469243bb,,outputs/evaluations/qwen25_1_5b_instruct_lora_multilang_P1_few_shot_javascript_400_v1_eval.json_detailed.jsonl
336,qwen2_5_1_5b_instruct_lora,javascript,FS,automatic_evaluation_detailed,400,345590,6ed1e662b5feeeee658f68ae00aa1c1c44a43e79c386d78553f3dedd469243bb,,outputs/segregated_results/open-source-lora/eval/qwen25_1_5b_instruct_lora_multilang_P1_few_shot_javascript_400_v1_eval.json_detailed.jsonl
337,qwen2_5_1_5b_instruct_lora,javascript,FS,automatic_evaluation_summary,400,1310,43cf27dbd28a83f11319a3e0e46bfde1937472ef75ad915f03507b5d353bcf9a,,outputs/evaluations/qwen25_1_5b_instruct_lora_multilang_P1_few_shot_javascript_400_v1_eval.json_summary.json
337,qwen2_5_1_5b_instruct_lora,javascript,FS,automatic_evaluation_summary,400,1310,43cf27dbd28a83f11319a3e0e46bfde1937472ef75ad915f03507b5d353bcf9a,,outputs/segregated_results/open-source-lora/eval/qwen25_1_5b_instruct_lora_multilang_P1_few_shot_javascript_400_v1_eval.json_summary.json
338,qwen2_5_1_5b_instruct_lora,javascript,FS,code_grounded_detailed,400,334400,6c3cd6c4d37da4d00b9cd087ff859fdc0b355bf5f90cae88cffdc7e3424d1cd0,,outputs/correctness/qwen25_1_5b_instruct_lora_multilang_P1_few_shot_javascript_400_v1_correctness_detailed.jsonl
338,qwen2_5_1_5b_instruct_lora,javascript,FS,code_grounded_detailed,400,334000,3c2c15b6726db3347d80515d2fec78a0e7ee04ce25f99b4dbf4085fe82b9eb9c,,outputs/evaluation-and-correctness-may2026/open-source-fine-tuned/qwen25_1_5b_instruct_lora_multilang/qwen25_1_5b_instruct_lora_multilang_P1_few_shot_javascript_400_v1_code_grounded_detailed.jsonl
338,qwen2_5_1_5b_instruct_lora,javascript,FS,code_grounded_detailed,400,345204,5ffb33eb6980f3e3bf628046d2cf63dedfef7978b28485db0d4f2c1db001f098,,outputs/evaluation-and-correctness-may2026/open-source-fine-tuned/qwen25_1_5b_instruct_lora_multilang/qwen25_1_5b_instruct_lora_multilang_P1_few_shot_javascript_400_v1_detailed.jsonl
338,qwen2_5_1_5b_instruct_lora,javascript,FS,code_grounded_detailed,400,334400,6c3cd6c4d37da4d00b9cd087ff859fdc0b355bf5f90cae88cffdc7e3424d1cd0,,outputs/segregated_results/open-source-lora/correctness/qwen25_1_5b_instruct_lora_multilang_P1_few_shot_javascript_400_v1_correctness_detailed.jsonl
339,qwen2_5_1_5b_instruct_lora,javascript,FS,code_grounded_summary,400,1614,af83f1c4b4f2865ba54778eff7163940e741be45080eb455c45f030e6ed8c72f,,outputs/correctness/qwen25_1_5b_instruct_lora_multilang_P1_few_shot_javascript_400_v1_correctness_summary.json
339,qwen2_5_1_5b_instruct_lora,javascript,FS,code_grounded_summary,400,1400,ad48af8b61fc07938885bde00c64c6c247e2e9091c49d38611b618600143c5d2,,outputs/evaluation-and-correctness-may2026/open-source-fine-tuned/qwen25_1_5b_instruct_lora_multilang/qwen25_1_5b_instruct_lora_multilang_P1_few_shot_javascript_400_v1_code_grounded_summary.json
339,qwen2_5_1_5b_instruct_lora,javascript,FS,code_grounded_summary,400,1189,9666349955bdf0cbdce8b57517f84495660eb993d2aa2601d1f0286931941c16,,outputs/evaluation-and-correctness-may2026/open-source-fine-tuned/qwen25_1_5b_instruct_lora_multilang/qwen25_1_5b_instruct_lora_multilang_P1_few_shot_javascript_400_v1_summary.json
339,qwen2_5_1_5b_instruct_lora,javascript,FS,code_grounded_summary,400,1614,af83f1c4b4f2865ba54778eff7163940e741be45080eb455c45f030e6ed8c72f,,outputs/segregated_results/open-source-lora/correctness/qwen25_1_5b_instruct_lora_multilang_P1_few_shot_javascript_400_v1_correctness_summary.json
340,qwen2_5_1_5b_instruct_lora,javascript,OS,automatic_evaluation_detailed,400,356685,eabec7b336befcf9dd7aca4e5df8ea87392797c19f2920c11e18167df63a1b3e,,outputs/evaluations/qwen25_1_5b_instruct_lora_multilang_P1_one_shot_javascript_400_v1_eval.json_detailed.jsonl
340,qwen2_5_1_5b_instruct_lora,javascript,OS,automatic_evaluation_detailed,400,356685,eabec7b336befcf9dd7aca4e5df8ea87392797c19f2920c11e18167df63a1b3e,,outputs/segregated_results/open-source-lora/eval/qwen25_1_5b_instruct_lora_multilang_P1_one_shot_javascript_400_v1_eval.json_detailed.jsonl
341,qwen2_5_1_5b_instruct_lora,javascript,OS,automatic_evaluation_summary,400,1314,77185f7eb3a69c72f4ea0725962f3a52d0d89dd4d502485e958038d35bc0851e,,outputs/evaluations/qwen25_1_5b_instruct_lora_multilang_P1_one_shot_javascript_400_v1_eval.json_summary.json
341,qwen2_5_1_5b_instruct_lora,javascript,OS,automatic_evaluation_summary,400,1314,77185f7eb3a69c72f4ea0725962f3a52d0d89dd4d502485e958038d35bc0851e,,outputs/segregated_results/open-source-lora/eval/qwen25_1_5b_instruct_lora_multilang_P1_one_shot_javascript_400_v1_eval.json_summary.json
342,qwen2_5_1_5b_instruct_lora,javascript,OS,code_grounded_detailed,400,344581,c908934de47fd5a5b186e0c68acadbb966525a04991ca506dae2fe8be469ad8a,,outputs/correctness/qwen25_1_5b_instruct_lora_multilang_P1_one_shot_javascript_400_v1_correctness_detailed.jsonl
342,qwen2_5_1_5b_instruct_lora,javascript,OS,code_grounded_detailed,400,344181,d85e39f6072bcbc44c7f3ce1b56abf62679fe714f3e27f25c2ff4230085889b5,,outputs/evaluation-and-correctness-may2026/open-source-fine-tuned/qwen25_1_5b_instruct_lora_multilang/qwen25_1_5b_instruct_lora_multilang_P1_one_shot_javascript_400_v1_code_grounded_detailed.jsonl
342,qwen2_5_1_5b_instruct_lora,javascript,OS,code_grounded_detailed,400,356269,4327d653642ad3561a8bef9bfdf5eccdc938bc175e87bf67fefe75e3855cfeae,,outputs/evaluation-and-correctness-may2026/open-source-fine-tuned/qwen25_1_5b_instruct_lora_multilang/qwen25_1_5b_instruct_lora_multilang_P1_one_shot_javascript_400_v1_detailed.jsonl
342,qwen2_5_1_5b_instruct_lora,javascript,OS,code_grounded_detailed,400,344581,c908934de47fd5a5b186e0c68acadbb966525a04991ca506dae2fe8be469ad8a,,outputs/segregated_results/open-source-lora/correctness/qwen25_1_5b_instruct_lora_multilang_P1_one_shot_javascript_400_v1_correctness_detailed.jsonl
343,qwen2_5_1_5b_instruct_lora,javascript,OS,code_grounded_summary,400,1610,3ea2ed7287af992ce81dd4a52260fc07dae5d145b06746f522509eb1363c0dc0,,outputs/correctness/qwen25_1_5b_instruct_lora_multilang_P1_one_shot_javascript_400_v1_correctness_summary.json
343,qwen2_5_1_5b_instruct_lora,javascript,OS,code_grounded_summary,400,1396,fd286191cf87edf851bce34123e39f0f76be6c04700d67aa37ff9255467dbfe8,,outputs/evaluation-and-correctness-may2026/open-source-fine-tuned/qwen25_1_5b_instruct_lora_multilang/qwen25_1_5b_instruct_lora_multilang_P1_one_shot_javascript_400_v1_code_grounded_summary.json
343,qwen2_5_1_5b_instruct_lora,javascript,OS,code_grounded_summary,400,1193,749d4f490afc41045589d471c9c051c1bb6f9936685344876e4eb5eb71ae20c8,,outputs/evaluation-and-correctness-may2026/open-source-fine-tuned/qwen25_1_5b_instruct_lora_multilang/qwen25_1_5b_instruct_lora_multilang_P1_one_shot_javascript_400_v1_summary.json
343,qwen2_5_1_5b_instruct_lora,javascript,OS,code_grounded_summary,400,1610,3ea2ed7287af992ce81dd4a52260fc07dae5d145b06746f522509eb1363c0dc0,,outputs/segregated_results/open-source-lora/correctness/qwen25_1_5b_instruct_lora_multilang_P1_one_shot_javascript_400_v1_correctness_summary.json
344,qwen2_5_1_5b_instruct_lora,javascript,ZS,automatic_evaluation_detailed,400,376488,182977b11544749712791efd3aefb6f761f08e21b0018da2059b0e76d01b4ec3,,outputs/evaluations/qwen25_1_5b_instruct_lora_multilang_P1_zero_shot_javascript_400_v1_eval.json_detailed.jsonl
344,qwen2_5_1_5b_instruct_lora,javascript,ZS,automatic_evaluation_detailed,400,376488,182977b11544749712791efd3aefb6f761f08e21b0018da2059b0e76d01b4ec3,,outputs/segregated_results/open-source-lora/eval/qwen25_1_5b_instruct_lora_multilang_P1_zero_shot_javascript_400_v1_eval.json_detailed.jsonl
345,qwen2_5_1_5b_instruct_lora,javascript,ZS,automatic_evaluation_summary,400,1321,d172571a4352cff5f8a48cf2f79aec01b633e1402e9385ca534277c976e45d2b,,outputs/evaluations/qwen25_1_5b_instruct_lora_multilang_P1_zero_shot_javascript_400_v1_eval.json_summary.json
345,qwen2_5_1_5b_instruct_lora,javascript,ZS,automatic_evaluation_summary,400,1321,d172571a4352cff5f8a48cf2f79aec01b633e1402e9385ca534277c976e45d2b,,outputs/segregated_results/open-source-lora/eval/qwen25_1_5b_instruct_lora_multilang_P1_zero_shot_javascript_400_v1_eval.json_summary.json
346,qwen2_5_1_5b_instruct_lora,javascript,ZS,code_grounded_detailed,400,363069,163a08e3ea528b74f71bb26ef3f23c5922b7e534f6d7d1705a2d809f91cadac2,,outputs/correctness/qwen25_1_5b_instruct_lora_multilang_P1_zero_shot_javascript_400_v1_correctness_detailed.jsonl
346,qwen2_5_1_5b_instruct_lora,javascript,ZS,code_grounded_detailed,400,362669,1cd3212701b7584e9873f5d9f72488526cd0cd2017fb09aabdba093007425f85,,outputs/evaluation-and-correctness-may2026/open-source-fine-tuned/qwen25_1_5b_instruct_lora_multilang/qwen25_1_5b_instruct_lora_multilang_P1_zero_shot_javascript_400_v1_code_grounded_detailed.jsonl
346,qwen2_5_1_5b_instruct_lora,javascript,ZS,code_grounded_detailed,400,376096,06d9121fa36cb7ff6feb818c48cb54dd8d8e47c537a59d5c7e5796749e504204,,outputs/evaluation-and-correctness-may2026/open-source-fine-tuned/qwen25_1_5b_instruct_lora_multilang/qwen25_1_5b_instruct_lora_multilang_P1_zero_shot_javascript_400_v1_detailed.jsonl
346,qwen2_5_1_5b_instruct_lora,javascript,ZS,code_grounded_detailed,400,363069,163a08e3ea528b74f71bb26ef3f23c5922b7e534f6d7d1705a2d809f91cadac2,,outputs/segregated_results/open-source-lora/correctness/qwen25_1_5b_instruct_lora_multilang_P1_zero_shot_javascript_400_v1_correctness_detailed.jsonl
347,qwen2_5_1_5b_instruct_lora,javascript,ZS,code_grounded_summary,400,1613,d9ad8a34144d4f4243a71acaaf37d305148fafc3668e6ce778e4f3325bfc5372,,outputs/correctness/qwen25_1_5b_instruct_lora_multilang_P1_zero_shot_javascript_400_v1_correctness_summary.json
347,qwen2_5_1_5b_instruct_lora,javascript,ZS,code_grounded_summary,400,1399,7b01aefb30d06fcc21ffd344d3d273a9c61f71423a9f6fb00554fe03275d3700,,outputs/evaluation-and-correctness-may2026/open-source-fine-tuned/qwen25_1_5b_instruct_lora_multilang/qwen25_1_5b_instruct_lora_multilang_P1_zero_shot_javascript_400_v1_code_grounded_summary.json
347,qwen2_5_1_5b_instruct_lora,javascript,ZS,code_grounded_summary,400,1200,aec4a2bc1e256d825f6211f099fdf471e5395438bbaa9164a656d3b399b28eab,,outputs/evaluation-and-correctness-may2026/open-source-fine-tuned/qwen25_1_5b_instruct_lora_multilang/qwen25_1_5b_instruct_lora_multilang_P1_zero_shot_javascript_400_v1_summary.json
347,qwen2_5_1_5b_instruct_lora,javascript,ZS,code_grounded_summary,400,1613,d9ad8a34144d4f4243a71acaaf37d305148fafc3668e6ce778e4f3325bfc5372,,outputs/segregated_results/open-source-lora/correctness/qwen25_1_5b_instruct_lora_multilang_P1_zero_shot_javascript_400_v1_correctness_summary.json
348,qwen2_5_1_5b_instruct_lora,python,FS,code_grounded_detailed,400,335797,96f9ce5aa86f7fda1f36d77d069b6c29fb34cade4f956a9d58bbaf43d2337a08,,outputs/correctness/qwen25_1_5b_instruct_lora_multilang_P1_few_shot_python_400_v1_correctness_detailed.jsonl
348,qwen2_5_1_5b_instruct_lora,python,FS,code_grounded_detailed,400,335397,e3391f5e14d3a1997d7c74a91923b22cc4fcd31fd0dcb97899c8d500bf73f9da,,outputs/evaluation-and-correctness-may2026/open-source-fine-tuned/qwen25_1_5b_instruct_lora_multilang/qwen25_1_5b_instruct_lora_multilang_P1_few_shot_python_400_v1_code_grounded_detailed.jsonl
348,qwen2_5_1_5b_instruct_lora,python,FS,code_grounded_detailed,400,348643,2b55ebb58bce0e265ba71497c01a4e06df766fd49f482ba04a76ebd71477487d,,outputs/evaluation-and-correctness-may2026/open-source-fine-tuned/qwen25_1_5b_instruct_lora_multilang/qwen25_1_5b_instruct_lora_multilang_P1_few_shot_python_400_v1_detailed.jsonl
348,qwen2_5_1_5b_instruct_lora,python,FS,code_grounded_detailed,400,335797,96f9ce5aa86f7fda1f36d77d069b6c29fb34cade4f956a9d58bbaf43d2337a08,,outputs/segregated_results/open-source-lora/correctness/qwen25_1_5b_instruct_lora_multilang_P1_few_shot_python_400_v1_correctness_detailed.jsonl
349,qwen2_5_1_5b_instruct_lora,python,FS,code_grounded_summary,400,1584,9fdb956cc8851a04fffc40cfbecdef8b4026ab2e8b4d2e8c2d715aa610a17e6d,,outputs/correctness/qwen25_1_5b_instruct_lora_multilang_P1_few_shot_python_400_v1_correctness_summary.json
349,qwen2_5_1_5b_instruct_lora,python,FS,code_grounded_summary,400,1370,fd8440e65f5b9d8459e018d8ed900993f5d3689a9d3dd8e0b66c13b29fd142b5,,outputs/evaluation-and-correctness-may2026/open-source-fine-tuned/qwen25_1_5b_instruct_lora_multilang/qwen25_1_5b_instruct_lora_multilang_P1_few_shot_python_400_v1_code_grounded_summary.json
349,qwen2_5_1_5b_instruct_lora,python,FS,code_grounded_summary,400,1193,f5ed90a3dd3f67709a201771b85884c898e25298e1fa8bc4e000f09ddac0cd19,,outputs/evaluation-and-correctness-may2026/open-source-fine-tuned/qwen25_1_5b_instruct_lora_multilang/qwen25_1_5b_instruct_lora_multilang_P1_few_shot_python_400_v1_summary.json
349,qwen2_5_1_5b_instruct_lora,python,FS,code_grounded_summary,400,1584,9fdb956cc8851a04fffc40cfbecdef8b4026ab2e8b4d2e8c2d715aa610a17e6d,,outputs/segregated_results/open-source-lora/correctness/qwen25_1_5b_instruct_lora_multilang_P1_few_shot_python_400_v1_correctness_summary.json
350,qwen2_5_1_5b_instruct_lora,python,OS,code_grounded_detailed,400,336961,e1669edd9b5b62d61d7bc9e3e41309e360dd4d06a68f61bd90512f3100e0377e,,outputs/correctness/qwen25_1_5b_instruct_lora_multilang_P1_one_shot_python_400_v1_correctness_detailed.jsonl
350,qwen2_5_1_5b_instruct_lora,python,OS,code_grounded_detailed,400,336561,1f281e2f045657c978b6b546fb4c9be509f7da2d14cb7a9b95f3e9f0697aff89,,outputs/evaluation-and-correctness-may2026/open-source-fine-tuned/qwen25_1_5b_instruct_lora_multilang/qwen25_1_5b_instruct_lora_multilang_P1_one_shot_python_400_v1_code_grounded_detailed.jsonl
350,qwen2_5_1_5b_instruct_lora,python,OS,code_grounded_detailed,400,349690,c793106f7987cf972bd250f077e5f3b44b6459eecac84082a560ce0bd19ff289,,outputs/evaluation-and-correctness-may2026/open-source-fine-tuned/qwen25_1_5b_instruct_lora_multilang/qwen25_1_5b_instruct_lora_multilang_P1_one_shot_python_400_v1_detailed.jsonl
350,qwen2_5_1_5b_instruct_lora,python,OS,code_grounded_detailed,400,336961,e1669edd9b5b62d61d7bc9e3e41309e360dd4d06a68f61bd90512f3100e0377e,,outputs/segregated_results/open-source-lora/correctness/qwen25_1_5b_instruct_lora_multilang_P1_one_shot_python_400_v1_correctness_detailed.jsonl
351,qwen2_5_1_5b_instruct_lora,python,OS,code_grounded_summary,400,1578,ace8d0b18c2a8b17c4da7241cbc301aead601b4cd024360cd1c43f07d23b7a83,,outputs/correctness/qwen25_1_5b_instruct_lora_multilang_P1_one_shot_python_400_v1_correctness_summary.json
351,qwen2_5_1_5b_instruct_lora,python,OS,code_grounded_summary,400,1364,00e90762fa47edf213cb4ce22e9ceb41056e3605b8cdc3437cfc4d21e1105415,,outputs/evaluation-and-correctness-may2026/open-source-fine-tuned/qwen25_1_5b_instruct_lora_multilang/qwen25_1_5b_instruct_lora_multilang_P1_one_shot_python_400_v1_code_grounded_summary.json
351,qwen2_5_1_5b_instruct_lora,python,OS,code_grounded_summary,400,1193,050b2f44a8ffa6d42a421e42527d8ff9fa0e47ab08106e98fd7112a8e2d1e527,,outputs/evaluation-and-correctness-may2026/open-source-fine-tuned/qwen25_1_5b_instruct_lora_multilang/qwen25_1_5b_instruct_lora_multilang_P1_one_shot_python_400_v1_summary.json
351,qwen2_5_1_5b_instruct_lora,python,OS,code_grounded_summary,400,1578,ace8d0b18c2a8b17c4da7241cbc301aead601b4cd024360cd1c43f07d23b7a83,,outputs/segregated_results/open-source-lora/correctness/qwen25_1_5b_instruct_lora_multilang_P1_one_shot_python_400_v1_correctness_summary.json
352,qwen2_5_1_5b_instruct_lora,python,ZS,code_grounded_detailed,400,340513,e1edac367886adbc29c9ae6c715e6aa077eef18a92197b72dc71e550f46e38e5,,outputs/correctness/qwen25_1_5b_instruct_lora_multilang_P1_zero_shot_python_400_v1_correctness_detailed.jsonl
352,qwen2_5_1_5b_instruct_lora,python,ZS,code_grounded_detailed,400,340113,cf2ace38d6f25b7b22a9ddbc2fd150cd70ba749205272a376318073cc27ea43d,,outputs/evaluation-and-correctness-may2026/open-source-fine-tuned/qwen25_1_5b_instruct_lora_multilang/qwen25_1_5b_instruct_lora_multilang_P1_zero_shot_python_400_v1_code_grounded_detailed.jsonl
352,qwen2_5_1_5b_instruct_lora,python,ZS,code_grounded_detailed,400,352107,5914ad0a6f6e6665725971598b10088dd085615305d3f1e6013fe10000c12ea5,,outputs/evaluation-and-correctness-may2026/open-source-fine-tuned/qwen25_1_5b_instruct_lora_multilang/qwen25_1_5b_instruct_lora_multilang_P1_zero_shot_python_400_v1_detailed.jsonl
352,qwen2_5_1_5b_instruct_lora,python,ZS,code_grounded_detailed,400,340513,e1edac367886adbc29c9ae6c715e6aa077eef18a92197b72dc71e550f46e38e5,,outputs/segregated_results/open-source-lora/correctness/qwen25_1_5b_instruct_lora_multilang_P1_zero_shot_python_400_v1_correctness_detailed.jsonl
353,qwen2_5_1_5b_instruct_lora,python,ZS,code_grounded_summary,400,1581,8b157f7e443229340306c73c8fb2d82a66cc1b5e015947c78df510583c242187,,outputs/correctness/qwen25_1_5b_instruct_lora_multilang_P1_zero_shot_python_400_v1_correctness_summary.json
353,qwen2_5_1_5b_instruct_lora,python,ZS,code_grounded_summary,400,1367,a2416bfa54e96bfa9ef412c43a6a183a81ee06afb0b699988d0d88964542eaa7,,outputs/evaluation-and-correctness-may2026/open-source-fine-tuned/qwen25_1_5b_instruct_lora_multilang/qwen25_1_5b_instruct_lora_multilang_P1_zero_shot_python_400_v1_code_grounded_summary.json
353,qwen2_5_1_5b_instruct_lora,python,ZS,code_grounded_summary,400,1190,4fddec22e3c1d6e08825bee9c5d430ec95471ed3a7c580e7acb7a0cc80479f1b,,outputs/evaluation-and-correctness-may2026/open-source-fine-tuned/qwen25_1_5b_instruct_lora_multilang/qwen25_1_5b_instruct_lora_multilang_P1_zero_shot_python_400_v1_summary.json
353,qwen2_5_1_5b_instruct_lora,python,ZS,code_grounded_summary,400,1581,8b157f7e443229340306c73c8fb2d82a66cc1b5e015947c78df510583c242187,,outputs/segregated_results/open-source-lora/correctness/qwen25_1_5b_instruct_lora_multilang_P1_zero_shot_python_400_v1_correctness_summary.json
354,qwen2_5_coder_1_5b_instruct,java,FS,automatic_evaluation_detailed,400,409777,6e73c68b3a0a001b604de2508cb2723462e20f3a306e4cdcce04f8b6c560f490,,outputs/evaluations/qwen25_coder_1_5b_instruct_P1_few_shot_java_400_v1_eval.json_detailed.jsonl
354,qwen2_5_coder_1_5b_instruct,java,FS,automatic_evaluation_detailed,400,409777,6e73c68b3a0a001b604de2508cb2723462e20f3a306e4cdcce04f8b6c560f490,,outputs/segregated_results/open-source-base/eval/qwen25_coder_1_5b_instruct_P1_few_shot_java_400_v1_eval.json_detailed.jsonl
355,qwen2_5_coder_1_5b_instruct,java,FS,automatic_evaluation_summary,400,1102,4aa61fa57dab35ef29f2a59530cd743408144e5323202fc3e14e981dcdc67f0c,,outputs/evaluations/qwen25_coder_1_5b_instruct_P1_few_shot_java_400_v1_eval.json_summary.json
355,qwen2_5_coder_1_5b_instruct,java,FS,automatic_evaluation_summary,400,1102,4aa61fa57dab35ef29f2a59530cd743408144e5323202fc3e14e981dcdc67f0c,,outputs/segregated_results/open-source-base/eval/qwen25_coder_1_5b_instruct_P1_few_shot_java_400_v1_eval.json_summary.json
356,qwen2_5_coder_1_5b_instruct,java,FS,code_grounded_detailed,400,338019,6b8f393aa42a6ff0df997ee027e7556b07dd9526c6e06c99550584c03c750b9b,,outputs/correctness/qwen25_coder_1_5b_instruct_lora_multilang_P1_few_shot_java_400_v1_correctness_detailed.jsonl
356,qwen2_5_coder_1_5b_instruct,java,FS,code_grounded_detailed,400,391279,57a17449fa90872f826d52c85ba31df35f7ac6a5549c7d80d0c40695bdd18acf,,outputs/correctness/qwen25_coder_1_5b_instruct_P1_few_shot_java_400_v1_correctness_detailed.jsonl
356,qwen2_5_coder_1_5b_instruct,java,FS,code_grounded_detailed,400,391279,57a17449fa90872f826d52c85ba31df35f7ac6a5549c7d80d0c40695bdd18acf,,outputs/segregated_results/open-source-base/correctness/qwen25_coder_1_5b_instruct_P1_few_shot_java_400_v1_correctness_detailed.jsonl
356,qwen2_5_coder_1_5b_instruct,java,FS,code_grounded_detailed,400,338019,6b8f393aa42a6ff0df997ee027e7556b07dd9526c6e06c99550584c03c750b9b,,outputs/segregated_results/open-source-lora/correctness/qwen25_coder_1_5b_instruct_lora_multilang_P1_few_shot_java_400_v1_correctness_detailed.jsonl
357,qwen2_5_coder_1_5b_instruct,java,FS,code_grounded_summary,400,1599,f1e1b768044ef960359accfee63a00dd5628f3e248cb4e37fa1097467a0b9215,,outputs/correctness/qwen25_coder_1_5b_instruct_lora_multilang_P1_few_shot_java_400_v1_correctness_summary.json
357,qwen2_5_coder_1_5b_instruct,java,FS,code_grounded_summary,400,1309,4350b1fdfaeb4dff7982db10a34eff929558858af87a742cd393852662a75f80,,outputs/correctness/qwen25_coder_1_5b_instruct_P1_few_shot_java_400_v1_correctness_summary.json
357,qwen2_5_coder_1_5b_instruct,java,FS,code_grounded_summary,400,1309,4350b1fdfaeb4dff7982db10a34eff929558858af87a742cd393852662a75f80,,outputs/segregated_results/open-source-base/correctness/qwen25_coder_1_5b_instruct_P1_few_shot_java_400_v1_correctness_summary.json
357,qwen2_5_coder_1_5b_instruct,java,FS,code_grounded_summary,400,1599,f1e1b768044ef960359accfee63a00dd5628f3e248cb4e37fa1097467a0b9215,,outputs/segregated_results/open-source-lora/correctness/qwen25_coder_1_5b_instruct_lora_multilang_P1_few_shot_java_400_v1_correctness_summary.json
358,qwen2_5_coder_1_5b_instruct,java,OS,automatic_evaluation_detailed,400,363198,dc6b5cd9c740da5595edac91d14a395fe0a2c3831a368e71ce95124564b5ca1a,,outputs/evaluations/qwen25_coder_1_5b_instruct_P1_one_shot_java_400_v2_rerun_eval.json_detailed.jsonl
358,qwen2_5_coder_1_5b_instruct,java,OS,automatic_evaluation_detailed,400,363198,dc6b5cd9c740da5595edac91d14a395fe0a2c3831a368e71ce95124564b5ca1a,,outputs/segregated_results/open-source-base/eval/qwen25_coder_1_5b_instruct_P1_one_shot_java_400_v2_rerun_eval.json_detailed.jsonl
359,qwen2_5_coder_1_5b_instruct,java,OS,automatic_evaluation_summary,400,1110,c70289aa5fed215e90acf9703bcfd7434a3753a599f14f116191882615373c35,,outputs/evaluations/qwen25_coder_1_5b_instruct_P1_one_shot_java_400_v2_rerun_eval.json_summary.json
359,qwen2_5_coder_1_5b_instruct,java,OS,automatic_evaluation_summary,400,1110,c70289aa5fed215e90acf9703bcfd7434a3753a599f14f116191882615373c35,,outputs/segregated_results/open-source-base/eval/qwen25_coder_1_5b_instruct_P1_one_shot_java_400_v2_rerun_eval.json_summary.json
360,qwen2_5_coder_1_5b_instruct,java,OS,code_grounded_detailed,400,337471,d482c66df753288234799ed40a58459d469c7e00192357d7c149fe3a49f9c9ed,,outputs/correctness/qwen25_coder_1_5b_instruct_lora_multilang_P1_one_shot_java_400_v1_correctness_detailed.jsonl
360,qwen2_5_coder_1_5b_instruct,java,OS,code_grounded_detailed,400,345401,054e7eb62262be7f54ea066bbff8e39a4fdb143522d9e4c413278bc0bcc4e187,,outputs/correctness/qwen25_coder_1_5b_instruct_P1_one_shot_java_400_v2_rerun_correctness.json_detailed.jsonl
360,qwen2_5_coder_1_5b_instruct,java,OS,code_grounded_detailed,400,345401,054e7eb62262be7f54ea066bbff8e39a4fdb143522d9e4c413278bc0bcc4e187,,outputs/evaluation-and-correctness-may2026/open-source/qwen25_coder_1_5b_instruct_P1_one_shot_java_400_v2_rerun_code_grounded_detailed.jsonl
360,qwen2_5_coder_1_5b_instruct,java,OS,code_grounded_detailed,400,363202,f9e4bca052dd8bee7f6c0d775a36572fd92cd3e829ff45fa9bee4c7877e7ea52,,outputs/evaluation-and-correctness-may2026/open-source/qwen25_coder_1_5b_instruct_P1_one_shot_java_400_v2_rerun_detailed.jsonl
360,qwen2_5_coder_1_5b_instruct,java,OS,code_grounded_detailed,400,345401,054e7eb62262be7f54ea066bbff8e39a4fdb143522d9e4c413278bc0bcc4e187,,outputs/segregated_results/open-source-base/correctness/qwen25_coder_1_5b_instruct_P1_one_shot_java_400_v2_rerun_correctness.json_detailed.jsonl
360,qwen2_5_coder_1_5b_instruct,java,OS,code_grounded_detailed,400,345401,054e7eb62262be7f54ea066bbff8e39a4fdb143522d9e4c413278bc0bcc4e187,,outputs/segregated_results/open-source-base/may2026/open-source/qwen25_coder_1_5b_instruct_P1_one_shot_java_400_v2_rerun_code_grounded_detailed.jsonl
360,qwen2_5_coder_1_5b_instruct,java,OS,code_grounded_detailed,400,337471,d482c66df753288234799ed40a58459d469c7e00192357d7c149fe3a49f9c9ed,,outputs/segregated_results/open-source-lora/correctness/qwen25_coder_1_5b_instruct_lora_multilang_P1_one_shot_java_400_v1_correctness_detailed.jsonl
361,qwen2_5_coder_1_5b_instruct,java,OS,code_grounded_summary,400,1599,b88d6ca92e8c4f35b2dbe56d8c2f8c4dd11d7668be67b91b201eddd53b18923d,,outputs/correctness/qwen25_coder_1_5b_instruct_lora_multilang_P1_one_shot_java_400_v1_correctness_summary.json
361,qwen2_5_coder_1_5b_instruct,java,OS,code_grounded_summary,400,1307,ba52eaba565935e3ce5292696769b13699ac3ba39b8b7703c8f1ff0cf121e30d,,outputs/correctness/qwen25_coder_1_5b_instruct_P1_one_shot_java_400_v2_rerun_correctness.json_summary.json
361,qwen2_5_coder_1_5b_instruct,java,OS,code_grounded_summary,400,1319,4381242e9c0e34daefb0b1d3071a794ac7b1949513529ab51f250e5ef2d99076,,outputs/evaluation-and-correctness-may2026/open-source/qwen25_coder_1_5b_instruct_P1_one_shot_java_400_v2_rerun_code_grounded_summary.json
361,qwen2_5_coder_1_5b_instruct,java,OS,code_grounded_summary,400,1122,4fd6a2f891f7e94ebcad8bd65fc02e8fc9e95c296776e6351ca6fdb2f4f7741f,,outputs/evaluation-and-correctness-may2026/open-source/qwen25_coder_1_5b_instruct_P1_one_shot_java_400_v2_rerun_summary.json
361,qwen2_5_coder_1_5b_instruct,java,OS,code_grounded_summary,400,1307,ba52eaba565935e3ce5292696769b13699ac3ba39b8b7703c8f1ff0cf121e30d,,outputs/segregated_results/open-source-base/correctness/qwen25_coder_1_5b_instruct_P1_one_shot_java_400_v2_rerun_correctness.json_summary.json
361,qwen2_5_coder_1_5b_instruct,java,OS,code_grounded_summary,400,1319,4381242e9c0e34daefb0b1d3071a794ac7b1949513529ab51f250e5ef2d99076,,outputs/segregated_results/open-source-base/may2026/open-source/qwen25_coder_1_5b_instruct_P1_one_shot_java_400_v2_rerun_code_grounded_summary.json
361,qwen2_5_coder_1_5b_instruct,java,OS,code_grounded_summary,400,1599,b88d6ca92e8c4f35b2dbe56d8c2f8c4dd11d7668be67b91b201eddd53b18923d,,outputs/segregated_results/open-source-lora/correctness/qwen25_coder_1_5b_instruct_lora_multilang_P1_one_shot_java_400_v1_correctness_summary.json
362,qwen2_5_coder_1_5b_instruct,java,OS,raw_generation,400,227350,c97ba65e82204d98831420977ecb1bd2040f1824a01acc6793516594252f8981,,outputs/raw_generations/open-source/qwen25_coder_1_5b_instruct_P1_one_shot_java_400_v2_rerun.jsonl
362,qwen2_5_coder_1_5b_instruct,java,OS,raw_generation,400,227350,c97ba65e82204d98831420977ecb1bd2040f1824a01acc6793516594252f8981,,outputs/raw_generations/qwen25_coder_1_5b_instruct_P1_one_shot_java_400_v2_rerun.jsonl
363,qwen2_5_coder_1_5b_instruct,java,ZS,automatic_evaluation_detailed,400,409862,235d613b513a02ade0a0ba686d3cd521b542c6894adf46d7289253384aba4224,,outputs/evaluations/qwen25_coder_1_5b_instruct_P1_zero_shot_java_400_v1_eval.json_detailed.jsonl
363,qwen2_5_coder_1_5b_instruct,java,ZS,automatic_evaluation_detailed,400,409862,235d613b513a02ade0a0ba686d3cd521b542c6894adf46d7289253384aba4224,,outputs/segregated_results/open-source-base/eval/qwen25_coder_1_5b_instruct_P1_zero_shot_java_400_v1_eval.json_detailed.jsonl
364,qwen2_5_coder_1_5b_instruct,java,ZS,automatic_evaluation_summary,400,1115,7ab3bf6e3c7cec46dc46f00f34fce9777781d258e7b9740bb089f157f057d533,,outputs/evaluations/qwen25_coder_1_5b_instruct_P1_zero_shot_java_400_v1_eval.json_summary.json
364,qwen2_5_coder_1_5b_instruct,java,ZS,automatic_evaluation_summary,400,1115,7ab3bf6e3c7cec46dc46f00f34fce9777781d258e7b9740bb089f157f057d533,,outputs/segregated_results/open-source-base/eval/qwen25_coder_1_5b_instruct_P1_zero_shot_java_400_v1_eval.json_summary.json
365,qwen2_5_coder_1_5b_instruct,java,ZS,code_grounded_detailed,400,339773,4c15bbbb8dfbe8d75363192cb0a6706593f9e8095fa997886ea57f6b8f799023,,outputs/correctness/qwen25_coder_1_5b_instruct_lora_multilang_P1_zero_shot_java_400_v1_correctness_detailed.jsonl
365,qwen2_5_coder_1_5b_instruct,java,ZS,code_grounded_detailed,400,391643,cea9cff55698874a4409e13e8424c484507b2f12641c91c0bfebd9e36e6063cd,,outputs/correctness/qwen25_coder_1_5b_instruct_P1_zero_shot_java_400_v1_correctness_detailed.jsonl
365,qwen2_5_coder_1_5b_instruct,java,ZS,code_grounded_detailed,400,391643,cea9cff55698874a4409e13e8424c484507b2f12641c91c0bfebd9e36e6063cd,,outputs/segregated_results/open-source-base/correctness/qwen25_coder_1_5b_instruct_P1_zero_shot_java_400_v1_correctness_detailed.jsonl
365,qwen2_5_coder_1_5b_instruct,java,ZS,code_grounded_detailed,400,339773,4c15bbbb8dfbe8d75363192cb0a6706593f9e8095fa997886ea57f6b8f799023,,outputs/segregated_results/open-source-lora/correctness/qwen25_coder_1_5b_instruct_lora_multilang_P1_zero_shot_java_400_v1_correctness_detailed.jsonl
366,qwen2_5_coder_1_5b_instruct,java,ZS,code_grounded_summary,400,1602,64ad42d0b0ee6d7acd34002ce91fbd4a04d71597886726a5923017a30f10917f,,outputs/correctness/qwen25_coder_1_5b_instruct_lora_multilang_P1_zero_shot_java_400_v1_correctness_summary.json
366,qwen2_5_coder_1_5b_instruct,java,ZS,code_grounded_summary,400,1314,e4504a71f4ebaf2bd15b29c487fd1fbc2f1e59c278ed6153ae7122c6c38f3dc0,,outputs/correctness/qwen25_coder_1_5b_instruct_P1_zero_shot_java_400_v1_correctness_summary.json
366,qwen2_5_coder_1_5b_instruct,java,ZS,code_grounded_summary,400,1314,e4504a71f4ebaf2bd15b29c487fd1fbc2f1e59c278ed6153ae7122c6c38f3dc0,,outputs/segregated_results/open-source-base/correctness/qwen25_coder_1_5b_instruct_P1_zero_shot_java_400_v1_correctness_summary.json
366,qwen2_5_coder_1_5b_instruct,java,ZS,code_grounded_summary,400,1602,64ad42d0b0ee6d7acd34002ce91fbd4a04d71597886726a5923017a30f10917f,,outputs/segregated_results/open-source-lora/correctness/qwen25_coder_1_5b_instruct_lora_multilang_P1_zero_shot_java_400_v1_correctness_summary.json
367,qwen2_5_coder_1_5b_instruct,javascript,FS,automatic_evaluation_detailed,400,355524,7f057d356be44ff2fb5badd9bd67667b5bf838df07ed49c0fd1fc59714f19bee,,outputs/evaluations/qwen25_coder_1_5b_instruct_lora_multilang_P1_few_shot_javascript_400_v1_eval.json_detailed.jsonl
367,qwen2_5_coder_1_5b_instruct,javascript,FS,automatic_evaluation_detailed,400,386056,875837c990cf8b84a5c001e27be7bd0cc7d51e92c964cbae2b7b93c50fe6b58c,,outputs/evaluations/qwen25_coder_1_5b_instruct_P1_few_shot_javascript_400_v1_eval.json_detailed.jsonl
367,qwen2_5_coder_1_5b_instruct,javascript,FS,automatic_evaluation_detailed,400,386056,875837c990cf8b84a5c001e27be7bd0cc7d51e92c964cbae2b7b93c50fe6b58c,,outputs/segregated_results/open-source-base/eval/qwen25_coder_1_5b_instruct_P1_few_shot_javascript_400_v1_eval.json_detailed.jsonl
367,qwen2_5_coder_1_5b_instruct,javascript,FS,automatic_evaluation_detailed,400,355524,7f057d356be44ff2fb5badd9bd67667b5bf838df07ed49c0fd1fc59714f19bee,,outputs/segregated_results/open-source-lora/eval/qwen25_coder_1_5b_instruct_lora_multilang_P1_few_shot_javascript_400_v1_eval.json_detailed.jsonl
368,qwen2_5_coder_1_5b_instruct,javascript,FS,automatic_evaluation_summary,400,1321,0150ebf10fca7ee2cb97a29fd6d789ca5a6de8817183bd6fe09c252836f2b7a9,,outputs/evaluations/qwen25_coder_1_5b_instruct_lora_multilang_P1_few_shot_javascript_400_v1_eval.json_summary.json
368,qwen2_5_coder_1_5b_instruct,javascript,FS,automatic_evaluation_summary,400,1124,9b8714081b73932f56da371b13c79fe345daf5934639ad0b610cb3f283551616,,outputs/evaluations/qwen25_coder_1_5b_instruct_P1_few_shot_javascript_400_v1_eval.json_summary.json
368,qwen2_5_coder_1_5b_instruct,javascript,FS,automatic_evaluation_summary,400,1124,9b8714081b73932f56da371b13c79fe345daf5934639ad0b610cb3f283551616,,outputs/segregated_results/open-source-base/eval/qwen25_coder_1_5b_instruct_P1_few_shot_javascript_400_v1_eval.json_summary.json
368,qwen2_5_coder_1_5b_instruct,javascript,FS,automatic_evaluation_summary,400,1321,0150ebf10fca7ee2cb97a29fd6d789ca5a6de8817183bd6fe09c252836f2b7a9,,outputs/segregated_results/open-source-lora/eval/qwen25_coder_1_5b_instruct_lora_multilang_P1_few_shot_javascript_400_v1_eval.json_summary.json
369,qwen2_5_coder_1_5b_instruct,javascript,FS,code_grounded_detailed,400,343139,facf1f24ee3b91d056b6d2025e4300765acea8107bf1c35fbb042e7dcc681d0d,,outputs/correctness/qwen25_coder_1_5b_instruct_lora_multilang_P1_few_shot_javascript_400_v1_correctness_detailed.jsonl
369,qwen2_5_coder_1_5b_instruct,javascript,FS,code_grounded_detailed,400,372596,50b0d7001ff86dabf9a6a51d491777e9293896f30914017eceb71d2e81bef26f,,outputs/correctness/qwen25_coder_1_5b_instruct_P1_few_shot_javascript_400_v1_correctness_detailed.jsonl
369,qwen2_5_coder_1_5b_instruct,javascript,FS,code_grounded_detailed,400,372596,50b0d7001ff86dabf9a6a51d491777e9293896f30914017eceb71d2e81bef26f,,outputs/segregated_results/open-source-base/correctness/qwen25_coder_1_5b_instruct_P1_few_shot_javascript_400_v1_correctness_detailed.jsonl
369,qwen2_5_coder_1_5b_instruct,javascript,FS,code_grounded_detailed,400,343139,facf1f24ee3b91d056b6d2025e4300765acea8107bf1c35fbb042e7dcc681d0d,,outputs/segregated_results/open-source-lora/correctness/qwen25_coder_1_5b_instruct_lora_multilang_P1_few_shot_javascript_400_v1_correctness_detailed.jsonl
370,qwen2_5_coder_1_5b_instruct,javascript,FS,code_grounded_summary,400,1617,67b477566e8334e430715b26aca7cfddb8381d09f024d481c3c63e76f3f6dc2d,,outputs/correctness/qwen25_coder_1_5b_instruct_lora_multilang_P1_few_shot_javascript_400_v1_correctness_summary.json
370,qwen2_5_coder_1_5b_instruct,javascript,FS,code_grounded_summary,400,1315,092f0c9b47c6028266e0a4e9d36fee72663e95c827321bc805a22d22101c4195,,outputs/correctness/qwen25_coder_1_5b_instruct_P1_few_shot_javascript_400_v1_correctness_summary.json
370,qwen2_5_coder_1_5b_instruct,javascript,FS,code_grounded_summary,400,1315,092f0c9b47c6028266e0a4e9d36fee72663e95c827321bc805a22d22101c4195,,outputs/segregated_results/open-source-base/correctness/qwen25_coder_1_5b_instruct_P1_few_shot_javascript_400_v1_correctness_summary.json
370,qwen2_5_coder_1_5b_instruct,javascript,FS,code_grounded_summary,400,1617,67b477566e8334e430715b26aca7cfddb8381d09f024d481c3c63e76f3f6dc2d,,outputs/segregated_results/open-source-lora/correctness/qwen25_coder_1_5b_instruct_lora_multilang_P1_few_shot_javascript_400_v1_correctness_summary.json
371,qwen2_5_coder_1_5b_instruct,javascript,OS,automatic_evaluation_detailed,400,357964,9a240c7c01a54534f62700817570a695e19eac38e026f31c0533407e723ad658,,outputs/evaluations/qwen25_coder_1_5b_instruct_lora_multilang_P1_one_shot_javascript_400_v1_eval.json_detailed.jsonl
371,qwen2_5_coder_1_5b_instruct,javascript,OS,automatic_evaluation_detailed,400,14610,57927805da213c4046a0af3ad8a63f8b20d9c9a41949c116b12764800a39329e,,outputs/evaluations/qwen25_coder_1_5b_instruct_P1_one_shot_javascript_400_v1_eval.json_detailed.jsonl
371,qwen2_5_coder_1_5b_instruct,javascript,OS,automatic_evaluation_detailed,400,8281,48b78108b388f75321fe9611677bac725e2eb88cc5fe88ec2d5d2a52420ac2b2,,outputs/evaluations/qwen25_coder_1_5b_instruct_P1_one_shot_javascript_400_v2_repaired_eval.json_detailed.jsonl
371,qwen2_5_coder_1_5b_instruct,javascript,OS,automatic_evaluation_detailed,400,325859,b42ddaa935f4f9852d04ba5c5a861db8199d288763c7f1ead566d82386a5c645,,outputs/evaluations/qwen25_coder_1_5b_instruct_P1_one_shot_javascript_400_v3_repaired_eval.json_detailed.jsonl
371,qwen2_5_coder_1_5b_instruct,javascript,OS,automatic_evaluation_detailed,400,14610,57927805da213c4046a0af3ad8a63f8b20d9c9a41949c116b12764800a39329e,,outputs/segregated_results/open-source-base/eval/qwen25_coder_1_5b_instruct_P1_one_shot_javascript_400_v1_eval.json_detailed.jsonl
371,qwen2_5_coder_1_5b_instruct,javascript,OS,automatic_evaluation_detailed,400,8281,48b78108b388f75321fe9611677bac725e2eb88cc5fe88ec2d5d2a52420ac2b2,,outputs/segregated_results/open-source-base/eval/qwen25_coder_1_5b_instruct_P1_one_shot_javascript_400_v2_repaired_eval.json_detailed.jsonl
371,qwen2_5_coder_1_5b_instruct,javascript,OS,automatic_evaluation_detailed,400,325859,b42ddaa935f4f9852d04ba5c5a861db8199d288763c7f1ead566d82386a5c645,,outputs/segregated_results/open-source-base/eval/qwen25_coder_1_5b_instruct_P1_one_shot_javascript_400_v3_repaired_eval.json_detailed.jsonl
371,qwen2_5_coder_1_5b_instruct,javascript,OS,automatic_evaluation_detailed,400,357964,9a240c7c01a54534f62700817570a695e19eac38e026f31c0533407e723ad658,,outputs/segregated_results/open-source-lora/eval/qwen25_coder_1_5b_instruct_lora_multilang_P1_one_shot_javascript_400_v1_eval.json_detailed.jsonl
372,qwen2_5_coder_1_5b_instruct,javascript,OS,automatic_evaluation_summary,400,1317,aa914f23ee18df6c8de166c3a089ce5b73f071f9136f10ba77671e784c3b4524,,outputs/evaluations/qwen25_coder_1_5b_instruct_lora_multilang_P1_one_shot_javascript_400_v1_eval.json_summary.json
372,qwen2_5_coder_1_5b_instruct,javascript,OS,automatic_evaluation_summary,400,1154,8a3a822478a168652e17ad35ed77a141379ebe5a1a89d7875c916f0e89ee8f69,,outputs/evaluations/qwen25_coder_1_5b_instruct_P1_one_shot_javascript_400_v1_eval.json_summary.json
372,qwen2_5_coder_1_5b_instruct,javascript,OS,automatic_evaluation_summary,400,1123,53da3d4735d431c4145a6f14d3fed153bbff9dd3b1b82663bf7e4f21df850a84,,outputs/evaluations/qwen25_coder_1_5b_instruct_P1_one_shot_javascript_400_v2_repaired_eval.json_summary.json
372,qwen2_5_coder_1_5b_instruct,javascript,OS,automatic_evaluation_summary,400,1129,da0a8d9d15012e83f0e959963073e4471450370ee9d5992cec2be09a764f7ef9,,outputs/evaluations/qwen25_coder_1_5b_instruct_P1_one_shot_javascript_400_v3_repaired_eval.json_summary.json
372,qwen2_5_coder_1_5b_instruct,javascript,OS,automatic_evaluation_summary,400,1154,8a3a822478a168652e17ad35ed77a141379ebe5a1a89d7875c916f0e89ee8f69,,outputs/segregated_results/open-source-base/eval/qwen25_coder_1_5b_instruct_P1_one_shot_javascript_400_v1_eval.json_summary.json
372,qwen2_5_coder_1_5b_instruct,javascript,OS,automatic_evaluation_summary,400,1123,53da3d4735d431c4145a6f14d3fed153bbff9dd3b1b82663bf7e4f21df850a84,,outputs/segregated_results/open-source-base/eval/qwen25_coder_1_5b_instruct_P1_one_shot_javascript_400_v2_repaired_eval.json_summary.json
372,qwen2_5_coder_1_5b_instruct,javascript,OS,automatic_evaluation_summary,400,1129,da0a8d9d15012e83f0e959963073e4471450370ee9d5992cec2be09a764f7ef9,,outputs/segregated_results/open-source-base/eval/qwen25_coder_1_5b_instruct_P1_one_shot_javascript_400_v3_repaired_eval.json_summary.json
372,qwen2_5_coder_1_5b_instruct,javascript,OS,automatic_evaluation_summary,400,1317,aa914f23ee18df6c8de166c3a089ce5b73f071f9136f10ba77671e784c3b4524,,outputs/segregated_results/open-source-lora/eval/qwen25_coder_1_5b_instruct_lora_multilang_P1_one_shot_javascript_400_v1_eval.json_summary.json
373,qwen2_5_coder_1_5b_instruct,javascript,OS,code_grounded_detailed,400,345837,c58d8069837a5d0037cca56746e00a387407ff6908cbfe5e1b64bdf970da78f8,,outputs/correctness/qwen25_coder_1_5b_instruct_lora_multilang_P1_one_shot_javascript_400_v1_correctness_detailed.jsonl
373,qwen2_5_coder_1_5b_instruct,javascript,OS,code_grounded_detailed,400,14173,53d8b2154e1fe9d5f722fe087f98caf448688db16af6bde65b09517858fa41b5,,outputs/correctness/qwen25_coder_1_5b_instruct_P1_one_shot_javascript_400_v1_correctness.json_detailed.jsonl
373,qwen2_5_coder_1_5b_instruct,javascript,OS,code_grounded_detailed,400,7870,1dd4d9416cbd79c468e31ffa4c7b715fb4b9df53cc33e14c17b2e18dd4a369d6,,outputs/correctness/qwen25_coder_1_5b_instruct_P1_one_shot_javascript_400_v2_repaired_correctness.json_detailed.jsonl
373,qwen2_5_coder_1_5b_instruct,javascript,OS,code_grounded_detailed,400,315027,bae8979c01b0c8e29b96d5b970e241f49272447d51e77d6f69f391770c4d08cf,,outputs/correctness/qwen25_coder_1_5b_instruct_P1_one_shot_javascript_400_v3_repaired_correctness.json_detailed.jsonl
373,qwen2_5_coder_1_5b_instruct,javascript,OS,code_grounded_detailed,400,14173,53d8b2154e1fe9d5f722fe087f98caf448688db16af6bde65b09517858fa41b5,,outputs/evaluation-and-correctness-may2026/open-source/qwen25_coder_1_5b_instruct_P1_one_shot_javascript_400_v1_code_grounded_detailed.jsonl
373,qwen2_5_coder_1_5b_instruct,javascript,OS,code_grounded_detailed,400,14610,57927805da213c4046a0af3ad8a63f8b20d9c9a41949c116b12764800a39329e,,outputs/evaluation-and-correctness-may2026/open-source/qwen25_coder_1_5b_instruct_P1_one_shot_javascript_400_v1_detailed.jsonl
373,qwen2_5_coder_1_5b_instruct,javascript,OS,code_grounded_detailed,400,7870,1dd4d9416cbd79c468e31ffa4c7b715fb4b9df53cc33e14c17b2e18dd4a369d6,,outputs/evaluation-and-correctness-may2026/open-source/qwen25_coder_1_5b_instruct_P1_one_shot_javascript_400_v2_repaired_code_grounded_detailed.jsonl
373,qwen2_5_coder_1_5b_instruct,javascript,OS,code_grounded_detailed,400,8281,48b78108b388f75321fe9611677bac725e2eb88cc5fe88ec2d5d2a52420ac2b2,,outputs/evaluation-and-correctness-may2026/open-source/qwen25_coder_1_5b_instruct_P1_one_shot_javascript_400_v2_repaired_detailed.jsonl
373,qwen2_5_coder_1_5b_instruct,javascript,OS,code_grounded_detailed,400,315027,bae8979c01b0c8e29b96d5b970e241f49272447d51e77d6f69f391770c4d08cf,,outputs/evaluation-and-correctness-may2026/open-source/qwen25_coder_1_5b_instruct_P1_one_shot_javascript_400_v3_repaired_code_grounded_detailed.jsonl
373,qwen2_5_coder_1_5b_instruct,javascript,OS,code_grounded_detailed,400,325855,752daa52b533ca7a8fe44b6501cacc86a188c5ceef37374473b325f30b0e8cff,,outputs/evaluation-and-correctness-may2026/open-source/qwen25_coder_1_5b_instruct_P1_one_shot_javascript_400_v3_repaired_detailed.jsonl
373,qwen2_5_coder_1_5b_instruct,javascript,OS,code_grounded_detailed,400,14173,53d8b2154e1fe9d5f722fe087f98caf448688db16af6bde65b09517858fa41b5,,outputs/segregated_results/open-source-base/correctness/qwen25_coder_1_5b_instruct_P1_one_shot_javascript_400_v1_correctness.json_detailed.jsonl
373,qwen2_5_coder_1_5b_instruct,javascript,OS,code_grounded_detailed,400,7870,1dd4d9416cbd79c468e31ffa4c7b715fb4b9df53cc33e14c17b2e18dd4a369d6,,outputs/segregated_results/open-source-base/correctness/qwen25_coder_1_5b_instruct_P1_one_shot_javascript_400_v2_repaired_correctness.json_detailed.jsonl
373,qwen2_5_coder_1_5b_instruct,javascript,OS,code_grounded_detailed,400,315027,bae8979c01b0c8e29b96d5b970e241f49272447d51e77d6f69f391770c4d08cf,,outputs/segregated_results/open-source-base/correctness/qwen25_coder_1_5b_instruct_P1_one_shot_javascript_400_v3_repaired_correctness.json_detailed.jsonl
373,qwen2_5_coder_1_5b_instruct,javascript,OS,code_grounded_detailed,400,14173,53d8b2154e1fe9d5f722fe087f98caf448688db16af6bde65b09517858fa41b5,,outputs/segregated_results/open-source-base/may2026/open-source/qwen25_coder_1_5b_instruct_P1_one_shot_javascript_400_v1_code_grounded_detailed.jsonl
373,qwen2_5_coder_1_5b_instruct,javascript,OS,code_grounded_detailed,400,7870,1dd4d9416cbd79c468e31ffa4c7b715fb4b9df53cc33e14c17b2e18dd4a369d6,,outputs/segregated_results/open-source-base/may2026/open-source/qwen25_coder_1_5b_instruct_P1_one_shot_javascript_400_v2_repaired_code_grounded_detailed.jsonl
373,qwen2_5_coder_1_5b_instruct,javascript,OS,code_grounded_detailed,400,315027,bae8979c01b0c8e29b96d5b970e241f49272447d51e77d6f69f391770c4d08cf,,outputs/segregated_results/open-source-base/may2026/open-source/qwen25_coder_1_5b_instruct_P1_one_shot_javascript_400_v3_repaired_code_grounded_detailed.jsonl
373,qwen2_5_coder_1_5b_instruct,javascript,OS,code_grounded_detailed,400,345837,c58d8069837a5d0037cca56746e00a387407ff6908cbfe5e1b64bdf970da78f8,,outputs/segregated_results/open-source-lora/correctness/qwen25_coder_1_5b_instruct_lora_multilang_P1_one_shot_javascript_400_v1_correctness_detailed.jsonl
374,qwen2_5_coder_1_5b_instruct,javascript,OS,code_grounded_summary,400,1619,9e5cc95faed7f55535cd56753452d4b77d76db5ae170148374437b21cf5f1393,,outputs/correctness/qwen25_coder_1_5b_instruct_lora_multilang_P1_one_shot_javascript_400_v1_correctness_summary.json
374,qwen2_5_coder_1_5b_instruct,javascript,OS,code_grounded_summary,400,1303,1022998d7e66b9e835b1e17135c8c2f727849371d32269ab9699666418d7f232,,outputs/correctness/qwen25_coder_1_5b_instruct_P1_one_shot_javascript_400_v1_correctness.json_summary.json
374,qwen2_5_coder_1_5b_instruct,javascript,OS,code_grounded_summary,400,1210,32abf68f6358cf3c8931ae14a4a795db5359557f69f0e4a79eafda4728f54f4e,,outputs/correctness/qwen25_coder_1_5b_instruct_P1_one_shot_javascript_400_v2_repaired_correctness.json_summary.json
374,qwen2_5_coder_1_5b_instruct,javascript,OS,code_grounded_summary,400,1336,b0d83c79512de814c6abd51ff6c9d4394b99fbca35bdac09fb8b3d4406170ebb,,outputs/correctness/qwen25_coder_1_5b_instruct_P1_one_shot_javascript_400_v3_repaired_correctness.json_summary.json
374,qwen2_5_coder_1_5b_instruct,javascript,OS,code_grounded_summary,400,1315,5155b324387a7f94ebf49dbae617c038d2003287305f1974ba4cab0a412ad4e1,,outputs/evaluation-and-correctness-may2026/open-source/qwen25_coder_1_5b_instruct_P1_one_shot_javascript_400_v1_code_grounded_summary.json
374,qwen2_5_coder_1_5b_instruct,javascript,OS,code_grounded_summary,400,1166,113d9d8b17f2c1988474ab2c13f46f0621e0fc857a73704a56403fceddcb73f0,,outputs/evaluation-and-correctness-may2026/open-source/qwen25_coder_1_5b_instruct_P1_one_shot_javascript_400_v1_summary.json
374,qwen2_5_coder_1_5b_instruct,javascript,OS,code_grounded_summary,400,1222,642d82a44e86cdfdfd3c70962257d8a57eaf0298af0354b23416120a17d04297,,outputs/evaluation-and-correctness-may2026/open-source/qwen25_coder_1_5b_instruct_P1_one_shot_javascript_400_v2_repaired_code_grounded_summary.json
374,qwen2_5_coder_1_5b_instruct,javascript,OS,code_grounded_summary,400,1135,52543f80964170308e3cef268bf40caa1758f036fd2bd8a1a3162630949869e6,,outputs/evaluation-and-correctness-may2026/open-source/qwen25_coder_1_5b_instruct_P1_one_shot_javascript_400_v2_repaired_summary.json
374,qwen2_5_coder_1_5b_instruct,javascript,OS,code_grounded_summary,400,1348,c552b155e61254ab223a6100a14d026ac86641d3344a78b66ea3cc60e74b00d3,,outputs/evaluation-and-correctness-may2026/open-source/qwen25_coder_1_5b_instruct_P1_one_shot_javascript_400_v3_repaired_code_grounded_summary.json
374,qwen2_5_coder_1_5b_instruct,javascript,OS,code_grounded_summary,400,1141,9cade998abc0f7ab0dfa40783db3e16dc96ea0e3e4e7057aad7d1c5c2f6bd62e,,outputs/evaluation-and-correctness-may2026/open-source/qwen25_coder_1_5b_instruct_P1_one_shot_javascript_400_v3_repaired_summary.json
374,qwen2_5_coder_1_5b_instruct,javascript,OS,code_grounded_summary,400,1303,1022998d7e66b9e835b1e17135c8c2f727849371d32269ab9699666418d7f232,,outputs/segregated_results/open-source-base/correctness/qwen25_coder_1_5b_instruct_P1_one_shot_javascript_400_v1_correctness.json_summary.json
374,qwen2_5_coder_1_5b_instruct,javascript,OS,code_grounded_summary,400,1210,32abf68f6358cf3c8931ae14a4a795db5359557f69f0e4a79eafda4728f54f4e,,outputs/segregated_results/open-source-base/correctness/qwen25_coder_1_5b_instruct_P1_one_shot_javascript_400_v2_repaired_correctness.json_summary.json
374,qwen2_5_coder_1_5b_instruct,javascript,OS,code_grounded_summary,400,1336,b0d83c79512de814c6abd51ff6c9d4394b99fbca35bdac09fb8b3d4406170ebb,,outputs/segregated_results/open-source-base/correctness/qwen25_coder_1_5b_instruct_P1_one_shot_javascript_400_v3_repaired_correctness.json_summary.json
374,qwen2_5_coder_1_5b_instruct,javascript,OS,code_grounded_summary,400,1315,5155b324387a7f94ebf49dbae617c038d2003287305f1974ba4cab0a412ad4e1,,outputs/segregated_results/open-source-base/may2026/open-source/qwen25_coder_1_5b_instruct_P1_one_shot_javascript_400_v1_code_grounded_summary.json
374,qwen2_5_coder_1_5b_instruct,javascript,OS,code_grounded_summary,400,1222,642d82a44e86cdfdfd3c70962257d8a57eaf0298af0354b23416120a17d04297,,outputs/segregated_results/open-source-base/may2026/open-source/qwen25_coder_1_5b_instruct_P1_one_shot_javascript_400_v2_repaired_code_grounded_summary.json
374,qwen2_5_coder_1_5b_instruct,javascript,OS,code_grounded_summary,400,1348,c552b155e61254ab223a6100a14d026ac86641d3344a78b66ea3cc60e74b00d3,,outputs/segregated_results/open-source-base/may2026/open-source/qwen25_coder_1_5b_instruct_P1_one_shot_javascript_400_v3_repaired_code_grounded_summary.json
374,qwen2_5_coder_1_5b_instruct,javascript,OS,code_grounded_summary,400,1619,9e5cc95faed7f55535cd56753452d4b77d76db5ae170148374437b21cf5f1393,,outputs/segregated_results/open-source-lora/correctness/qwen25_coder_1_5b_instruct_lora_multilang_P1_one_shot_javascript_400_v1_correctness_summary.json
375,qwen2_5_coder_1_5b_instruct,javascript,OS,raw_generation,400,10015,b045e851110dc60593a38078eaf5c1b6ac92ddb34b75a832a5ccffb276428de4,,outputs/raw_generations/open-source/qwen25_coder_1_5b_instruct_P1_one_shot_javascript_400_v1.jsonl
375,qwen2_5_coder_1_5b_instruct,javascript,OS,raw_generation,400,4749,913ad155b5390d3b864e7a9e79e20a1ca81ded6139320e20109f92a29f3b6ec9,,outputs/raw_generations/open-source/qwen25_coder_1_5b_instruct_P1_one_shot_javascript_400_v2_repaired.jsonl
375,qwen2_5_coder_1_5b_instruct,javascript,OS,raw_generation,400,184202,d6a0c3ab009901d6f81899c40c73959ea7972fafdf53e1c2fc885837dc90e561,,outputs/raw_generations/open-source/qwen25_coder_1_5b_instruct_P1_one_shot_javascript_400_v3_repaired.jsonl
375,qwen2_5_coder_1_5b_instruct,javascript,OS,raw_generation,400,10015,b045e851110dc60593a38078eaf5c1b6ac92ddb34b75a832a5ccffb276428de4,,outputs/raw_generations/qwen25_coder_1_5b_instruct_P1_one_shot_javascript_400_v1.jsonl
375,qwen2_5_coder_1_5b_instruct,javascript,OS,raw_generation,400,4749,913ad155b5390d3b864e7a9e79e20a1ca81ded6139320e20109f92a29f3b6ec9,,outputs/raw_generations/qwen25_coder_1_5b_instruct_P1_one_shot_javascript_400_v2_repaired.jsonl
375,qwen2_5_coder_1_5b_instruct,javascript,OS,raw_generation,400,184202,d6a0c3ab009901d6f81899c40c73959ea7972fafdf53e1c2fc885837dc90e561,,outputs/raw_generations/qwen25_coder_1_5b_instruct_P1_one_shot_javascript_400_v3_repaired.jsonl
376,qwen2_5_coder_1_5b_instruct,javascript,ZS,automatic_evaluation_detailed,400,370660,0d2e1dab68e7ec4765bcdb37931c8c73844a44d4b0752e2d10c6d8f9ae126b91,,outputs/evaluations/qwen25_coder_1_5b_instruct_lora_multilang_P1_zero_shot_javascript_400_v1_eval.json_detailed.jsonl
376,qwen2_5_coder_1_5b_instruct,javascript,ZS,automatic_evaluation_detailed,400,420685,9dedb5ac4ddf46dd7a155996b31ad1d04d988f1590ba874a48ca22dc7ad9877d,,outputs/evaluations/qwen25_coder_1_5b_instruct_P1_zero_shot_javascript_400_v1_eval.json_detailed.jsonl
376,qwen2_5_coder_1_5b_instruct,javascript,ZS,automatic_evaluation_detailed,400,420685,9dedb5ac4ddf46dd7a155996b31ad1d04d988f1590ba874a48ca22dc7ad9877d,,outputs/segregated_results/open-source-base/eval/qwen25_coder_1_5b_instruct_P1_zero_shot_javascript_400_v1_eval.json_detailed.jsonl
376,qwen2_5_coder_1_5b_instruct,javascript,ZS,automatic_evaluation_detailed,400,370660,0d2e1dab68e7ec4765bcdb37931c8c73844a44d4b0752e2d10c6d8f9ae126b91,,outputs/segregated_results/open-source-lora/eval/qwen25_coder_1_5b_instruct_lora_multilang_P1_zero_shot_javascript_400_v1_eval.json_detailed.jsonl
377,qwen2_5_coder_1_5b_instruct,javascript,ZS,automatic_evaluation_summary,400,1324,856a1f32e0fdf43782db973bc8697694abcc519b86fda84d2275f64f4f201e52,,outputs/evaluations/qwen25_coder_1_5b_instruct_lora_multilang_P1_zero_shot_javascript_400_v1_eval.json_summary.json
377,qwen2_5_coder_1_5b_instruct,javascript,ZS,automatic_evaluation_summary,400,1123,a939c95913d85013351b0cca22aa6101b5286d91f70d57c734476e6fe509d8b0,,outputs/evaluations/qwen25_coder_1_5b_instruct_P1_zero_shot_javascript_400_v1_eval.json_summary.json
377,qwen2_5_coder_1_5b_instruct,javascript,ZS,automatic_evaluation_summary,400,1123,a939c95913d85013351b0cca22aa6101b5286d91f70d57c734476e6fe509d8b0,,outputs/segregated_results/open-source-base/eval/qwen25_coder_1_5b_instruct_P1_zero_shot_javascript_400_v1_eval.json_summary.json
377,qwen2_5_coder_1_5b_instruct,javascript,ZS,automatic_evaluation_summary,400,1324,856a1f32e0fdf43782db973bc8697694abcc519b86fda84d2275f64f4f201e52,,outputs/segregated_results/open-source-lora/eval/qwen25_coder_1_5b_instruct_lora_multilang_P1_zero_shot_javascript_400_v1_eval.json_summary.json
378,qwen2_5_coder_1_5b_instruct,javascript,ZS,code_grounded_detailed,400,357413,b0759cc1f4ef7017a8a0d1060080a63aec3bce1a4f1a9242fb3eb8f26ea0a5e9,,outputs/correctness/qwen25_coder_1_5b_instruct_lora_multilang_P1_zero_shot_javascript_400_v1_correctness_detailed.jsonl
378,qwen2_5_coder_1_5b_instruct,javascript,ZS,code_grounded_detailed,400,406835,bf460671c73aeffeb9b061e981577ba45c27f88c311b9c68f0ece018e4c8e8e6,,outputs/correctness/qwen25_coder_1_5b_instruct_P1_zero_shot_javascript_400_v1_correctness_detailed.jsonl
378,qwen2_5_coder_1_5b_instruct,javascript,ZS,code_grounded_detailed,400,406835,bf460671c73aeffeb9b061e981577ba45c27f88c311b9c68f0ece018e4c8e8e6,,outputs/segregated_results/open-source-base/correctness/qwen25_coder_1_5b_instruct_P1_zero_shot_javascript_400_v1_correctness_detailed.jsonl
378,qwen2_5_coder_1_5b_instruct,javascript,ZS,code_grounded_detailed,400,357413,b0759cc1f4ef7017a8a0d1060080a63aec3bce1a4f1a9242fb3eb8f26ea0a5e9,,outputs/segregated_results/open-source-lora/correctness/qwen25_coder_1_5b_instruct_lora_multilang_P1_zero_shot_javascript_400_v1_correctness_detailed.jsonl
379,qwen2_5_coder_1_5b_instruct,javascript,ZS,code_grounded_summary,400,1622,e449da0e0d388669bf31374c424e8a48aa40dffb891cbcb23f7941a175eaf31b,,outputs/correctness/qwen25_coder_1_5b_instruct_lora_multilang_P1_zero_shot_javascript_400_v1_correctness_summary.json
379,qwen2_5_coder_1_5b_instruct,javascript,ZS,code_grounded_summary,400,1328,a515935dba248c5e6b667917704a798ba4b58ef013b37b0e833d3312e5ea8ae2,,outputs/correctness/qwen25_coder_1_5b_instruct_P1_zero_shot_javascript_400_v1_correctness_summary.json
379,qwen2_5_coder_1_5b_instruct,javascript,ZS,code_grounded_summary,400,1328,a515935dba248c5e6b667917704a798ba4b58ef013b37b0e833d3312e5ea8ae2,,outputs/segregated_results/open-source-base/correctness/qwen25_coder_1_5b_instruct_P1_zero_shot_javascript_400_v1_correctness_summary.json
379,qwen2_5_coder_1_5b_instruct,javascript,ZS,code_grounded_summary,400,1622,e449da0e0d388669bf31374c424e8a48aa40dffb891cbcb23f7941a175eaf31b,,outputs/segregated_results/open-source-lora/correctness/qwen25_coder_1_5b_instruct_lora_multilang_P1_zero_shot_javascript_400_v1_correctness_summary.json
380,qwen2_5_coder_1_5b_instruct,python,FS,automatic_evaluation_detailed,200,19737,8fcdc5f91fb506f844b2587029835145c998bda277254da8f303c4c4a0f85813,,outputs/evaluations/qwen25_coder_1_5b_instruct_P1_few_shot_python_200_part2_v1_eval.json_detailed.jsonl
380,qwen2_5_coder_1_5b_instruct,python,FS,automatic_evaluation_detailed,200,182129,c6ced8de04de7a0f24fa45e1673fb134ff03c8ca3a6980b506a005a9c65c0dcb,,outputs/evaluations/qwen25_coder_1_5b_instruct_P1_few_shot_python_200_resumed_v1_eval.json_detailed.jsonl
380,qwen2_5_coder_1_5b_instruct,python,FS,automatic_evaluation_detailed,200,176462,ca386bec090dc79c34cf5478fc1e204d98d5752e7a889fbd459a1c07a7320111,,outputs/evaluations/qwen25_coder_1_5b_instruct_P1_few_shot_python_200_t02_p09_k50_v1_detailed.jsonl
380,qwen2_5_coder_1_5b_instruct,python,FS,automatic_evaluation_detailed,200,162383,39e192ada340884c1101a7b848f4859eb3f44dd83348c040f7084ab73e25be65,,outputs/evaluations/qwen25_coder_1_5b_instruct_P1_few_shot_python_200_t02_p09_k50_v1_eval.json_detailed.jsonl
380,qwen2_5_coder_1_5b_instruct,python,FS,automatic_evaluation_detailed,300,266195,54ee16fe383e48dacdef5106cf2ddc1e9aeeec8c6b9a798cef03a455e4c2bb4d,,outputs/evaluations/qwen25_coder_1_5b_instruct_P1_few_shot_python_300_v1_detailed.jsonl
380,qwen2_5_coder_1_5b_instruct,python,FS,automatic_evaluation_detailed,300,274611,7594322fc2186c6d5a30c9eb3833ef19c853809857a0c4f6437414caacaad063,,outputs/evaluations/qwen25_coder_1_5b_instruct_P1_few_shot_python_300_v1_eval.json_detailed.jsonl
380,qwen2_5_coder_1_5b_instruct,python,FS,automatic_evaluation_detailed,400,352537,a41d3d4dd2e0d7de8eb41ce3c754c22d0e53019ecc8126734162a550077786ab,,outputs/evaluations/qwen25_coder_1_5b_instruct_P1_few_shot_python_400_v1_detailed.jsonl
380,qwen2_5_coder_1_5b_instruct,python,FS,automatic_evaluation_detailed,400,363949,5b61c4a96569d63c85c2ae83cb6fe4c267f82ffbc11fdb13149e5352d69285ec,,outputs/evaluations/qwen25_coder_1_5b_instruct_P1_few_shot_python_400_v1_eval.json_detailed.jsonl
380,qwen2_5_coder_1_5b_instruct,python,FS,automatic_evaluation_detailed,,528295,a1dd417992c2460ef990e67926e950e4c76788aa3100076ce713fbfc7febde35,,outputs/evaluations/qwen25_coder_1_5b_instruct_P1_few_shot_python_600_v1_detailed.jsonl
380,qwen2_5_coder_1_5b_instruct,python,FS,automatic_evaluation_detailed,,545492,10c616651406541a5803c258eec0692733c9a8886ca7925d81adcd9f6d87716b,,outputs/evaluations/qwen25_coder_1_5b_instruct_P1_few_shot_python_600_v1_eval.json_detailed.jsonl
380,qwen2_5_coder_1_5b_instruct,python,FS,automatic_evaluation_detailed,200,19737,8fcdc5f91fb506f844b2587029835145c998bda277254da8f303c4c4a0f85813,,outputs/segregated_results/open-source-base/eval/qwen25_coder_1_5b_instruct_P1_few_shot_python_200_part2_v1_eval.json_detailed.jsonl
380,qwen2_5_coder_1_5b_instruct,python,FS,automatic_evaluation_detailed,200,182129,c6ced8de04de7a0f24fa45e1673fb134ff03c8ca3a6980b506a005a9c65c0dcb,,outputs/segregated_results/open-source-base/eval/qwen25_coder_1_5b_instruct_P1_few_shot_python_200_resumed_v1_eval.json_detailed.jsonl
380,qwen2_5_coder_1_5b_instruct,python,FS,automatic_evaluation_detailed,200,176462,ca386bec090dc79c34cf5478fc1e204d98d5752e7a889fbd459a1c07a7320111,,outputs/segregated_results/open-source-base/eval/qwen25_coder_1_5b_instruct_P1_few_shot_python_200_t02_p09_k50_v1_detailed.jsonl
380,qwen2_5_coder_1_5b_instruct,python,FS,automatic_evaluation_detailed,200,162383,39e192ada340884c1101a7b848f4859eb3f44dd83348c040f7084ab73e25be65,,outputs/segregated_results/open-source-base/eval/qwen25_coder_1_5b_instruct_P1_few_shot_python_200_t02_p09_k50_v1_eval.json_detailed.jsonl
380,qwen2_5_coder_1_5b_instruct,python,FS,automatic_evaluation_detailed,300,266195,54ee16fe383e48dacdef5106cf2ddc1e9aeeec8c6b9a798cef03a455e4c2bb4d,,outputs/segregated_results/open-source-base/eval/qwen25_coder_1_5b_instruct_P1_few_shot_python_300_v1_detailed.jsonl
380,qwen2_5_coder_1_5b_instruct,python,FS,automatic_evaluation_detailed,300,274611,7594322fc2186c6d5a30c9eb3833ef19c853809857a0c4f6437414caacaad063,,outputs/segregated_results/open-source-base/eval/qwen25_coder_1_5b_instruct_P1_few_shot_python_300_v1_eval.json_detailed.jsonl
380,qwen2_5_coder_1_5b_instruct,python,FS,automatic_evaluation_detailed,400,352537,a41d3d4dd2e0d7de8eb41ce3c754c22d0e53019ecc8126734162a550077786ab,,outputs/segregated_results/open-source-base/eval/qwen25_coder_1_5b_instruct_P1_few_shot_python_400_v1_detailed.jsonl
380,qwen2_5_coder_1_5b_instruct,python,FS,automatic_evaluation_detailed,400,363949,5b61c4a96569d63c85c2ae83cb6fe4c267f82ffbc11fdb13149e5352d69285ec,,outputs/segregated_results/open-source-base/eval/qwen25_coder_1_5b_instruct_P1_few_shot_python_400_v1_eval.json_detailed.jsonl
380,qwen2_5_coder_1_5b_instruct,python,FS,automatic_evaluation_detailed,,528295,a1dd417992c2460ef990e67926e950e4c76788aa3100076ce713fbfc7febde35,,outputs/segregated_results/open-source-base/eval/qwen25_coder_1_5b_instruct_P1_few_shot_python_600_v1_detailed.jsonl
380,qwen2_5_coder_1_5b_instruct,python,FS,automatic_evaluation_detailed,,545492,10c616651406541a5803c258eec0692733c9a8886ca7925d81adcd9f6d87716b,,outputs/segregated_results/open-source-base/eval/qwen25_coder_1_5b_instruct_P1_few_shot_python_600_v1_eval.json_detailed.jsonl
381,qwen2_5_coder_1_5b_instruct,python,FS,automatic_evaluation_summary,200,1156,77a4a4acbd82782f0d9682f256cdde04487d836fdefb4ff3fda20cd1d980b112,,outputs/evaluations/qwen25_coder_1_5b_instruct_P1_few_shot_python_200_part2_v1_eval.json_summary.json
381,qwen2_5_coder_1_5b_instruct,python,FS,automatic_evaluation_summary,200,1120,50c230d868d8bce9584f40a3fa03bc79d9e8fe79006f15b586a04ca19e6c0d99,,outputs/evaluations/qwen25_coder_1_5b_instruct_P1_few_shot_python_200_resumed_v1_eval.json_summary.json
381,qwen2_5_coder_1_5b_instruct,python,FS,automatic_evaluation_summary,200,1164,c443f3d6e45d996d162804b2615be44d80057d65c8ba1ac8d994dfaf62e815e6,,outputs/evaluations/qwen25_coder_1_5b_instruct_P1_few_shot_python_200_t02_p09_k50_v1_eval.json_summary.json
381,qwen2_5_coder_1_5b_instruct,python,FS,automatic_evaluation_summary,200,1042,346f1ff5408566d83fb874f1c3210d4e2a07fd0e54eee8555a07ad76d753721a,,outputs/evaluations/qwen25_coder_1_5b_instruct_P1_few_shot_python_200_t02_p09_k50_v1_summary.json
381,qwen2_5_coder_1_5b_instruct,python,FS,automatic_evaluation_summary,300,1118,92f1414e9cd179745ab67b0739dc8365fa5754e8f293c7726ec1daeadfd77482,,outputs/evaluations/qwen25_coder_1_5b_instruct_P1_few_shot_python_300_v1_eval.json_summary.json
381,qwen2_5_coder_1_5b_instruct,python,FS,automatic_evaluation_summary,300,1044,a147ace0b2588514db0b4b8630a12974747449c2297d3ae699e30d2ae766f561,,outputs/evaluations/qwen25_coder_1_5b_instruct_P1_few_shot_python_300_v1_summary.json
381,qwen2_5_coder_1_5b_instruct,python,FS,automatic_evaluation_summary,400,1126,7c48f2e76ebce4a994542714c907bc57e0cc2c1989ffc8fc2d771782f930ce10,,outputs/evaluations/qwen25_coder_1_5b_instruct_P1_few_shot_python_400_v1_eval.json_summary.json
381,qwen2_5_coder_1_5b_instruct,python,FS,automatic_evaluation_summary,400,1048,4804706072a8bfd498fdea10e3172dca930c7856a1246c4e454f63bb490a1782,,outputs/evaluations/qwen25_coder_1_5b_instruct_P1_few_shot_python_400_v1_summary.json
381,qwen2_5_coder_1_5b_instruct,python,FS,automatic_evaluation_summary,,1108,edb1126408accba48266245a7b6a300998fd55f29fcff8ede0476ca0af6303c0,,outputs/evaluations/qwen25_coder_1_5b_instruct_P1_few_shot_python_600_v1_eval.json_summary.json
381,qwen2_5_coder_1_5b_instruct,python,FS,automatic_evaluation_summary,,1032,27492b329648ebb6449057024800fe7298627f88bb3d67612f77ab90e1e11cef,,outputs/evaluations/qwen25_coder_1_5b_instruct_P1_few_shot_python_600_v1_summary.json
381,qwen2_5_coder_1_5b_instruct,python,FS,automatic_evaluation_summary,200,1156,77a4a4acbd82782f0d9682f256cdde04487d836fdefb4ff3fda20cd1d980b112,,outputs/segregated_results/open-source-base/eval/qwen25_coder_1_5b_instruct_P1_few_shot_python_200_part2_v1_eval.json_summary.json
381,qwen2_5_coder_1_5b_instruct,python,FS,automatic_evaluation_summary,200,1120,50c230d868d8bce9584f40a3fa03bc79d9e8fe79006f15b586a04ca19e6c0d99,,outputs/segregated_results/open-source-base/eval/qwen25_coder_1_5b_instruct_P1_few_shot_python_200_resumed_v1_eval.json_summary.json
381,qwen2_5_coder_1_5b_instruct,python,FS,automatic_evaluation_summary,200,1164,c443f3d6e45d996d162804b2615be44d80057d65c8ba1ac8d994dfaf62e815e6,,outputs/segregated_results/open-source-base/eval/qwen25_coder_1_5b_instruct_P1_few_shot_python_200_t02_p09_k50_v1_eval.json_summary.json
381,qwen2_5_coder_1_5b_instruct,python,FS,automatic_evaluation_summary,200,1042,346f1ff5408566d83fb874f1c3210d4e2a07fd0e54eee8555a07ad76d753721a,,outputs/segregated_results/open-source-base/eval/qwen25_coder_1_5b_instruct_P1_few_shot_python_200_t02_p09_k50_v1_summary.json
381,qwen2_5_coder_1_5b_instruct,python,FS,automatic_evaluation_summary,300,1118,92f1414e9cd179745ab67b0739dc8365fa5754e8f293c7726ec1daeadfd77482,,outputs/segregated_results/open-source-base/eval/qwen25_coder_1_5b_instruct_P1_few_shot_python_300_v1_eval.json_summary.json
381,qwen2_5_coder_1_5b_instruct,python,FS,automatic_evaluation_summary,300,1044,a147ace0b2588514db0b4b8630a12974747449c2297d3ae699e30d2ae766f561,,outputs/segregated_results/open-source-base/eval/qwen25_coder_1_5b_instruct_P1_few_shot_python_300_v1_summary.json
381,qwen2_5_coder_1_5b_instruct,python,FS,automatic_evaluation_summary,400,1126,7c48f2e76ebce4a994542714c907bc57e0cc2c1989ffc8fc2d771782f930ce10,,outputs/segregated_results/open-source-base/eval/qwen25_coder_1_5b_instruct_P1_few_shot_python_400_v1_eval.json_summary.json
381,qwen2_5_coder_1_5b_instruct,python,FS,automatic_evaluation_summary,400,1048,4804706072a8bfd498fdea10e3172dca930c7856a1246c4e454f63bb490a1782,,outputs/segregated_results/open-source-base/eval/qwen25_coder_1_5b_instruct_P1_few_shot_python_400_v1_summary.json
381,qwen2_5_coder_1_5b_instruct,python,FS,automatic_evaluation_summary,,1108,edb1126408accba48266245a7b6a300998fd55f29fcff8ede0476ca0af6303c0,,outputs/segregated_results/open-source-base/eval/qwen25_coder_1_5b_instruct_P1_few_shot_python_600_v1_eval.json_summary.json
381,qwen2_5_coder_1_5b_instruct,python,FS,automatic_evaluation_summary,,1032,27492b329648ebb6449057024800fe7298627f88bb3d67612f77ab90e1e11cef,,outputs/segregated_results/open-source-base/eval/qwen25_coder_1_5b_instruct_P1_few_shot_python_600_v1_summary.json
382,qwen2_5_coder_1_5b_instruct,python,FS,code_grounded_detailed,400,333962,d7d371ece32714a349d52b46feafaa57be1f21a5f2492e323d308174537b4351,,outputs/correctness/qwen25_coder_1_5b_instruct_lora_multilang_P1_few_shot_python_400_v1_correctness_detailed.jsonl
382,qwen2_5_coder_1_5b_instruct,python,FS,code_grounded_detailed,200,18231,0491d5e0e53da19f4b42b9f076c22fb9f7eb864a9cca94006242628fb3529dc1,,outputs/correctness/qwen25_coder_1_5b_instruct_P1_few_shot_python_200_part2_v1_correctness.json_detailed.jsonl
382,qwen2_5_coder_1_5b_instruct,python,FS,code_grounded_detailed,200,175861,438aff5beea050d716ff969d966d16eb0358747b193497fa61a0c92c8e854c33,,outputs/correctness/qwen25_coder_1_5b_instruct_P1_few_shot_python_200_resumed_v1_correctness.json_detailed.jsonl
382,qwen2_5_coder_1_5b_instruct,python,FS,code_grounded_detailed,200,157630,5f228d688040c9c0ee2e272504a57ed1291214141c11da464da3474137c636e2,,outputs/correctness/qwen25_coder_1_5b_instruct_P1_few_shot_python_200_t02_p09_k50_v1_correctness.json_detailed.jsonl
382,qwen2_5_coder_1_5b_instruct,python,FS,code_grounded_detailed,300,264592,7ff22ac939bd094e643d310470472dbcf051e9dfdd12642d2556987af1302291,,outputs/correctness/qwen25_coder_1_5b_instruct_P1_few_shot_python_300_v1_correctness.json_detailed.jsonl
382,qwen2_5_coder_1_5b_instruct,python,FS,code_grounded_detailed,400,350041,7919babf93c7ab89ce8f18cc1eccc95792468cad53b127ca9cd712bbfd214e5e,,outputs/correctness/qwen25_coder_1_5b_instruct_P1_few_shot_python_400_v1_correctness.json_detailed.jsonl
382,qwen2_5_coder_1_5b_instruct,python,FS,code_grounded_detailed,400,350041,7919babf93c7ab89ce8f18cc1eccc95792468cad53b127ca9cd712bbfd214e5e,,outputs/correctness/qwen25_coder_1_5b_instruct_P1_few_shot_python_400_v1_correctness_detailed.jsonl
382,qwen2_5_coder_1_5b_instruct,python,FS,code_grounded_detailed,,524970,7d331d34ffe4bce85c97efedeef68d277a890fb551e2b998c0eb5fe89c62ba96,,outputs/correctness/qwen25_coder_1_5b_instruct_P1_few_shot_python_600_v1_correctness.json_detailed.jsonl
382,qwen2_5_coder_1_5b_instruct,python,FS,code_grounded_detailed,200,19737,8fcdc5f91fb506f844b2587029835145c998bda277254da8f303c4c4a0f85813,,outputs/evaluation-and-correctness-may2026/open-source/qwen25_coder_1_5b_instruct_P1_few_shot_python_200_part2_v1_detailed.jsonl
382,qwen2_5_coder_1_5b_instruct,python,FS,code_grounded_detailed,200,182130,aa016c69f6cfdfc10517dbc17c9ee544e036a362c6fd803732c8ce9464eac567,,outputs/evaluation-and-correctness-may2026/open-source/qwen25_coder_1_5b_instruct_P1_few_shot_python_200_resumed_v1_detailed.jsonl
382,qwen2_5_coder_1_5b_instruct,python,FS,code_grounded_detailed,200,162382,118b4376316b037a56816403933feebbaebcdddaf82fbf42144a506bcf8c26e3,,outputs/evaluation-and-correctness-may2026/open-source/qwen25_coder_1_5b_instruct_P1_few_shot_python_200_t02_p09_k50_v1_detailed.jsonl
382,qwen2_5_coder_1_5b_instruct,python,FS,code_grounded_detailed,300,274611,01afe34263fba2947601fda839b63bf9248e04835d7c07e7511d2e3c28cc06ff,,outputs/evaluation-and-correctness-may2026/open-source/qwen25_coder_1_5b_instruct_P1_few_shot_python_300_v1_detailed.jsonl
382,qwen2_5_coder_1_5b_instruct,python,FS,code_grounded_detailed,400,350041,7919babf93c7ab89ce8f18cc1eccc95792468cad53b127ca9cd712bbfd214e5e,,outputs/evaluation-and-correctness-may2026/open-source/qwen25_coder_1_5b_instruct_P1_few_shot_python_400_v1_code_grounded_detailed.jsonl
382,qwen2_5_coder_1_5b_instruct,python,FS,code_grounded_detailed,400,363952,ddba4068f2c3055fbe1e00f03270bf73f5e2a3196793e79529c0ca04d2b4ba48,,outputs/evaluation-and-correctness-may2026/open-source/qwen25_coder_1_5b_instruct_P1_few_shot_python_400_v1_detailed.jsonl
382,qwen2_5_coder_1_5b_instruct,python,FS,code_grounded_detailed,,545490,2e3960d53488639737b6ac84b6341802ac3cb23d799d95c25fe0ee52a5d2d31a,,outputs/evaluation-and-correctness-may2026/open-source/qwen25_coder_1_5b_instruct_P1_few_shot_python_600_v1_detailed.jsonl
382,qwen2_5_coder_1_5b_instruct,python,FS,code_grounded_detailed,200,18231,0491d5e0e53da19f4b42b9f076c22fb9f7eb864a9cca94006242628fb3529dc1,,outputs/segregated_results/open-source-base/correctness/qwen25_coder_1_5b_instruct_P1_few_shot_python_200_part2_v1_correctness.json_detailed.jsonl
382,qwen2_5_coder_1_5b_instruct,python,FS,code_grounded_detailed,200,175861,438aff5beea050d716ff969d966d16eb0358747b193497fa61a0c92c8e854c33,,outputs/segregated_results/open-source-base/correctness/qwen25_coder_1_5b_instruct_P1_few_shot_python_200_resumed_v1_correctness.json_detailed.jsonl
382,qwen2_5_coder_1_5b_instruct,python,FS,code_grounded_detailed,200,157630,5f228d688040c9c0ee2e272504a57ed1291214141c11da464da3474137c636e2,,outputs/segregated_results/open-source-base/correctness/qwen25_coder_1_5b_instruct_P1_few_shot_python_200_t02_p09_k50_v1_correctness.json_detailed.jsonl
382,qwen2_5_coder_1_5b_instruct,python,FS,code_grounded_detailed,300,264592,7ff22ac939bd094e643d310470472dbcf051e9dfdd12642d2556987af1302291,,outputs/segregated_results/open-source-base/correctness/qwen25_coder_1_5b_instruct_P1_few_shot_python_300_v1_correctness.json_detailed.jsonl
382,qwen2_5_coder_1_5b_instruct,python,FS,code_grounded_detailed,400,350041,7919babf93c7ab89ce8f18cc1eccc95792468cad53b127ca9cd712bbfd214e5e,,outputs/segregated_results/open-source-base/correctness/qwen25_coder_1_5b_instruct_P1_few_shot_python_400_v1_correctness.json_detailed.jsonl
382,qwen2_5_coder_1_5b_instruct,python,FS,code_grounded_detailed,400,350041,7919babf93c7ab89ce8f18cc1eccc95792468cad53b127ca9cd712bbfd214e5e,,outputs/segregated_results/open-source-base/correctness/qwen25_coder_1_5b_instruct_P1_few_shot_python_400_v1_correctness_detailed.jsonl
382,qwen2_5_coder_1_5b_instruct,python,FS,code_grounded_detailed,,524970,7d331d34ffe4bce85c97efedeef68d277a890fb551e2b998c0eb5fe89c62ba96,,outputs/segregated_results/open-source-base/correctness/qwen25_coder_1_5b_instruct_P1_few_shot_python_600_v1_correctness.json_detailed.jsonl
382,qwen2_5_coder_1_5b_instruct,python,FS,code_grounded_detailed,400,350041,7919babf93c7ab89ce8f18cc1eccc95792468cad53b127ca9cd712bbfd214e5e,,outputs/segregated_results/open-source-base/may2026/open-source/qwen25_coder_1_5b_instruct_P1_few_shot_python_400_v1_code_grounded_detailed.jsonl
382,qwen2_5_coder_1_5b_instruct,python,FS,code_grounded_detailed,400,333962,d7d371ece32714a349d52b46feafaa57be1f21a5f2492e323d308174537b4351,,outputs/segregated_results/open-source-lora/correctness/qwen25_coder_1_5b_instruct_lora_multilang_P1_few_shot_python_400_v1_correctness_detailed.jsonl
383,qwen2_5_coder_1_5b_instruct,python,FS,code_grounded_summary,400,1583,4ceb393b71866e60915e3775383fa028a28c965b94397f52c51ab881653c87fd,,outputs/correctness/qwen25_coder_1_5b_instruct_lora_multilang_P1_few_shot_python_400_v1_correctness_summary.json
383,qwen2_5_coder_1_5b_instruct,python,FS,code_grounded_summary,200,1239,d94b47093535b1dff11c3ce27071299f84eaa2622789dae5466936696382bfa4,,outputs/correctness/qwen25_coder_1_5b_instruct_P1_few_shot_python_200_part2_v1_correctness.json_summary.json
383,qwen2_5_coder_1_5b_instruct,python,FS,code_grounded_summary,200,1279,d96d131211a5e16546a095cecd4fe8a0e29c3281d6132d9abb12bb895f035757,,outputs/correctness/qwen25_coder_1_5b_instruct_P1_few_shot_python_200_resumed_v1_correctness.json_summary.json
383,qwen2_5_coder_1_5b_instruct,python,FS,code_grounded_summary,200,1341,2e9bdfae519d1a92e0a13ed8c5d6b48167c7ebce6d7c0a798f0aa1c037b43525,,outputs/correctness/qwen25_coder_1_5b_instruct_P1_few_shot_python_200_t02_p09_k50_v1_correctness.json_summary.json
383,qwen2_5_coder_1_5b_instruct,python,FS,code_grounded_summary,300,1301,930a0c5ba0cf65dda595ce53826950e2f5bcb4409641de2d3c64f5b601c5977a,,outputs/correctness/qwen25_coder_1_5b_instruct_P1_few_shot_python_300_v1_correctness.json_summary.json
383,qwen2_5_coder_1_5b_instruct,python,FS,code_grounded_summary,400,1285,a6d980208341714d90785e44ceae20f984b330618561a7ed4a14a8f6d7a0d22f,,outputs/correctness/qwen25_coder_1_5b_instruct_P1_few_shot_python_400_v1_correctness.json_summary.json
383,qwen2_5_coder_1_5b_instruct,python,FS,code_grounded_summary,400,1285,a6d980208341714d90785e44ceae20f984b330618561a7ed4a14a8f6d7a0d22f,,outputs/correctness/qwen25_coder_1_5b_instruct_P1_few_shot_python_400_v1_correctness_summary.json
383,qwen2_5_coder_1_5b_instruct,python,FS,code_grounded_summary,,1321,253dd31a4739dc25c9b92e47e6952ae2ec9d5ac70c2fca8210b58881dda53bb9,,outputs/correctness/qwen25_coder_1_5b_instruct_P1_few_shot_python_600_v1_correctness.json_summary.json
383,qwen2_5_coder_1_5b_instruct,python,FS,code_grounded_summary,200,1168,0009a72eafb85cd93d60ed8702c59dbb5f131021e490a36a5d5bd735cfdc3295,,outputs/evaluation-and-correctness-may2026/open-source/qwen25_coder_1_5b_instruct_P1_few_shot_python_200_part2_v1_summary.json
383,qwen2_5_coder_1_5b_instruct,python,FS,code_grounded_summary,200,1132,0a68f9c3e3e9f33fc1b5f4095fadbf4790174e7fe006e1d645aa100023f8062f,,outputs/evaluation-and-correctness-may2026/open-source/qwen25_coder_1_5b_instruct_P1_few_shot_python_200_resumed_v1_summary.json
383,qwen2_5_coder_1_5b_instruct,python,FS,code_grounded_summary,200,1176,b5a6fa9f6668fa3e99c08e14e2d9ccab3a96049f3edfc2d698a87a7466a85c2f,,outputs/evaluation-and-correctness-may2026/open-source/qwen25_coder_1_5b_instruct_P1_few_shot_python_200_t02_p09_k50_v1_summary.json
383,qwen2_5_coder_1_5b_instruct,python,FS,code_grounded_summary,300,1130,518cf944cf67b98214e125316ce6fc904ca95d769d400cf95b7aeaaa5b466d8a,,outputs/evaluation-and-correctness-may2026/open-source/qwen25_coder_1_5b_instruct_P1_few_shot_python_300_v1_summary.json
383,qwen2_5_coder_1_5b_instruct,python,FS,code_grounded_summary,400,1297,b6bc97207dd5325d83d9ce0ab1e8d5c9c865a570d0cffeebb438703a33f9d9b3,,outputs/evaluation-and-correctness-may2026/open-source/qwen25_coder_1_5b_instruct_P1_few_shot_python_400_v1_code_grounded_summary.json
383,qwen2_5_coder_1_5b_instruct,python,FS,code_grounded_summary,400,1136,d7231d9025c865a6c743e6e9d49e8d8c548742a6015808da40d06760dab218a6,,outputs/evaluation-and-correctness-may2026/open-source/qwen25_coder_1_5b_instruct_P1_few_shot_python_400_v1_summary.json
383,qwen2_5_coder_1_5b_instruct,python,FS,code_grounded_summary,,1120,3128bdf28bfca441ffdc7973e6eb138ffd948dd8588facf3fbb7f97b437e05f4,,outputs/evaluation-and-correctness-may2026/open-source/qwen25_coder_1_5b_instruct_P1_few_shot_python_600_v1_summary.json
383,qwen2_5_coder_1_5b_instruct,python,FS,code_grounded_summary,200,1239,d94b47093535b1dff11c3ce27071299f84eaa2622789dae5466936696382bfa4,,outputs/segregated_results/open-source-base/correctness/qwen25_coder_1_5b_instruct_P1_few_shot_python_200_part2_v1_correctness.json_summary.json
383,qwen2_5_coder_1_5b_instruct,python,FS,code_grounded_summary,200,1279,d96d131211a5e16546a095cecd4fe8a0e29c3281d6132d9abb12bb895f035757,,outputs/segregated_results/open-source-base/correctness/qwen25_coder_1_5b_instruct_P1_few_shot_python_200_resumed_v1_correctness.json_summary.json
383,qwen2_5_coder_1_5b_instruct,python,FS,code_grounded_summary,200,1341,2e9bdfae519d1a92e0a13ed8c5d6b48167c7ebce6d7c0a798f0aa1c037b43525,,outputs/segregated_results/open-source-base/correctness/qwen25_coder_1_5b_instruct_P1_few_shot_python_200_t02_p09_k50_v1_correctness.json_summary.json
383,qwen2_5_coder_1_5b_instruct,python,FS,code_grounded_summary,300,1301,930a0c5ba0cf65dda595ce53826950e2f5bcb4409641de2d3c64f5b601c5977a,,outputs/segregated_results/open-source-base/correctness/qwen25_coder_1_5b_instruct_P1_few_shot_python_300_v1_correctness.json_summary.json
383,qwen2_5_coder_1_5b_instruct,python,FS,code_grounded_summary,400,1285,a6d980208341714d90785e44ceae20f984b330618561a7ed4a14a8f6d7a0d22f,,outputs/segregated_results/open-source-base/correctness/qwen25_coder_1_5b_instruct_P1_few_shot_python_400_v1_correctness.json_summary.json
383,qwen2_5_coder_1_5b_instruct,python,FS,code_grounded_summary,400,1285,a6d980208341714d90785e44ceae20f984b330618561a7ed4a14a8f6d7a0d22f,,outputs/segregated_results/open-source-base/correctness/qwen25_coder_1_5b_instruct_P1_few_shot_python_400_v1_correctness_summary.json
383,qwen2_5_coder_1_5b_instruct,python,FS,code_grounded_summary,,1321,253dd31a4739dc25c9b92e47e6952ae2ec9d5ac70c2fca8210b58881dda53bb9,,outputs/segregated_results/open-source-base/correctness/qwen25_coder_1_5b_instruct_P1_few_shot_python_600_v1_correctness.json_summary.json
383,qwen2_5_coder_1_5b_instruct,python,FS,code_grounded_summary,400,1297,b6bc97207dd5325d83d9ce0ab1e8d5c9c865a570d0cffeebb438703a33f9d9b3,,outputs/segregated_results/open-source-base/may2026/open-source/qwen25_coder_1_5b_instruct_P1_few_shot_python_400_v1_code_grounded_summary.json
383,qwen2_5_coder_1_5b_instruct,python,FS,code_grounded_summary,400,1583,4ceb393b71866e60915e3775383fa028a28c965b94397f52c51ab881653c87fd,,outputs/segregated_results/open-source-lora/correctness/qwen25_coder_1_5b_instruct_lora_multilang_P1_few_shot_python_400_v1_correctness_summary.json
384,qwen2_5_coder_1_5b_instruct,python,FS,raw_generation,200,12377,d5cc0d4f2e3215363e604e368beae24b904e8e4db9b175c4050e1378a98b08c3,,outputs/raw_generations/open-source/qwen25_coder_1_5b_instruct_P1_few_shot_python_200_part2_v1.jsonl
384,qwen2_5_coder_1_5b_instruct,python,FS,raw_generation,200,112279,264f8b4ac9b70262de239ed72d0bc43bae5aee02f2a9cd7e8c0e5ecceaa2f5d0,,outputs/raw_generations/open-source/qwen25_coder_1_5b_instruct_P1_few_shot_python_200_resumed_v1.jsonl
384,qwen2_5_coder_1_5b_instruct,python,FS,raw_generation,200,99902,007344bae4537a3e15db9d9865e76827ba24b87851ed0b30d24d59008784e68f,,outputs/raw_generations/open-source/qwen25_coder_1_5b_instruct_P1_few_shot_python_200_t02_p09_k50_v1.jsonl
384,qwen2_5_coder_1_5b_instruct,python,FS,raw_generation,300,169302,edf130cea87ed9b87f7d10843346dc08e5e3e20e3dfccddc57cd74b276e2fdf3,,outputs/raw_generations/open-source/qwen25_coder_1_5b_instruct_P1_few_shot_python_300_v1.jsonl
384,qwen2_5_coder_1_5b_instruct,python,FS,raw_generation,400,222862,24ebccf382792baa4a75e55d3ff8f4395479c99900a7294c65d7aea83cad413b,,outputs/raw_generations/open-source/qwen25_coder_1_5b_instruct_P1_few_shot_python_400_v1.jsonl
384,qwen2_5_coder_1_5b_instruct,python,FS,raw_generation,,333779,66f365e70eb44b69e0d724e059f3174df975ca292967ad6b4f260fac6b84d2fe,,outputs/raw_generations/open-source/qwen25_coder_1_5b_instruct_P1_few_shot_python_600_v1.jsonl
384,qwen2_5_coder_1_5b_instruct,python,FS,raw_generation,200,12377,d5cc0d4f2e3215363e604e368beae24b904e8e4db9b175c4050e1378a98b08c3,,outputs/raw_generations/qwen25_coder_1_5b_instruct_P1_few_shot_python_200_part2_v1.jsonl
384,qwen2_5_coder_1_5b_instruct,python,FS,raw_generation,200,112279,264f8b4ac9b70262de239ed72d0bc43bae5aee02f2a9cd7e8c0e5ecceaa2f5d0,,outputs/raw_generations/qwen25_coder_1_5b_instruct_P1_few_shot_python_200_resumed_v1.jsonl
384,qwen2_5_coder_1_5b_instruct,python,FS,raw_generation,200,99902,007344bae4537a3e15db9d9865e76827ba24b87851ed0b30d24d59008784e68f,,outputs/raw_generations/qwen25_coder_1_5b_instruct_P1_few_shot_python_200_t02_p09_k50_v1.jsonl
384,qwen2_5_coder_1_5b_instruct,python,FS,raw_generation,300,169302,edf130cea87ed9b87f7d10843346dc08e5e3e20e3dfccddc57cd74b276e2fdf3,,outputs/raw_generations/qwen25_coder_1_5b_instruct_P1_few_shot_python_300_v1.jsonl
384,qwen2_5_coder_1_5b_instruct,python,FS,raw_generation,400,222862,24ebccf382792baa4a75e55d3ff8f4395479c99900a7294c65d7aea83cad413b,,outputs/raw_generations/qwen25_coder_1_5b_instruct_P1_few_shot_python_400_v1.jsonl
384,qwen2_5_coder_1_5b_instruct,python,FS,raw_generation,,333779,66f365e70eb44b69e0d724e059f3174df975ca292967ad6b4f260fac6b84d2fe,,outputs/raw_generations/qwen25_coder_1_5b_instruct_P1_few_shot_python_600_v1.jsonl
385,qwen2_5_coder_1_5b_instruct,python,OS,automatic_evaluation_detailed,10,4784,b5657d6812cf94a6f4c1d8fe73946dab3c47897d73a3131ed307c13e37794ba4,,outputs/evaluations/qwen25_coder_1_5b_instruct_P1_one_shot_python_10_t02_p09_k50_v1_eval.json_detailed.jsonl
385,qwen2_5_coder_1_5b_instruct,python,OS,automatic_evaluation_detailed,200,180457,e9c89f569dfa8d2ed7bd3133cef4b69383a33eeb994e95102e9aaff97d6241c4,,outputs/evaluations/qwen25_coder_1_5b_instruct_P1_one_shot_python_200_greedy_v1_eval.json_detailed.jsonl
385,qwen2_5_coder_1_5b_instruct,python,OS,automatic_evaluation_detailed,200,175193,5355e03a8c5f1e4e033a796a0520e9983c76df96666681b2fc8b23fecab7fb5d,,outputs/evaluations/qwen25_coder_1_5b_instruct_P1_one_shot_python_200_t02_p09_k50_v1_detailed.jsonl
385,qwen2_5_coder_1_5b_instruct,python,OS,automatic_evaluation_detailed,200,180887,e3e66e9a186662ab3a53c7681b0abbc0b69634d76f3220307496d3fa9cf145b5,,outputs/evaluations/qwen25_coder_1_5b_instruct_P1_one_shot_python_200_t02_p09_k50_v1_eval.json_detailed.jsonl
385,qwen2_5_coder_1_5b_instruct,python,OS,automatic_evaluation_detailed,200,175540,0ff6597ee7cac1a07207cf1e84a6de2dcc3bdfe0719d538d7cda49c30ea71af7,,outputs/evaluations/qwen25_coder_1_5b_instruct_P1_one_shot_python_200_t05_p09_k50_v1_detailed.jsonl
385,qwen2_5_coder_1_5b_instruct,python,OS,automatic_evaluation_detailed,200,181255,7f18e57a423b22fced74a025b540320ff72e5691d4a688a22c481e0f41754123,,outputs/evaluations/qwen25_coder_1_5b_instruct_P1_one_shot_python_200_t05_p09_k50_v1_eval.json_detailed.jsonl
385,qwen2_5_coder_1_5b_instruct,python,OS,automatic_evaluation_detailed,200,178435,7943df1dd98288acd5a3b6396b92dbe8eecec0126b2690b11312083e11fe9bbc,,outputs/evaluations/qwen25_coder_1_5b_instruct_P1_one_shot_python_200_t07_p095_k50_v1_detailed.jsonl
385,qwen2_5_coder_1_5b_instruct,python,OS,automatic_evaluation_detailed,200,184178,69c264c5b26d70a2252f0720fc1a25c9be1b332d2106d63fa65071d12628c78e,,outputs/evaluations/qwen25_coder_1_5b_instruct_P1_one_shot_python_200_t07_p095_k50_v1_eval.json_detailed.jsonl
385,qwen2_5_coder_1_5b_instruct,python,OS,automatic_evaluation_detailed,300,262760,22e4a543be5c62a2c4c960dad5e6bd5f74b098183fb8f5b664d67d2d273de900,,outputs/evaluations/qwen25_coder_1_5b_instruct_P1_one_shot_python_300_v1_detailed.jsonl
385,qwen2_5_coder_1_5b_instruct,python,OS,automatic_evaluation_detailed,300,271174,f14f32fca95444e32d6879bce418d9aab28efea58045dc405e5895ee7030dce6,,outputs/evaluations/qwen25_coder_1_5b_instruct_P1_one_shot_python_300_v1_eval.json_detailed.jsonl
385,qwen2_5_coder_1_5b_instruct,python,OS,automatic_evaluation_detailed,400,348915,0f5859187bcba40516b6d920f732df0306f30f7bc61ec8b51262ba3527acfd3f,,outputs/evaluations/qwen25_coder_1_5b_instruct_P1_one_shot_python_400_v1_detailed.jsonl
385,qwen2_5_coder_1_5b_instruct,python,OS,automatic_evaluation_detailed,400,360297,58bc55e058d5dd13057262062cef8e7c8a843d779b3263acc5ced996af62c193,,outputs/evaluations/qwen25_coder_1_5b_instruct_P1_one_shot_python_400_v1_eval.json_detailed.jsonl
385,qwen2_5_coder_1_5b_instruct,python,OS,automatic_evaluation_detailed,,522379,2f44fb17fd8fda8109e31285b80bce157e8a1447e44e1df9580963a7ad32b421,,outputs/evaluations/qwen25_coder_1_5b_instruct_P1_one_shot_python_600_v1_detailed.jsonl
385,qwen2_5_coder_1_5b_instruct,python,OS,automatic_evaluation_detailed,,539529,9176b5a44b207a4239457c3e995b4010b9f71848ea934a1c4efb77600d60435f,,outputs/evaluations/qwen25_coder_1_5b_instruct_P1_one_shot_python_600_v1_eval.json_detailed.jsonl
385,qwen2_5_coder_1_5b_instruct,python,OS,automatic_evaluation_detailed,10,4784,b5657d6812cf94a6f4c1d8fe73946dab3c47897d73a3131ed307c13e37794ba4,,outputs/segregated_results/open-source-base/eval/qwen25_coder_1_5b_instruct_P1_one_shot_python_10_t02_p09_k50_v1_eval.json_detailed.jsonl
385,qwen2_5_coder_1_5b_instruct,python,OS,automatic_evaluation_detailed,200,180457,e9c89f569dfa8d2ed7bd3133cef4b69383a33eeb994e95102e9aaff97d6241c4,,outputs/segregated_results/open-source-base/eval/qwen25_coder_1_5b_instruct_P1_one_shot_python_200_greedy_v1_eval.json_detailed.jsonl
385,qwen2_5_coder_1_5b_instruct,python,OS,automatic_evaluation_detailed,200,175193,5355e03a8c5f1e4e033a796a0520e9983c76df96666681b2fc8b23fecab7fb5d,,outputs/segregated_results/open-source-base/eval/qwen25_coder_1_5b_instruct_P1_one_shot_python_200_t02_p09_k50_v1_detailed.jsonl
385,qwen2_5_coder_1_5b_instruct,python,OS,automatic_evaluation_detailed,200,180887,e3e66e9a186662ab3a53c7681b0abbc0b69634d76f3220307496d3fa9cf145b5,,outputs/segregated_results/open-source-base/eval/qwen25_coder_1_5b_instruct_P1_one_shot_python_200_t02_p09_k50_v1_eval.json_detailed.jsonl
385,qwen2_5_coder_1_5b_instruct,python,OS,automatic_evaluation_detailed,200,175540,0ff6597ee7cac1a07207cf1e84a6de2dcc3bdfe0719d538d7cda49c30ea71af7,,outputs/segregated_results/open-source-base/eval/qwen25_coder_1_5b_instruct_P1_one_shot_python_200_t05_p09_k50_v1_detailed.jsonl
385,qwen2_5_coder_1_5b_instruct,python,OS,automatic_evaluation_detailed,200,181255,7f18e57a423b22fced74a025b540320ff72e5691d4a688a22c481e0f41754123,,outputs/segregated_results/open-source-base/eval/qwen25_coder_1_5b_instruct_P1_one_shot_python_200_t05_p09_k50_v1_eval.json_detailed.jsonl
385,qwen2_5_coder_1_5b_instruct,python,OS,automatic_evaluation_detailed,200,178435,7943df1dd98288acd5a3b6396b92dbe8eecec0126b2690b11312083e11fe9bbc,,outputs/segregated_results/open-source-base/eval/qwen25_coder_1_5b_instruct_P1_one_shot_python_200_t07_p095_k50_v1_detailed.jsonl
385,qwen2_5_coder_1_5b_instruct,python,OS,automatic_evaluation_detailed,200,184178,69c264c5b26d70a2252f0720fc1a25c9be1b332d2106d63fa65071d12628c78e,,outputs/segregated_results/open-source-base/eval/qwen25_coder_1_5b_instruct_P1_one_shot_python_200_t07_p095_k50_v1_eval.json_detailed.jsonl
385,qwen2_5_coder_1_5b_instruct,python,OS,automatic_evaluation_detailed,300,262760,22e4a543be5c62a2c4c960dad5e6bd5f74b098183fb8f5b664d67d2d273de900,,outputs/segregated_results/open-source-base/eval/qwen25_coder_1_5b_instruct_P1_one_shot_python_300_v1_detailed.jsonl
385,qwen2_5_coder_1_5b_instruct,python,OS,automatic_evaluation_detailed,300,271174,f14f32fca95444e32d6879bce418d9aab28efea58045dc405e5895ee7030dce6,,outputs/segregated_results/open-source-base/eval/qwen25_coder_1_5b_instruct_P1_one_shot_python_300_v1_eval.json_detailed.jsonl
385,qwen2_5_coder_1_5b_instruct,python,OS,automatic_evaluation_detailed,400,348915,0f5859187bcba40516b6d920f732df0306f30f7bc61ec8b51262ba3527acfd3f,,outputs/segregated_results/open-source-base/eval/qwen25_coder_1_5b_instruct_P1_one_shot_python_400_v1_detailed.jsonl
385,qwen2_5_coder_1_5b_instruct,python,OS,automatic_evaluation_detailed,400,360297,58bc55e058d5dd13057262062cef8e7c8a843d779b3263acc5ced996af62c193,,outputs/segregated_results/open-source-base/eval/qwen25_coder_1_5b_instruct_P1_one_shot_python_400_v1_eval.json_detailed.jsonl
385,qwen2_5_coder_1_5b_instruct,python,OS,automatic_evaluation_detailed,,522379,2f44fb17fd8fda8109e31285b80bce157e8a1447e44e1df9580963a7ad32b421,,outputs/segregated_results/open-source-base/eval/qwen25_coder_1_5b_instruct_P1_one_shot_python_600_v1_detailed.jsonl
385,qwen2_5_coder_1_5b_instruct,python,OS,automatic_evaluation_detailed,,539529,9176b5a44b207a4239457c3e995b4010b9f71848ea934a1c4efb77600d60435f,,outputs/segregated_results/open-source-base/eval/qwen25_coder_1_5b_instruct_P1_one_shot_python_600_v1_eval.json_detailed.jsonl
386,qwen2_5_coder_1_5b_instruct,python,OS,automatic_evaluation_summary,10,1109,bc218cc4e31e59efbdd6935f3ebedac281c5437625a7239381b9af108f1fea7a,,outputs/evaluations/qwen25_coder_1_5b_instruct_P1_one_shot_python_10_t02_p09_k50_v1_eval.json_summary.json
386,qwen2_5_coder_1_5b_instruct,python,OS,automatic_evaluation_summary,200,1115,75f059773c47ed282f87c374eda931d10e27422bea7e922bd04d9e4eee681446,,outputs/evaluations/qwen25_coder_1_5b_instruct_P1_one_shot_python_200_greedy_v1_eval.json_summary.json
386,qwen2_5_coder_1_5b_instruct,python,OS,automatic_evaluation_summary,200,1122,ee46d3548c6752008af511e52fb66df75f270e2e14bac2403d89722c2e6f2234,,outputs/evaluations/qwen25_coder_1_5b_instruct_P1_one_shot_python_200_t02_p09_k50_v1_eval.json_summary.json
386,qwen2_5_coder_1_5b_instruct,python,OS,automatic_evaluation_summary,200,1044,c038244aa244fbfa13a537ad91c8fcd5d9ea1d9ee4e49325d1fc384ca792653e,,outputs/evaluations/qwen25_coder_1_5b_instruct_P1_one_shot_python_200_t02_p09_k50_v1_summary.json
386,qwen2_5_coder_1_5b_instruct,python,OS,automatic_evaluation_summary,200,1124,9b4975b68b2267763c0cd1a63c1d2ce9fc159c488c0eaf0aff2be6125b3f468c,,outputs/evaluations/qwen25_coder_1_5b_instruct_P1_one_shot_python_200_t05_p09_k50_v1_eval.json_summary.json
386,qwen2_5_coder_1_5b_instruct,python,OS,automatic_evaluation_summary,200,1046,5c8e875634534414c40410613e55cc0f7e2a4caa121e0654b7ab5b5bef2f3e23,,outputs/evaluations/qwen25_coder_1_5b_instruct_P1_one_shot_python_200_t05_p09_k50_v1_summary.json
386,qwen2_5_coder_1_5b_instruct,python,OS,automatic_evaluation_summary,200,1127,a09e04d7abc36d668a9a7ca4cdb486d411923deb629b1172d70587d68f9e953b,,outputs/evaluations/qwen25_coder_1_5b_instruct_P1_one_shot_python_200_t07_p095_k50_v1_eval.json_summary.json
386,qwen2_5_coder_1_5b_instruct,python,OS,automatic_evaluation_summary,200,1049,bde0cfbe591646b2dec7f76f8ab1aa956a66dde3e6a41fd8f5efb3663da010b9,,outputs/evaluations/qwen25_coder_1_5b_instruct_P1_one_shot_python_200_t07_p095_k50_v1_summary.json
386,qwen2_5_coder_1_5b_instruct,python,OS,automatic_evaluation_summary,300,1128,dc0e123fd8e6428c2e8da6a4d718d5bca5ca94647b7f270617472695b7b6cda2,,outputs/evaluations/qwen25_coder_1_5b_instruct_P1_one_shot_python_300_v1_eval.json_summary.json
386,qwen2_5_coder_1_5b_instruct,python,OS,automatic_evaluation_summary,300,1048,68411ec50cb15de89c537830097d1d4187d3e71a539a06c7afacb4de2a74b03c,,outputs/evaluations/qwen25_coder_1_5b_instruct_P1_one_shot_python_300_v1_summary.json
386,qwen2_5_coder_1_5b_instruct,python,OS,automatic_evaluation_summary,400,1116,fb98f3c64676e0f4a0750717532e8b243a5113d32cee21536225459831ccbb4e,,outputs/evaluations/qwen25_coder_1_5b_instruct_P1_one_shot_python_400_v1_eval.json_summary.json
386,qwen2_5_coder_1_5b_instruct,python,OS,automatic_evaluation_summary,400,1038,f8eb02e56ec3a7146d6e747f4ed2a7a30a54e66ff9d7eeee59596c5640c48d45,,outputs/evaluations/qwen25_coder_1_5b_instruct_P1_one_shot_python_400_v1_summary.json
386,qwen2_5_coder_1_5b_instruct,python,OS,automatic_evaluation_summary,,1152,fc7b2a7ad7e711500623eed0c07b396acd3778a6f30585de9950718e89af0e81,,outputs/evaluations/qwen25_coder_1_5b_instruct_P1_one_shot_python_600_v1_eval.json_summary.json
386,qwen2_5_coder_1_5b_instruct,python,OS,automatic_evaluation_summary,,1074,62a5ff6cbaa85d0b5c90e7d2f9efc534c6b659d60a6b241f466656dfb36d2f0f,,outputs/evaluations/qwen25_coder_1_5b_instruct_P1_one_shot_python_600_v1_summary.json
386,qwen2_5_coder_1_5b_instruct,python,OS,automatic_evaluation_summary,10,1109,bc218cc4e31e59efbdd6935f3ebedac281c5437625a7239381b9af108f1fea7a,,outputs/segregated_results/open-source-base/eval/qwen25_coder_1_5b_instruct_P1_one_shot_python_10_t02_p09_k50_v1_eval.json_summary.json
386,qwen2_5_coder_1_5b_instruct,python,OS,automatic_evaluation_summary,200,1115,75f059773c47ed282f87c374eda931d10e27422bea7e922bd04d9e4eee681446,,outputs/segregated_results/open-source-base/eval/qwen25_coder_1_5b_instruct_P1_one_shot_python_200_greedy_v1_eval.json_summary.json
386,qwen2_5_coder_1_5b_instruct,python,OS,automatic_evaluation_summary,200,1122,ee46d3548c6752008af511e52fb66df75f270e2e14bac2403d89722c2e6f2234,,outputs/segregated_results/open-source-base/eval/qwen25_coder_1_5b_instruct_P1_one_shot_python_200_t02_p09_k50_v1_eval.json_summary.json
386,qwen2_5_coder_1_5b_instruct,python,OS,automatic_evaluation_summary,200,1044,c038244aa244fbfa13a537ad91c8fcd5d9ea1d9ee4e49325d1fc384ca792653e,,outputs/segregated_results/open-source-base/eval/qwen25_coder_1_5b_instruct_P1_one_shot_python_200_t02_p09_k50_v1_summary.json
386,qwen2_5_coder_1_5b_instruct,python,OS,automatic_evaluation_summary,200,1124,9b4975b68b2267763c0cd1a63c1d2ce9fc159c488c0eaf0aff2be6125b3f468c,,outputs/segregated_results/open-source-base/eval/qwen25_coder_1_5b_instruct_P1_one_shot_python_200_t05_p09_k50_v1_eval.json_summary.json
386,qwen2_5_coder_1_5b_instruct,python,OS,automatic_evaluation_summary,200,1046,5c8e875634534414c40410613e55cc0f7e2a4caa121e0654b7ab5b5bef2f3e23,,outputs/segregated_results/open-source-base/eval/qwen25_coder_1_5b_instruct_P1_one_shot_python_200_t05_p09_k50_v1_summary.json
386,qwen2_5_coder_1_5b_instruct,python,OS,automatic_evaluation_summary,200,1127,a09e04d7abc36d668a9a7ca4cdb486d411923deb629b1172d70587d68f9e953b,,outputs/segregated_results/open-source-base/eval/qwen25_coder_1_5b_instruct_P1_one_shot_python_200_t07_p095_k50_v1_eval.json_summary.json
386,qwen2_5_coder_1_5b_instruct,python,OS,automatic_evaluation_summary,200,1049,bde0cfbe591646b2dec7f76f8ab1aa956a66dde3e6a41fd8f5efb3663da010b9,,outputs/segregated_results/open-source-base/eval/qwen25_coder_1_5b_instruct_P1_one_shot_python_200_t07_p095_k50_v1_summary.json
386,qwen2_5_coder_1_5b_instruct,python,OS,automatic_evaluation_summary,300,1128,dc0e123fd8e6428c2e8da6a4d718d5bca5ca94647b7f270617472695b7b6cda2,,outputs/segregated_results/open-source-base/eval/qwen25_coder_1_5b_instruct_P1_one_shot_python_300_v1_eval.json_summary.json
386,qwen2_5_coder_1_5b_instruct,python,OS,automatic_evaluation_summary,300,1048,68411ec50cb15de89c537830097d1d4187d3e71a539a06c7afacb4de2a74b03c,,outputs/segregated_results/open-source-base/eval/qwen25_coder_1_5b_instruct_P1_one_shot_python_300_v1_summary.json
386,qwen2_5_coder_1_5b_instruct,python,OS,automatic_evaluation_summary,400,1116,fb98f3c64676e0f4a0750717532e8b243a5113d32cee21536225459831ccbb4e,,outputs/segregated_results/open-source-base/eval/qwen25_coder_1_5b_instruct_P1_one_shot_python_400_v1_eval.json_summary.json
386,qwen2_5_coder_1_5b_instruct,python,OS,automatic_evaluation_summary,400,1038,f8eb02e56ec3a7146d6e747f4ed2a7a30a54e66ff9d7eeee59596c5640c48d45,,outputs/segregated_results/open-source-base/eval/qwen25_coder_1_5b_instruct_P1_one_shot_python_400_v1_summary.json
386,qwen2_5_coder_1_5b_instruct,python,OS,automatic_evaluation_summary,,1152,fc7b2a7ad7e711500623eed0c07b396acd3778a6f30585de9950718e89af0e81,,outputs/segregated_results/open-source-base/eval/qwen25_coder_1_5b_instruct_P1_one_shot_python_600_v1_eval.json_summary.json
386,qwen2_5_coder_1_5b_instruct,python,OS,automatic_evaluation_summary,,1074,62a5ff6cbaa85d0b5c90e7d2f9efc534c6b659d60a6b241f466656dfb36d2f0f,,outputs/segregated_results/open-source-base/eval/qwen25_coder_1_5b_instruct_P1_one_shot_python_600_v1_summary.json
387,qwen2_5_coder_1_5b_instruct,python,OS,code_grounded_detailed,400,336045,3d0c9c57827cb8ab5db23707a9127b8e22f93000b5ec7362281afa963c2c328a,,outputs/correctness/qwen25_coder_1_5b_instruct_lora_multilang_P1_one_shot_python_400_v1_correctness_detailed.jsonl
387,qwen2_5_coder_1_5b_instruct,python,OS,code_grounded_detailed,10,4463,28cb413417e573e22409d1022efaf9db82d50f6f1e50cde31457c91711d64c60,,outputs/correctness/qwen25_coder_1_5b_instruct_P1_one_shot_python_10_t02_p09_k50_v1_correctness.json_detailed.jsonl
387,qwen2_5_coder_1_5b_instruct,python,OS,code_grounded_detailed,200,173817,b4e4f379854e208eacd3209fb44d2da9eecbd59a3a12b499b64e4c7a31886de5,,outputs/correctness/qwen25_coder_1_5b_instruct_P1_one_shot_python_200_greedy_v1_correctness.json_detailed.jsonl
387,qwen2_5_coder_1_5b_instruct,python,OS,code_grounded_detailed,200,174425,d701a76b462cc25f4cb2c6e29242ed7682e18eb8d1368fefe64f7a339d98fa66,,outputs/correctness/qwen25_coder_1_5b_instruct_P1_one_shot_python_200_t02_p09_k50_v1_correctness.json_detailed.jsonl
387,qwen2_5_coder_1_5b_instruct,python,OS,code_grounded_detailed,200,174672,0603889455b79d0bcbeb49b5cc6d9d82f8fe7d90f0c8cae1ab7d2a2017bfcb1d,,outputs/correctness/qwen25_coder_1_5b_instruct_P1_one_shot_python_200_t05_p09_k50_v1_correctness.json_detailed.jsonl
387,qwen2_5_coder_1_5b_instruct,python,OS,code_grounded_detailed,200,177445,3ea3154ac34b495ed19735a0ed94be899d71ba778ada7404450c758424adcc48,,outputs/correctness/qwen25_coder_1_5b_instruct_P1_one_shot_python_200_t07_p095_k50_v1_correctness.json_detailed.jsonl
387,qwen2_5_coder_1_5b_instruct,python,OS,code_grounded_detailed,300,261018,4bf429d02a4ca29c192cf489e8c90e8fd5f55b54ec58adbdf201ab409e7ac022,,outputs/correctness/qwen25_coder_1_5b_instruct_P1_one_shot_python_300_v1_correctness.json_detailed.jsonl
387,qwen2_5_coder_1_5b_instruct,python,OS,code_grounded_detailed,400,346913,88f927ad13e556ae49efc605b672354c5ec93559eb5756a09917641df6c2e3d0,,outputs/correctness/qwen25_coder_1_5b_instruct_P1_one_shot_python_400_v1_correctness.json_detailed.jsonl
387,qwen2_5_coder_1_5b_instruct,python,OS,code_grounded_detailed,,519976,72507278b9099930be6db597d940d6a912bf697e1111d2270817932e620f60ce,,outputs/correctness/qwen25_coder_1_5b_instruct_P1_one_shot_python_600_v1_correctness.json_detailed.jsonl
387,qwen2_5_coder_1_5b_instruct,python,OS,code_grounded_detailed,10,4784,b5657d6812cf94a6f4c1d8fe73946dab3c47897d73a3131ed307c13e37794ba4,,outputs/evaluation-and-correctness-may2026/open-source/qwen25_coder_1_5b_instruct_P1_one_shot_python_10_t02_p09_k50_v1_detailed.jsonl
387,qwen2_5_coder_1_5b_instruct,python,OS,code_grounded_detailed,200,180453,3723ec334552584ff4ea91ba64421ad2dce99b7f1095da970ea7f4f495e6d9f7,,outputs/evaluation-and-correctness-may2026/open-source/qwen25_coder_1_5b_instruct_P1_one_shot_python_200_greedy_v1_detailed.jsonl
387,qwen2_5_coder_1_5b_instruct,python,OS,code_grounded_detailed,200,180886,c3242f48067c4e549bcf9d09e7afd74c851d2e066502c9ae1e115c246b82a556,,outputs/evaluation-and-correctness-may2026/open-source/qwen25_coder_1_5b_instruct_P1_one_shot_python_200_t02_p09_k50_v1_detailed.jsonl
387,qwen2_5_coder_1_5b_instruct,python,OS,code_grounded_detailed,200,181257,69f92c7e7beb5a859f1c509b291168cbea49e9d1128ca45d342b83abdc81ad4d,,outputs/evaluation-and-correctness-may2026/open-source/qwen25_coder_1_5b_instruct_P1_one_shot_python_200_t05_p09_k50_v1_detailed.jsonl
387,qwen2_5_coder_1_5b_instruct,python,OS,code_grounded_detailed,200,184180,675afcf2667df43173b956421dfa50fb2c5cff741c56305a2764139e4b9887af,,outputs/evaluation-and-correctness-may2026/open-source/qwen25_coder_1_5b_instruct_P1_one_shot_python_200_t07_p095_k50_v1_detailed.jsonl
387,qwen2_5_coder_1_5b_instruct,python,OS,code_grounded_detailed,300,271170,940e8221d4ad0ceb4d2d841296a7ffab6659ac8ef13289a33c13442eda8e8e3a,,outputs/evaluation-and-correctness-may2026/open-source/qwen25_coder_1_5b_instruct_P1_one_shot_python_300_v1_detailed.jsonl
387,qwen2_5_coder_1_5b_instruct,python,OS,code_grounded_detailed,400,346913,88f927ad13e556ae49efc605b672354c5ec93559eb5756a09917641df6c2e3d0,,outputs/evaluation-and-correctness-may2026/open-source/qwen25_coder_1_5b_instruct_P1_one_shot_python_400_v1_code_grounded_detailed.jsonl
387,qwen2_5_coder_1_5b_instruct,python,OS,code_grounded_detailed,400,360291,a60ad962fd0586fa756aa59795b2d6679f505b0dc9503879d99e00a143b5962d,,outputs/evaluation-and-correctness-may2026/open-source/qwen25_coder_1_5b_instruct_P1_one_shot_python_400_v1_detailed.jsonl
387,qwen2_5_coder_1_5b_instruct,python,OS,code_grounded_detailed,,539517,0ffc6bee9cbf8b10bfdc6499d97d2568897a71acea5bd631a3de3dde602cd803,,outputs/evaluation-and-correctness-may2026/open-source/qwen25_coder_1_5b_instruct_P1_one_shot_python_600_v1_detailed.jsonl
387,qwen2_5_coder_1_5b_instruct,python,OS,code_grounded_detailed,10,4463,28cb413417e573e22409d1022efaf9db82d50f6f1e50cde31457c91711d64c60,,outputs/segregated_results/open-source-base/correctness/qwen25_coder_1_5b_instruct_P1_one_shot_python_10_t02_p09_k50_v1_correctness.json_detailed.jsonl
387,qwen2_5_coder_1_5b_instruct,python,OS,code_grounded_detailed,200,173817,b4e4f379854e208eacd3209fb44d2da9eecbd59a3a12b499b64e4c7a31886de5,,outputs/segregated_results/open-source-base/correctness/qwen25_coder_1_5b_instruct_P1_one_shot_python_200_greedy_v1_correctness.json_detailed.jsonl
387,qwen2_5_coder_1_5b_instruct,python,OS,code_grounded_detailed,200,174425,d701a76b462cc25f4cb2c6e29242ed7682e18eb8d1368fefe64f7a339d98fa66,,outputs/segregated_results/open-source-base/correctness/qwen25_coder_1_5b_instruct_P1_one_shot_python_200_t02_p09_k50_v1_correctness.json_detailed.jsonl
387,qwen2_5_coder_1_5b_instruct,python,OS,code_grounded_detailed,200,174672,0603889455b79d0bcbeb49b5cc6d9d82f8fe7d90f0c8cae1ab7d2a2017bfcb1d,,outputs/segregated_results/open-source-base/correctness/qwen25_coder_1_5b_instruct_P1_one_shot_python_200_t05_p09_k50_v1_correctness.json_detailed.jsonl
387,qwen2_5_coder_1_5b_instruct,python,OS,code_grounded_detailed,200,177445,3ea3154ac34b495ed19735a0ed94be899d71ba778ada7404450c758424adcc48,,outputs/segregated_results/open-source-base/correctness/qwen25_coder_1_5b_instruct_P1_one_shot_python_200_t07_p095_k50_v1_correctness.json_detailed.jsonl
387,qwen2_5_coder_1_5b_instruct,python,OS,code_grounded_detailed,300,261018,4bf429d02a4ca29c192cf489e8c90e8fd5f55b54ec58adbdf201ab409e7ac022,,outputs/segregated_results/open-source-base/correctness/qwen25_coder_1_5b_instruct_P1_one_shot_python_300_v1_correctness.json_detailed.jsonl
387,qwen2_5_coder_1_5b_instruct,python,OS,code_grounded_detailed,400,346913,88f927ad13e556ae49efc605b672354c5ec93559eb5756a09917641df6c2e3d0,,outputs/segregated_results/open-source-base/correctness/qwen25_coder_1_5b_instruct_P1_one_shot_python_400_v1_correctness.json_detailed.jsonl
387,qwen2_5_coder_1_5b_instruct,python,OS,code_grounded_detailed,,519976,72507278b9099930be6db597d940d6a912bf697e1111d2270817932e620f60ce,,outputs/segregated_results/open-source-base/correctness/qwen25_coder_1_5b_instruct_P1_one_shot_python_600_v1_correctness.json_detailed.jsonl
387,qwen2_5_coder_1_5b_instruct,python,OS,code_grounded_detailed,400,346913,88f927ad13e556ae49efc605b672354c5ec93559eb5756a09917641df6c2e3d0,,outputs/segregated_results/open-source-base/may2026/open-source/qwen25_coder_1_5b_instruct_P1_one_shot_python_400_v1_code_grounded_detailed.jsonl
387,qwen2_5_coder_1_5b_instruct,python,OS,code_grounded_detailed,400,336045,3d0c9c57827cb8ab5db23707a9127b8e22f93000b5ec7362281afa963c2c328a,,outputs/segregated_results/open-source-lora/correctness/qwen25_coder_1_5b_instruct_lora_multilang_P1_one_shot_python_400_v1_correctness_detailed.jsonl
388,qwen2_5_coder_1_5b_instruct,python,OS,code_grounded_summary,400,1581,c28241fe18c31f2a3f2eb9114aa045e3c046c8d1bc0f96f7acb147c365b1f0c7,,outputs/correctness/qwen25_coder_1_5b_instruct_lora_multilang_P1_one_shot_python_400_v1_correctness_summary.json
388,qwen2_5_coder_1_5b_instruct,python,OS,code_grounded_summary,10,1200,1c38ac9e4a866d53137452da856c836b72f3acf07d5317fd5ab863e8e655c6e6,,outputs/correctness/qwen25_coder_1_5b_instruct_P1_one_shot_python_10_t02_p09_k50_v1_correctness.json_summary.json
388,qwen2_5_coder_1_5b_instruct,python,OS,code_grounded_summary,200,1274,51ae1068dcb821b4e7ec7e0803e68d6a597e3473eb7bfb032cd766bdeba5656a,,outputs/correctness/qwen25_coder_1_5b_instruct_P1_one_shot_python_200_greedy_v1_correctness.json_summary.json
388,qwen2_5_coder_1_5b_instruct,python,OS,code_grounded_summary,200,1285,f81e300c365b052444f9ca24a94986ad3b731c047d346b4c8501111ea043e788,,outputs/correctness/qwen25_coder_1_5b_instruct_P1_one_shot_python_200_t02_p09_k50_v1_correctness.json_summary.json
388,qwen2_5_coder_1_5b_instruct,python,OS,code_grounded_summary,200,1283,67b5bccec1faa3b48c1e92d00f47a2a24569b34b2a7316e118c3977383eaedf3,,outputs/correctness/qwen25_coder_1_5b_instruct_P1_one_shot_python_200_t05_p09_k50_v1_correctness.json_summary.json
388,qwen2_5_coder_1_5b_instruct,python,OS,code_grounded_summary,200,1280,476758da37ed16633bc5faa1cc1a8e137c0631c249f9656faf7eca511c2a5d18,,outputs/correctness/qwen25_coder_1_5b_instruct_P1_one_shot_python_200_t07_p095_k50_v1_correctness.json_summary.json
388,qwen2_5_coder_1_5b_instruct,python,OS,code_grounded_summary,300,1269,61bb99c3e1bc2ce7a3b4ae56543de27906f721409f742b13da56f26919032a30,,outputs/correctness/qwen25_coder_1_5b_instruct_P1_one_shot_python_300_v1_correctness.json_summary.json
388,qwen2_5_coder_1_5b_instruct,python,OS,code_grounded_summary,400,1277,bc1b86d23e54590cf46e5d3d0c7d72cad9756dd055ac6140e37ffa6b00cbd669,,outputs/correctness/qwen25_coder_1_5b_instruct_P1_one_shot_python_400_v1_correctness.json_summary.json
388,qwen2_5_coder_1_5b_instruct,python,OS,code_grounded_summary,,1309,043677e99f2bb45a27ad10e1a085c1ba9d45946be732262ac31e505e32f7984c,,outputs/correctness/qwen25_coder_1_5b_instruct_P1_one_shot_python_600_v1_correctness.json_summary.json
388,qwen2_5_coder_1_5b_instruct,python,OS,code_grounded_summary,10,1121,210f125308a9d53baac943f4ef20942351ce342f061f16bd148442f500de5e31,,outputs/evaluation-and-correctness-may2026/open-source/qwen25_coder_1_5b_instruct_P1_one_shot_python_10_t02_p09_k50_v1_summary.json
388,qwen2_5_coder_1_5b_instruct,python,OS,code_grounded_summary,200,1127,eb174680106e4682bcb3311db23ce6aff8fd8d2639180666780ed95dfadce776,,outputs/evaluation-and-correctness-may2026/open-source/qwen25_coder_1_5b_instruct_P1_one_shot_python_200_greedy_v1_summary.json
388,qwen2_5_coder_1_5b_instruct,python,OS,code_grounded_summary,200,1134,417783ef619ba20f429aa4c03193d3954a635a502faa9e56fa1423a02709051f,,outputs/evaluation-and-correctness-may2026/open-source/qwen25_coder_1_5b_instruct_P1_one_shot_python_200_t02_p09_k50_v1_summary.json
388,qwen2_5_coder_1_5b_instruct,python,OS,code_grounded_summary,200,1134,032f147970a2cf4824944080a1c320671238fff6aff4a1e2a50726eafbe7c06e,,outputs/evaluation-and-correctness-may2026/open-source/qwen25_coder_1_5b_instruct_P1_one_shot_python_200_t05_p09_k50_v1_summary.json
388,qwen2_5_coder_1_5b_instruct,python,OS,code_grounded_summary,200,1139,11ece64a4f16230fbced7d5ecfd67e03c6db8a11b34b92599917369472b1e9b0,,outputs/evaluation-and-correctness-may2026/open-source/qwen25_coder_1_5b_instruct_P1_one_shot_python_200_t07_p095_k50_v1_summary.json
388,qwen2_5_coder_1_5b_instruct,python,OS,code_grounded_summary,300,1140,ce8f17b1d8c656f9644b1c206e60643904bcd8b603f6120a578a6d236473ec81,,outputs/evaluation-and-correctness-may2026/open-source/qwen25_coder_1_5b_instruct_P1_one_shot_python_300_v1_summary.json
388,qwen2_5_coder_1_5b_instruct,python,OS,code_grounded_summary,400,1289,697df158d19843f37730a5d2d8bc4fd137c81e586850ee1908aad498c6a05243,,outputs/evaluation-and-correctness-may2026/open-source/qwen25_coder_1_5b_instruct_P1_one_shot_python_400_v1_code_grounded_summary.json
388,qwen2_5_coder_1_5b_instruct,python,OS,code_grounded_summary,400,1128,57b5c1fe9e95be5967132d2013e81b47fcd0e834377d13c9aa07dff9b1a5afb2,,outputs/evaluation-and-correctness-may2026/open-source/qwen25_coder_1_5b_instruct_P1_one_shot_python_400_v1_summary.json
388,qwen2_5_coder_1_5b_instruct,python,OS,code_grounded_summary,,1164,5485e196f1f0f7e28dba0405801be20c057584d54e9cb505c478f2f806345ac3,,outputs/evaluation-and-correctness-may2026/open-source/qwen25_coder_1_5b_instruct_P1_one_shot_python_600_v1_summary.json
388,qwen2_5_coder_1_5b_instruct,python,OS,code_grounded_summary,10,1200,1c38ac9e4a866d53137452da856c836b72f3acf07d5317fd5ab863e8e655c6e6,,outputs/segregated_results/open-source-base/correctness/qwen25_coder_1_5b_instruct_P1_one_shot_python_10_t02_p09_k50_v1_correctness.json_summary.json
388,qwen2_5_coder_1_5b_instruct,python,OS,code_grounded_summary,200,1274,51ae1068dcb821b4e7ec7e0803e68d6a597e3473eb7bfb032cd766bdeba5656a,,outputs/segregated_results/open-source-base/correctness/qwen25_coder_1_5b_instruct_P1_one_shot_python_200_greedy_v1_correctness.json_summary.json
388,qwen2_5_coder_1_5b_instruct,python,OS,code_grounded_summary,200,1285,f81e300c365b052444f9ca24a94986ad3b731c047d346b4c8501111ea043e788,,outputs/segregated_results/open-source-base/correctness/qwen25_coder_1_5b_instruct_P1_one_shot_python_200_t02_p09_k50_v1_correctness.json_summary.json
388,qwen2_5_coder_1_5b_instruct,python,OS,code_grounded_summary,200,1283,67b5bccec1faa3b48c1e92d00f47a2a24569b34b2a7316e118c3977383eaedf3,,outputs/segregated_results/open-source-base/correctness/qwen25_coder_1_5b_instruct_P1_one_shot_python_200_t05_p09_k50_v1_correctness.json_summary.json
388,qwen2_5_coder_1_5b_instruct,python,OS,code_grounded_summary,200,1280,476758da37ed16633bc5faa1cc1a8e137c0631c249f9656faf7eca511c2a5d18,,outputs/segregated_results/open-source-base/correctness/qwen25_coder_1_5b_instruct_P1_one_shot_python_200_t07_p095_k50_v1_correctness.json_summary.json
388,qwen2_5_coder_1_5b_instruct,python,OS,code_grounded_summary,300,1269,61bb99c3e1bc2ce7a3b4ae56543de27906f721409f742b13da56f26919032a30,,outputs/segregated_results/open-source-base/correctness/qwen25_coder_1_5b_instruct_P1_one_shot_python_300_v1_correctness.json_summary.json
388,qwen2_5_coder_1_5b_instruct,python,OS,code_grounded_summary,400,1277,bc1b86d23e54590cf46e5d3d0c7d72cad9756dd055ac6140e37ffa6b00cbd669,,outputs/segregated_results/open-source-base/correctness/qwen25_coder_1_5b_instruct_P1_one_shot_python_400_v1_correctness.json_summary.json
388,qwen2_5_coder_1_5b_instruct,python,OS,code_grounded_summary,,1309,043677e99f2bb45a27ad10e1a085c1ba9d45946be732262ac31e505e32f7984c,,outputs/segregated_results/open-source-base/correctness/qwen25_coder_1_5b_instruct_P1_one_shot_python_600_v1_correctness.json_summary.json
388,qwen2_5_coder_1_5b_instruct,python,OS,code_grounded_summary,400,1289,697df158d19843f37730a5d2d8bc4fd137c81e586850ee1908aad498c6a05243,,outputs/segregated_results/open-source-base/may2026/open-source/qwen25_coder_1_5b_instruct_P1_one_shot_python_400_v1_code_grounded_summary.json
388,qwen2_5_coder_1_5b_instruct,python,OS,code_grounded_summary,400,1581,c28241fe18c31f2a3f2eb9114aa045e3c046c8d1bc0f96f7acb147c365b1f0c7,,outputs/segregated_results/open-source-lora/correctness/qwen25_coder_1_5b_instruct_lora_multilang_P1_one_shot_python_400_v1_correctness_summary.json
389,qwen2_5_coder_1_5b_instruct,python,OS,raw_generation,10,3039,78b0d13227454a399be96cbbb0d6d2799df4cae9703167500886dcca60238485,,outputs/raw_generations/open-source/qwen25_coder_1_5b_instruct_P1_one_shot_python_10_t02_p09_k50_v1.jsonl
389,qwen2_5_coder_1_5b_instruct,python,OS,raw_generation,200,110258,46c6e8ed2961db4ce9b958e21591f9190598ca92ea8067eb01e3cad8eef8a68e,,outputs/raw_generations/open-source/qwen25_coder_1_5b_instruct_P1_one_shot_python_200_greedy_v1.jsonl
389,qwen2_5_coder_1_5b_instruct,python,OS,raw_generation,200,110887,cd053af63ffe53649d4b34beb24e851bec1f5ddff5a397428b348db11cf3611b,,outputs/raw_generations/open-source/qwen25_coder_1_5b_instruct_P1_one_shot_python_200_t02_p09_k50_v1.jsonl
389,qwen2_5_coder_1_5b_instruct,python,OS,raw_generation,200,111110,abbb45b9e89ff9f152691a757c3e1bf04bfbc1be124f5551999b829df5973faa,,outputs/raw_generations/open-source/qwen25_coder_1_5b_instruct_P1_one_shot_python_200_t05_p09_k50_v1.jsonl
389,qwen2_5_coder_1_5b_instruct,python,OS,raw_generation,200,113937,5dbc5da0d45bfc5ed11ad87a25e136af6a5ebe0969c0bd6ba82d21de32f70395,,outputs/raw_generations/open-source/qwen25_coder_1_5b_instruct_P1_one_shot_python_200_t07_p095_k50_v1.jsonl
389,qwen2_5_coder_1_5b_instruct,python,OS,raw_generation,300,165801,064c5c8b9f40a02d72b919962564e006c50da0aec7960569fadfb067895698b8,,outputs/raw_generations/open-source/qwen25_coder_1_5b_instruct_P1_one_shot_python_300_v1.jsonl
389,qwen2_5_coder_1_5b_instruct,python,OS,raw_generation,400,219499,61242dc8443ce9241114cbcc2edfa4caaa47a9039632430e0518c06dbcdcb46c,,outputs/raw_generations/open-source/qwen25_coder_1_5b_instruct_P1_one_shot_python_400_v1.jsonl
389,qwen2_5_coder_1_5b_instruct,python,OS,raw_generation,,328512,64e201a1757c194f79096009496970f0c313ccaae29111357c6f01909ddb2caa,,outputs/raw_generations/open-source/qwen25_coder_1_5b_instruct_P1_one_shot_python_600_v1.jsonl
389,qwen2_5_coder_1_5b_instruct,python,OS,raw_generation,10,3039,78b0d13227454a399be96cbbb0d6d2799df4cae9703167500886dcca60238485,,outputs/raw_generations/qwen25_coder_1_5b_instruct_P1_one_shot_python_10_t02_p09_k50_v1.jsonl
389,qwen2_5_coder_1_5b_instruct,python,OS,raw_generation,200,110258,46c6e8ed2961db4ce9b958e21591f9190598ca92ea8067eb01e3cad8eef8a68e,,outputs/raw_generations/qwen25_coder_1_5b_instruct_P1_one_shot_python_200_greedy_v1.jsonl
389,qwen2_5_coder_1_5b_instruct,python,OS,raw_generation,200,110887,cd053af63ffe53649d4b34beb24e851bec1f5ddff5a397428b348db11cf3611b,,outputs/raw_generations/qwen25_coder_1_5b_instruct_P1_one_shot_python_200_t02_p09_k50_v1.jsonl
389,qwen2_5_coder_1_5b_instruct,python,OS,raw_generation,200,111110,abbb45b9e89ff9f152691a757c3e1bf04bfbc1be124f5551999b829df5973faa,,outputs/raw_generations/qwen25_coder_1_5b_instruct_P1_one_shot_python_200_t05_p09_k50_v1.jsonl
389,qwen2_5_coder_1_5b_instruct,python,OS,raw_generation,200,113937,5dbc5da0d45bfc5ed11ad87a25e136af6a5ebe0969c0bd6ba82d21de32f70395,,outputs/raw_generations/qwen25_coder_1_5b_instruct_P1_one_shot_python_200_t07_p095_k50_v1.jsonl
389,qwen2_5_coder_1_5b_instruct,python,OS,raw_generation,300,165801,064c5c8b9f40a02d72b919962564e006c50da0aec7960569fadfb067895698b8,,outputs/raw_generations/qwen25_coder_1_5b_instruct_P1_one_shot_python_300_v1.jsonl
389,qwen2_5_coder_1_5b_instruct,python,OS,raw_generation,400,219499,61242dc8443ce9241114cbcc2edfa4caaa47a9039632430e0518c06dbcdcb46c,,outputs/raw_generations/qwen25_coder_1_5b_instruct_P1_one_shot_python_400_v1.jsonl
389,qwen2_5_coder_1_5b_instruct,python,OS,raw_generation,,328512,64e201a1757c194f79096009496970f0c313ccaae29111357c6f01909ddb2caa,,outputs/raw_generations/qwen25_coder_1_5b_instruct_P1_one_shot_python_600_v1.jsonl
390,qwen2_5_coder_1_5b_instruct,python,ZS,automatic_evaluation_detailed,400,414502,705ad59a16959d9d90062c03c76fa0125c8fa1f937c9005adad31d92db21f30a,,outputs/evaluation_And_corrctness_may2026_1/decoding_sensitivity/qwen25_coder_1_5b_instruct_P1_zero_shot_python_400_greedy_v1_detailed.jsonl
390,qwen2_5_coder_1_5b_instruct,python,ZS,automatic_evaluation_detailed,400,412268,5624eb65a5942ce956ddece3365e6928ac27e991e79191a30950b247743485f1,,outputs/evaluation_And_corrctness_may2026_1/decoding_sensitivity/qwen25_coder_1_5b_instruct_P1_zero_shot_python_400_t02_p09_k50_v1_detailed.jsonl
390,qwen2_5_coder_1_5b_instruct,python,ZS,automatic_evaluation_detailed,400,413217,0a52043e459290b72616a7599e039e8eed83421f6947b292a708b989cd4190f7,,outputs/evaluation_And_corrctness_may2026_1/decoding_sensitivity/qwen25_coder_1_5b_instruct_P1_zero_shot_python_400_t05_p09_k50_v1_detailed.jsonl
390,qwen2_5_coder_1_5b_instruct,python,ZS,automatic_evaluation_detailed,400,412453,c8c082edcb148bc00274a5d50345be22f19cb6c18a4336ce81de82209cdb0448,,outputs/evaluation_And_corrctness_may2026_1/decoding_sensitivity/qwen25_coder_1_5b_instruct_P1_zero_shot_python_400_t07_p095_k50_v1_detailed.jsonl
390,qwen2_5_coder_1_5b_instruct,python,ZS,automatic_evaluation_detailed,1000,990431,2edcbc44ed360f07d9bb82f6e8a3faa631d9554715d00ffa22f4662aa9fe48d9,,outputs/evaluation_And_corrctness_may2026_1/saturation_experiment/qwen25_coder_1_5b_instruct_P1_zero_shot_python_1000_ZS_v3_detailed.jsonl
390,qwen2_5_coder_1_5b_instruct,python,ZS,automatic_evaluation_detailed,100,97660,88e61b910009bd4d8b10f7fb27593429bb15b6253d79075ee4427bad6783f730,,outputs/evaluation_And_corrctness_may2026_1/saturation_experiment/qwen25_coder_1_5b_instruct_P1_zero_shot_python_100_v1_detailed.jsonl
390,qwen2_5_coder_1_5b_instruct,python,ZS,automatic_evaluation_detailed,,1188181,91508b2aa1d389ecba398f6182e0793c11f1c94740564ff1159d7e04df349b21,,outputs/evaluation_And_corrctness_may2026_1/saturation_experiment/qwen25_coder_1_5b_instruct_P1_zero_shot_python_1200_v1_detailed.jsonl
390,qwen2_5_coder_1_5b_instruct,python,ZS,automatic_evaluation_detailed,200,196842,266e22148e0cfc982d2a8b45c8b2ebe663d844a594316f287f398d021cf98f48,,outputs/evaluation_And_corrctness_may2026_1/saturation_experiment/qwen25_coder_1_5b_instruct_P1_zero_shot_python_200_v1_detailed.jsonl
390,qwen2_5_coder_1_5b_instruct,python,ZS,automatic_evaluation_detailed,300,295381,cc6bb76e201a622814e9999cd71eef06a2f23d5d1cdb4db9291f6f1013c3cf91,,outputs/evaluation_And_corrctness_may2026_1/saturation_experiment/qwen25_coder_1_5b_instruct_P1_zero_shot_python_300_ZS_v3_detailed.jsonl
390,qwen2_5_coder_1_5b_instruct,python,ZS,automatic_evaluation_detailed,400,396008,25862ce6bc2f8c0eadb02419e655cbe0ba9ca2df6419bb50e1861f3799803fc8,,outputs/evaluation_And_corrctness_may2026_1/saturation_experiment/qwen25_coder_1_5b_instruct_P1_zero_shot_python_400_v1_detailed.jsonl
390,qwen2_5_coder_1_5b_instruct,python,ZS,automatic_evaluation_detailed,500,493002,de1fa9990c058dbb7ef9f2319756ba2293984dea3afd46a0bb04fb8c2b2221f9,,outputs/evaluation_And_corrctness_may2026_1/saturation_experiment/qwen25_coder_1_5b_instruct_P1_zero_shot_python_500_ZS_v3_detailed.jsonl
390,qwen2_5_coder_1_5b_instruct,python,ZS,automatic_evaluation_detailed,,594491,b5c959b43da0d3429e2d0b6571ada4e86a88dc9b446b39cd85d86dfacb93a6a7,,outputs/evaluation_And_corrctness_may2026_1/saturation_experiment/qwen25_coder_1_5b_instruct_P1_zero_shot_python_600_v1_detailed.jsonl
390,qwen2_5_coder_1_5b_instruct,python,ZS,automatic_evaluation_detailed,,793615,dfb46dc6c56c80c2457255d5e4f2e2788b3450243068f16fbe49faef840d5f11,,outputs/evaluation_And_corrctness_may2026_1/saturation_experiment/qwen25_coder_1_5b_instruct_P1_zero_shot_python_800_v1_detailed.jsonl
390,qwen2_5_coder_1_5b_instruct,python,ZS,automatic_evaluation_detailed,400,345256,efb028cebc6da40c184ceb15e976c2b865369fc01040e2d6e6a64c9cb68ef460,,outputs/evaluations/qwen25_coder_1_5b_instruct_lora_multilang_P1_zero_shot_python_400_v1_eval.json_detailed.jsonl
390,qwen2_5_coder_1_5b_instruct,python,ZS,automatic_evaluation_detailed,1000,961650,61069a4cb1607e44fe814a01e0f74455f162429294cdf3166c352ca7985ba38e,,outputs/evaluations/qwen25_coder_1_5b_instruct_P1_zero_shot_python_1000_ZS_v3_detailed.jsonl
390,qwen2_5_coder_1_5b_instruct,python,ZS,automatic_evaluation_detailed,1000,990425,371c5e82c2f3279dd022d7eee9a44f1ed312890393be67331c538bc8baacba6a,,outputs/evaluations/qwen25_coder_1_5b_instruct_P1_zero_shot_python_1000_ZS_v3_eval.json_detailed.jsonl
390,qwen2_5_coder_1_5b_instruct,python,ZS,automatic_evaluation_detailed,100,94799,a0a4ebfbec7e4a5fa70d9fe79f56f47fda0aef098e37980f8b687f6f6ec770fc,,outputs/evaluations/qwen25_coder_1_5b_instruct_P1_zero_shot_python_100_v1_detailed.jsonl
390,qwen2_5_coder_1_5b_instruct,python,ZS,automatic_evaluation_detailed,100,97658,e6f6b7d597e0b6b767d2a1bf22fcf21e7cef48ca0e165010fc1cee110980d078,,outputs/evaluations/qwen25_coder_1_5b_instruct_P1_zero_shot_python_100_v1_eval.json_detailed.jsonl
390,qwen2_5_coder_1_5b_instruct,python,ZS,automatic_evaluation_detailed,,1153878,53e90abbc3b53bdf75121b6de73a2393c5aef8fe0e1a7dba6414a312efd0375b,,outputs/evaluations/qwen25_coder_1_5b_instruct_P1_zero_shot_python_1200_v1_detailed.jsonl
390,qwen2_5_coder_1_5b_instruct,python,ZS,automatic_evaluation_detailed,,1188174,edeb111a21b42e80085e49bd15cf9e3bb06a0cf29868efebc710b5b99af24116,,outputs/evaluations/qwen25_coder_1_5b_instruct_P1_zero_shot_python_1200_v1_eval.json_detailed.jsonl
390,qwen2_5_coder_1_5b_instruct,python,ZS,automatic_evaluation_detailed,,937,dcce2b6b43048086a69ab28603bf0310edbc5a713b5d628187c322ba3ddaf4c4,,outputs/evaluations/qwen25_coder_1_5b_instruct_P1_zero_shot_python_2000_ZS_v3_eval.json_detailed.jsonl
390,qwen2_5_coder_1_5b_instruct,python,ZS,automatic_evaluation_detailed,200,191134,57149106f19183bdbecc564734722b9d2a6a5687b24b612e5b084fbfecf4f7f9,,outputs/evaluations/qwen25_coder_1_5b_instruct_P1_zero_shot_python_200_v1_detailed.jsonl
390,qwen2_5_coder_1_5b_instruct,python,ZS,automatic_evaluation_detailed,200,196838,8a7da9bdf85abbfd5e253115e7290079bb08b59f1629d74b26ce48fa1521aaf0,,outputs/evaluations/qwen25_coder_1_5b_instruct_P1_zero_shot_python_200_v1_eval.json_detailed.jsonl
390,qwen2_5_coder_1_5b_instruct,python,ZS,automatic_evaluation_detailed,300,286893,3b7ea43043adca81049bae9dd78bb8824120a04ba3348d2312561ae3e0c95b6e,,outputs/evaluations/qwen25_coder_1_5b_instruct_P1_zero_shot_python_300_ZS_v3_detailed.jsonl
390,qwen2_5_coder_1_5b_instruct,python,ZS,automatic_evaluation_detailed,300,295380,bc41308a3a93ea02e536b7f10613830f27f0a22a4878b8f2a7e036bcd67fbd26,,outputs/evaluations/qwen25_coder_1_5b_instruct_P1_zero_shot_python_300_ZS_v3_eval.json_detailed.jsonl
390,qwen2_5_coder_1_5b_instruct,python,ZS,automatic_evaluation_detailed,400,384464,a8e06428cb2a91bab67224024b846e480b499b9e60abb58717808262f2163581,,outputs/evaluations/qwen25_coder_1_5b_instruct_P1_zero_shot_python_400_v1_detailed.jsonl
390,qwen2_5_coder_1_5b_instruct,python,ZS,automatic_evaluation_detailed,400,396011,50e337a8cae41544ed302ea72bfa7e8def93da9dbd997ab125aa6100e41e93df,,outputs/evaluations/qwen25_coder_1_5b_instruct_P1_zero_shot_python_400_v1_eval.json_detailed.jsonl
390,qwen2_5_coder_1_5b_instruct,python,ZS,automatic_evaluation_detailed,500,478735,8fd909c02d86d6e22993f90042b9c7ad35da04ec58b9a864f40d871d7762df28,,outputs/evaluations/qwen25_coder_1_5b_instruct_P1_zero_shot_python_500_ZS_v3_detailed.jsonl
390,qwen2_5_coder_1_5b_instruct,python,ZS,automatic_evaluation_detailed,500,493009,34c1a8ff0b23fc871e32eb99bdb93f6ce5fb1765f1a06b24d5c0d13b66a88e70,,outputs/evaluations/qwen25_coder_1_5b_instruct_P1_zero_shot_python_500_ZS_v3_eval.json_detailed.jsonl
390,qwen2_5_coder_1_5b_instruct,python,ZS,automatic_evaluation_detailed,,577217,60c79cda14c7238de5dbae4442008652a0a41feb68728a2a2e27c2e9a6693814,,outputs/evaluations/qwen25_coder_1_5b_instruct_P1_zero_shot_python_600_v1_detailed.jsonl
390,qwen2_5_coder_1_5b_instruct,python,ZS,automatic_evaluation_detailed,,594503,01862e56a4812e6eaf6e03ecf7ed5780e8cb7fe563a3dd5e10415ed5d8152154,,outputs/evaluations/qwen25_coder_1_5b_instruct_P1_zero_shot_python_600_v1_eval.json_detailed.jsonl
390,qwen2_5_coder_1_5b_instruct,python,ZS,automatic_evaluation_detailed,,770534,89bf33abc4492f3ac536b1e1a79b71e5bc56d572fb7eb59c763df3b7fa35d678,,outputs/evaluations/qwen25_coder_1_5b_instruct_P1_zero_shot_python_800_v1_detailed.jsonl
390,qwen2_5_coder_1_5b_instruct,python,ZS,automatic_evaluation_detailed,,793608,5f0b90f30e5dc8b98613bae69674d74d320206c42cbace7a2daa599c10dda960,,outputs/evaluations/qwen25_coder_1_5b_instruct_P1_zero_shot_python_800_v1_eval.json_detailed.jsonl
390,qwen2_5_coder_1_5b_instruct,python,ZS,automatic_evaluation_detailed,1000,961650,61069a4cb1607e44fe814a01e0f74455f162429294cdf3166c352ca7985ba38e,,outputs/segregated_results/open-source-base/eval/qwen25_coder_1_5b_instruct_P1_zero_shot_python_1000_ZS_v3_detailed.jsonl
390,qwen2_5_coder_1_5b_instruct,python,ZS,automatic_evaluation_detailed,1000,990425,371c5e82c2f3279dd022d7eee9a44f1ed312890393be67331c538bc8baacba6a,,outputs/segregated_results/open-source-base/eval/qwen25_coder_1_5b_instruct_P1_zero_shot_python_1000_ZS_v3_eval.json_detailed.jsonl
390,qwen2_5_coder_1_5b_instruct,python,ZS,automatic_evaluation_detailed,100,94799,a0a4ebfbec7e4a5fa70d9fe79f56f47fda0aef098e37980f8b687f6f6ec770fc,,outputs/segregated_results/open-source-base/eval/qwen25_coder_1_5b_instruct_P1_zero_shot_python_100_v1_detailed.jsonl
390,qwen2_5_coder_1_5b_instruct,python,ZS,automatic_evaluation_detailed,100,97658,e6f6b7d597e0b6b767d2a1bf22fcf21e7cef48ca0e165010fc1cee110980d078,,outputs/segregated_results/open-source-base/eval/qwen25_coder_1_5b_instruct_P1_zero_shot_python_100_v1_eval.json_detailed.jsonl
390,qwen2_5_coder_1_5b_instruct,python,ZS,automatic_evaluation_detailed,,1153878,53e90abbc3b53bdf75121b6de73a2393c5aef8fe0e1a7dba6414a312efd0375b,,outputs/segregated_results/open-source-base/eval/qwen25_coder_1_5b_instruct_P1_zero_shot_python_1200_v1_detailed.jsonl
390,qwen2_5_coder_1_5b_instruct,python,ZS,automatic_evaluation_detailed,,1188174,edeb111a21b42e80085e49bd15cf9e3bb06a0cf29868efebc710b5b99af24116,,outputs/segregated_results/open-source-base/eval/qwen25_coder_1_5b_instruct_P1_zero_shot_python_1200_v1_eval.json_detailed.jsonl
390,qwen2_5_coder_1_5b_instruct,python,ZS,automatic_evaluation_detailed,,937,dcce2b6b43048086a69ab28603bf0310edbc5a713b5d628187c322ba3ddaf4c4,,outputs/segregated_results/open-source-base/eval/qwen25_coder_1_5b_instruct_P1_zero_shot_python_2000_ZS_v3_eval.json_detailed.jsonl
390,qwen2_5_coder_1_5b_instruct,python,ZS,automatic_evaluation_detailed,200,191134,57149106f19183bdbecc564734722b9d2a6a5687b24b612e5b084fbfecf4f7f9,,outputs/segregated_results/open-source-base/eval/qwen25_coder_1_5b_instruct_P1_zero_shot_python_200_v1_detailed.jsonl
390,qwen2_5_coder_1_5b_instruct,python,ZS,automatic_evaluation_detailed,200,196838,8a7da9bdf85abbfd5e253115e7290079bb08b59f1629d74b26ce48fa1521aaf0,,outputs/segregated_results/open-source-base/eval/qwen25_coder_1_5b_instruct_P1_zero_shot_python_200_v1_eval.json_detailed.jsonl
390,qwen2_5_coder_1_5b_instruct,python,ZS,automatic_evaluation_detailed,300,286893,3b7ea43043adca81049bae9dd78bb8824120a04ba3348d2312561ae3e0c95b6e,,outputs/segregated_results/open-source-base/eval/qwen25_coder_1_5b_instruct_P1_zero_shot_python_300_ZS_v3_detailed.jsonl
390,qwen2_5_coder_1_5b_instruct,python,ZS,automatic_evaluation_detailed,300,295380,bc41308a3a93ea02e536b7f10613830f27f0a22a4878b8f2a7e036bcd67fbd26,,outputs/segregated_results/open-source-base/eval/qwen25_coder_1_5b_instruct_P1_zero_shot_python_300_ZS_v3_eval.json_detailed.jsonl
390,qwen2_5_coder_1_5b_instruct,python,ZS,automatic_evaluation_detailed,400,384464,a8e06428cb2a91bab67224024b846e480b499b9e60abb58717808262f2163581,,outputs/segregated_results/open-source-base/eval/qwen25_coder_1_5b_instruct_P1_zero_shot_python_400_v1_detailed.jsonl
390,qwen2_5_coder_1_5b_instruct,python,ZS,automatic_evaluation_detailed,400,396011,50e337a8cae41544ed302ea72bfa7e8def93da9dbd997ab125aa6100e41e93df,,outputs/segregated_results/open-source-base/eval/qwen25_coder_1_5b_instruct_P1_zero_shot_python_400_v1_eval.json_detailed.jsonl
390,qwen2_5_coder_1_5b_instruct,python,ZS,automatic_evaluation_detailed,500,478735,8fd909c02d86d6e22993f90042b9c7ad35da04ec58b9a864f40d871d7762df28,,outputs/segregated_results/open-source-base/eval/qwen25_coder_1_5b_instruct_P1_zero_shot_python_500_ZS_v3_detailed.jsonl
390,qwen2_5_coder_1_5b_instruct,python,ZS,automatic_evaluation_detailed,500,493009,34c1a8ff0b23fc871e32eb99bdb93f6ce5fb1765f1a06b24d5c0d13b66a88e70,,outputs/segregated_results/open-source-base/eval/qwen25_coder_1_5b_instruct_P1_zero_shot_python_500_ZS_v3_eval.json_detailed.jsonl
390,qwen2_5_coder_1_5b_instruct,python,ZS,automatic_evaluation_detailed,,577217,60c79cda14c7238de5dbae4442008652a0a41feb68728a2a2e27c2e9a6693814,,outputs/segregated_results/open-source-base/eval/qwen25_coder_1_5b_instruct_P1_zero_shot_python_600_v1_detailed.jsonl
390,qwen2_5_coder_1_5b_instruct,python,ZS,automatic_evaluation_detailed,,594503,01862e56a4812e6eaf6e03ecf7ed5780e8cb7fe563a3dd5e10415ed5d8152154,,outputs/segregated_results/open-source-base/eval/qwen25_coder_1_5b_instruct_P1_zero_shot_python_600_v1_eval.json_detailed.jsonl
390,qwen2_5_coder_1_5b_instruct,python,ZS,automatic_evaluation_detailed,,770534,89bf33abc4492f3ac536b1e1a79b71e5bc56d572fb7eb59c763df3b7fa35d678,,outputs/segregated_results/open-source-base/eval/qwen25_coder_1_5b_instruct_P1_zero_shot_python_800_v1_detailed.jsonl
390,qwen2_5_coder_1_5b_instruct,python,ZS,automatic_evaluation_detailed,,793608,5f0b90f30e5dc8b98613bae69674d74d320206c42cbace7a2daa599c10dda960,,outputs/segregated_results/open-source-base/eval/qwen25_coder_1_5b_instruct_P1_zero_shot_python_800_v1_eval.json_detailed.jsonl
390,qwen2_5_coder_1_5b_instruct,python,ZS,automatic_evaluation_detailed,400,345256,efb028cebc6da40c184ceb15e976c2b865369fc01040e2d6e6a64c9cb68ef460,,outputs/segregated_results/open-source-lora/eval/qwen25_coder_1_5b_instruct_lora_multilang_P1_zero_shot_python_400_v1_eval.json_detailed.jsonl
391,qwen2_5_coder_1_5b_instruct,python,ZS,automatic_evaluation_summary,400,1130,cff654d06a995e4d7e0ee15ba015c48c8715efec61b8a72987531de1881b88b7,,outputs/evaluation_And_corrctness_may2026_1/decoding_sensitivity/qwen25_coder_1_5b_instruct_P1_zero_shot_python_400_greedy_v1_summary.json
391,qwen2_5_coder_1_5b_instruct,python,ZS,automatic_evaluation_summary,400,1141,aa89d11712fda64c4859c2ea7b36a993e263bb302de3d9ca9473dbeaad57a4d2,,outputs/evaluation_And_corrctness_may2026_1/decoding_sensitivity/qwen25_coder_1_5b_instruct_P1_zero_shot_python_400_t02_p09_k50_v1_summary.json
391,qwen2_5_coder_1_5b_instruct,python,ZS,automatic_evaluation_summary,400,1139,6951743e87ede193ee02ea8a0a9ded3634338ea061ec8545999ae3623e3d80f8,,outputs/evaluation_And_corrctness_may2026_1/decoding_sensitivity/qwen25_coder_1_5b_instruct_P1_zero_shot_python_400_t05_p09_k50_v1_summary.json
391,qwen2_5_coder_1_5b_instruct,python,ZS,automatic_evaluation_summary,400,1144,52461b08ca6b284cad69e26b779d5a6a21d1b7dcdc9a4d799dc2359a1d315b74,,outputs/evaluation_And_corrctness_may2026_1/decoding_sensitivity/qwen25_coder_1_5b_instruct_P1_zero_shot_python_400_t07_p095_k50_v1_summary.json
391,qwen2_5_coder_1_5b_instruct,python,ZS,automatic_evaluation_summary,1000,1129,1d2bd07237efb6dd31240d939b8ffb669cc3c8ab7b65c297773ec8ee9543bb0a,,outputs/evaluation_And_corrctness_may2026_1/saturation_experiment/qwen25_coder_1_5b_instruct_P1_zero_shot_python_1000_ZS_v3_summary.json
391,qwen2_5_coder_1_5b_instruct,python,ZS,automatic_evaluation_summary,100,1121,af00189ac2ac4419401c873c3da375966cd3273517abbd8e693d72d91bc73c61,,outputs/evaluation_And_corrctness_may2026_1/saturation_experiment/qwen25_coder_1_5b_instruct_P1_zero_shot_python_100_v1_summary.json
391,qwen2_5_coder_1_5b_instruct,python,ZS,automatic_evaluation_summary,,1138,a34e94e798efa815f186711de8b3bca66bc3b6efa8f331364dc7c13407793216,,outputs/evaluation_And_corrctness_may2026_1/saturation_experiment/qwen25_coder_1_5b_instruct_P1_zero_shot_python_1200_v1_summary.json
391,qwen2_5_coder_1_5b_instruct,python,ZS,automatic_evaluation_summary,200,1121,8b8aa24226dd482108b5e25750b3a0e3f5df17fac7476f991bdfdf195ce2f4db,,outputs/evaluation_And_corrctness_may2026_1/saturation_experiment/qwen25_coder_1_5b_instruct_P1_zero_shot_python_200_v1_summary.json
391,qwen2_5_coder_1_5b_instruct,python,ZS,automatic_evaluation_summary,300,1144,e693ca0540c512a21115864147ac0d402c6807b06d16a34b447c73f6b1141eeb,,outputs/evaluation_And_corrctness_may2026_1/saturation_experiment/qwen25_coder_1_5b_instruct_P1_zero_shot_python_300_ZS_v3_summary.json
391,qwen2_5_coder_1_5b_instruct,python,ZS,automatic_evaluation_summary,400,1121,73340efbb43270cf5becfdc42eb02c471d62fd1e9cbcb93fca9a54bd3c043cb7,,outputs/evaluation_And_corrctness_may2026_1/saturation_experiment/qwen25_coder_1_5b_instruct_P1_zero_shot_python_400_v1_summary.json
391,qwen2_5_coder_1_5b_instruct,python,ZS,automatic_evaluation_summary,500,1128,134fbed31534b7fdee129992dfb2b096b5720274265a3e7a0327ac770ec9241b,,outputs/evaluation_And_corrctness_may2026_1/saturation_experiment/qwen25_coder_1_5b_instruct_P1_zero_shot_python_500_ZS_v3_summary.json
391,qwen2_5_coder_1_5b_instruct,python,ZS,automatic_evaluation_summary,,1143,915ab025cce8657b9993c563ef84ae22b56d07fe5e937afdb164c7f1c6b20101,,outputs/evaluation_And_corrctness_may2026_1/saturation_experiment/qwen25_coder_1_5b_instruct_P1_zero_shot_python_600_v1_summary.json
391,qwen2_5_coder_1_5b_instruct,python,ZS,automatic_evaluation_summary,,1131,7424aa23902a1a4517af46aa146f33da10a786c9a9503ee11066e3c2905ae543,,outputs/evaluation_And_corrctness_may2026_1/saturation_experiment/qwen25_coder_1_5b_instruct_P1_zero_shot_python_800_v1_summary.json
391,qwen2_5_coder_1_5b_instruct,python,ZS,automatic_evaluation_summary,400,1142,ad03e0895571c9e18d831c88dc0666d1922bfbc59bf0d23e513fed2f47b9bdef,,outputs/evaluations/qwen25_coder_1_5b_instruct_lora_multilang_P1_zero_shot_python_400_v1_eval.json_summary.json
391,qwen2_5_coder_1_5b_instruct,python,ZS,automatic_evaluation_summary,1000,1115,4087ad941523e89c17564e8a77c8764009bd0f2f7fd278c0cdb19ea06cde33bd,,outputs/evaluations/qwen25_coder_1_5b_instruct_P1_zero_shot_python_1000_ZS_v3_eval.json_summary.json
391,qwen2_5_coder_1_5b_instruct,python,ZS,automatic_evaluation_summary,1000,1039,39a50fc390091d49ed135202f386b895444aeaeabeb4340c69d7a75827189c32,,outputs/evaluations/qwen25_coder_1_5b_instruct_P1_zero_shot_python_1000_ZS_v3_summary.json
391,qwen2_5_coder_1_5b_instruct,python,ZS,automatic_evaluation_summary,100,1111,04fd019f23095fe3aa4e4bfd3f4c6b4f40350d7a683cbccc265a192e2443beba,,outputs/evaluations/qwen25_coder_1_5b_instruct_P1_zero_shot_python_100_v1_eval.json_summary.json
391,qwen2_5_coder_1_5b_instruct,python,ZS,automatic_evaluation_summary,100,1033,66ba2700d6bcf99f5f3e1a033bd22dc8865ab0d5d404f40eebc80fd8506f86bd,,outputs/evaluations/qwen25_coder_1_5b_instruct_P1_zero_shot_python_100_v1_summary.json
391,qwen2_5_coder_1_5b_instruct,python,ZS,automatic_evaluation_summary,,1126,6396d710eb205146d2d275e302c9f4e43ecda623ab9a843528f6c365b7eb0871,,outputs/evaluations/qwen25_coder_1_5b_instruct_P1_zero_shot_python_1200_v1_eval.json_summary.json
391,qwen2_5_coder_1_5b_instruct,python,ZS,automatic_evaluation_summary,,1052,d2ca07c1065b4efae929a59420a0d0f726092f2c6080fda665aa8a95765f843e,,outputs/evaluations/qwen25_coder_1_5b_instruct_P1_zero_shot_python_1200_v1_summary.json
391,qwen2_5_coder_1_5b_instruct,python,ZS,automatic_evaluation_summary,,1069,6f36ef28c6a76abed5b000ecd51c165b1ba4505204af5d8cc3e83a5ef27cb5d9,,outputs/evaluations/qwen25_coder_1_5b_instruct_P1_zero_shot_python_2000_ZS_v3_eval.json_summary.json
391,qwen2_5_coder_1_5b_instruct,python,ZS,automatic_evaluation_summary,200,1107,684144caae159e29877b7cfdd20247aaaaa0f8c22698427631be517c61f321c3,,outputs/evaluations/qwen25_coder_1_5b_instruct_P1_zero_shot_python_200_v1_eval.json_summary.json
391,qwen2_5_coder_1_5b_instruct,python,ZS,automatic_evaluation_summary,200,1031,b941bb77fbd9a5a90dd3c41550a171c151c0758a257c3dd6624384f859f12768,,outputs/evaluations/qwen25_coder_1_5b_instruct_P1_zero_shot_python_200_v1_summary.json
391,qwen2_5_coder_1_5b_instruct,python,ZS,automatic_evaluation_summary,300,1132,59e40641395c89bb3f9ab31a8cb4f490b1d46d343142153977cab196edbae120,,outputs/evaluations/qwen25_coder_1_5b_instruct_P1_zero_shot_python_300_ZS_v3_eval.json_summary.json
391,qwen2_5_coder_1_5b_instruct,python,ZS,automatic_evaluation_summary,300,1054,d719e34800bfb07d6f6984ae0e0ec4908da0922c0b520349c0f6e85d2c19d63a,,outputs/evaluations/qwen25_coder_1_5b_instruct_P1_zero_shot_python_300_ZS_v3_summary.json
391,qwen2_5_coder_1_5b_instruct,python,ZS,automatic_evaluation_summary,400,1109,0a375c34028fb26a22fdf9f0cdf73f4b227b9c0b2d0ad38306fdef32ba8446cc,,outputs/evaluations/qwen25_coder_1_5b_instruct_P1_zero_shot_python_400_v1_eval.json_summary.json
391,qwen2_5_coder_1_5b_instruct,python,ZS,automatic_evaluation_summary,400,1031,6752467bce063cc99a2f1533868ed145c8f2e720b31ebca2c8cf727c356d9c89,,outputs/evaluations/qwen25_coder_1_5b_instruct_P1_zero_shot_python_400_v1_summary.json
391,qwen2_5_coder_1_5b_instruct,python,ZS,automatic_evaluation_summary,500,1116,70117cd7e388edfd148273b6a5b48f8f389993a1bea8176f66322c6349c47825,,outputs/evaluations/qwen25_coder_1_5b_instruct_P1_zero_shot_python_500_ZS_v3_eval.json_summary.json
391,qwen2_5_coder_1_5b_instruct,python,ZS,automatic_evaluation_summary,500,1038,669c63683d806232d4c33a049ca86671f0b244982a1b2b2e0c2c0475af229e0e,,outputs/evaluations/qwen25_coder_1_5b_instruct_P1_zero_shot_python_500_ZS_v3_summary.json
391,qwen2_5_coder_1_5b_instruct,python,ZS,automatic_evaluation_summary,,1133,47230fc7c57175dc34cfdc1e97bfe254b4215b8989da84e8c7a19a72871badcc,,outputs/evaluations/qwen25_coder_1_5b_instruct_P1_zero_shot_python_600_v1_eval.json_summary.json
391,qwen2_5_coder_1_5b_instruct,python,ZS,automatic_evaluation_summary,,1055,f59e4883770cb451ef4dfdd984941ddd76f8953623979bf6a690f7f129771cf1,,outputs/evaluations/qwen25_coder_1_5b_instruct_P1_zero_shot_python_600_v1_summary.json
391,qwen2_5_coder_1_5b_instruct,python,ZS,automatic_evaluation_summary,,1115,8edc0eba53c9b8016a650a7d90c3ab1d59d1f6220b84a30f2e185bb378dc9026,,outputs/evaluations/qwen25_coder_1_5b_instruct_P1_zero_shot_python_800_v1_eval.json_summary.json
391,qwen2_5_coder_1_5b_instruct,python,ZS,automatic_evaluation_summary,,1041,8f2ad6a892d434b73bcbdaca14c6e2ff96222c7a5d3547984c537e7eb8ea5181,,outputs/evaluations/qwen25_coder_1_5b_instruct_P1_zero_shot_python_800_v1_summary.json
391,qwen2_5_coder_1_5b_instruct,python,ZS,automatic_evaluation_summary,1000,1115,4087ad941523e89c17564e8a77c8764009bd0f2f7fd278c0cdb19ea06cde33bd,,outputs/segregated_results/open-source-base/eval/qwen25_coder_1_5b_instruct_P1_zero_shot_python_1000_ZS_v3_eval.json_summary.json
391,qwen2_5_coder_1_5b_instruct,python,ZS,automatic_evaluation_summary,1000,1039,39a50fc390091d49ed135202f386b895444aeaeabeb4340c69d7a75827189c32,,outputs/segregated_results/open-source-base/eval/qwen25_coder_1_5b_instruct_P1_zero_shot_python_1000_ZS_v3_summary.json
391,qwen2_5_coder_1_5b_instruct,python,ZS,automatic_evaluation_summary,100,1111,04fd019f23095fe3aa4e4bfd3f4c6b4f40350d7a683cbccc265a192e2443beba,,outputs/segregated_results/open-source-base/eval/qwen25_coder_1_5b_instruct_P1_zero_shot_python_100_v1_eval.json_summary.json
391,qwen2_5_coder_1_5b_instruct,python,ZS,automatic_evaluation_summary,100,1033,66ba2700d6bcf99f5f3e1a033bd22dc8865ab0d5d404f40eebc80fd8506f86bd,,outputs/segregated_results/open-source-base/eval/qwen25_coder_1_5b_instruct_P1_zero_shot_python_100_v1_summary.json
391,qwen2_5_coder_1_5b_instruct,python,ZS,automatic_evaluation_summary,,1126,6396d710eb205146d2d275e302c9f4e43ecda623ab9a843528f6c365b7eb0871,,outputs/segregated_results/open-source-base/eval/qwen25_coder_1_5b_instruct_P1_zero_shot_python_1200_v1_eval.json_summary.json
391,qwen2_5_coder_1_5b_instruct,python,ZS,automatic_evaluation_summary,,1052,d2ca07c1065b4efae929a59420a0d0f726092f2c6080fda665aa8a95765f843e,,outputs/segregated_results/open-source-base/eval/qwen25_coder_1_5b_instruct_P1_zero_shot_python_1200_v1_summary.json
391,qwen2_5_coder_1_5b_instruct,python,ZS,automatic_evaluation_summary,,1069,6f36ef28c6a76abed5b000ecd51c165b1ba4505204af5d8cc3e83a5ef27cb5d9,,outputs/segregated_results/open-source-base/eval/qwen25_coder_1_5b_instruct_P1_zero_shot_python_2000_ZS_v3_eval.json_summary.json
391,qwen2_5_coder_1_5b_instruct,python,ZS,automatic_evaluation_summary,200,1107,684144caae159e29877b7cfdd20247aaaaa0f8c22698427631be517c61f321c3,,outputs/segregated_results/open-source-base/eval/qwen25_coder_1_5b_instruct_P1_zero_shot_python_200_v1_eval.json_summary.json
391,qwen2_5_coder_1_5b_instruct,python,ZS,automatic_evaluation_summary,200,1031,b941bb77fbd9a5a90dd3c41550a171c151c0758a257c3dd6624384f859f12768,,outputs/segregated_results/open-source-base/eval/qwen25_coder_1_5b_instruct_P1_zero_shot_python_200_v1_summary.json
391,qwen2_5_coder_1_5b_instruct,python,ZS,automatic_evaluation_summary,300,1132,59e40641395c89bb3f9ab31a8cb4f490b1d46d343142153977cab196edbae120,,outputs/segregated_results/open-source-base/eval/qwen25_coder_1_5b_instruct_P1_zero_shot_python_300_ZS_v3_eval.json_summary.json
391,qwen2_5_coder_1_5b_instruct,python,ZS,automatic_evaluation_summary,300,1054,d719e34800bfb07d6f6984ae0e0ec4908da0922c0b520349c0f6e85d2c19d63a,,outputs/segregated_results/open-source-base/eval/qwen25_coder_1_5b_instruct_P1_zero_shot_python_300_ZS_v3_summary.json
391,qwen2_5_coder_1_5b_instruct,python,ZS,automatic_evaluation_summary,400,1109,0a375c34028fb26a22fdf9f0cdf73f4b227b9c0b2d0ad38306fdef32ba8446cc,,outputs/segregated_results/open-source-base/eval/qwen25_coder_1_5b_instruct_P1_zero_shot_python_400_v1_eval.json_summary.json
391,qwen2_5_coder_1_5b_instruct,python,ZS,automatic_evaluation_summary,400,1031,6752467bce063cc99a2f1533868ed145c8f2e720b31ebca2c8cf727c356d9c89,,outputs/segregated_results/open-source-base/eval/qwen25_coder_1_5b_instruct_P1_zero_shot_python_400_v1_summary.json
391,qwen2_5_coder_1_5b_instruct,python,ZS,automatic_evaluation_summary,500,1116,70117cd7e388edfd148273b6a5b48f8f389993a1bea8176f66322c6349c47825,,outputs/segregated_results/open-source-base/eval/qwen25_coder_1_5b_instruct_P1_zero_shot_python_500_ZS_v3_eval.json_summary.json
391,qwen2_5_coder_1_5b_instruct,python,ZS,automatic_evaluation_summary,500,1038,669c63683d806232d4c33a049ca86671f0b244982a1b2b2e0c2c0475af229e0e,,outputs/segregated_results/open-source-base/eval/qwen25_coder_1_5b_instruct_P1_zero_shot_python_500_ZS_v3_summary.json
391,qwen2_5_coder_1_5b_instruct,python,ZS,automatic_evaluation_summary,,1133,47230fc7c57175dc34cfdc1e97bfe254b4215b8989da84e8c7a19a72871badcc,,outputs/segregated_results/open-source-base/eval/qwen25_coder_1_5b_instruct_P1_zero_shot_python_600_v1_eval.json_summary.json
391,qwen2_5_coder_1_5b_instruct,python,ZS,automatic_evaluation_summary,,1055,f59e4883770cb451ef4dfdd984941ddd76f8953623979bf6a690f7f129771cf1,,outputs/segregated_results/open-source-base/eval/qwen25_coder_1_5b_instruct_P1_zero_shot_python_600_v1_summary.json
391,qwen2_5_coder_1_5b_instruct,python,ZS,automatic_evaluation_summary,,1115,8edc0eba53c9b8016a650a7d90c3ab1d59d1f6220b84a30f2e185bb378dc9026,,outputs/segregated_results/open-source-base/eval/qwen25_coder_1_5b_instruct_P1_zero_shot_python_800_v1_eval.json_summary.json
391,qwen2_5_coder_1_5b_instruct,python,ZS,automatic_evaluation_summary,,1041,8f2ad6a892d434b73bcbdaca14c6e2ff96222c7a5d3547984c537e7eb8ea5181,,outputs/segregated_results/open-source-base/eval/qwen25_coder_1_5b_instruct_P1_zero_shot_python_800_v1_summary.json
391,qwen2_5_coder_1_5b_instruct,python,ZS,automatic_evaluation_summary,400,1142,ad03e0895571c9e18d831c88dc0666d1922bfbc59bf0d23e513fed2f47b9bdef,,outputs/segregated_results/open-source-lora/eval/qwen25_coder_1_5b_instruct_lora_multilang_P1_zero_shot_python_400_v1_eval.json_summary.json
392,qwen2_5_coder_1_5b_instruct,python,ZS,code_grounded_detailed,400,332727,1d46c5264150dbf241f6c55dd51026647b77f9215e148bcfa18e9a1ead2242fb,,outputs/correctness/qwen25_coder_1_5b_instruct_lora_multilang_P1_zero_shot_python_400_v1_correctness.json_detailed.jsonl
392,qwen2_5_coder_1_5b_instruct,python,ZS,code_grounded_detailed,1000,953609,f19255b11d301b02a8ec84e2a0a586ce1c2f5b2b54414ccef672aa3aa5688563,,outputs/correctness/qwen25_coder_1_5b_instruct_P1_zero_shot_python_1000_ZS_v3_correctness.json_detailed.jsonl
392,qwen2_5_coder_1_5b_instruct,python,ZS,code_grounded_detailed,100,94982,384c40b35f9ae730cbcfbfa2a79120df37ac50c70d7de3946127e8e94aa8f452,,outputs/correctness/qwen25_coder_1_5b_instruct_P1_zero_shot_python_100_v1_correctness.json_detailed.jsonl
392,qwen2_5_coder_1_5b_instruct,python,ZS,code_grounded_detailed,,1142129,33d2a729d170325107000dd297404c33e5518fed6ff781090caebc15cf1561b0,,outputs/correctness/qwen25_coder_1_5b_instruct_P1_zero_shot_python_1200_v1_correctness.json_detailed.jsonl
392,qwen2_5_coder_1_5b_instruct,python,ZS,code_grounded_detailed,,981,e94e09c1332a54a71f9eb1c70b73fecb819d57caad420d7127966e7615c01145,,outputs/correctness/qwen25_coder_1_5b_instruct_P1_zero_shot_python_2000_ZS_v3_correctness.json_detailed.jsonl
392,qwen2_5_coder_1_5b_instruct,python,ZS,code_grounded_detailed,200,189835,ffe814f3c5574686d61bb82ffc3decf3c8e2565e39e5b8dc6d27d2fe062176d7,,outputs/correctness/qwen25_coder_1_5b_instruct_P1_zero_shot_python_200_v1_correctness.json_detailed.jsonl
392,qwen2_5_coder_1_5b_instruct,python,ZS,code_grounded_detailed,300,284801,c6aa0a9f4b3eaa8187743d60f9386b0b5d672759cc0f9c2273a8829aec5a7dee,,outputs/correctness/qwen25_coder_1_5b_instruct_P1_zero_shot_python_300_ZS_v3_correctness.json_detailed.jsonl
392,qwen2_5_coder_1_5b_instruct,python,ZS,code_grounded_detailed,400,380871,ad7e776ddbb28fb961a99be58fa342392c0472dc45d41b42281c9f3218913372,,outputs/correctness/qwen25_coder_1_5b_instruct_P1_zero_shot_python_400_v1_correctness.json_detailed.jsonl
392,qwen2_5_coder_1_5b_instruct,python,ZS,code_grounded_detailed,400,380871,ad7e776ddbb28fb961a99be58fa342392c0472dc45d41b42281c9f3218913372,,outputs/correctness/qwen25_coder_1_5b_instruct_P1_zero_shot_python_400_v1_correctness_detailed.jsonl
392,qwen2_5_coder_1_5b_instruct,python,ZS,code_grounded_detailed,500,474604,9ca5f5f7df9b21a1a39b421f04d78cbf71700e23455b18d4802178f06f983c99,,outputs/correctness/qwen25_coder_1_5b_instruct_P1_zero_shot_python_500_ZS_v3_correctness.json_detailed.jsonl
392,qwen2_5_coder_1_5b_instruct,python,ZS,code_grounded_detailed,,572518,3faed572e7aad1e097f46e7fc3c9f4efc4e2ccdc041dd06b1020675f2198f720,,outputs/correctness/qwen25_coder_1_5b_instruct_P1_zero_shot_python_600_v1_correctness.json_detailed.jsonl
392,qwen2_5_coder_1_5b_instruct,python,ZS,code_grounded_detailed,,763201,e871cbb89b79ff161be270becd3dc3a474ec32b5f0652a7b7255267c4442fb4c,,outputs/correctness/qwen25_coder_1_5b_instruct_P1_zero_shot_python_800_v1_correctness.json_detailed.jsonl
392,qwen2_5_coder_1_5b_instruct,python,ZS,code_grounded_detailed,1000,990429,d7fc117b38a65c0e1516820beac49540c9e9cb1ef0587dbcf154c4f5514dbe6b,,outputs/evaluation-and-correctness-may2026/open-source/qwen25_coder_1_5b_instruct_P1_zero_shot_python_1000_ZS_v3_detailed.jsonl
392,qwen2_5_coder_1_5b_instruct,python,ZS,code_grounded_detailed,100,97660,feabf8aea6ffd69887ccdddfb2129c17770131c705a47899e11e1af184053e4b,,outputs/evaluation-and-correctness-may2026/open-source/qwen25_coder_1_5b_instruct_P1_zero_shot_python_100_v1_detailed.jsonl
392,qwen2_5_coder_1_5b_instruct,python,ZS,code_grounded_detailed,,1188180,fa4f812aa9b8139c32ac14b3e0ee1af79b83a225f8c3daa11aee26108fb0ba10,,outputs/evaluation-and-correctness-may2026/open-source/qwen25_coder_1_5b_instruct_P1_zero_shot_python_1200_v1_detailed.jsonl
392,qwen2_5_coder_1_5b_instruct,python,ZS,code_grounded_detailed,,937,dcce2b6b43048086a69ab28603bf0310edbc5a713b5d628187c322ba3ddaf4c4,,outputs/evaluation-and-correctness-may2026/open-source/qwen25_coder_1_5b_instruct_P1_zero_shot_python_2000_ZS_v3_detailed.jsonl
392,qwen2_5_coder_1_5b_instruct,python,ZS,code_grounded_detailed,200,196851,53ca2b2964c7eb8d5422bb161c92a8ff7b2bd89d9922327b3ae3811f9f51fe8d,,outputs/evaluation-and-correctness-may2026/open-source/qwen25_coder_1_5b_instruct_P1_zero_shot_python_200_v1_detailed.jsonl
392,qwen2_5_coder_1_5b_instruct,python,ZS,code_grounded_detailed,300,295379,35e022c6e764621f4294c5fbc1d2cc30fdc87c5abb5d8363bf959cc8157c94f1,,outputs/evaluation-and-correctness-may2026/open-source/qwen25_coder_1_5b_instruct_P1_zero_shot_python_300_ZS_v3_detailed.jsonl
392,qwen2_5_coder_1_5b_instruct,python,ZS,code_grounded_detailed,400,380871,ad7e776ddbb28fb961a99be58fa342392c0472dc45d41b42281c9f3218913372,,outputs/evaluation-and-correctness-may2026/open-source/qwen25_coder_1_5b_instruct_P1_zero_shot_python_400_v1_code_grounded_detailed.jsonl
392,qwen2_5_coder_1_5b_instruct,python,ZS,code_grounded_detailed,400,396010,9d436b7623c5e6acb60ac63e64f444e2fca9b0d6fbc58f42bbd1c1a01f3ba668,,outputs/evaluation-and-correctness-may2026/open-source/qwen25_coder_1_5b_instruct_P1_zero_shot_python_400_v1_detailed.jsonl
392,qwen2_5_coder_1_5b_instruct,python,ZS,code_grounded_detailed,500,493008,131f6415860a349f320a39d9395c64e6e14475b641e6c5fe052070751752a24f,,outputs/evaluation-and-correctness-may2026/open-source/qwen25_coder_1_5b_instruct_P1_zero_shot_python_500_ZS_v3_detailed.jsonl
392,qwen2_5_coder_1_5b_instruct,python,ZS,code_grounded_detailed,,594494,fe7c9ce73274eb27d53b7e11ad49b39bab3675410dd705175b6fcb1a0988f4f3,,outputs/evaluation-and-correctness-may2026/open-source/qwen25_coder_1_5b_instruct_P1_zero_shot_python_600_v1_detailed.jsonl
392,qwen2_5_coder_1_5b_instruct,python,ZS,code_grounded_detailed,,793614,8317456341915159178d095531e570f5318f8f54ce23c68e89d68a13c9d4963a,,outputs/evaluation-and-correctness-may2026/open-source/qwen25_coder_1_5b_instruct_P1_zero_shot_python_800_v1_detailed.jsonl
392,qwen2_5_coder_1_5b_instruct,python,ZS,code_grounded_detailed,400,399338,9ef737e739aa82a641967903af9a556bb173f0599356ef7caf308df20b9bb6d7,,outputs/evaluation_And_corrctness_may2026_1/decoding_sensitivity/qwen25_coder_1_5b_instruct_P1_zero_shot_python_400_greedy_v1_code_grounded_detailed.jsonl
392,qwen2_5_coder_1_5b_instruct,python,ZS,code_grounded_detailed,400,397194,365874f2eb1f8c83820f5a85d4c9f0dbcbd9d7015f2279ac77c96f9b3d079706,,outputs/evaluation_And_corrctness_may2026_1/decoding_sensitivity/qwen25_coder_1_5b_instruct_P1_zero_shot_python_400_t02_p09_k50_v1_code_grounded_detailed.jsonl
392,qwen2_5_coder_1_5b_instruct,python,ZS,code_grounded_detailed,400,398473,91e520026d0234521d4f4e6112e939448a7bf7891cecd44df76711ff71e7d92b,,outputs/evaluation_And_corrctness_may2026_1/decoding_sensitivity/qwen25_coder_1_5b_instruct_P1_zero_shot_python_400_t05_p09_k50_v1_code_grounded_detailed.jsonl
392,qwen2_5_coder_1_5b_instruct,python,ZS,code_grounded_detailed,400,397680,5bddbbe5585fca992ebc2b487355244d9db3e2abf4ddb287c37fdc809a09b53f,,outputs/evaluation_And_corrctness_may2026_1/decoding_sensitivity/qwen25_coder_1_5b_instruct_P1_zero_shot_python_400_t07_p095_k50_v1_code_grounded_detailed.jsonl
392,qwen2_5_coder_1_5b_instruct,python,ZS,code_grounded_detailed,1000,953609,f19255b11d301b02a8ec84e2a0a586ce1c2f5b2b54414ccef672aa3aa5688563,,outputs/evaluation_And_corrctness_may2026_1/saturation_experiment/qwen25_coder_1_5b_instruct_P1_zero_shot_python_1000_ZS_v3_code_grounded_detailed.jsonl
392,qwen2_5_coder_1_5b_instruct,python,ZS,code_grounded_detailed,100,94982,384c40b35f9ae730cbcfbfa2a79120df37ac50c70d7de3946127e8e94aa8f452,,outputs/evaluation_And_corrctness_may2026_1/saturation_experiment/qwen25_coder_1_5b_instruct_P1_zero_shot_python_100_v1_code_grounded_detailed.jsonl
392,qwen2_5_coder_1_5b_instruct,python,ZS,code_grounded_detailed,,1142129,33d2a729d170325107000dd297404c33e5518fed6ff781090caebc15cf1561b0,,outputs/evaluation_And_corrctness_may2026_1/saturation_experiment/qwen25_coder_1_5b_instruct_P1_zero_shot_python_1200_v1_code_grounded_detailed.jsonl
392,qwen2_5_coder_1_5b_instruct,python,ZS,code_grounded_detailed,200,189835,ffe814f3c5574686d61bb82ffc3decf3c8e2565e39e5b8dc6d27d2fe062176d7,,outputs/evaluation_And_corrctness_may2026_1/saturation_experiment/qwen25_coder_1_5b_instruct_P1_zero_shot_python_200_v1_code_grounded_detailed.jsonl
392,qwen2_5_coder_1_5b_instruct,python,ZS,code_grounded_detailed,300,284801,c6aa0a9f4b3eaa8187743d60f9386b0b5d672759cc0f9c2273a8829aec5a7dee,,outputs/evaluation_And_corrctness_may2026_1/saturation_experiment/qwen25_coder_1_5b_instruct_P1_zero_shot_python_300_ZS_v3_code_grounded_detailed.jsonl
392,qwen2_5_coder_1_5b_instruct,python,ZS,code_grounded_detailed,400,380871,ad7e776ddbb28fb961a99be58fa342392c0472dc45d41b42281c9f3218913372,,outputs/evaluation_And_corrctness_may2026_1/saturation_experiment/qwen25_coder_1_5b_instruct_P1_zero_shot_python_400_v1_code_grounded_detailed.jsonl
392,qwen2_5_coder_1_5b_instruct,python,ZS,code_grounded_detailed,500,474604,9ca5f5f7df9b21a1a39b421f04d78cbf71700e23455b18d4802178f06f983c99,,outputs/evaluation_And_corrctness_may2026_1/saturation_experiment/qwen25_coder_1_5b_instruct_P1_zero_shot_python_500_ZS_v3_code_grounded_detailed.jsonl
392,qwen2_5_coder_1_5b_instruct,python,ZS,code_grounded_detailed,,572518,3faed572e7aad1e097f46e7fc3c9f4efc4e2ccdc041dd06b1020675f2198f720,,outputs/evaluation_And_corrctness_may2026_1/saturation_experiment/qwen25_coder_1_5b_instruct_P1_zero_shot_python_600_v1_code_grounded_detailed.jsonl
392,qwen2_5_coder_1_5b_instruct,python,ZS,code_grounded_detailed,,763201,e871cbb89b79ff161be270becd3dc3a474ec32b5f0652a7b7255267c4442fb4c,,outputs/evaluation_And_corrctness_may2026_1/saturation_experiment/qwen25_coder_1_5b_instruct_P1_zero_shot_python_800_v1_code_grounded_detailed.jsonl
392,qwen2_5_coder_1_5b_instruct,python,ZS,code_grounded_detailed,400,1313,0d39afa6f2d73f8f3e4a013313feaf23a851742fec6d3872370028630ad602a8,,outputs/segregated_results/open-source-base/_long_paths/037eb0224ba7_qwen25_coder_1_5b_instruct_P1_zero_shot_python_400_t07_p095_k50_v1_code_grounded_summ.json
392,qwen2_5_coder_1_5b_instruct,python,ZS,code_grounded_detailed,,763201,e871cbb89b79ff161be270becd3dc3a474ec32b5f0652a7b7255267c4442fb4c,,outputs/segregated_results/open-source-base/_long_paths/135f042aa503_qwen25_coder_1_5b_instruct_P1_zero_shot_python_800_v1_code_grounded_detailed.jsonl
392,qwen2_5_coder_1_5b_instruct,python,ZS,code_grounded_detailed,400,399338,9ef737e739aa82a641967903af9a556bb173f0599356ef7caf308df20b9bb6d7,,outputs/segregated_results/open-source-base/_long_paths/1a8e71020e29_qwen25_coder_1_5b_instruct_P1_zero_shot_python_400_greedy_v1_code_grounded_detailed.jsonl
392,qwen2_5_coder_1_5b_instruct,python,ZS,code_grounded_detailed,400,397194,365874f2eb1f8c83820f5a85d4c9f0dbcbd9d7015f2279ac77c96f9b3d079706,,outputs/segregated_results/open-source-base/_long_paths/283c82ef40ed_qwen25_coder_1_5b_instruct_P1_zero_shot_python_400_t02_p09_k50_v1_code_grounded_deta.jsonl
392,qwen2_5_coder_1_5b_instruct,python,ZS,code_grounded_detailed,100,94982,384c40b35f9ae730cbcfbfa2a79120df37ac50c70d7de3946127e8e94aa8f452,,outputs/segregated_results/open-source-base/_long_paths/2e8d4317e6ea_qwen25_coder_1_5b_instruct_P1_zero_shot_python_100_v1_code_grounded_detailed.jsonl
392,qwen2_5_coder_1_5b_instruct,python,ZS,code_grounded_detailed,400,1310,6ad431bb5d460aa371f4fc2153fb72c2a0118e66065fb07a6ec240be3cf21e03,,outputs/segregated_results/open-source-base/_long_paths/3eb7243d13bf_qwen25_coder_1_5b_instruct_P1_zero_shot_python_400_t05_p09_k50_v1_code_grounded_summa.json
392,qwen2_5_coder_1_5b_instruct,python,ZS,code_grounded_detailed,400,397680,5bddbbe5585fca992ebc2b487355244d9db3e2abf4ddb287c37fdc809a09b53f,,outputs/segregated_results/open-source-base/_long_paths/4090d8eafcb3_qwen25_coder_1_5b_instruct_P1_zero_shot_python_400_t07_p095_k50_v1_code_grounded_det.jsonl
392,qwen2_5_coder_1_5b_instruct,python,ZS,code_grounded_detailed,,1142129,33d2a729d170325107000dd297404c33e5518fed6ff781090caebc15cf1561b0,,outputs/segregated_results/open-source-base/_long_paths/42bdfb37abe6_qwen25_coder_1_5b_instruct_P1_zero_shot_python_1200_v1_code_grounded_detailed.jsonl
392,qwen2_5_coder_1_5b_instruct,python,ZS,code_grounded_detailed,500,474604,9ca5f5f7df9b21a1a39b421f04d78cbf71700e23455b18d4802178f06f983c99,,outputs/segregated_results/open-source-base/_long_paths/659317cb4e78_qwen25_coder_1_5b_instruct_P1_zero_shot_python_500_ZS_v3_code_grounded_detailed.jsonl
392,qwen2_5_coder_1_5b_instruct,python,ZS,code_grounded_detailed,1000,953609,f19255b11d301b02a8ec84e2a0a586ce1c2f5b2b54414ccef672aa3aa5688563,,outputs/segregated_results/open-source-base/_long_paths/8637dbc70d28_qwen25_coder_1_5b_instruct_P1_zero_shot_python_1000_ZS_v3_code_grounded_detailed.jsonl
392,qwen2_5_coder_1_5b_instruct,python,ZS,code_grounded_detailed,400,380871,ad7e776ddbb28fb961a99be58fa342392c0472dc45d41b42281c9f3218913372,,outputs/segregated_results/open-source-base/_long_paths/867cc405e2ce_qwen25_coder_1_5b_instruct_P1_zero_shot_python_400_v1_code_grounded_detailed.jsonl
392,qwen2_5_coder_1_5b_instruct,python,ZS,code_grounded_detailed,,572518,3faed572e7aad1e097f46e7fc3c9f4efc4e2ccdc041dd06b1020675f2198f720,,outputs/segregated_results/open-source-base/_long_paths/a1689ab50da6_qwen25_coder_1_5b_instruct_P1_zero_shot_python_600_v1_code_grounded_detailed.jsonl
392,qwen2_5_coder_1_5b_instruct,python,ZS,code_grounded_detailed,200,189835,ffe814f3c5574686d61bb82ffc3decf3c8e2565e39e5b8dc6d27d2fe062176d7,,outputs/segregated_results/open-source-base/_long_paths/c1ca8c98750a_qwen25_coder_1_5b_instruct_P1_zero_shot_python_200_v1_code_grounded_detailed.jsonl
392,qwen2_5_coder_1_5b_instruct,python,ZS,code_grounded_detailed,400,1318,acb16e827089e77f00245f0aafa3b1d06540458db12c168cec0fd94597968075,,outputs/segregated_results/open-source-base/_long_paths/c6d21a1cb433_qwen25_coder_1_5b_instruct_P1_zero_shot_python_400_t02_p09_k50_v1_code_grounded_summa.json
392,qwen2_5_coder_1_5b_instruct,python,ZS,code_grounded_detailed,400,398473,91e520026d0234521d4f4e6112e939448a7bf7891cecd44df76711ff71e7d92b,,outputs/segregated_results/open-source-base/_long_paths/e51316d5e1ff_qwen25_coder_1_5b_instruct_P1_zero_shot_python_400_t05_p09_k50_v1_code_grounded_deta.jsonl
392,qwen2_5_coder_1_5b_instruct,python,ZS,code_grounded_detailed,300,284801,c6aa0a9f4b3eaa8187743d60f9386b0b5d672759cc0f9c2273a8829aec5a7dee,,outputs/segregated_results/open-source-base/_long_paths/ec2f612d6ed1_qwen25_coder_1_5b_instruct_P1_zero_shot_python_300_ZS_v3_code_grounded_detailed.jsonl
392,qwen2_5_coder_1_5b_instruct,python,ZS,code_grounded_detailed,1000,953609,f19255b11d301b02a8ec84e2a0a586ce1c2f5b2b54414ccef672aa3aa5688563,,outputs/segregated_results/open-source-base/correctness/qwen25_coder_1_5b_instruct_P1_zero_shot_python_1000_ZS_v3_correctness.json_detailed.jsonl
392,qwen2_5_coder_1_5b_instruct,python,ZS,code_grounded_detailed,100,94982,384c40b35f9ae730cbcfbfa2a79120df37ac50c70d7de3946127e8e94aa8f452,,outputs/segregated_results/open-source-base/correctness/qwen25_coder_1_5b_instruct_P1_zero_shot_python_100_v1_correctness.json_detailed.jsonl
392,qwen2_5_coder_1_5b_instruct,python,ZS,code_grounded_detailed,,1142129,33d2a729d170325107000dd297404c33e5518fed6ff781090caebc15cf1561b0,,outputs/segregated_results/open-source-base/correctness/qwen25_coder_1_5b_instruct_P1_zero_shot_python_1200_v1_correctness.json_detailed.jsonl
392,qwen2_5_coder_1_5b_instruct,python,ZS,code_grounded_detailed,,981,e94e09c1332a54a71f9eb1c70b73fecb819d57caad420d7127966e7615c01145,,outputs/segregated_results/open-source-base/correctness/qwen25_coder_1_5b_instruct_P1_zero_shot_python_2000_ZS_v3_correctness.json_detailed.jsonl
392,qwen2_5_coder_1_5b_instruct,python,ZS,code_grounded_detailed,200,189835,ffe814f3c5574686d61bb82ffc3decf3c8e2565e39e5b8dc6d27d2fe062176d7,,outputs/segregated_results/open-source-base/correctness/qwen25_coder_1_5b_instruct_P1_zero_shot_python_200_v1_correctness.json_detailed.jsonl
392,qwen2_5_coder_1_5b_instruct,python,ZS,code_grounded_detailed,300,284801,c6aa0a9f4b3eaa8187743d60f9386b0b5d672759cc0f9c2273a8829aec5a7dee,,outputs/segregated_results/open-source-base/correctness/qwen25_coder_1_5b_instruct_P1_zero_shot_python_300_ZS_v3_correctness.json_detailed.jsonl
392,qwen2_5_coder_1_5b_instruct,python,ZS,code_grounded_detailed,400,380871,ad7e776ddbb28fb961a99be58fa342392c0472dc45d41b42281c9f3218913372,,outputs/segregated_results/open-source-base/correctness/qwen25_coder_1_5b_instruct_P1_zero_shot_python_400_v1_correctness.json_detailed.jsonl
392,qwen2_5_coder_1_5b_instruct,python,ZS,code_grounded_detailed,400,380871,ad7e776ddbb28fb961a99be58fa342392c0472dc45d41b42281c9f3218913372,,outputs/segregated_results/open-source-base/correctness/qwen25_coder_1_5b_instruct_P1_zero_shot_python_400_v1_correctness_detailed.jsonl
392,qwen2_5_coder_1_5b_instruct,python,ZS,code_grounded_detailed,500,474604,9ca5f5f7df9b21a1a39b421f04d78cbf71700e23455b18d4802178f06f983c99,,outputs/segregated_results/open-source-base/correctness/qwen25_coder_1_5b_instruct_P1_zero_shot_python_500_ZS_v3_correctness.json_detailed.jsonl
392,qwen2_5_coder_1_5b_instruct,python,ZS,code_grounded_detailed,,572518,3faed572e7aad1e097f46e7fc3c9f4efc4e2ccdc041dd06b1020675f2198f720,,outputs/segregated_results/open-source-base/correctness/qwen25_coder_1_5b_instruct_P1_zero_shot_python_600_v1_correctness.json_detailed.jsonl
392,qwen2_5_coder_1_5b_instruct,python,ZS,code_grounded_detailed,,763201,e871cbb89b79ff161be270becd3dc3a474ec32b5f0652a7b7255267c4442fb4c,,outputs/segregated_results/open-source-base/correctness/qwen25_coder_1_5b_instruct_P1_zero_shot_python_800_v1_correctness.json_detailed.jsonl
392,qwen2_5_coder_1_5b_instruct,python,ZS,code_grounded_detailed,400,380871,ad7e776ddbb28fb961a99be58fa342392c0472dc45d41b42281c9f3218913372,,outputs/segregated_results/open-source-base/may2026/open-source/qwen25_coder_1_5b_instruct_P1_zero_shot_python_400_v1_code_grounded_detailed.jsonl
392,qwen2_5_coder_1_5b_instruct,python,ZS,code_grounded_detailed,400,332727,1d46c5264150dbf241f6c55dd51026647b77f9215e148bcfa18e9a1ead2242fb,,outputs/segregated_results/open-source-lora/correctness/qwen25_coder_1_5b_instruct_lora_multilang_P1_zero_shot_python_400_v1_correctness.json_detailed.jsonl
393,qwen2_5_coder_1_5b_instruct,python,ZS,code_grounded_summary,400,1325,c0a2f1dcb069efadc663f4a80725cf5f724a03cbd3bce9342350f5adea00ed42,,outputs/correctness/qwen25_coder_1_5b_instruct_lora_multilang_P1_zero_shot_python_400_v1_correctness.json_summary.json
393,qwen2_5_coder_1_5b_instruct,python,ZS,code_grounded_summary,1000,1302,655673ad20ee47004f53013efa61bd307bfceb45b0dfdde01484e67e0a6b3c71,,outputs/correctness/qwen25_coder_1_5b_instruct_P1_zero_shot_python_1000_ZS_v3_correctness.json_summary.json
393,qwen2_5_coder_1_5b_instruct,python,ZS,code_grounded_summary,100,1268,81d56c8ebc3f4d74b6abe55ce8c2735b1891a3b2eb136c67389af19eb2a384f8,,outputs/correctness/qwen25_coder_1_5b_instruct_P1_zero_shot_python_100_v1_correctness.json_summary.json
393,qwen2_5_coder_1_5b_instruct,python,ZS,code_grounded_summary,,1319,5a19f67efe270a6e0d995e46adddd62d67c9cc263e58c6342df26628d34b8884,,outputs/correctness/qwen25_coder_1_5b_instruct_P1_zero_shot_python_1200_v1_correctness.json_summary.json
393,qwen2_5_coder_1_5b_instruct,python,ZS,code_grounded_summary,,1160,8a385f3a4d0443995c077a665a9656e12fe3cc425baa115fc073f45c0083b2e4,,outputs/correctness/qwen25_coder_1_5b_instruct_P1_zero_shot_python_2000_ZS_v3_correctness.json_summary.json
393,qwen2_5_coder_1_5b_instruct,python,ZS,code_grounded_summary,200,1278,e7aa4cc6adba5f9ef7e7ea3cbc0ea15ad0892328e470838a39647007e021d74b,,outputs/correctness/qwen25_coder_1_5b_instruct_P1_zero_shot_python_200_v1_correctness.json_summary.json
393,qwen2_5_coder_1_5b_instruct,python,ZS,code_grounded_summary,300,1279,2fdf12a87e948277f90560e98d3d78c737b925143dee8b4f3822bb54c9b5796b,,outputs/correctness/qwen25_coder_1_5b_instruct_P1_zero_shot_python_300_ZS_v3_correctness.json_summary.json
393,qwen2_5_coder_1_5b_instruct,python,ZS,code_grounded_summary,400,1296,314f6c6253fe6d692f4c84af13faf540e0a0e28aeee541da8dfa4910a8a5e02a,,outputs/correctness/qwen25_coder_1_5b_instruct_P1_zero_shot_python_400_v1_correctness.json_summary.json
393,qwen2_5_coder_1_5b_instruct,python,ZS,code_grounded_summary,400,1296,314f6c6253fe6d692f4c84af13faf540e0a0e28aeee541da8dfa4910a8a5e02a,,outputs/correctness/qwen25_coder_1_5b_instruct_P1_zero_shot_python_400_v1_correctness_summary.json
393,qwen2_5_coder_1_5b_instruct,python,ZS,code_grounded_summary,500,1279,383670e2bde9be26684b855535cbe01ed704def0df934a27b0051d07d79951ed,,outputs/correctness/qwen25_coder_1_5b_instruct_P1_zero_shot_python_500_ZS_v3_correctness.json_summary.json
393,qwen2_5_coder_1_5b_instruct,python,ZS,code_grounded_summary,,1326,04ca68866b0ffce061d6e4ffce229e5944fcc07d979ae280471d8afce3437834,,outputs/correctness/qwen25_coder_1_5b_instruct_P1_zero_shot_python_600_v1_correctness.json_summary.json
393,qwen2_5_coder_1_5b_instruct,python,ZS,code_grounded_summary,,1302,36be55dd882e3b695fc7228f1e47cde2f6305e094a8c27e5021678960e6fa3c3,,outputs/correctness/qwen25_coder_1_5b_instruct_P1_zero_shot_python_800_v1_correctness.json_summary.json
393,qwen2_5_coder_1_5b_instruct,python,ZS,code_grounded_summary,1000,1129,1d2bd07237efb6dd31240d939b8ffb669cc3c8ab7b65c297773ec8ee9543bb0a,,outputs/evaluation-and-correctness-may2026/open-source/qwen25_coder_1_5b_instruct_P1_zero_shot_python_1000_ZS_v3_summary.json
393,qwen2_5_coder_1_5b_instruct,python,ZS,code_grounded_summary,100,1123,cc51e5bdb28a19844a0df3facec2342cd8aae9cd063b47d4140e5afcb1f7d9ec,,outputs/evaluation-and-correctness-may2026/open-source/qwen25_coder_1_5b_instruct_P1_zero_shot_python_100_v1_summary.json
393,qwen2_5_coder_1_5b_instruct,python,ZS,code_grounded_summary,,1138,a640b522d2e68f8b34c1b5be54ba4cc3cb15feb82ee2f06e07be252486cd14fd,,outputs/evaluation-and-correctness-may2026/open-source/qwen25_coder_1_5b_instruct_P1_zero_shot_python_1200_v1_summary.json
393,qwen2_5_coder_1_5b_instruct,python,ZS,code_grounded_summary,,1081,07af0f94b0089256cec36d66b3a01cdee810d373c56b18eddce0517cfaecec95,,outputs/evaluation-and-correctness-may2026/open-source/qwen25_coder_1_5b_instruct_P1_zero_shot_python_2000_ZS_v3_summary.json
393,qwen2_5_coder_1_5b_instruct,python,ZS,code_grounded_summary,200,1121,1d41e4be89434acd6bbb33d811153d970c45127b6cdc47bac22fe3707d983ebc,,outputs/evaluation-and-correctness-may2026/open-source/qwen25_coder_1_5b_instruct_P1_zero_shot_python_200_v1_summary.json
393,qwen2_5_coder_1_5b_instruct,python,ZS,code_grounded_summary,300,1144,eaeefb6a51c131c0b6cdbf14a974ac8f28ea766d899d8248e78628eda31ca3ea,,outputs/evaluation-and-correctness-may2026/open-source/qwen25_coder_1_5b_instruct_P1_zero_shot_python_300_ZS_v3_summary.json
393,qwen2_5_coder_1_5b_instruct,python,ZS,code_grounded_summary,400,1308,74f392a57653afc4a7b7a0cebbefae3d1b4282def14251670c139f112754cfac,,outputs/evaluation-and-correctness-may2026/open-source/qwen25_coder_1_5b_instruct_P1_zero_shot_python_400_v1_code_grounded_summary.json
393,qwen2_5_coder_1_5b_instruct,python,ZS,code_grounded_summary,400,1119,110969bc04d81bd31e9c4b92b8d982319451c0323e87856726dd806f46378134,,outputs/evaluation-and-correctness-may2026/open-source/qwen25_coder_1_5b_instruct_P1_zero_shot_python_400_v1_summary.json
393,qwen2_5_coder_1_5b_instruct,python,ZS,code_grounded_summary,500,1128,ac6db6d25fc6bb5ea19a0be1657f27e4f7062240e8fb531b405c45aa2333a010,,outputs/evaluation-and-correctness-may2026/open-source/qwen25_coder_1_5b_instruct_P1_zero_shot_python_500_ZS_v3_summary.json
393,qwen2_5_coder_1_5b_instruct,python,ZS,code_grounded_summary,,1145,281f65d309529f4a28c4ed91e4daf3fd941561b5edd1af685b46abd0f32c90b5,,outputs/evaluation-and-correctness-may2026/open-source/qwen25_coder_1_5b_instruct_P1_zero_shot_python_600_v1_summary.json
393,qwen2_5_coder_1_5b_instruct,python,ZS,code_grounded_summary,,1131,c0d952a43bebfc2ea3f98ae0a15308a5cbea89ae8b6ac6528ba0340e8dd4db8d,,outputs/evaluation-and-correctness-may2026/open-source/qwen25_coder_1_5b_instruct_P1_zero_shot_python_800_v1_summary.json
393,qwen2_5_coder_1_5b_instruct,python,ZS,code_grounded_summary,400,1317,d7f49dfcadf83320d441f117ed8c68181d0326b7f892159a4a6a9547f3a5418a,,outputs/evaluation_And_corrctness_may2026_1/decoding_sensitivity/qwen25_coder_1_5b_instruct_P1_zero_shot_python_400_greedy_v1_code_grounded_summary.json
393,qwen2_5_coder_1_5b_instruct,python,ZS,code_grounded_summary,400,1318,acb16e827089e77f00245f0aafa3b1d06540458db12c168cec0fd94597968075,,outputs/evaluation_And_corrctness_may2026_1/decoding_sensitivity/qwen25_coder_1_5b_instruct_P1_zero_shot_python_400_t02_p09_k50_v1_code_grounded_summary.json
393,qwen2_5_coder_1_5b_instruct,python,ZS,code_grounded_summary,400,1310,6ad431bb5d460aa371f4fc2153fb72c2a0118e66065fb07a6ec240be3cf21e03,,outputs/evaluation_And_corrctness_may2026_1/decoding_sensitivity/qwen25_coder_1_5b_instruct_P1_zero_shot_python_400_t05_p09_k50_v1_code_grounded_summary.json
393,qwen2_5_coder_1_5b_instruct,python,ZS,code_grounded_summary,400,1313,0d39afa6f2d73f8f3e4a013313feaf23a851742fec6d3872370028630ad602a8,,outputs/evaluation_And_corrctness_may2026_1/decoding_sensitivity/qwen25_coder_1_5b_instruct_P1_zero_shot_python_400_t07_p095_k50_v1_code_grounded_summary.json
393,qwen2_5_coder_1_5b_instruct,python,ZS,code_grounded_summary,1000,1314,e102d00072fdd5b64241915031b500eb2341c5c138f41d0db388cbed92aef0a8,,outputs/evaluation_And_corrctness_may2026_1/saturation_experiment/qwen25_coder_1_5b_instruct_P1_zero_shot_python_1000_ZS_v3_code_grounded_summary.json
393,qwen2_5_coder_1_5b_instruct,python,ZS,code_grounded_summary,100,1280,fe2e8b8461b2f2ca98fabe61c4d0075ca2fa780bbdded1829f922cd78170acc6,,outputs/evaluation_And_corrctness_may2026_1/saturation_experiment/qwen25_coder_1_5b_instruct_P1_zero_shot_python_100_v1_code_grounded_summary.json
393,qwen2_5_coder_1_5b_instruct,python,ZS,code_grounded_summary,,1331,c0b7275e47c474d513d85b92d111773ee7d3e833e3596a2a5562e565a5086126,,outputs/evaluation_And_corrctness_may2026_1/saturation_experiment/qwen25_coder_1_5b_instruct_P1_zero_shot_python_1200_v1_code_grounded_summary.json
393,qwen2_5_coder_1_5b_instruct,python,ZS,code_grounded_summary,200,1290,daf94b90eb477302971885c6460ce7f1382c6d12331d2a4d634db150c27620e6,,outputs/evaluation_And_corrctness_may2026_1/saturation_experiment/qwen25_coder_1_5b_instruct_P1_zero_shot_python_200_v1_code_grounded_summary.json
393,qwen2_5_coder_1_5b_instruct,python,ZS,code_grounded_summary,300,1291,ea3a667e26ab1876c1f577c0003388462e8702ec7fb902d6326baeb21b290534,,outputs/evaluation_And_corrctness_may2026_1/saturation_experiment/qwen25_coder_1_5b_instruct_P1_zero_shot_python_300_ZS_v3_code_grounded_summary.json
393,qwen2_5_coder_1_5b_instruct,python,ZS,code_grounded_summary,400,1308,74f392a57653afc4a7b7a0cebbefae3d1b4282def14251670c139f112754cfac,,outputs/evaluation_And_corrctness_may2026_1/saturation_experiment/qwen25_coder_1_5b_instruct_P1_zero_shot_python_400_v1_code_grounded_summary.json
393,qwen2_5_coder_1_5b_instruct,python,ZS,code_grounded_summary,500,1291,d6706c769d098c39651c3436f2f635c8fbf27dec4c504c45d5751c00b41eca68,,outputs/evaluation_And_corrctness_may2026_1/saturation_experiment/qwen25_coder_1_5b_instruct_P1_zero_shot_python_500_ZS_v3_code_grounded_summary.json
393,qwen2_5_coder_1_5b_instruct,python,ZS,code_grounded_summary,,1338,762a45864bb3a7978c8fd0ded26c2cb950ecbf5b8a4b859c69f86cb465c57bc9,,outputs/evaluation_And_corrctness_may2026_1/saturation_experiment/qwen25_coder_1_5b_instruct_P1_zero_shot_python_600_v1_code_grounded_summary.json
393,qwen2_5_coder_1_5b_instruct,python,ZS,code_grounded_summary,,1314,7fa90725f4126564b19d383e437c6aedffcaf889909a9c6434964ccd048d25f5,,outputs/evaluation_And_corrctness_may2026_1/saturation_experiment/qwen25_coder_1_5b_instruct_P1_zero_shot_python_800_v1_code_grounded_summary.json
393,qwen2_5_coder_1_5b_instruct,python,ZS,code_grounded_summary,500,1291,d6706c769d098c39651c3436f2f635c8fbf27dec4c504c45d5751c00b41eca68,,outputs/segregated_results/open-source-base/_long_paths/0620de225e40_qwen25_coder_1_5b_instruct_P1_zero_shot_python_500_ZS_v3_code_grounded_summary.json
393,qwen2_5_coder_1_5b_instruct,python,ZS,code_grounded_summary,400,1317,d7f49dfcadf83320d441f117ed8c68181d0326b7f892159a4a6a9547f3a5418a,,outputs/segregated_results/open-source-base/_long_paths/1746f6e13838_qwen25_coder_1_5b_instruct_P1_zero_shot_python_400_greedy_v1_code_grounded_summary.json
393,qwen2_5_coder_1_5b_instruct,python,ZS,code_grounded_summary,100,1280,fe2e8b8461b2f2ca98fabe61c4d0075ca2fa780bbdded1829f922cd78170acc6,,outputs/segregated_results/open-source-base/_long_paths/6a95191867da_qwen25_coder_1_5b_instruct_P1_zero_shot_python_100_v1_code_grounded_summary.json
393,qwen2_5_coder_1_5b_instruct,python,ZS,code_grounded_summary,,1314,7fa90725f4126564b19d383e437c6aedffcaf889909a9c6434964ccd048d25f5,,outputs/segregated_results/open-source-base/_long_paths/7c05739fb4ac_qwen25_coder_1_5b_instruct_P1_zero_shot_python_800_v1_code_grounded_summary.json
393,qwen2_5_coder_1_5b_instruct,python,ZS,code_grounded_summary,200,1290,daf94b90eb477302971885c6460ce7f1382c6d12331d2a4d634db150c27620e6,,outputs/segregated_results/open-source-base/_long_paths/90abad641fe2_qwen25_coder_1_5b_instruct_P1_zero_shot_python_200_v1_code_grounded_summary.json
393,qwen2_5_coder_1_5b_instruct,python,ZS,code_grounded_summary,300,1291,ea3a667e26ab1876c1f577c0003388462e8702ec7fb902d6326baeb21b290534,,outputs/segregated_results/open-source-base/_long_paths/90fcf83e1f2d_qwen25_coder_1_5b_instruct_P1_zero_shot_python_300_ZS_v3_code_grounded_summary.json
393,qwen2_5_coder_1_5b_instruct,python,ZS,code_grounded_summary,1000,1314,e102d00072fdd5b64241915031b500eb2341c5c138f41d0db388cbed92aef0a8,,outputs/segregated_results/open-source-base/_long_paths/9e67e71e8be9_qwen25_coder_1_5b_instruct_P1_zero_shot_python_1000_ZS_v3_code_grounded_summary.json
393,qwen2_5_coder_1_5b_instruct,python,ZS,code_grounded_summary,,1338,762a45864bb3a7978c8fd0ded26c2cb950ecbf5b8a4b859c69f86cb465c57bc9,,outputs/segregated_results/open-source-base/_long_paths/9fbcc10e371e_qwen25_coder_1_5b_instruct_P1_zero_shot_python_600_v1_code_grounded_summary.json
393,qwen2_5_coder_1_5b_instruct,python,ZS,code_grounded_summary,,1331,c0b7275e47c474d513d85b92d111773ee7d3e833e3596a2a5562e565a5086126,,outputs/segregated_results/open-source-base/_long_paths/b519b7c2b6ec_qwen25_coder_1_5b_instruct_P1_zero_shot_python_1200_v1_code_grounded_summary.json
393,qwen2_5_coder_1_5b_instruct,python,ZS,code_grounded_summary,400,1308,74f392a57653afc4a7b7a0cebbefae3d1b4282def14251670c139f112754cfac,,outputs/segregated_results/open-source-base/_long_paths/d3e632044bd1_qwen25_coder_1_5b_instruct_P1_zero_shot_python_400_v1_code_grounded_summary.json
393,qwen2_5_coder_1_5b_instruct,python,ZS,code_grounded_summary,1000,1302,655673ad20ee47004f53013efa61bd307bfceb45b0dfdde01484e67e0a6b3c71,,outputs/segregated_results/open-source-base/correctness/qwen25_coder_1_5b_instruct_P1_zero_shot_python_1000_ZS_v3_correctness.json_summary.json
393,qwen2_5_coder_1_5b_instruct,python,ZS,code_grounded_summary,100,1268,81d56c8ebc3f4d74b6abe55ce8c2735b1891a3b2eb136c67389af19eb2a384f8,,outputs/segregated_results/open-source-base/correctness/qwen25_coder_1_5b_instruct_P1_zero_shot_python_100_v1_correctness.json_summary.json
393,qwen2_5_coder_1_5b_instruct,python,ZS,code_grounded_summary,,1319,5a19f67efe270a6e0d995e46adddd62d67c9cc263e58c6342df26628d34b8884,,outputs/segregated_results/open-source-base/correctness/qwen25_coder_1_5b_instruct_P1_zero_shot_python_1200_v1_correctness.json_summary.json
393,qwen2_5_coder_1_5b_instruct,python,ZS,code_grounded_summary,,1160,8a385f3a4d0443995c077a665a9656e12fe3cc425baa115fc073f45c0083b2e4,,outputs/segregated_results/open-source-base/correctness/qwen25_coder_1_5b_instruct_P1_zero_shot_python_2000_ZS_v3_correctness.json_summary.json
393,qwen2_5_coder_1_5b_instruct,python,ZS,code_grounded_summary,200,1278,e7aa4cc6adba5f9ef7e7ea3cbc0ea15ad0892328e470838a39647007e021d74b,,outputs/segregated_results/open-source-base/correctness/qwen25_coder_1_5b_instruct_P1_zero_shot_python_200_v1_correctness.json_summary.json
393,qwen2_5_coder_1_5b_instruct,python,ZS,code_grounded_summary,300,1279,2fdf12a87e948277f90560e98d3d78c737b925143dee8b4f3822bb54c9b5796b,,outputs/segregated_results/open-source-base/correctness/qwen25_coder_1_5b_instruct_P1_zero_shot_python_300_ZS_v3_correctness.json_summary.json
393,qwen2_5_coder_1_5b_instruct,python,ZS,code_grounded_summary,400,1296,314f6c6253fe6d692f4c84af13faf540e0a0e28aeee541da8dfa4910a8a5e02a,,outputs/segregated_results/open-source-base/correctness/qwen25_coder_1_5b_instruct_P1_zero_shot_python_400_v1_correctness.json_summary.json
393,qwen2_5_coder_1_5b_instruct,python,ZS,code_grounded_summary,400,1296,314f6c6253fe6d692f4c84af13faf540e0a0e28aeee541da8dfa4910a8a5e02a,,outputs/segregated_results/open-source-base/correctness/qwen25_coder_1_5b_instruct_P1_zero_shot_python_400_v1_correctness_summary.json
393,qwen2_5_coder_1_5b_instruct,python,ZS,code_grounded_summary,500,1279,383670e2bde9be26684b855535cbe01ed704def0df934a27b0051d07d79951ed,,outputs/segregated_results/open-source-base/correctness/qwen25_coder_1_5b_instruct_P1_zero_shot_python_500_ZS_v3_correctness.json_summary.json
393,qwen2_5_coder_1_5b_instruct,python,ZS,code_grounded_summary,,1326,04ca68866b0ffce061d6e4ffce229e5944fcc07d979ae280471d8afce3437834,,outputs/segregated_results/open-source-base/correctness/qwen25_coder_1_5b_instruct_P1_zero_shot_python_600_v1_correctness.json_summary.json
393,qwen2_5_coder_1_5b_instruct,python,ZS,code_grounded_summary,,1302,36be55dd882e3b695fc7228f1e47cde2f6305e094a8c27e5021678960e6fa3c3,,outputs/segregated_results/open-source-base/correctness/qwen25_coder_1_5b_instruct_P1_zero_shot_python_800_v1_correctness.json_summary.json
393,qwen2_5_coder_1_5b_instruct,python,ZS,code_grounded_summary,400,1308,74f392a57653afc4a7b7a0cebbefae3d1b4282def14251670c139f112754cfac,,outputs/segregated_results/open-source-base/may2026/open-source/qwen25_coder_1_5b_instruct_P1_zero_shot_python_400_v1_code_grounded_summary.json
393,qwen2_5_coder_1_5b_instruct,python,ZS,code_grounded_summary,400,1325,c0a2f1dcb069efadc663f4a80725cf5f724a03cbd3bce9342350f5adea00ed42,,outputs/segregated_results/open-source-lora/correctness/qwen25_coder_1_5b_instruct_lora_multilang_P1_zero_shot_python_400_v1_correctness.json_summary.json
394,qwen2_5_coder_1_5b_instruct,python,ZS,raw_generation,1000,635778,57bace6d799f0338211f6af34cc6330eaece7741ec60478a4c195994f4342612,,outputs/raw_generations/open-source/qwen25_coder_1_5b_instruct_P1_zero_shot_python_1000_ZS_v3.jsonl
394,qwen2_5_coder_1_5b_instruct,python,ZS,raw_generation,100,62297,874a6245b3861d91a89c55205643e4cacdad9c09363e1ca6192e461db19a83ba,,outputs/raw_generations/open-source/qwen25_coder_1_5b_instruct_P1_zero_shot_python_100_v1.jsonl
394,qwen2_5_coder_1_5b_instruct,python,ZS,raw_generation,,763254,ace687ea9550bc24318e2c569c857c8b6c498716661119cc7e9cec3288c32faf,,outputs/raw_generations/open-source/qwen25_coder_1_5b_instruct_P1_zero_shot_python_1200_v1.jsonl
394,qwen2_5_coder_1_5b_instruct,python,ZS,raw_generation,,583,8d1c364fd3deb034fc3eea3aad599070013e432af99291131877ffa39e150a32,,outputs/raw_generations/open-source/qwen25_coder_1_5b_instruct_P1_zero_shot_python_2000_ZS_v3.jsonl
394,qwen2_5_coder_1_5b_instruct,python,ZS,raw_generation,200,126255,8ce177d37009330e186fa6380116acc7fe46f90153b8ae0a3264d354e96b16d1,,outputs/raw_generations/open-source/qwen25_coder_1_5b_instruct_P1_zero_shot_python_200_v1.jsonl
394,qwen2_5_coder_1_5b_instruct,python,ZS,raw_generation,300,189520,0d1333f6b7aed45578b878877fee2da6fa213f43cf37dcf388393ff51b1aaffa,,outputs/raw_generations/open-source/qwen25_coder_1_5b_instruct_P1_zero_shot_python_300_ZS_v3.jsonl
394,qwen2_5_coder_1_5b_instruct,python,ZS,raw_generation,400,428989,f6a79b7ae0b7b58af08ff1e4c202ef6795d62f04b5e4187411dcfe50e2163536,,outputs/raw_generations/open-source/qwen25_coder_1_5b_instruct_P1_zero_shot_python_400_greedy_v1.jsonl
394,qwen2_5_coder_1_5b_instruct,python,ZS,raw_generation,400,424593,7e22345c2a88372779ae69a6064fe08b00ebcb29208961d1fefa19c06302acea,,outputs/raw_generations/open-source/qwen25_coder_1_5b_instruct_P1_zero_shot_python_400_t02_p09_k50_v1.jsonl
394,qwen2_5_coder_1_5b_instruct,python,ZS,raw_generation,400,427160,5e6bba94d6a89850b4dd38b3aae12e309d306f8b6f4e0989a501436e6ff70583,,outputs/raw_generations/open-source/qwen25_coder_1_5b_instruct_P1_zero_shot_python_400_t05_p09_k50_v1.jsonl
394,qwen2_5_coder_1_5b_instruct,python,ZS,raw_generation,400,425760,96454c4df1b31ad28cc7ff36c18415b562adadf5e55d3f8610a9d1d37e5c43ca,,outputs/raw_generations/open-source/qwen25_coder_1_5b_instruct_P1_zero_shot_python_400_t07_p095_k50_v1.jsonl
394,qwen2_5_coder_1_5b_instruct,python,ZS,raw_generation,400,254076,c9db88b4e879cfab44fccab06ff56e930a61a3db9c8a8e0cde71d4a4c4a749bf,,outputs/raw_generations/open-source/qwen25_coder_1_5b_instruct_P1_zero_shot_python_400_v1.jsonl
394,qwen2_5_coder_1_5b_instruct,python,ZS,raw_generation,500,316109,ef0a883f09dd0a64f6bb2245bded1a05ae10c90cb88c8481a144651009ed78a7,,outputs/raw_generations/open-source/qwen25_coder_1_5b_instruct_P1_zero_shot_python_500_ZS_v3.jsonl
394,qwen2_5_coder_1_5b_instruct,python,ZS,raw_generation,,381611,c50d0a244c41dfa95416e94d3fb968058d5a30800c068023cba4f8896d64426d,,outputs/raw_generations/open-source/qwen25_coder_1_5b_instruct_P1_zero_shot_python_600_v1.jsonl
394,qwen2_5_coder_1_5b_instruct,python,ZS,raw_generation,,509713,fb3d02f183292e58b6a3bad86b0d0dfa2204d1435fa13764b5c7039c2673e236,,outputs/raw_generations/open-source/qwen25_coder_1_5b_instruct_P1_zero_shot_python_800_v1.jsonl
394,qwen2_5_coder_1_5b_instruct,python,ZS,raw_generation,1000,635778,57bace6d799f0338211f6af34cc6330eaece7741ec60478a4c195994f4342612,,outputs/raw_generations/qwen25_coder_1_5b_instruct_P1_zero_shot_python_1000_ZS_v3.jsonl
394,qwen2_5_coder_1_5b_instruct,python,ZS,raw_generation,100,62297,874a6245b3861d91a89c55205643e4cacdad9c09363e1ca6192e461db19a83ba,,outputs/raw_generations/qwen25_coder_1_5b_instruct_P1_zero_shot_python_100_v1.jsonl
394,qwen2_5_coder_1_5b_instruct,python,ZS,raw_generation,,763254,ace687ea9550bc24318e2c569c857c8b6c498716661119cc7e9cec3288c32faf,,outputs/raw_generations/qwen25_coder_1_5b_instruct_P1_zero_shot_python_1200_v1.jsonl
394,qwen2_5_coder_1_5b_instruct,python,ZS,raw_generation,,583,8d1c364fd3deb034fc3eea3aad599070013e432af99291131877ffa39e150a32,,outputs/raw_generations/qwen25_coder_1_5b_instruct_P1_zero_shot_python_2000_ZS_v3.jsonl
394,qwen2_5_coder_1_5b_instruct,python,ZS,raw_generation,200,126255,8ce177d37009330e186fa6380116acc7fe46f90153b8ae0a3264d354e96b16d1,,outputs/raw_generations/qwen25_coder_1_5b_instruct_P1_zero_shot_python_200_v1.jsonl
394,qwen2_5_coder_1_5b_instruct,python,ZS,raw_generation,300,189520,0d1333f6b7aed45578b878877fee2da6fa213f43cf37dcf388393ff51b1aaffa,,outputs/raw_generations/qwen25_coder_1_5b_instruct_P1_zero_shot_python_300_ZS_v3.jsonl
394,qwen2_5_coder_1_5b_instruct,python,ZS,raw_generation,400,254076,c9db88b4e879cfab44fccab06ff56e930a61a3db9c8a8e0cde71d4a4c4a749bf,,outputs/raw_generations/qwen25_coder_1_5b_instruct_P1_zero_shot_python_400_v1.jsonl
394,qwen2_5_coder_1_5b_instruct,python,ZS,raw_generation,500,316109,ef0a883f09dd0a64f6bb2245bded1a05ae10c90cb88c8481a144651009ed78a7,,outputs/raw_generations/qwen25_coder_1_5b_instruct_P1_zero_shot_python_500_ZS_v3.jsonl
394,qwen2_5_coder_1_5b_instruct,python,ZS,raw_generation,,381611,c50d0a244c41dfa95416e94d3fb968058d5a30800c068023cba4f8896d64426d,,outputs/raw_generations/qwen25_coder_1_5b_instruct_P1_zero_shot_python_600_v1.jsonl
394,qwen2_5_coder_1_5b_instruct,python,ZS,raw_generation,,509713,fb3d02f183292e58b6a3bad86b0d0dfa2204d1435fa13764b5c7039c2673e236,,outputs/raw_generations/qwen25_coder_1_5b_instruct_P1_zero_shot_python_800_v1.jsonl
395,qwen2_5_coder_1_5b_instruct_lora,java,FS,code_grounded_detailed,400,337619,784155e8b0c7a07895401aa093e2e3b32df31ca952eae87f9fcd30b7dbf29f48,,outputs/evaluation-and-correctness-may2026/open-source-fine-tuned/qwen25_coder_1_5b_lora_multilang/qwen25_coder_1_5b_instruct_lora_multilang_P1_few_shot_java_400_v1_code_grounded_detailed.jsonl
395,qwen2_5_coder_1_5b_instruct_lora,java,FS,code_grounded_detailed,400,355195,ef8cbbe6553a835134cfde607bfe4840899d1a1870941e414565f8784cbb3b7f,,outputs/evaluation-and-correctness-may2026/open-source-fine-tuned/qwen25_coder_1_5b_lora_multilang/qwen25_coder_1_5b_instruct_lora_multilang_P1_few_shot_java_400_v1_detailed.jsonl
396,qwen2_5_coder_1_5b_instruct_lora,java,FS,code_grounded_summary,400,1385,5f61c27c06b4af0e9c7513aa79e370002c7ea2f6fd4db0bd06eb2b1d9b3519fb,,outputs/evaluation-and-correctness-may2026/open-source-fine-tuned/qwen25_coder_1_5b_lora_multilang/qwen25_coder_1_5b_instruct_lora_multilang_P1_few_shot_java_400_v1_code_grounded_summary.json
396,qwen2_5_coder_1_5b_instruct_lora,java,FS,code_grounded_summary,400,1186,f5d772e70097b2209c30e6b208fb59d7d74adc077efffba63c3696a9e86a8a92,,outputs/evaluation-and-correctness-may2026/open-source-fine-tuned/qwen25_coder_1_5b_lora_multilang/qwen25_coder_1_5b_instruct_lora_multilang_P1_few_shot_java_400_v1_summary.json
397,qwen2_5_coder_1_5b_instruct_lora,java,OS,code_grounded_detailed,400,337071,96bf11b22c92f4e18e4440a4979f7e10574e8216a9408b08eb14890ab000e333,,outputs/evaluation-and-correctness-may2026/open-source-fine-tuned/qwen25_coder_1_5b_lora_multilang/qwen25_coder_1_5b_instruct_lora_multilang_P1_one_shot_java_400_v1_code_grounded_detailed.jsonl
397,qwen2_5_coder_1_5b_instruct_lora,java,OS,code_grounded_detailed,400,354676,3e67496c64996f90f3de6633bd8526373ff2379c33bdf789477259293c32ce5e,,outputs/evaluation-and-correctness-may2026/open-source-fine-tuned/qwen25_coder_1_5b_lora_multilang/qwen25_coder_1_5b_instruct_lora_multilang_P1_one_shot_java_400_v1_detailed.jsonl
398,qwen2_5_coder_1_5b_instruct_lora,java,OS,code_grounded_summary,400,1385,09f605e68b13e2e7db1fb5f1ee9e87632a838b87d110c6fa5c194b856f9620d9,,outputs/evaluation-and-correctness-may2026/open-source-fine-tuned/qwen25_coder_1_5b_lora_multilang/qwen25_coder_1_5b_instruct_lora_multilang_P1_one_shot_java_400_v1_code_grounded_summary.json
398,qwen2_5_coder_1_5b_instruct_lora,java,OS,code_grounded_summary,400,1190,75b125ab3cd7ebb78a1969a7446bc1944f00cc38c19a2c85f724710270b047e1,,outputs/evaluation-and-correctness-may2026/open-source-fine-tuned/qwen25_coder_1_5b_lora_multilang/qwen25_coder_1_5b_instruct_lora_multilang_P1_one_shot_java_400_v1_summary.json
399,qwen2_5_coder_1_5b_instruct_lora,java,ZS,code_grounded_detailed,400,339373,16bb28cc0224e6240b1adec96ff4e6edae4383ad87ed9ae85e146414c6f5ab3a,,outputs/evaluation-and-correctness-may2026/open-source-fine-tuned/qwen25_coder_1_5b_lora_multilang/qwen25_coder_1_5b_instruct_lora_multilang_P1_zero_shot_java_400_v1_code_grounded_detailed.jsonl
399,qwen2_5_coder_1_5b_instruct_lora,java,ZS,code_grounded_detailed,400,355691,62c271aa0ec925b442ea06e22b4b004859ccd38e05b652a3d3209fe71159599d,,outputs/evaluation-and-correctness-may2026/open-source-fine-tuned/qwen25_coder_1_5b_lora_multilang/qwen25_coder_1_5b_instruct_lora_multilang_P1_zero_shot_java_400_v1_detailed.jsonl
400,qwen2_5_coder_1_5b_instruct_lora,java,ZS,code_grounded_summary,400,1388,a6c0674ddf95d316ad0147811c9b33545fa110dc706435b6f35c13f3e2afd7f0,,outputs/evaluation-and-correctness-may2026/open-source-fine-tuned/qwen25_coder_1_5b_lora_multilang/qwen25_coder_1_5b_instruct_lora_multilang_P1_zero_shot_java_400_v1_code_grounded_summary.json
400,qwen2_5_coder_1_5b_instruct_lora,java,ZS,code_grounded_summary,400,1205,9b79dd5479ec06b18beb7d585eb873383f839fa93f4a54f47cddce939aa28233,,outputs/evaluation-and-correctness-may2026/open-source-fine-tuned/qwen25_coder_1_5b_lora_multilang/qwen25_coder_1_5b_instruct_lora_multilang_P1_zero_shot_java_400_v1_summary.json
401,qwen2_5_coder_1_5b_instruct_lora,javascript,FS,code_grounded_detailed,400,342739,2e2288d9762ac4ebe75e8e8a2ae4838fb2a9116841f79c31518de3df1954a93e,,outputs/evaluation-and-correctness-may2026/open-source-fine-tuned/qwen25_coder_1_5b_lora_multilang/qwen25_coder_1_5b_instruct_lora_multilang_P1_few_shot_javascript_400_v1_code_grounded_detailed.jsonl
401,qwen2_5_coder_1_5b_instruct_lora,javascript,FS,code_grounded_detailed,400,355119,00672f5c9dbc564e41aec02418bc263f3f8116e215a3618ef997fcddd2e694ec,,outputs/evaluation-and-correctness-may2026/open-source-fine-tuned/qwen25_coder_1_5b_lora_multilang/qwen25_coder_1_5b_instruct_lora_multilang_P1_few_shot_javascript_400_v1_detailed.jsonl
402,qwen2_5_coder_1_5b_instruct_lora,javascript,FS,code_grounded_summary,400,1403,34cc6f7404d65918f33f34c45889ec96e73745dac717ff42c00cbd8122d19d91,,outputs/evaluation-and-correctness-may2026/open-source-fine-tuned/qwen25_coder_1_5b_lora_multilang/qwen25_coder_1_5b_instruct_lora_multilang_P1_few_shot_javascript_400_v1_code_grounded_summary.json
402,qwen2_5_coder_1_5b_instruct_lora,javascript,FS,code_grounded_summary,400,1200,72fa590ab20ea0e7c3efd01b4dc923add8215c538b8063785eed2031aa3336ce,,outputs/evaluation-and-correctness-may2026/open-source-fine-tuned/qwen25_coder_1_5b_lora_multilang/qwen25_coder_1_5b_instruct_lora_multilang_P1_few_shot_javascript_400_v1_summary.json
403,qwen2_5_coder_1_5b_instruct_lora,javascript,OS,code_grounded_detailed,400,345437,833ebd4d997d06f5f6ec6075d05efd51330177ac0c78fe646308c258a2df86ed,,outputs/evaluation-and-correctness-may2026/open-source-fine-tuned/qwen25_coder_1_5b_lora_multilang/qwen25_coder_1_5b_instruct_lora_multilang_P1_one_shot_javascript_400_v1_code_grounded_detailed.jsonl
403,qwen2_5_coder_1_5b_instruct_lora,javascript,OS,code_grounded_detailed,400,357559,c248d68be1e2c3f27f7b77c825a07ecad32fdbc5dbf1b5a0fa043e140bb39456,,outputs/evaluation-and-correctness-may2026/open-source-fine-tuned/qwen25_coder_1_5b_lora_multilang/qwen25_coder_1_5b_instruct_lora_multilang_P1_one_shot_javascript_400_v1_detailed.jsonl
404,qwen2_5_coder_1_5b_instruct_lora,javascript,OS,code_grounded_summary,400,1405,da67a2b9ed9b02ef3bab42f7541e704c72eafbbdf1c969ac872a27118d772e8a,,outputs/evaluation-and-correctness-may2026/open-source-fine-tuned/qwen25_coder_1_5b_lora_multilang/qwen25_coder_1_5b_instruct_lora_multilang_P1_one_shot_javascript_400_v1_code_grounded_summary.json
404,qwen2_5_coder_1_5b_instruct_lora,javascript,OS,code_grounded_summary,400,1198,b6fd4284dd9f5a4f250b0c4547b37394d7a9cb273ce6adc03166ce2d9b7ca5c9,,outputs/evaluation-and-correctness-may2026/open-source-fine-tuned/qwen25_coder_1_5b_lora_multilang/qwen25_coder_1_5b_instruct_lora_multilang_P1_one_shot_javascript_400_v1_summary.json
405,qwen2_5_coder_1_5b_instruct_lora,javascript,ZS,code_grounded_detailed,400,357013,ea41e6dda214f310c42162027b43b70ccd1682c1ee333c1fa229e3e5bd1eed95,,outputs/evaluation-and-correctness-may2026/open-source-fine-tuned/qwen25_coder_1_5b_lora_multilang/qwen25_coder_1_5b_instruct_lora_multilang_P1_zero_shot_javascript_400_v1_code_grounded_detailed.jsonl
405,qwen2_5_coder_1_5b_instruct_lora,javascript,ZS,code_grounded_detailed,400,370258,32ef2493f11bbcf9f4962c7856c759dd290c0820ba24599164ff6d21d12e1cc2,,outputs/evaluation-and-correctness-may2026/open-source-fine-tuned/qwen25_coder_1_5b_lora_multilang/qwen25_coder_1_5b_instruct_lora_multilang_P1_zero_shot_javascript_400_v1_detailed.jsonl
406,qwen2_5_coder_1_5b_instruct_lora,javascript,ZS,code_grounded_summary,400,1408,56c23384f4b3df0b5e2b2a0363edd21135a4bdf10f138e6e2dd9bc358cd1580e,,outputs/evaluation-and-correctness-may2026/open-source-fine-tuned/qwen25_coder_1_5b_lora_multilang/qwen25_coder_1_5b_instruct_lora_multilang_P1_zero_shot_javascript_400_v1_code_grounded_summary.json
406,qwen2_5_coder_1_5b_instruct_lora,javascript,ZS,code_grounded_summary,400,1203,196c15bccf92af5058839a265957b10693e07982760db496f133029499015c97,,outputs/evaluation-and-correctness-may2026/open-source-fine-tuned/qwen25_coder_1_5b_lora_multilang/qwen25_coder_1_5b_instruct_lora_multilang_P1_zero_shot_javascript_400_v1_summary.json
407,qwen2_5_coder_1_5b_instruct_lora,python,FS,code_grounded_detailed,400,333562,1957ae9a7ffa15342386131864b8985a17ac87a9c13742071d4133421772d513,,outputs/evaluation-and-correctness-may2026/open-source-fine-tuned/qwen25_coder_1_5b_lora_multilang/qwen25_coder_1_5b_instruct_lora_multilang_P1_few_shot_python_400_v1_code_grounded_detailed.jsonl
407,qwen2_5_coder_1_5b_instruct_lora,python,FS,code_grounded_detailed,400,347062,22415a58b1ff17aaa2a038f0542d0bcd89861d5d8c058de04e202b80bd8be065,,outputs/evaluation-and-correctness-may2026/open-source-fine-tuned/qwen25_coder_1_5b_lora_multilang/qwen25_coder_1_5b_instruct_lora_multilang_P1_few_shot_python_400_v1_detailed.jsonl
408,qwen2_5_coder_1_5b_instruct_lora,python,FS,code_grounded_summary,400,1369,560912fb47991d67c90499cbf22f908a94f5875d922a56c2d2cd6dfd0fa6e050,,outputs/evaluation-and-correctness-may2026/open-source-fine-tuned/qwen25_coder_1_5b_lora_multilang/qwen25_coder_1_5b_instruct_lora_multilang_P1_few_shot_python_400_v1_code_grounded_summary.json
408,qwen2_5_coder_1_5b_instruct_lora,python,FS,code_grounded_summary,400,1194,6fabe27b685091b77e6dd6e6921ab625ea9f5551184124f91f10ca658745e3f6,,outputs/evaluation-and-correctness-may2026/open-source-fine-tuned/qwen25_coder_1_5b_lora_multilang/qwen25_coder_1_5b_instruct_lora_multilang_P1_few_shot_python_400_v1_summary.json
409,qwen2_5_coder_1_5b_instruct_lora,python,OS,code_grounded_detailed,400,335645,867f902261b4519fe83e18fd4ec14228152cba85532318fb3cf7a7223fe87f90,,outputs/evaluation-and-correctness-may2026/open-source-fine-tuned/qwen25_coder_1_5b_lora_multilang/qwen25_coder_1_5b_instruct_lora_multilang_P1_one_shot_python_400_v1_code_grounded_detailed.jsonl
409,qwen2_5_coder_1_5b_instruct_lora,python,OS,code_grounded_detailed,400,348864,2064caf8ec9ff2399f092b1f186c1d71c2e3d3bf42647fcd60a17b39abb6a9c0,,outputs/evaluation-and-correctness-may2026/open-source-fine-tuned/qwen25_coder_1_5b_lora_multilang/qwen25_coder_1_5b_instruct_lora_multilang_P1_one_shot_python_400_v1_detailed.jsonl
410,qwen2_5_coder_1_5b_instruct_lora,python,OS,code_grounded_summary,400,1367,ba7b4e8b5cecde7444b6bd2cf17c1c1cdd578791cd6d0a2b1ec266c3974a10a7,,outputs/evaluation-and-correctness-may2026/open-source-fine-tuned/qwen25_coder_1_5b_lora_multilang/qwen25_coder_1_5b_instruct_lora_multilang_P1_one_shot_python_400_v1_code_grounded_summary.json
410,qwen2_5_coder_1_5b_instruct_lora,python,OS,code_grounded_summary,400,1192,2fb236d22c9cd3dfaa0c0c987e9318ae92d5e730f998137b95c5e13d75278658,,outputs/evaluation-and-correctness-may2026/open-source-fine-tuned/qwen25_coder_1_5b_lora_multilang/qwen25_coder_1_5b_instruct_lora_multilang_P1_one_shot_python_400_v1_summary.json
411,qwen2_5_coder_1_5b_instruct_lora,python,ZS,code_grounded_detailed,400,332727,1d46c5264150dbf241f6c55dd51026647b77f9215e148bcfa18e9a1ead2242fb,,outputs/evaluation-and-correctness-may2026/open-source-fine-tuned/qwen25_coder_1_5b_lora_multilang/qwen25_coder_1_5b_instruct_lora_multilang_P1_zero_shot_python_400_v1_code_grounded_detailed.jsonl
411,qwen2_5_coder_1_5b_instruct_lora,python,ZS,code_grounded_detailed,400,345258,16b31c62be8af912eb03a06b140673564fbf248997484a9dac030561b9ff0f27,,outputs/evaluation-and-correctness-may2026/open-source-fine-tuned/qwen25_coder_1_5b_lora_multilang/qwen25_coder_1_5b_instruct_lora_multilang_P1_zero_shot_python_400_v1_detailed.jsonl
412,qwen2_5_coder_1_5b_instruct_lora,python,ZS,code_grounded_summary,400,1370,52a0f6b47ac8a1d0048f43a123b10b5c56aaa0a17c706f16ea2e67be2e12d705,,outputs/evaluation-and-correctness-may2026/open-source-fine-tuned/qwen25_coder_1_5b_lora_multilang/qwen25_coder_1_5b_instruct_lora_multilang_P1_zero_shot_python_400_v1_code_grounded_summary.json
412,qwen2_5_coder_1_5b_instruct_lora,python,ZS,code_grounded_summary,400,1185,f05dd480e51fdd39af935e24c3715e96d96ab5db3e91410275d233d71b49eff9,,outputs/evaluation-and-correctness-may2026/open-source-fine-tuned/qwen25_coder_1_5b_lora_multilang/qwen25_coder_1_5b_instruct_lora_multilang_P1_zero_shot_python_400_v1_summary.json
