duplicate_group,sha256,group_size,size_bytes,source_relative_path
1,ad7e776ddbb28fb961a99be58fa342392c0472dc45d41b42281c9f3218913372,9,380871,outputs/correctness/qwen25_coder_1_5b_instruct_P1_zero_shot_python_400_v1_correctness.json_detailed.jsonl
1,ad7e776ddbb28fb961a99be58fa342392c0472dc45d41b42281c9f3218913372,9,380871,outputs/correctness/qwen25_coder_1_5b_instruct_P1_zero_shot_python_400_v1_correctness_detailed.jsonl
1,ad7e776ddbb28fb961a99be58fa342392c0472dc45d41b42281c9f3218913372,9,380871,outputs/evaluation-and-correctness-may2026/open-source/qwen25_coder_1_5b_instruct_P1_zero_shot_python_400_v1_code_grounded_detailed.jsonl
1,ad7e776ddbb28fb961a99be58fa342392c0472dc45d41b42281c9f3218913372,9,380871,outputs/evaluation_And_corrctness_may2026_1/saturation_experiment/qwen25_coder_1_5b_instruct_P1_zero_shot_python_400_v1_code_grounded_detailed.jsonl
1,ad7e776ddbb28fb961a99be58fa342392c0472dc45d41b42281c9f3218913372,9,380871,outputs/segregated_results/open-source-base/_long_paths/867cc405e2ce_qwen25_coder_1_5b_instruct_P1_zero_shot_python_400_v1_code_grounded_detailed.jsonl
1,ad7e776ddbb28fb961a99be58fa342392c0472dc45d41b42281c9f3218913372,9,380871,outputs/segregated_results/open-source-base/correctness/qwen25_coder_1_5b_instruct_P1_zero_shot_python_400_v1_correctness.json_detailed.jsonl
1,ad7e776ddbb28fb961a99be58fa342392c0472dc45d41b42281c9f3218913372,9,380871,outputs/segregated_results/open-source-base/correctness/qwen25_coder_1_5b_instruct_P1_zero_shot_python_400_v1_correctness_detailed.jsonl
1,ad7e776ddbb28fb961a99be58fa342392c0472dc45d41b42281c9f3218913372,9,380871,outputs/segregated_results/open-source-base/may2026/open-source/qwen25_coder_1_5b_instruct_P1_zero_shot_python_400_v1_code_grounded_detailed.jsonl
1,ad7e776ddbb28fb961a99be58fa342392c0472dc45d41b42281c9f3218913372,9,380871,outputs/segregated_results/open-source-base/may2026_legacy/saturation_experiment/qwen25_coder_1_5b_instruct_P1_zero_shot_python_400_v1_code_grounded_detailed.jsonl
2,1dd4d9416cbd79c468e31ffa4c7b715fb4b9df53cc33e14c17b2e18dd4a369d6,6,7870,outputs/correctness/qwen25_coder_1_5b_instruct_P1_one_shot_javascript_10_smoke_v2_correctness.json_detailed.jsonl
2,1dd4d9416cbd79c468e31ffa4c7b715fb4b9df53cc33e14c17b2e18dd4a369d6,6,7870,outputs/correctness/qwen25_coder_1_5b_instruct_P1_one_shot_javascript_400_v2_repaired_correctness.json_detailed.jsonl
2,1dd4d9416cbd79c468e31ffa4c7b715fb4b9df53cc33e14c17b2e18dd4a369d6,6,7870,outputs/evaluation-and-correctness-may2026/open-source/qwen25_coder_1_5b_instruct_P1_one_shot_javascript_400_v2_repaired_code_grounded_detailed.jsonl
2,1dd4d9416cbd79c468e31ffa4c7b715fb4b9df53cc33e14c17b2e18dd4a369d6,6,7870,outputs/segregated_results/open-source-base/correctness/qwen25_coder_1_5b_instruct_P1_one_shot_javascript_10_smoke_v2_correctness.json_detailed.jsonl
2,1dd4d9416cbd79c468e31ffa4c7b715fb4b9df53cc33e14c17b2e18dd4a369d6,6,7870,outputs/segregated_results/open-source-base/correctness/qwen25_coder_1_5b_instruct_P1_one_shot_javascript_400_v2_repaired_correctness.json_detailed.jsonl
2,1dd4d9416cbd79c468e31ffa4c7b715fb4b9df53cc33e14c17b2e18dd4a369d6,6,7870,outputs/segregated_results/open-source-base/may2026/open-source/qwen25_coder_1_5b_instruct_P1_one_shot_javascript_400_v2_repaired_code_grounded_detailed.jsonl
3,7919babf93c7ab89ce8f18cc1eccc95792468cad53b127ca9cd712bbfd214e5e,6,350041,outputs/correctness/qwen25_coder_1_5b_instruct_P1_few_shot_python_400_v1_correctness.json_detailed.jsonl
3,7919babf93c7ab89ce8f18cc1eccc95792468cad53b127ca9cd712bbfd214e5e,6,350041,outputs/correctness/qwen25_coder_1_5b_instruct_P1_few_shot_python_400_v1_correctness_detailed.jsonl
3,7919babf93c7ab89ce8f18cc1eccc95792468cad53b127ca9cd712bbfd214e5e,6,350041,outputs/evaluation-and-correctness-may2026/open-source/qwen25_coder_1_5b_instruct_P1_few_shot_python_400_v1_code_grounded_detailed.jsonl
3,7919babf93c7ab89ce8f18cc1eccc95792468cad53b127ca9cd712bbfd214e5e,6,350041,outputs/segregated_results/open-source-base/correctness/qwen25_coder_1_5b_instruct_P1_few_shot_python_400_v1_correctness.json_detailed.jsonl
3,7919babf93c7ab89ce8f18cc1eccc95792468cad53b127ca9cd712bbfd214e5e,6,350041,outputs/segregated_results/open-source-base/correctness/qwen25_coder_1_5b_instruct_P1_few_shot_python_400_v1_correctness_detailed.jsonl
3,7919babf93c7ab89ce8f18cc1eccc95792468cad53b127ca9cd712bbfd214e5e,6,350041,outputs/segregated_results/open-source-base/may2026/open-source/qwen25_coder_1_5b_instruct_P1_few_shot_python_400_v1_code_grounded_detailed.jsonl
4,01904ec460a130d23991da997ccd48660ca5da4f7956fd3af338e1bea75f904d,5,317193,outputs/correctness/deepseek_chat_P1_zero_shot_java_400_v1_correctness.json_detailed.jsonl
4,01904ec460a130d23991da997ccd48660ca5da4f7956fd3af338e1bea75f904d,5,317193,outputs/evaluation-and-correctness-may2026/commercial-new/deepseek_chat_P1_zero_shot_java_400_v1_code_grounded_detailed.jsonl
4,01904ec460a130d23991da997ccd48660ca5da4f7956fd3af338e1bea75f904d,5,317193,outputs/segregated_results/commercial-base/correctness/deepseek_chat_P1_zero_shot_java_400_v1_correctness.json_detailed.jsonl
4,01904ec460a130d23991da997ccd48660ca5da4f7956fd3af338e1bea75f904d,5,317193,outputs/segregated_results/commercial-base/evaluation-and-correctness-may2026/commercial-new/deepseek_chat_P1_zero_shot_java_400_v1_code_grounded_detailed.jsonl
4,01904ec460a130d23991da997ccd48660ca5da4f7956fd3af338e1bea75f904d,5,317193,outputs/segregated_results/commercial-base/may2026/commercial-new/deepseek_chat_P1_zero_shot_java_400_v1_code_grounded_detailed.jsonl
5,0401ef9e428d0ec4e6ff223e9504205c3dee5f927ae86c0d6abedbc1fd9fa82a,5,6624,outputs/evaluation-and-correctness-may2026/commercial-new/gpt_5_1_codex_P1_zero_shot_python_10_smoke_v2_detailed.jsonl
5,0401ef9e428d0ec4e6ff223e9504205c3dee5f927ae86c0d6abedbc1fd9fa82a,5,6624,outputs/evaluations/gpt_5_1_codex_P1_zero_shot_python_10_smoke_v2_eval.json_detailed.jsonl
5,0401ef9e428d0ec4e6ff223e9504205c3dee5f927ae86c0d6abedbc1fd9fa82a,5,6624,outputs/segregated_results/commercial-base/eval/gpt_5_1_codex_P1_zero_shot_python_10_smoke_v2_eval.json_detailed.jsonl
5,0401ef9e428d0ec4e6ff223e9504205c3dee5f927ae86c0d6abedbc1fd9fa82a,5,6624,outputs/segregated_results/commercial-base/evaluation-and-correctness-may2026/commercial-new/gpt_5_1_codex_P1_zero_shot_python_10_smoke_v2_detailed.jsonl
5,0401ef9e428d0ec4e6ff223e9504205c3dee5f927ae86c0d6abedbc1fd9fa82a,5,6624,outputs/segregated_results/commercial-base/may2026/commercial-new/gpt_5_1_codex_P1_zero_shot_python_10_smoke_v2_detailed.jsonl
6,090e03aff1e03274768e41c2a071eb84dd5ddcbee9b73e64204d7b3c59bdb1f9,5,320140,outputs/evaluation-and-correctness-may2026/commercial-new/deepseek_chat_P1_few_shot_javascript_400_v1_code_grounded_detailed.jsonl
6,090e03aff1e03274768e41c2a071eb84dd5ddcbee9b73e64204d7b3c59bdb1f9,5,320140,outputs/evaluations/deepseek_chat_P1_few_shot_javascript_400_v1_code_grounded_detailed.jsonl
6,090e03aff1e03274768e41c2a071eb84dd5ddcbee9b73e64204d7b3c59bdb1f9,5,320140,outputs/segregated_results/commercial-base/eval/deepseek_chat_P1_few_shot_javascript_400_v1_code_grounded_detailed.jsonl
6,090e03aff1e03274768e41c2a071eb84dd5ddcbee9b73e64204d7b3c59bdb1f9,5,320140,outputs/segregated_results/commercial-base/evaluation-and-correctness-may2026/commercial-new/deepseek_chat_P1_few_shot_javascript_400_v1_code_grounded_detailed.jsonl
6,090e03aff1e03274768e41c2a071eb84dd5ddcbee9b73e64204d7b3c59bdb1f9,5,320140,outputs/segregated_results/commercial-base/may2026/commercial-new/deepseek_chat_P1_few_shot_javascript_400_v1_code_grounded_detailed.jsonl
7,0b8d861603b72e1ab4ff621cdc11c59a9356060fbdfc85854421ec87bdc36e0e,5,8949,outputs/evaluation-and-correctness-may2026/commercial-new/gpt_5_4_P1_zero_shot_python_10_smoke_v1_detailed.jsonl
7,0b8d861603b72e1ab4ff621cdc11c59a9356060fbdfc85854421ec87bdc36e0e,5,8949,outputs/evaluations/gpt_5_4_P1_zero_shot_python_10_smoke_v1_eval.json_detailed.jsonl
7,0b8d861603b72e1ab4ff621cdc11c59a9356060fbdfc85854421ec87bdc36e0e,5,8949,outputs/segregated_results/commercial-base/eval/gpt_5_4_P1_zero_shot_python_10_smoke_v1_eval.json_detailed.jsonl
7,0b8d861603b72e1ab4ff621cdc11c59a9356060fbdfc85854421ec87bdc36e0e,5,8949,outputs/segregated_results/commercial-base/evaluation-and-correctness-may2026/commercial-new/gpt_5_4_P1_zero_shot_python_10_smoke_v1_detailed.jsonl
7,0b8d861603b72e1ab4ff621cdc11c59a9356060fbdfc85854421ec87bdc36e0e,5,8949,outputs/segregated_results/commercial-base/may2026/commercial-new/gpt_5_4_P1_zero_shot_python_10_smoke_v1_detailed.jsonl
8,212932c3fba5d61a842bfba666903e1dede42a5408a49dae0faa71757c5422b0,5,316529,outputs/correctness/deepseek_chat_P1_one_shot_python_400_v1_correctness.json_detailed.jsonl
8,212932c3fba5d61a842bfba666903e1dede42a5408a49dae0faa71757c5422b0,5,316529,outputs/evaluation-and-correctness-may2026/commercial-new/deepseek_chat_P1_one_shot_python_400_v1_code_grounded_detailed.jsonl
8,212932c3fba5d61a842bfba666903e1dede42a5408a49dae0faa71757c5422b0,5,316529,outputs/segregated_results/commercial-base/correctness/deepseek_chat_P1_one_shot_python_400_v1_correctness.json_detailed.jsonl
8,212932c3fba5d61a842bfba666903e1dede42a5408a49dae0faa71757c5422b0,5,316529,outputs/segregated_results/commercial-base/evaluation-and-correctness-may2026/commercial-new/deepseek_chat_P1_one_shot_python_400_v1_code_grounded_detailed.jsonl
8,212932c3fba5d61a842bfba666903e1dede42a5408a49dae0faa71757c5422b0,5,316529,outputs/segregated_results/commercial-base/may2026/commercial-new/deepseek_chat_P1_one_shot_python_400_v1_code_grounded_detailed.jsonl
9,276f4394bc00805855239ead083c9e84cb8651d7b2ac934340e85d60b738d174,5,323757,outputs/correctness/gpt_5_4_P1_zero_shot_java_400_v1_correctness.json_detailed.jsonl
9,276f4394bc00805855239ead083c9e84cb8651d7b2ac934340e85d60b738d174,5,323757,outputs/evaluation-and-correctness-may2026/commercial-new/gpt_5_4_P1_zero_shot_java_400_v1_code_grounded_detailed.jsonl
9,276f4394bc00805855239ead083c9e84cb8651d7b2ac934340e85d60b738d174,5,323757,outputs/segregated_results/commercial-base/correctness/gpt_5_4_P1_zero_shot_java_400_v1_correctness.json_detailed.jsonl
9,276f4394bc00805855239ead083c9e84cb8651d7b2ac934340e85d60b738d174,5,323757,outputs/segregated_results/commercial-base/evaluation-and-correctness-may2026/commercial-new/gpt_5_4_P1_zero_shot_java_400_v1_code_grounded_detailed.jsonl
9,276f4394bc00805855239ead083c9e84cb8651d7b2ac934340e85d60b738d174,5,323757,outputs/segregated_results/commercial-base/may2026/commercial-new/gpt_5_4_P1_zero_shot_java_400_v1_code_grounded_detailed.jsonl
10,2a58db73ed28fedb3fd9a8de6d03ca02823d118decad6ee1375ac48c525a23a6,5,344820,outputs/correctness/gpt_5_3_codex_P1_zero_shot_java_400_v1_correctness.json_detailed.jsonl
10,2a58db73ed28fedb3fd9a8de6d03ca02823d118decad6ee1375ac48c525a23a6,5,344820,outputs/evaluation-and-correctness-may2026/commercial-new/gpt_5_3_codex_P1_zero_shot_java_400_v1_code_grounded_detailed.jsonl
10,2a58db73ed28fedb3fd9a8de6d03ca02823d118decad6ee1375ac48c525a23a6,5,344820,outputs/segregated_results/commercial-base/correctness/gpt_5_3_codex_P1_zero_shot_java_400_v1_correctness.json_detailed.jsonl
10,2a58db73ed28fedb3fd9a8de6d03ca02823d118decad6ee1375ac48c525a23a6,5,344820,outputs/segregated_results/commercial-base/evaluation-and-correctness-may2026/commercial-new/gpt_5_3_codex_P1_zero_shot_java_400_v1_code_grounded_detailed.jsonl
10,2a58db73ed28fedb3fd9a8de6d03ca02823d118decad6ee1375ac48c525a23a6,5,344820,outputs/segregated_results/commercial-base/may2026/commercial-new/gpt_5_3_codex_P1_zero_shot_java_400_v1_code_grounded_detailed.jsonl
11,33d2a729d170325107000dd297404c33e5518fed6ff781090caebc15cf1561b0,5,1142129,outputs/correctness/qwen25_coder_1_5b_instruct_P1_zero_shot_python_1200_v1_correctness.json_detailed.jsonl
11,33d2a729d170325107000dd297404c33e5518fed6ff781090caebc15cf1561b0,5,1142129,outputs/evaluation_And_corrctness_may2026_1/saturation_experiment/qwen25_coder_1_5b_instruct_P1_zero_shot_python_1200_v1_code_grounded_detailed.jsonl
11,33d2a729d170325107000dd297404c33e5518fed6ff781090caebc15cf1561b0,5,1142129,outputs/segregated_results/open-source-base/_long_paths/42bdfb37abe6_qwen25_coder_1_5b_instruct_P1_zero_shot_python_1200_v1_code_grounded_detailed.jsonl
11,33d2a729d170325107000dd297404c33e5518fed6ff781090caebc15cf1561b0,5,1142129,outputs/segregated_results/open-source-base/correctness/qwen25_coder_1_5b_instruct_P1_zero_shot_python_1200_v1_correctness.json_detailed.jsonl
11,33d2a729d170325107000dd297404c33e5518fed6ff781090caebc15cf1561b0,5,1142129,outputs/segregated_results/open-source-base/may2026_legacy/saturation_experiment/qwen25_coder_1_5b_instruct_P1_zero_shot_python_1200_v1_code_grounded_detailed.jsonl
12,384c40b35f9ae730cbcfbfa2a79120df37ac50c70d7de3946127e8e94aa8f452,5,94982,outputs/correctness/qwen25_coder_1_5b_instruct_P1_zero_shot_python_100_v1_correctness.json_detailed.jsonl
12,384c40b35f9ae730cbcfbfa2a79120df37ac50c70d7de3946127e8e94aa8f452,5,94982,outputs/evaluation_And_corrctness_may2026_1/saturation_experiment/qwen25_coder_1_5b_instruct_P1_zero_shot_python_100_v1_code_grounded_detailed.jsonl
12,384c40b35f9ae730cbcfbfa2a79120df37ac50c70d7de3946127e8e94aa8f452,5,94982,outputs/segregated_results/open-source-base/_long_paths/2e8d4317e6ea_qwen25_coder_1_5b_instruct_P1_zero_shot_python_100_v1_code_grounded_detailed.jsonl
12,384c40b35f9ae730cbcfbfa2a79120df37ac50c70d7de3946127e8e94aa8f452,5,94982,outputs/segregated_results/open-source-base/correctness/qwen25_coder_1_5b_instruct_P1_zero_shot_python_100_v1_correctness.json_detailed.jsonl
12,384c40b35f9ae730cbcfbfa2a79120df37ac50c70d7de3946127e8e94aa8f452,5,94982,outputs/segregated_results/open-source-base/may2026_legacy/saturation_experiment/qwen25_coder_1_5b_instruct_P1_zero_shot_python_100_v1_code_grounded_detailed.jsonl
13,3faed572e7aad1e097f46e7fc3c9f4efc4e2ccdc041dd06b1020675f2198f720,5,572518,outputs/correctness/qwen25_coder_1_5b_instruct_P1_zero_shot_python_600_v1_correctness.json_detailed.jsonl
13,3faed572e7aad1e097f46e7fc3c9f4efc4e2ccdc041dd06b1020675f2198f720,5,572518,outputs/evaluation_And_corrctness_may2026_1/saturation_experiment/qwen25_coder_1_5b_instruct_P1_zero_shot_python_600_v1_code_grounded_detailed.jsonl
13,3faed572e7aad1e097f46e7fc3c9f4efc4e2ccdc041dd06b1020675f2198f720,5,572518,outputs/segregated_results/open-source-base/_long_paths/a1689ab50da6_qwen25_coder_1_5b_instruct_P1_zero_shot_python_600_v1_code_grounded_detailed.jsonl
13,3faed572e7aad1e097f46e7fc3c9f4efc4e2ccdc041dd06b1020675f2198f720,5,572518,outputs/segregated_results/open-source-base/correctness/qwen25_coder_1_5b_instruct_P1_zero_shot_python_600_v1_correctness.json_detailed.jsonl
13,3faed572e7aad1e097f46e7fc3c9f4efc4e2ccdc041dd06b1020675f2198f720,5,572518,outputs/segregated_results/open-source-base/may2026_legacy/saturation_experiment/qwen25_coder_1_5b_instruct_P1_zero_shot_python_600_v1_code_grounded_detailed.jsonl
14,4b4fa0b8dc9886f7315e46f35952264f3cd25cfc25588281254158368b97b00a,5,318636,outputs/correctness/gemini_3_flash_preview_P1_zero_shot_java_400_v1_correctness.json_detailed.jsonl
14,4b4fa0b8dc9886f7315e46f35952264f3cd25cfc25588281254158368b97b00a,5,318636,outputs/evaluation-and-correctness-may2026/commercial-new/gemini_3_flash_preview_P1_zero_shot_java_400_v1_code_grounded_detailed.jsonl
14,4b4fa0b8dc9886f7315e46f35952264f3cd25cfc25588281254158368b97b00a,5,318636,outputs/segregated_results/commercial-base/correctness/gemini_3_flash_preview_P1_zero_shot_java_400_v1_correctness.json_detailed.jsonl
14,4b4fa0b8dc9886f7315e46f35952264f3cd25cfc25588281254158368b97b00a,5,318636,outputs/segregated_results/commercial-base/evaluation-and-correctness-may2026/commercial-new/gemini_3_flash_preview_P1_zero_shot_java_400_v1_code_grounded_detailed.jsonl
14,4b4fa0b8dc9886f7315e46f35952264f3cd25cfc25588281254158368b97b00a,5,318636,outputs/segregated_results/commercial-base/may2026/commercial-new/gemini_3_flash_preview_P1_zero_shot_java_400_v1_code_grounded_detailed.jsonl
15,4c4526c61f35d7c935dfe34da645f9bd4891b96fd33ca0cffadf62b6cf4165c5,5,332105,outputs/correctness/gpt_5_4_P1_zero_shot_javascript_400_v1_correctness.json_detailed.jsonl
15,4c4526c61f35d7c935dfe34da645f9bd4891b96fd33ca0cffadf62b6cf4165c5,5,332105,outputs/evaluation-and-correctness-may2026/commercial-new/gpt_5_4_P1_zero_shot_javascript_400_v1_code_grounded_detailed.jsonl
15,4c4526c61f35d7c935dfe34da645f9bd4891b96fd33ca0cffadf62b6cf4165c5,5,332105,outputs/segregated_results/commercial-base/correctness/gpt_5_4_P1_zero_shot_javascript_400_v1_correctness.json_detailed.jsonl
15,4c4526c61f35d7c935dfe34da645f9bd4891b96fd33ca0cffadf62b6cf4165c5,5,332105,outputs/segregated_results/commercial-base/evaluation-and-correctness-may2026/commercial-new/gpt_5_4_P1_zero_shot_javascript_400_v1_code_grounded_detailed.jsonl
15,4c4526c61f35d7c935dfe34da645f9bd4891b96fd33ca0cffadf62b6cf4165c5,5,332105,outputs/segregated_results/commercial-base/may2026/commercial-new/gpt_5_4_P1_zero_shot_javascript_400_v1_code_grounded_detailed.jsonl
16,5b0bd19246c7d6453563ce8c417fccdb330a17b1284a3bcdfffe73b27c26ec77,5,332179,outputs/correctness/gpt_5_1_P1_zero_shot_javascript_400_v1_correctness.json_detailed.jsonl
16,5b0bd19246c7d6453563ce8c417fccdb330a17b1284a3bcdfffe73b27c26ec77,5,332179,outputs/evaluation-and-correctness-may2026/commercial-new/gpt_5_1_P1_zero_shot_javascript_400_v1_code_grounded_detailed.jsonl
16,5b0bd19246c7d6453563ce8c417fccdb330a17b1284a3bcdfffe73b27c26ec77,5,332179,outputs/segregated_results/commercial-base/correctness/gpt_5_1_P1_zero_shot_javascript_400_v1_correctness.json_detailed.jsonl
16,5b0bd19246c7d6453563ce8c417fccdb330a17b1284a3bcdfffe73b27c26ec77,5,332179,outputs/segregated_results/commercial-base/evaluation-and-correctness-may2026/commercial-new/gpt_5_1_P1_zero_shot_javascript_400_v1_code_grounded_detailed.jsonl
16,5b0bd19246c7d6453563ce8c417fccdb330a17b1284a3bcdfffe73b27c26ec77,5,332179,outputs/segregated_results/commercial-base/may2026/commercial-new/gpt_5_1_P1_zero_shot_javascript_400_v1_code_grounded_detailed.jsonl
17,65c4aa9b816c67779af5adae13d4746500fa19a978a7e97c0d27822c4b67e73e,5,319115,outputs/correctness/deepseek_chat_P1_one_shot_java_400_v1_correctness.json_detailed.jsonl
17,65c4aa9b816c67779af5adae13d4746500fa19a978a7e97c0d27822c4b67e73e,5,319115,outputs/evaluation-and-correctness-may2026/commercial-new/deepseek_chat_P1_one_shot_java_400_v1_code_grounded_detailed.jsonl
17,65c4aa9b816c67779af5adae13d4746500fa19a978a7e97c0d27822c4b67e73e,5,319115,outputs/segregated_results/commercial-base/correctness/deepseek_chat_P1_one_shot_java_400_v1_correctness.json_detailed.jsonl
17,65c4aa9b816c67779af5adae13d4746500fa19a978a7e97c0d27822c4b67e73e,5,319115,outputs/segregated_results/commercial-base/evaluation-and-correctness-may2026/commercial-new/deepseek_chat_P1_one_shot_java_400_v1_code_grounded_detailed.jsonl
17,65c4aa9b816c67779af5adae13d4746500fa19a978a7e97c0d27822c4b67e73e,5,319115,outputs/segregated_results/commercial-base/may2026/commercial-new/deepseek_chat_P1_one_shot_java_400_v1_code_grounded_detailed.jsonl
18,6afdeb58d596b089596b7e242226205b7ce64748018f12c00177b82866e1d171,5,326507,outputs/correctness/gpt_5_1_codex_P1_zero_shot_python_400_v1_correctness.json_detailed.jsonl
18,6afdeb58d596b089596b7e242226205b7ce64748018f12c00177b82866e1d171,5,326507,outputs/evaluation-and-correctness-may2026/commercial-new/gpt_5_1_codex_P1_zero_shot_python_400_v1_code_grounded_detailed.jsonl
18,6afdeb58d596b089596b7e242226205b7ce64748018f12c00177b82866e1d171,5,326507,outputs/segregated_results/commercial-base/correctness/gpt_5_1_codex_P1_zero_shot_python_400_v1_correctness.json_detailed.jsonl
18,6afdeb58d596b089596b7e242226205b7ce64748018f12c00177b82866e1d171,5,326507,outputs/segregated_results/commercial-base/evaluation-and-correctness-may2026/commercial-new/gpt_5_1_codex_P1_zero_shot_python_400_v1_code_grounded_detailed.jsonl
18,6afdeb58d596b089596b7e242226205b7ce64748018f12c00177b82866e1d171,5,326507,outputs/segregated_results/commercial-base/may2026/commercial-new/gpt_5_1_codex_P1_zero_shot_python_400_v1_code_grounded_detailed.jsonl
19,6bb9caa8bcd084394044f68b83420da072acbbb124b353fb6f10309f2eac8589,5,8855,outputs/evaluation-and-correctness-may2026/commercial-new/gpt_5_1_P1_zero_shot_python_10_smoke_v3_detailed.jsonl
19,6bb9caa8bcd084394044f68b83420da072acbbb124b353fb6f10309f2eac8589,5,8855,outputs/evaluations/gpt_5_1_P1_zero_shot_python_10_smoke_v3_eval.json_detailed.jsonl
19,6bb9caa8bcd084394044f68b83420da072acbbb124b353fb6f10309f2eac8589,5,8855,outputs/segregated_results/commercial-base/eval/gpt_5_1_P1_zero_shot_python_10_smoke_v3_eval.json_detailed.jsonl
19,6bb9caa8bcd084394044f68b83420da072acbbb124b353fb6f10309f2eac8589,5,8855,outputs/segregated_results/commercial-base/evaluation-and-correctness-may2026/commercial-new/gpt_5_1_P1_zero_shot_python_10_smoke_v3_detailed.jsonl
19,6bb9caa8bcd084394044f68b83420da072acbbb124b353fb6f10309f2eac8589,5,8855,outputs/segregated_results/commercial-base/may2026/commercial-new/gpt_5_1_P1_zero_shot_python_10_smoke_v3_detailed.jsonl
20,74f392a57653afc4a7b7a0cebbefae3d1b4282def14251670c139f112754cfac,5,1308,outputs/evaluation-and-correctness-may2026/open-source/qwen25_coder_1_5b_instruct_P1_zero_shot_python_400_v1_code_grounded_summary.json
20,74f392a57653afc4a7b7a0cebbefae3d1b4282def14251670c139f112754cfac,5,1308,outputs/evaluation_And_corrctness_may2026_1/saturation_experiment/qwen25_coder_1_5b_instruct_P1_zero_shot_python_400_v1_code_grounded_summary.json
20,74f392a57653afc4a7b7a0cebbefae3d1b4282def14251670c139f112754cfac,5,1308,outputs/segregated_results/open-source-base/_long_paths/d3e632044bd1_qwen25_coder_1_5b_instruct_P1_zero_shot_python_400_v1_code_grounded_summary.json
20,74f392a57653afc4a7b7a0cebbefae3d1b4282def14251670c139f112754cfac,5,1308,outputs/segregated_results/open-source-base/may2026/open-source/qwen25_coder_1_5b_instruct_P1_zero_shot_python_400_v1_code_grounded_summary.json
20,74f392a57653afc4a7b7a0cebbefae3d1b4282def14251670c139f112754cfac,5,1308,outputs/segregated_results/open-source-base/may2026_legacy/saturation_experiment/qwen25_coder_1_5b_instruct_P1_zero_shot_python_400_v1_code_grounded_summary.json
21,7cc6931a4b15335b7a5f5d8b18367facc17ad8f52337fde30e2b4e0edfcca08c,5,325930,outputs/correctness/deepseek_chat_P1_zero_shot_javascript_400_v1_correctness.json_detailed.jsonl
21,7cc6931a4b15335b7a5f5d8b18367facc17ad8f52337fde30e2b4e0edfcca08c,5,325930,outputs/evaluation-and-correctness-may2026/commercial-new/deepseek_chat_P1_zero_shot_javascript_400_v1_code_grounded_detailed.jsonl
21,7cc6931a4b15335b7a5f5d8b18367facc17ad8f52337fde30e2b4e0edfcca08c,5,325930,outputs/segregated_results/commercial-base/correctness/deepseek_chat_P1_zero_shot_javascript_400_v1_correctness.json_detailed.jsonl
21,7cc6931a4b15335b7a5f5d8b18367facc17ad8f52337fde30e2b4e0edfcca08c,5,325930,outputs/segregated_results/commercial-base/evaluation-and-correctness-may2026/commercial-new/deepseek_chat_P1_zero_shot_javascript_400_v1_code_grounded_detailed.jsonl
21,7cc6931a4b15335b7a5f5d8b18367facc17ad8f52337fde30e2b4e0edfcca08c,5,325930,outputs/segregated_results/commercial-base/may2026/commercial-new/deepseek_chat_P1_zero_shot_javascript_400_v1_code_grounded_detailed.jsonl
22,7e82e3ce1b67c1fb2e4ff6bbc06a426794558c2e9cf6d91bbbbe3b05b12bacba,5,355446,outputs/correctness/gpt_5_3_codex_P1_zero_shot_javascript_400_v1_correctness.json_detailed.jsonl
22,7e82e3ce1b67c1fb2e4ff6bbc06a426794558c2e9cf6d91bbbbe3b05b12bacba,5,355446,outputs/evaluation-and-correctness-may2026/commercial-new/gpt_5_3_codex_P1_zero_shot_javascript_400_v1_code_grounded_detailed.jsonl
22,7e82e3ce1b67c1fb2e4ff6bbc06a426794558c2e9cf6d91bbbbe3b05b12bacba,5,355446,outputs/segregated_results/commercial-base/correctness/gpt_5_3_codex_P1_zero_shot_javascript_400_v1_correctness.json_detailed.jsonl
22,7e82e3ce1b67c1fb2e4ff6bbc06a426794558c2e9cf6d91bbbbe3b05b12bacba,5,355446,outputs/segregated_results/commercial-base/evaluation-and-correctness-may2026/commercial-new/gpt_5_3_codex_P1_zero_shot_javascript_400_v1_code_grounded_detailed.jsonl
22,7e82e3ce1b67c1fb2e4ff6bbc06a426794558c2e9cf6d91bbbbe3b05b12bacba,5,355446,outputs/segregated_results/commercial-base/may2026/commercial-new/gpt_5_3_codex_P1_zero_shot_javascript_400_v1_code_grounded_detailed.jsonl
23,870062b9f883458274ff09d034244be74b84e3b1b8fafc9af2aee463b751de1b,5,321627,outputs/correctness/gemini_3_flash_preview_P1_zero_shot_python_400_v1_correctness.json_detailed.jsonl
23,870062b9f883458274ff09d034244be74b84e3b1b8fafc9af2aee463b751de1b,5,321627,outputs/evaluation-and-correctness-may2026/commercial-new/gemini_3_flash_preview_P1_zero_shot_python_400_v1_code_grounded_detailed.jsonl
23,870062b9f883458274ff09d034244be74b84e3b1b8fafc9af2aee463b751de1b,5,321627,outputs/segregated_results/commercial-base/correctness/gemini_3_flash_preview_P1_zero_shot_python_400_v1_correctness.json_detailed.jsonl
23,870062b9f883458274ff09d034244be74b84e3b1b8fafc9af2aee463b751de1b,5,321627,outputs/segregated_results/commercial-base/evaluation-and-correctness-may2026/commercial-new/gemini_3_flash_preview_P1_zero_shot_python_400_v1_code_grounded_detailed.jsonl
23,870062b9f883458274ff09d034244be74b84e3b1b8fafc9af2aee463b751de1b,5,321627,outputs/segregated_results/commercial-base/may2026/commercial-new/gemini_3_flash_preview_P1_zero_shot_python_400_v1_code_grounded_detailed.jsonl
24,8d2d2f2dbf9a0c9aa456f552eef6a14ca9a3ca37e6e1d7b3705151b9da30ed9a,5,12087,outputs/correctness/deepseek_reasoner_P1_zero_shot_python_400_v1_correctness.json_detailed.jsonl
24,8d2d2f2dbf9a0c9aa456f552eef6a14ca9a3ca37e6e1d7b3705151b9da30ed9a,5,12087,outputs/evaluation-and-correctness-may2026/commercial-new/deepseek_reasoner_P1_zero_shot_python_400_v1_code_grounded_detailed.jsonl
24,8d2d2f2dbf9a0c9aa456f552eef6a14ca9a3ca37e6e1d7b3705151b9da30ed9a,5,12087,outputs/segregated_results/commercial-base/correctness/deepseek_reasoner_P1_zero_shot_python_400_v1_correctness.json_detailed.jsonl
24,8d2d2f2dbf9a0c9aa456f552eef6a14ca9a3ca37e6e1d7b3705151b9da30ed9a,5,12087,outputs/segregated_results/commercial-base/evaluation-and-correctness-may2026/commercial-new/deepseek_reasoner_P1_zero_shot_python_400_v1_code_grounded_detailed.jsonl
24,8d2d2f2dbf9a0c9aa456f552eef6a14ca9a3ca37e6e1d7b3705151b9da30ed9a,5,12087,outputs/segregated_results/commercial-base/may2026/commercial-new/deepseek_reasoner_P1_zero_shot_python_400_v1_code_grounded_detailed.jsonl
25,941fc2f44d7661940a0eb8840d11a6594d24e5e8bea4412c7e586176b4eaff9e,5,324187,outputs/correctness/gpt_5_1_P1_zero_shot_python_400_v2_correctness.json_detailed.jsonl
25,941fc2f44d7661940a0eb8840d11a6594d24e5e8bea4412c7e586176b4eaff9e,5,324187,outputs/evaluation-and-correctness-may2026/commercial-new/gpt_5_1_P1_zero_shot_python_400_v2_code_grounded_detailed.jsonl
25,941fc2f44d7661940a0eb8840d11a6594d24e5e8bea4412c7e586176b4eaff9e,5,324187,outputs/segregated_results/commercial-base/correctness/gpt_5_1_P1_zero_shot_python_400_v2_correctness.json_detailed.jsonl
25,941fc2f44d7661940a0eb8840d11a6594d24e5e8bea4412c7e586176b4eaff9e,5,324187,outputs/segregated_results/commercial-base/evaluation-and-correctness-may2026/commercial-new/gpt_5_1_P1_zero_shot_python_400_v2_code_grounded_detailed.jsonl
25,941fc2f44d7661940a0eb8840d11a6594d24e5e8bea4412c7e586176b4eaff9e,5,324187,outputs/segregated_results/commercial-base/may2026/commercial-new/gpt_5_1_P1_zero_shot_python_400_v2_code_grounded_detailed.jsonl
26,9836d49a8e24293385222a27ebeac1273f3da51d96ea4053f014cb4083cfe41a,5,12439,outputs/evaluation-and-correctness-may2026/commercial-new/deepseek_reasoner_P1_zero_shot_python_400_v1_detailed.jsonl
26,9836d49a8e24293385222a27ebeac1273f3da51d96ea4053f014cb4083cfe41a,5,12439,outputs/evaluations/deepseek_reasoner_P1_zero_shot_python_400_v1_eval.json_detailed.jsonl
26,9836d49a8e24293385222a27ebeac1273f3da51d96ea4053f014cb4083cfe41a,5,12439,outputs/segregated_results/commercial-base/eval/deepseek_reasoner_P1_zero_shot_python_400_v1_eval.json_detailed.jsonl
26,9836d49a8e24293385222a27ebeac1273f3da51d96ea4053f014cb4083cfe41a,5,12439,outputs/segregated_results/commercial-base/evaluation-and-correctness-may2026/commercial-new/deepseek_reasoner_P1_zero_shot_python_400_v1_detailed.jsonl
26,9836d49a8e24293385222a27ebeac1273f3da51d96ea4053f014cb4083cfe41a,5,12439,outputs/segregated_results/commercial-base/may2026/commercial-new/deepseek_reasoner_P1_zero_shot_python_400_v1_detailed.jsonl
27,9ca5f5f7df9b21a1a39b421f04d78cbf71700e23455b18d4802178f06f983c99,5,474604,outputs/correctness/qwen25_coder_1_5b_instruct_P1_zero_shot_python_500_ZS_v3_correctness.json_detailed.jsonl
27,9ca5f5f7df9b21a1a39b421f04d78cbf71700e23455b18d4802178f06f983c99,5,474604,outputs/evaluation_And_corrctness_may2026_1/saturation_experiment/qwen25_coder_1_5b_instruct_P1_zero_shot_python_500_ZS_v3_code_grounded_detailed.jsonl
27,9ca5f5f7df9b21a1a39b421f04d78cbf71700e23455b18d4802178f06f983c99,5,474604,outputs/segregated_results/open-source-base/_long_paths/659317cb4e78_qwen25_coder_1_5b_instruct_P1_zero_shot_python_500_ZS_v3_code_grounded_detailed.jsonl
27,9ca5f5f7df9b21a1a39b421f04d78cbf71700e23455b18d4802178f06f983c99,5,474604,outputs/segregated_results/open-source-base/correctness/qwen25_coder_1_5b_instruct_P1_zero_shot_python_500_ZS_v3_correctness.json_detailed.jsonl
27,9ca5f5f7df9b21a1a39b421f04d78cbf71700e23455b18d4802178f06f983c99,5,474604,outputs/segregated_results/open-source-base/may2026_legacy/saturation_experiment/qwen25_coder_1_5b_instruct_P1_zero_shot_python_500_ZS_v3_code_grounded_detailed.jsonl
28,a146b59e75ce896e29288b97465424d6e247f9d4b16abd205b04c610f9146cfc,5,9121,outputs/evaluation-and-correctness-may2026/commercial-new/gpt_5_1_codex_P1_zero_shot_python_10_smoke_v1_detailed.jsonl
28,a146b59e75ce896e29288b97465424d6e247f9d4b16abd205b04c610f9146cfc,5,9121,outputs/evaluations/gpt_5_1_codex_P1_zero_shot_python_10_smoke_v1_eval.json_detailed.jsonl
28,a146b59e75ce896e29288b97465424d6e247f9d4b16abd205b04c610f9146cfc,5,9121,outputs/segregated_results/commercial-base/eval/gpt_5_1_codex_P1_zero_shot_python_10_smoke_v1_eval.json_detailed.jsonl
28,a146b59e75ce896e29288b97465424d6e247f9d4b16abd205b04c610f9146cfc,5,9121,outputs/segregated_results/commercial-base/evaluation-and-correctness-may2026/commercial-new/gpt_5_1_codex_P1_zero_shot_python_10_smoke_v1_detailed.jsonl
28,a146b59e75ce896e29288b97465424d6e247f9d4b16abd205b04c610f9146cfc,5,9121,outputs/segregated_results/commercial-base/may2026/commercial-new/gpt_5_1_codex_P1_zero_shot_python_10_smoke_v1_detailed.jsonl
29,ba67d0c8352c872b512e9994a7a5c5fd0c2b5f4d33d03c77175bd04322d3776b,5,323798,outputs/evaluation-and-correctness-may2026/commercial-new/deepseek_chat_P1_few_shot_java_400_v1_code_grounded_detailed.jsonl
29,ba67d0c8352c872b512e9994a7a5c5fd0c2b5f4d33d03c77175bd04322d3776b,5,323798,outputs/evaluations/deepseek_chat_P1_few_shot_java_400_v1_code_grounded_detailed.jsonl
29,ba67d0c8352c872b512e9994a7a5c5fd0c2b5f4d33d03c77175bd04322d3776b,5,323798,outputs/segregated_results/commercial-base/eval/deepseek_chat_P1_few_shot_java_400_v1_code_grounded_detailed.jsonl
29,ba67d0c8352c872b512e9994a7a5c5fd0c2b5f4d33d03c77175bd04322d3776b,5,323798,outputs/segregated_results/commercial-base/evaluation-and-correctness-may2026/commercial-new/deepseek_chat_P1_few_shot_java_400_v1_code_grounded_detailed.jsonl
29,ba67d0c8352c872b512e9994a7a5c5fd0c2b5f4d33d03c77175bd04322d3776b,5,323798,outputs/segregated_results/commercial-base/may2026/commercial-new/deepseek_chat_P1_few_shot_java_400_v1_code_grounded_detailed.jsonl
30,bdb45cf6b86963f628dde39ca893bec80e057bd497fc88c9e9765dd8dfdd845a,5,327872,outputs/correctness/gemini_3_flash_preview_P1_zero_shot_javascript_400_v1_correctness.json_detailed.jsonl
30,bdb45cf6b86963f628dde39ca893bec80e057bd497fc88c9e9765dd8dfdd845a,5,327872,outputs/evaluation-and-correctness-may2026/commercial-new/gemini_3_flash_preview_P1_zero_shot_javascript_400_v1_code_grounded_detailed.jsonl
30,bdb45cf6b86963f628dde39ca893bec80e057bd497fc88c9e9765dd8dfdd845a,5,327872,outputs/segregated_results/commercial-base/correctness/gemini_3_flash_preview_P1_zero_shot_javascript_400_v1_correctness.json_detailed.jsonl
30,bdb45cf6b86963f628dde39ca893bec80e057bd497fc88c9e9765dd8dfdd845a,5,327872,outputs/segregated_results/commercial-base/evaluation-and-correctness-may2026/commercial-new/gemini_3_flash_preview_P1_zero_shot_javascript_400_v1_code_grounded_detailed.jsonl
30,bdb45cf6b86963f628dde39ca893bec80e057bd497fc88c9e9765dd8dfdd845a,5,327872,outputs/segregated_results/commercial-base/may2026/commercial-new/gemini_3_flash_preview_P1_zero_shot_javascript_400_v1_code_grounded_detailed.jsonl
31,c17438c741ced7de14ded25fbd6aa065eb8ebb3ea435c0d2ddad938164f7d254,5,348209,outputs/correctness/gpt_5_3_codex_P1_zero_shot_python_400_v1_correctness.json_detailed.jsonl
31,c17438c741ced7de14ded25fbd6aa065eb8ebb3ea435c0d2ddad938164f7d254,5,348209,outputs/evaluation-and-correctness-may2026/commercial-new/gpt_5_3_codex_P1_zero_shot_python_400_v1_code_grounded_detailed.jsonl
31,c17438c741ced7de14ded25fbd6aa065eb8ebb3ea435c0d2ddad938164f7d254,5,348209,outputs/segregated_results/commercial-base/correctness/gpt_5_3_codex_P1_zero_shot_python_400_v1_correctness.json_detailed.jsonl
31,c17438c741ced7de14ded25fbd6aa065eb8ebb3ea435c0d2ddad938164f7d254,5,348209,outputs/segregated_results/commercial-base/evaluation-and-correctness-may2026/commercial-new/gpt_5_3_codex_P1_zero_shot_python_400_v1_code_grounded_detailed.jsonl
31,c17438c741ced7de14ded25fbd6aa065eb8ebb3ea435c0d2ddad938164f7d254,5,348209,outputs/segregated_results/commercial-base/may2026/commercial-new/gpt_5_3_codex_P1_zero_shot_python_400_v1_code_grounded_detailed.jsonl
32,c2d1478ccfbc620a149059292a82d7648781ccf5800fdc9abda976de068628e8,5,321463,outputs/correctness/gpt_5_1_P1_zero_shot_java_400_v1_correctness.json_detailed.jsonl
32,c2d1478ccfbc620a149059292a82d7648781ccf5800fdc9abda976de068628e8,5,321463,outputs/evaluation-and-correctness-may2026/commercial-new/gpt_5_1_P1_zero_shot_java_400_v1_code_grounded_detailed.jsonl
32,c2d1478ccfbc620a149059292a82d7648781ccf5800fdc9abda976de068628e8,5,321463,outputs/segregated_results/commercial-base/correctness/gpt_5_1_P1_zero_shot_java_400_v1_correctness.json_detailed.jsonl
32,c2d1478ccfbc620a149059292a82d7648781ccf5800fdc9abda976de068628e8,5,321463,outputs/segregated_results/commercial-base/evaluation-and-correctness-may2026/commercial-new/gpt_5_1_P1_zero_shot_java_400_v1_code_grounded_detailed.jsonl
32,c2d1478ccfbc620a149059292a82d7648781ccf5800fdc9abda976de068628e8,5,321463,outputs/segregated_results/commercial-base/may2026/commercial-new/gpt_5_1_P1_zero_shot_java_400_v1_code_grounded_detailed.jsonl
33,c3c62afb6ed5244c2e6a9b7768c7f1e2851602290dbabf218ef529daffb51c8d,5,326400,outputs/correctness/gpt_5_4_P1_zero_shot_python_400_v1_correctness.json_detailed.jsonl
33,c3c62afb6ed5244c2e6a9b7768c7f1e2851602290dbabf218ef529daffb51c8d,5,326400,outputs/evaluation-and-correctness-may2026/commercial-new/gpt_5_4_P1_zero_shot_python_400_v1_code_grounded_detailed.jsonl
33,c3c62afb6ed5244c2e6a9b7768c7f1e2851602290dbabf218ef529daffb51c8d,5,326400,outputs/segregated_results/commercial-base/correctness/gpt_5_4_P1_zero_shot_python_400_v1_correctness.json_detailed.jsonl
33,c3c62afb6ed5244c2e6a9b7768c7f1e2851602290dbabf218ef529daffb51c8d,5,326400,outputs/segregated_results/commercial-base/evaluation-and-correctness-may2026/commercial-new/gpt_5_4_P1_zero_shot_python_400_v1_code_grounded_detailed.jsonl
33,c3c62afb6ed5244c2e6a9b7768c7f1e2851602290dbabf218ef529daffb51c8d,5,326400,outputs/segregated_results/commercial-base/may2026/commercial-new/gpt_5_4_P1_zero_shot_python_400_v1_code_grounded_detailed.jsonl
34,c6aa0a9f4b3eaa8187743d60f9386b0b5d672759cc0f9c2273a8829aec5a7dee,5,284801,outputs/correctness/qwen25_coder_1_5b_instruct_P1_zero_shot_python_300_ZS_v3_correctness.json_detailed.jsonl
34,c6aa0a9f4b3eaa8187743d60f9386b0b5d672759cc0f9c2273a8829aec5a7dee,5,284801,outputs/evaluation_And_corrctness_may2026_1/saturation_experiment/qwen25_coder_1_5b_instruct_P1_zero_shot_python_300_ZS_v3_code_grounded_detailed.jsonl
34,c6aa0a9f4b3eaa8187743d60f9386b0b5d672759cc0f9c2273a8829aec5a7dee,5,284801,outputs/segregated_results/open-source-base/_long_paths/ec2f612d6ed1_qwen25_coder_1_5b_instruct_P1_zero_shot_python_300_ZS_v3_code_grounded_detailed.jsonl
34,c6aa0a9f4b3eaa8187743d60f9386b0b5d672759cc0f9c2273a8829aec5a7dee,5,284801,outputs/segregated_results/open-source-base/correctness/qwen25_coder_1_5b_instruct_P1_zero_shot_python_300_ZS_v3_correctness.json_detailed.jsonl
34,c6aa0a9f4b3eaa8187743d60f9386b0b5d672759cc0f9c2273a8829aec5a7dee,5,284801,outputs/segregated_results/open-source-base/may2026_legacy/saturation_experiment/qwen25_coder_1_5b_instruct_P1_zero_shot_python_300_ZS_v3_code_grounded_detailed.jsonl
35,c7558864d96de8e9f420575e7441c8482e2830844091e2de03a797c867c31cdc,5,9655,outputs/evaluation-and-correctness-may2026/commercial-new/gpt_5_3_codex_P1_zero_shot_python_10_smoke_v1_detailed.jsonl
35,c7558864d96de8e9f420575e7441c8482e2830844091e2de03a797c867c31cdc,5,9655,outputs/evaluations/gpt_5_3_codex_P1_zero_shot_python_10_smoke_v1_eval.json_detailed.jsonl
35,c7558864d96de8e9f420575e7441c8482e2830844091e2de03a797c867c31cdc,5,9655,outputs/segregated_results/commercial-base/eval/gpt_5_3_codex_P1_zero_shot_python_10_smoke_v1_eval.json_detailed.jsonl
35,c7558864d96de8e9f420575e7441c8482e2830844091e2de03a797c867c31cdc,5,9655,outputs/segregated_results/commercial-base/evaluation-and-correctness-may2026/commercial-new/gpt_5_3_codex_P1_zero_shot_python_10_smoke_v1_detailed.jsonl
35,c7558864d96de8e9f420575e7441c8482e2830844091e2de03a797c867c31cdc,5,9655,outputs/segregated_results/commercial-base/may2026/commercial-new/gpt_5_3_codex_P1_zero_shot_python_10_smoke_v1_detailed.jsonl
36,cadc90750ac0c25ecf8f720fc46aa88603626a1915f9dc228761f898bf089154,5,321375,outputs/correctness/deepseek_chat_P1_zero_shot_python_400_v1_correctness.json_detailed.jsonl
36,cadc90750ac0c25ecf8f720fc46aa88603626a1915f9dc228761f898bf089154,5,321375,outputs/evaluation-and-correctness-may2026/commercial-new/deepseek_chat_P1_zero_shot_python_400_v1_code_grounded_detailed.jsonl
36,cadc90750ac0c25ecf8f720fc46aa88603626a1915f9dc228761f898bf089154,5,321375,outputs/segregated_results/commercial-base/correctness/deepseek_chat_P1_zero_shot_python_400_v1_correctness.json_detailed.jsonl
36,cadc90750ac0c25ecf8f720fc46aa88603626a1915f9dc228761f898bf089154,5,321375,outputs/segregated_results/commercial-base/evaluation-and-correctness-may2026/commercial-new/deepseek_chat_P1_zero_shot_python_400_v1_code_grounded_detailed.jsonl
36,cadc90750ac0c25ecf8f720fc46aa88603626a1915f9dc228761f898bf089154,5,321375,outputs/segregated_results/commercial-base/may2026/commercial-new/deepseek_chat_P1_zero_shot_python_400_v1_code_grounded_detailed.jsonl
37,cf8ea8c63ada79d8849d95c3ba87bdd6c464268aafe40a088cbafffacee7245a,5,333063,outputs/correctness/gpt_5_1_codex_P1_zero_shot_javascript_400_v1_correctness.json_detailed.jsonl
37,cf8ea8c63ada79d8849d95c3ba87bdd6c464268aafe40a088cbafffacee7245a,5,333063,outputs/evaluation-and-correctness-may2026/commercial-new/gpt_5_1_codex_P1_zero_shot_javascript_400_v1_code_grounded_detailed.jsonl
37,cf8ea8c63ada79d8849d95c3ba87bdd6c464268aafe40a088cbafffacee7245a,5,333063,outputs/segregated_results/commercial-base/correctness/gpt_5_1_codex_P1_zero_shot_javascript_400_v1_correctness.json_detailed.jsonl
37,cf8ea8c63ada79d8849d95c3ba87bdd6c464268aafe40a088cbafffacee7245a,5,333063,outputs/segregated_results/commercial-base/evaluation-and-correctness-may2026/commercial-new/gpt_5_1_codex_P1_zero_shot_javascript_400_v1_code_grounded_detailed.jsonl
37,cf8ea8c63ada79d8849d95c3ba87bdd6c464268aafe40a088cbafffacee7245a,5,333063,outputs/segregated_results/commercial-base/may2026/commercial-new/gpt_5_1_codex_P1_zero_shot_javascript_400_v1_code_grounded_detailed.jsonl
38,d4b6b7d4df328f11943632bfbe82ba68e308673a8ba173a3204ccdc63ed499cb,5,323765,outputs/correctness/gpt_5_1_codex_P1_zero_shot_java_400_v1_correctness.json_detailed.jsonl
38,d4b6b7d4df328f11943632bfbe82ba68e308673a8ba173a3204ccdc63ed499cb,5,323765,outputs/evaluation-and-correctness-may2026/commercial-new/gpt_5_1_codex_P1_zero_shot_java_400_v1_code_grounded_detailed.jsonl
38,d4b6b7d4df328f11943632bfbe82ba68e308673a8ba173a3204ccdc63ed499cb,5,323765,outputs/segregated_results/commercial-base/correctness/gpt_5_1_codex_P1_zero_shot_java_400_v1_correctness.json_detailed.jsonl
38,d4b6b7d4df328f11943632bfbe82ba68e308673a8ba173a3204ccdc63ed499cb,5,323765,outputs/segregated_results/commercial-base/evaluation-and-correctness-may2026/commercial-new/gpt_5_1_codex_P1_zero_shot_java_400_v1_code_grounded_detailed.jsonl
38,d4b6b7d4df328f11943632bfbe82ba68e308673a8ba173a3204ccdc63ed499cb,5,323765,outputs/segregated_results/commercial-base/may2026/commercial-new/gpt_5_1_codex_P1_zero_shot_java_400_v1_code_grounded_detailed.jsonl
39,d8544a6cbe8799ce11d85453df2da62c75e49c80fe7e8da317d7bca6c7ff12b1,5,9047,outputs/evaluation-and-correctness-may2026/commercial-new/gpt_5_1_codex_P1_zero_shot_python_10_smoke_v3_detailed.jsonl
39,d8544a6cbe8799ce11d85453df2da62c75e49c80fe7e8da317d7bca6c7ff12b1,5,9047,outputs/evaluations/gpt_5_1_codex_P1_zero_shot_python_10_smoke_v3_eval.json_detailed.jsonl
39,d8544a6cbe8799ce11d85453df2da62c75e49c80fe7e8da317d7bca6c7ff12b1,5,9047,outputs/segregated_results/commercial-base/eval/gpt_5_1_codex_P1_zero_shot_python_10_smoke_v3_eval.json_detailed.jsonl
39,d8544a6cbe8799ce11d85453df2da62c75e49c80fe7e8da317d7bca6c7ff12b1,5,9047,outputs/segregated_results/commercial-base/evaluation-and-correctness-may2026/commercial-new/gpt_5_1_codex_P1_zero_shot_python_10_smoke_v3_detailed.jsonl
39,d8544a6cbe8799ce11d85453df2da62c75e49c80fe7e8da317d7bca6c7ff12b1,5,9047,outputs/segregated_results/commercial-base/may2026/commercial-new/gpt_5_1_codex_P1_zero_shot_python_10_smoke_v3_detailed.jsonl
40,e871cbb89b79ff161be270becd3dc3a474ec32b5f0652a7b7255267c4442fb4c,5,763201,outputs/correctness/qwen25_coder_1_5b_instruct_P1_zero_shot_python_800_v1_correctness.json_detailed.jsonl
40,e871cbb89b79ff161be270becd3dc3a474ec32b5f0652a7b7255267c4442fb4c,5,763201,outputs/evaluation_And_corrctness_may2026_1/saturation_experiment/qwen25_coder_1_5b_instruct_P1_zero_shot_python_800_v1_code_grounded_detailed.jsonl
40,e871cbb89b79ff161be270becd3dc3a474ec32b5f0652a7b7255267c4442fb4c,5,763201,outputs/segregated_results/open-source-base/_long_paths/135f042aa503_qwen25_coder_1_5b_instruct_P1_zero_shot_python_800_v1_code_grounded_detailed.jsonl
40,e871cbb89b79ff161be270becd3dc3a474ec32b5f0652a7b7255267c4442fb4c,5,763201,outputs/segregated_results/open-source-base/correctness/qwen25_coder_1_5b_instruct_P1_zero_shot_python_800_v1_correctness.json_detailed.jsonl
40,e871cbb89b79ff161be270becd3dc3a474ec32b5f0652a7b7255267c4442fb4c,5,763201,outputs/segregated_results/open-source-base/may2026_legacy/saturation_experiment/qwen25_coder_1_5b_instruct_P1_zero_shot_python_800_v1_code_grounded_detailed.jsonl
41,e9a920e803b99ef80ddccc4a93362167f7535e405b892abedc6609ccaacc6b76,5,320295,outputs/correctness/deepseek_chat_P1_one_shot_javascript_400_v1_correctness.json_detailed.jsonl
41,e9a920e803b99ef80ddccc4a93362167f7535e405b892abedc6609ccaacc6b76,5,320295,outputs/evaluation-and-correctness-may2026/commercial-new/deepseek_chat_P1_one_shot_javascript_400_v1_code_grounded_detailed.jsonl
41,e9a920e803b99ef80ddccc4a93362167f7535e405b892abedc6609ccaacc6b76,5,320295,outputs/segregated_results/commercial-base/correctness/deepseek_chat_P1_one_shot_javascript_400_v1_correctness.json_detailed.jsonl
41,e9a920e803b99ef80ddccc4a93362167f7535e405b892abedc6609ccaacc6b76,5,320295,outputs/segregated_results/commercial-base/evaluation-and-correctness-may2026/commercial-new/deepseek_chat_P1_one_shot_javascript_400_v1_code_grounded_detailed.jsonl
41,e9a920e803b99ef80ddccc4a93362167f7535e405b892abedc6609ccaacc6b76,5,320295,outputs/segregated_results/commercial-base/may2026/commercial-new/deepseek_chat_P1_one_shot_javascript_400_v1_code_grounded_detailed.jsonl
42,efd5114ed8f77178e782c6266456089a2fc0e44f65f193fa5c382fc64b69b2e7,5,321835,outputs/evaluation-and-correctness-may2026/commercial-new/deepseek_chat_P1_few_shot_python_400_v1_code_grounded_detailed.jsonl
42,efd5114ed8f77178e782c6266456089a2fc0e44f65f193fa5c382fc64b69b2e7,5,321835,outputs/evaluations/deepseek_chat_P1_few_shot_python_400_v1_code_grounded_detailed.jsonl
42,efd5114ed8f77178e782c6266456089a2fc0e44f65f193fa5c382fc64b69b2e7,5,321835,outputs/segregated_results/commercial-base/eval/deepseek_chat_P1_few_shot_python_400_v1_code_grounded_detailed.jsonl
42,efd5114ed8f77178e782c6266456089a2fc0e44f65f193fa5c382fc64b69b2e7,5,321835,outputs/segregated_results/commercial-base/evaluation-and-correctness-may2026/commercial-new/deepseek_chat_P1_few_shot_python_400_v1_code_grounded_detailed.jsonl
42,efd5114ed8f77178e782c6266456089a2fc0e44f65f193fa5c382fc64b69b2e7,5,321835,outputs/segregated_results/commercial-base/may2026/commercial-new/deepseek_chat_P1_few_shot_python_400_v1_code_grounded_detailed.jsonl
43,f19255b11d301b02a8ec84e2a0a586ce1c2f5b2b54414ccef672aa3aa5688563,5,953609,outputs/correctness/qwen25_coder_1_5b_instruct_P1_zero_shot_python_1000_ZS_v3_correctness.json_detailed.jsonl
43,f19255b11d301b02a8ec84e2a0a586ce1c2f5b2b54414ccef672aa3aa5688563,5,953609,outputs/evaluation_And_corrctness_may2026_1/saturation_experiment/qwen25_coder_1_5b_instruct_P1_zero_shot_python_1000_ZS_v3_code_grounded_detailed.jsonl
43,f19255b11d301b02a8ec84e2a0a586ce1c2f5b2b54414ccef672aa3aa5688563,5,953609,outputs/segregated_results/open-source-base/_long_paths/8637dbc70d28_qwen25_coder_1_5b_instruct_P1_zero_shot_python_1000_ZS_v3_code_grounded_detailed.jsonl
43,f19255b11d301b02a8ec84e2a0a586ce1c2f5b2b54414ccef672aa3aa5688563,5,953609,outputs/segregated_results/open-source-base/correctness/qwen25_coder_1_5b_instruct_P1_zero_shot_python_1000_ZS_v3_correctness.json_detailed.jsonl
43,f19255b11d301b02a8ec84e2a0a586ce1c2f5b2b54414ccef672aa3aa5688563,5,953609,outputs/segregated_results/open-source-base/may2026_legacy/saturation_experiment/qwen25_coder_1_5b_instruct_P1_zero_shot_python_1000_ZS_v3_code_grounded_detailed.jsonl
44,f4045bca827c5beec8df7769d1e85581d7cc93ad9cc13f000e2adf39e0d2f8f5,5,9795,outputs/evaluation-and-correctness-may2026/commercial-new/gpt_5_3_codex_P1_zero_shot_python_10_smoke_v2_detailed.jsonl
44,f4045bca827c5beec8df7769d1e85581d7cc93ad9cc13f000e2adf39e0d2f8f5,5,9795,outputs/evaluations/gpt_5_3_codex_P1_zero_shot_python_10_smoke_v2_eval.json_detailed.jsonl
44,f4045bca827c5beec8df7769d1e85581d7cc93ad9cc13f000e2adf39e0d2f8f5,5,9795,outputs/segregated_results/commercial-base/eval/gpt_5_3_codex_P1_zero_shot_python_10_smoke_v2_eval.json_detailed.jsonl
44,f4045bca827c5beec8df7769d1e85581d7cc93ad9cc13f000e2adf39e0d2f8f5,5,9795,outputs/segregated_results/commercial-base/evaluation-and-correctness-may2026/commercial-new/gpt_5_3_codex_P1_zero_shot_python_10_smoke_v2_detailed.jsonl
44,f4045bca827c5beec8df7769d1e85581d7cc93ad9cc13f000e2adf39e0d2f8f5,5,9795,outputs/segregated_results/commercial-base/may2026/commercial-new/gpt_5_3_codex_P1_zero_shot_python_10_smoke_v2_detailed.jsonl
45,ffe814f3c5574686d61bb82ffc3decf3c8e2565e39e5b8dc6d27d2fe062176d7,5,189835,outputs/correctness/qwen25_coder_1_5b_instruct_P1_zero_shot_python_200_v1_correctness.json_detailed.jsonl
45,ffe814f3c5574686d61bb82ffc3decf3c8e2565e39e5b8dc6d27d2fe062176d7,5,189835,outputs/evaluation_And_corrctness_may2026_1/saturation_experiment/qwen25_coder_1_5b_instruct_P1_zero_shot_python_200_v1_code_grounded_detailed.jsonl
45,ffe814f3c5574686d61bb82ffc3decf3c8e2565e39e5b8dc6d27d2fe062176d7,5,189835,outputs/segregated_results/open-source-base/_long_paths/c1ca8c98750a_qwen25_coder_1_5b_instruct_P1_zero_shot_python_200_v1_code_grounded_detailed.jsonl
45,ffe814f3c5574686d61bb82ffc3decf3c8e2565e39e5b8dc6d27d2fe062176d7,5,189835,outputs/segregated_results/open-source-base/correctness/qwen25_coder_1_5b_instruct_P1_zero_shot_python_200_v1_correctness.json_detailed.jsonl
45,ffe814f3c5574686d61bb82ffc3decf3c8e2565e39e5b8dc6d27d2fe062176d7,5,189835,outputs/segregated_results/open-source-base/may2026_legacy/saturation_experiment/qwen25_coder_1_5b_instruct_P1_zero_shot_python_200_v1_code_grounded_detailed.jsonl
46,007344bae4537a3e15db9d9865e76827ba24b87851ed0b30d24d59008784e68f,4,99902,outputs/raw_generations/open-source/qwen25_coder_1_5b_instruct_P1_few_shot_python_200_t02_p09_k50_v1.jsonl
46,007344bae4537a3e15db9d9865e76827ba24b87851ed0b30d24d59008784e68f,4,99902,outputs/raw_generations/qwen25_coder_1_5b_instruct_P1_few_shot_python_200_t02_p09_k50_v1.jsonl
46,007344bae4537a3e15db9d9865e76827ba24b87851ed0b30d24d59008784e68f,4,99902,outputs/segregated_results/open-source-base/raw/open-source/qwen25_coder_1_5b_instruct_P1_few_shot_python_200_t02_p09_k50_v1.jsonl
46,007344bae4537a3e15db9d9865e76827ba24b87851ed0b30d24d59008784e68f,4,99902,outputs/segregated_results/open-source-base/raw/qwen25_coder_1_5b_instruct_P1_few_shot_python_200_t02_p09_k50_v1.jsonl
47,027c9575b57c634d468bd2f767989c50c49fe044dd03014fa623af0b0e4c06e3,4,366318,outputs/raw_generations/open-source/qwen25_1_5b_instruct_P1_zero_shot_balanced_300.jsonl
47,027c9575b57c634d468bd2f767989c50c49fe044dd03014fa623af0b0e4c06e3,4,366318,outputs/raw_generations/qwen25_1_5b_instruct_P1_zero_shot_balanced_300.jsonl
47,027c9575b57c634d468bd2f767989c50c49fe044dd03014fa623af0b0e4c06e3,4,366318,outputs/segregated_results/open-source-base/raw/open-source/qwen25_1_5b_instruct_P1_zero_shot_balanced_300.jsonl
47,027c9575b57c634d468bd2f767989c50c49fe044dd03014fa623af0b0e4c06e3,4,366318,outputs/segregated_results/open-source-base/raw/qwen25_1_5b_instruct_P1_zero_shot_balanced_300.jsonl
48,0480e8cdf33d5401e2e174b02abbabb89b8fb09d4b94a0d97b0a48c7e708cd18,4,46752,outputs/raw_generations/commercial-new/gpt_5_3_codex_P1_zero_shot_python_10_smoke_v1.jsonl
48,0480e8cdf33d5401e2e174b02abbabb89b8fb09d4b94a0d97b0a48c7e708cd18,4,46752,outputs/raw_generations/gpt_5_3_codex_P1_zero_shot_python_10_smoke_v1.jsonl
48,0480e8cdf33d5401e2e174b02abbabb89b8fb09d4b94a0d97b0a48c7e708cd18,4,46752,outputs/segregated_results/commercial-base/raw/commercial-new/gpt_5_3_codex_P1_zero_shot_python_10_smoke_v1.jsonl
48,0480e8cdf33d5401e2e174b02abbabb89b8fb09d4b94a0d97b0a48c7e708cd18,4,46752,outputs/segregated_results/commercial-base/raw/gpt_5_3_codex_P1_zero_shot_python_10_smoke_v1.jsonl
49,054e7eb62262be7f54ea066bbff8e39a4fdb143522d9e4c413278bc0bcc4e187,4,345401,outputs/correctness/qwen25_coder_1_5b_instruct_P1_one_shot_java_400_v2_rerun_correctness.json_detailed.jsonl
49,054e7eb62262be7f54ea066bbff8e39a4fdb143522d9e4c413278bc0bcc4e187,4,345401,outputs/evaluation-and-correctness-may2026/open-source/qwen25_coder_1_5b_instruct_P1_one_shot_java_400_v2_rerun_code_grounded_detailed.jsonl
49,054e7eb62262be7f54ea066bbff8e39a4fdb143522d9e4c413278bc0bcc4e187,4,345401,outputs/segregated_results/open-source-base/correctness/qwen25_coder_1_5b_instruct_P1_one_shot_java_400_v2_rerun_correctness.json_detailed.jsonl
49,054e7eb62262be7f54ea066bbff8e39a4fdb143522d9e4c413278bc0bcc4e187,4,345401,outputs/segregated_results/open-source-base/may2026/open-source/qwen25_coder_1_5b_instruct_P1_one_shot_java_400_v2_rerun_code_grounded_detailed.jsonl
50,0622dfaf11805d6ec0d3223ac725e6700273b58453245cab764d254582da2ae9,4,1851709,outputs/raw_generations/commercial-new/gpt_5_1_P1_zero_shot_javascript_400_v1.jsonl
50,0622dfaf11805d6ec0d3223ac725e6700273b58453245cab764d254582da2ae9,4,1851709,outputs/raw_generations/gpt_5_1_P1_zero_shot_javascript_400_v1.jsonl
50,0622dfaf11805d6ec0d3223ac725e6700273b58453245cab764d254582da2ae9,4,1851709,outputs/segregated_results/commercial-base/raw/commercial-new/gpt_5_1_P1_zero_shot_javascript_400_v1.jsonl
50,0622dfaf11805d6ec0d3223ac725e6700273b58453245cab764d254582da2ae9,4,1851709,outputs/segregated_results/commercial-base/raw/gpt_5_1_P1_zero_shot_javascript_400_v1.jsonl
51,064c5c8b9f40a02d72b919962564e006c50da0aec7960569fadfb067895698b8,4,165801,outputs/raw_generations/open-source/qwen25_coder_1_5b_instruct_P1_one_shot_python_300_v1.jsonl
51,064c5c8b9f40a02d72b919962564e006c50da0aec7960569fadfb067895698b8,4,165801,outputs/raw_generations/qwen25_coder_1_5b_instruct_P1_one_shot_python_300_v1.jsonl
51,064c5c8b9f40a02d72b919962564e006c50da0aec7960569fadfb067895698b8,4,165801,outputs/segregated_results/open-source-base/raw/open-source/qwen25_coder_1_5b_instruct_P1_one_shot_python_300_v1.jsonl
51,064c5c8b9f40a02d72b919962564e006c50da0aec7960569fadfb067895698b8,4,165801,outputs/segregated_results/open-source-base/raw/qwen25_coder_1_5b_instruct_P1_one_shot_python_300_v1.jsonl
52,06f42477bdce421436509fbae9b6d4136a40b383678e167c12babbe8fd91a076,4,8699,outputs/raw_generations/commercial-new/deepseek_reasoner_P1_zero_shot_python_400_v1.jsonl
52,06f42477bdce421436509fbae9b6d4136a40b383678e167c12babbe8fd91a076,4,8699,outputs/raw_generations/deepseek_reasoner_P1_zero_shot_python_400_v1.jsonl
52,06f42477bdce421436509fbae9b6d4136a40b383678e167c12babbe8fd91a076,4,8699,outputs/segregated_results/commercial-base/raw/commercial-new/deepseek_reasoner_P1_zero_shot_python_400_v1.jsonl
52,06f42477bdce421436509fbae9b6d4136a40b383678e167c12babbe8fd91a076,4,8699,outputs/segregated_results/commercial-base/raw/deepseek_reasoner_P1_zero_shot_python_400_v1.jsonl
53,072f39b9dd9b4b1fd3f322ceae310a14e938f745d5db579b2f1123225f8ba8fe,4,439629,outputs/raw_generations/codegemma_2b_P1_few_shot_java_400_v1.jsonl
53,072f39b9dd9b4b1fd3f322ceae310a14e938f745d5db579b2f1123225f8ba8fe,4,439629,outputs/raw_generations/open-source/codegemma_2b_P1_few_shot_java_400_v1.jsonl
53,072f39b9dd9b4b1fd3f322ceae310a14e938f745d5db579b2f1123225f8ba8fe,4,439629,outputs/segregated_results/open-source-base/raw/codegemma_2b_P1_few_shot_java_400_v1.jsonl
53,072f39b9dd9b4b1fd3f322ceae310a14e938f745d5db579b2f1123225f8ba8fe,4,439629,outputs/segregated_results/open-source-base/raw/open-source/codegemma_2b_P1_few_shot_java_400_v1.jsonl
54,083ba7a4523938ad01646012bc59172a244332e1935b8afdea26c82401f332f0,4,47140,outputs/raw_generations/commercial-new/gpt_5_3_codex_P1_zero_shot_python_10_smoke_v2.jsonl
54,083ba7a4523938ad01646012bc59172a244332e1935b8afdea26c82401f332f0,4,47140,outputs/raw_generations/gpt_5_3_codex_P1_zero_shot_python_10_smoke_v2.jsonl
54,083ba7a4523938ad01646012bc59172a244332e1935b8afdea26c82401f332f0,4,47140,outputs/segregated_results/commercial-base/raw/commercial-new/gpt_5_3_codex_P1_zero_shot_python_10_smoke_v2.jsonl
54,083ba7a4523938ad01646012bc59172a244332e1935b8afdea26c82401f332f0,4,47140,outputs/segregated_results/commercial-base/raw/gpt_5_3_codex_P1_zero_shot_python_10_smoke_v2.jsonl
55,085f8db5759c7280cb686b704d36cef45e007981beae496822a99e165a8cee3f,4,168772,outputs/raw_generations/open-source/qwen25_1_5b_instruct_P1_one_shot_python_300_v1.jsonl
55,085f8db5759c7280cb686b704d36cef45e007981beae496822a99e165a8cee3f,4,168772,outputs/raw_generations/qwen25_1_5b_instruct_P1_one_shot_python_300_v1.jsonl
55,085f8db5759c7280cb686b704d36cef45e007981beae496822a99e165a8cee3f,4,168772,outputs/segregated_results/open-source-base/raw/open-source/qwen25_1_5b_instruct_P1_one_shot_python_300_v1.jsonl
55,085f8db5759c7280cb686b704d36cef45e007981beae496822a99e165a8cee3f,4,168772,outputs/segregated_results/open-source-base/raw/qwen25_1_5b_instruct_P1_one_shot_python_300_v1.jsonl
56,08b7bba131199e42df807a8a2fdd956e2504ee83e0445fbd53283306d57f512f,4,288363,outputs/raw_generations/open-source/qwen25_coder_1_5b_instruct_P1_zero_shot_balanced_300_ZS.jsonl
56,08b7bba131199e42df807a8a2fdd956e2504ee83e0445fbd53283306d57f512f,4,288363,outputs/raw_generations/qwen25_coder_1_5b_instruct_P1_zero_shot_balanced_300_ZS.jsonl
56,08b7bba131199e42df807a8a2fdd956e2504ee83e0445fbd53283306d57f512f,4,288363,outputs/segregated_results/open-source-base/raw/open-source/qwen25_coder_1_5b_instruct_P1_zero_shot_balanced_300_ZS.jsonl
56,08b7bba131199e42df807a8a2fdd956e2504ee83e0445fbd53283306d57f512f,4,288363,outputs/segregated_results/open-source-base/raw/qwen25_coder_1_5b_instruct_P1_zero_shot_balanced_300_ZS.jsonl
57,09ce2ec8c9fef7a28da8bc79325d248bc182edad7b9955635c11e38f1f493383,4,1811068,outputs/raw_generations/commercial-new/gpt_5_1_codex_P1_zero_shot_java_400_v1.jsonl
57,09ce2ec8c9fef7a28da8bc79325d248bc182edad7b9955635c11e38f1f493383,4,1811068,outputs/raw_generations/gpt_5_1_codex_P1_zero_shot_java_400_v1.jsonl
57,09ce2ec8c9fef7a28da8bc79325d248bc182edad7b9955635c11e38f1f493383,4,1811068,outputs/segregated_results/commercial-base/raw/commercial-new/gpt_5_1_codex_P1_zero_shot_java_400_v1.jsonl
57,09ce2ec8c9fef7a28da8bc79325d248bc182edad7b9955635c11e38f1f493383,4,1811068,outputs/segregated_results/commercial-base/raw/gpt_5_1_codex_P1_zero_shot_java_400_v1.jsonl
58,0a63fd7edee9d7b250ae7a0f272bdaba6b220d7a48b5b75cfdeae529d8406e7c,4,300339,outputs/raw_generations/gemma_2_2b_it_P1_zero_shot_javascript_400_v2.jsonl
58,0a63fd7edee9d7b250ae7a0f272bdaba6b220d7a48b5b75cfdeae529d8406e7c,4,300339,outputs/raw_generations/open-source/gemma_2_2b_it_P1_zero_shot_javascript_400_v2.jsonl
58,0a63fd7edee9d7b250ae7a0f272bdaba6b220d7a48b5b75cfdeae529d8406e7c,4,300339,outputs/segregated_results/open-source-base/raw/gemma_2_2b_it_P1_zero_shot_javascript_400_v2.jsonl
58,0a63fd7edee9d7b250ae7a0f272bdaba6b220d7a48b5b75cfdeae529d8406e7c,4,300339,outputs/segregated_results/open-source-base/raw/open-source/gemma_2_2b_it_P1_zero_shot_javascript_400_v2.jsonl
59,0aa32590a5d96a9502298a319a8bd104b01d89b3031a0f9b0eade33f3f175916,4,1781846,outputs/raw_generations/commercial-new/gpt_5_4_P1_zero_shot_python_400_v1.jsonl
59,0aa32590a5d96a9502298a319a8bd104b01d89b3031a0f9b0eade33f3f175916,4,1781846,outputs/raw_generations/gpt_5_4_P1_zero_shot_python_400_v1.jsonl
59,0aa32590a5d96a9502298a319a8bd104b01d89b3031a0f9b0eade33f3f175916,4,1781846,outputs/segregated_results/commercial-base/raw/commercial-new/gpt_5_4_P1_zero_shot_python_400_v1.jsonl
59,0aa32590a5d96a9502298a319a8bd104b01d89b3031a0f9b0eade33f3f175916,4,1781846,outputs/segregated_results/commercial-base/raw/gpt_5_4_P1_zero_shot_python_400_v1.jsonl
60,0b922f6d2225ddb77cf9647bc974c2cc586c79719ae05785b85d2027f9714b06,4,2049503,outputs/raw_generations/commercial-new/gpt_5_1_P1_one_shot_python_400_v1.jsonl
60,0b922f6d2225ddb77cf9647bc974c2cc586c79719ae05785b85d2027f9714b06,4,2049503,outputs/raw_generations/gpt_5_1_P1_one_shot_python_400_v1.jsonl
60,0b922f6d2225ddb77cf9647bc974c2cc586c79719ae05785b85d2027f9714b06,4,2049503,outputs/segregated_results/commercial-base/raw/commercial-new/gpt_5_1_P1_one_shot_python_400_v1.jsonl
60,0b922f6d2225ddb77cf9647bc974c2cc586c79719ae05785b85d2027f9714b06,4,2049503,outputs/segregated_results/commercial-base/raw/gpt_5_1_P1_one_shot_python_400_v1.jsonl
61,0d1333f6b7aed45578b878877fee2da6fa213f43cf37dcf388393ff51b1aaffa,4,189520,outputs/raw_generations/open-source/qwen25_coder_1_5b_instruct_P1_zero_shot_python_300_ZS_v3.jsonl
61,0d1333f6b7aed45578b878877fee2da6fa213f43cf37dcf388393ff51b1aaffa,4,189520,outputs/raw_generations/qwen25_coder_1_5b_instruct_P1_zero_shot_python_300_ZS_v3.jsonl
61,0d1333f6b7aed45578b878877fee2da6fa213f43cf37dcf388393ff51b1aaffa,4,189520,outputs/segregated_results/open-source-base/raw/open-source/qwen25_coder_1_5b_instruct_P1_zero_shot_python_300_ZS_v3.jsonl
61,0d1333f6b7aed45578b878877fee2da6fa213f43cf37dcf388393ff51b1aaffa,4,189520,outputs/segregated_results/open-source-base/raw/qwen25_coder_1_5b_instruct_P1_zero_shot_python_300_ZS_v3.jsonl
62,0e6569a8026eef7ef53a9cda51657ce03c4e7b7093c639b07b5dffb1d0d9b013,4,1775902,outputs/raw_generations/commercial-new/gpt_5_1_P1_zero_shot_java_400_v1.jsonl
62,0e6569a8026eef7ef53a9cda51657ce03c4e7b7093c639b07b5dffb1d0d9b013,4,1775902,outputs/raw_generations/gpt_5_1_P1_zero_shot_java_400_v1.jsonl
62,0e6569a8026eef7ef53a9cda51657ce03c4e7b7093c639b07b5dffb1d0d9b013,4,1775902,outputs/segregated_results/commercial-base/raw/commercial-new/gpt_5_1_P1_zero_shot_java_400_v1.jsonl
62,0e6569a8026eef7ef53a9cda51657ce03c4e7b7093c639b07b5dffb1d0d9b013,4,1775902,outputs/segregated_results/commercial-base/raw/gpt_5_1_P1_zero_shot_java_400_v1.jsonl
63,1139bab66e1aabc990b0dc5ebb3fbad51b090df6eb2ae97915dbcdf986c44993,4,347291,outputs/correctness/qwen25_1_5b_instruct_P1_one_shot_java_400_v1_correctness.json_detailed.jsonl
63,1139bab66e1aabc990b0dc5ebb3fbad51b090df6eb2ae97915dbcdf986c44993,4,347291,outputs/evaluation-and-correctness-may2026/open-source/qwen25_1_5b_instruct_P1_one_shot_java_400_v1_code_grounded_detailed.jsonl
63,1139bab66e1aabc990b0dc5ebb3fbad51b090df6eb2ae97915dbcdf986c44993,4,347291,outputs/segregated_results/open-source-base/correctness/qwen25_1_5b_instruct_P1_one_shot_java_400_v1_correctness.json_detailed.jsonl
63,1139bab66e1aabc990b0dc5ebb3fbad51b090df6eb2ae97915dbcdf986c44993,4,347291,outputs/segregated_results/open-source-base/may2026/open-source/qwen25_1_5b_instruct_P1_one_shot_java_400_v1_code_grounded_detailed.jsonl
64,11a5db420e8ae958bd08c2319c0250c6f0a8c5d9fcc4e5623b4ceb6128c2b864,4,5204,outputs/raw_generations/open-source/qwen25_coder_1_5b_instruct_P1_zero_shot_balanced_300_ZS_smoke.jsonl
64,11a5db420e8ae958bd08c2319c0250c6f0a8c5d9fcc4e5623b4ceb6128c2b864,4,5204,outputs/raw_generations/qwen25_coder_1_5b_instruct_P1_zero_shot_balanced_300_ZS_smoke.jsonl
64,11a5db420e8ae958bd08c2319c0250c6f0a8c5d9fcc4e5623b4ceb6128c2b864,4,5204,outputs/segregated_results/open-source-base/raw/open-source/qwen25_coder_1_5b_instruct_P1_zero_shot_balanced_300_ZS_smoke.jsonl
64,11a5db420e8ae958bd08c2319c0250c6f0a8c5d9fcc4e5623b4ceb6128c2b864,4,5204,outputs/segregated_results/open-source-base/raw/qwen25_coder_1_5b_instruct_P1_zero_shot_balanced_300_ZS_smoke.jsonl
65,128f7a332c9854352b791ce10073b794ee950ce75206e5b8da6003e061e5d85d,4,1878429,outputs/raw_generations/commercial-new/gpt_5_1_codex_P1_zero_shot_javascript_400_v1.jsonl
65,128f7a332c9854352b791ce10073b794ee950ce75206e5b8da6003e061e5d85d,4,1878429,outputs/raw_generations/gpt_5_1_codex_P1_zero_shot_javascript_400_v1.jsonl
65,128f7a332c9854352b791ce10073b794ee950ce75206e5b8da6003e061e5d85d,4,1878429,outputs/segregated_results/commercial-base/raw/commercial-new/gpt_5_1_codex_P1_zero_shot_javascript_400_v1.jsonl
65,128f7a332c9854352b791ce10073b794ee950ce75206e5b8da6003e061e5d85d,4,1878429,outputs/segregated_results/commercial-base/raw/gpt_5_1_codex_P1_zero_shot_javascript_400_v1.jsonl
66,13fb39f9199c760bb97e1a252ee9065b5dcb199cde3e27c783cc6ae3f5ac368c,4,2239709,outputs/raw_generations/commercial-new/gpt_5_1_codex_P1_one_shot_javascript_400_v1.jsonl
66,13fb39f9199c760bb97e1a252ee9065b5dcb199cde3e27c783cc6ae3f5ac368c,4,2239709,outputs/raw_generations/gpt_5_1_codex_P1_one_shot_javascript_400_v1.jsonl
66,13fb39f9199c760bb97e1a252ee9065b5dcb199cde3e27c783cc6ae3f5ac368c,4,2239709,outputs/segregated_results/commercial-base/raw/commercial-new/gpt_5_1_codex_P1_one_shot_javascript_400_v1.jsonl
66,13fb39f9199c760bb97e1a252ee9065b5dcb199cde3e27c783cc6ae3f5ac368c,4,2239709,outputs/segregated_results/commercial-base/raw/gpt_5_1_codex_P1_one_shot_javascript_400_v1.jsonl
67,14af18e16f792dbe8346cc9ef62ede7b70aac7fc9641f87d89f5a41484199fad,4,199599,outputs/raw_generations/gemma_2_2b_it_P1_one_shot_python_400_v1.jsonl
67,14af18e16f792dbe8346cc9ef62ede7b70aac7fc9641f87d89f5a41484199fad,4,199599,outputs/raw_generations/open-source/gemma_2_2b_it_P1_one_shot_python_400_v1.jsonl
67,14af18e16f792dbe8346cc9ef62ede7b70aac7fc9641f87d89f5a41484199fad,4,199599,outputs/segregated_results/open-source-base/raw/gemma_2_2b_it_P1_one_shot_python_400_v1.jsonl
67,14af18e16f792dbe8346cc9ef62ede7b70aac7fc9641f87d89f5a41484199fad,4,199599,outputs/segregated_results/open-source-base/raw/open-source/gemma_2_2b_it_P1_one_shot_python_400_v1.jsonl
68,152d2eb36a909661611dae37548202833f2b833ed967974c315cd65219890aaa,4,193218,outputs/raw_generations/codegemma_2b_P1_zero_shot_python_400_v1.jsonl
68,152d2eb36a909661611dae37548202833f2b833ed967974c315cd65219890aaa,4,193218,outputs/raw_generations/open-source/codegemma_2b_P1_zero_shot_python_400_v1.jsonl
68,152d2eb36a909661611dae37548202833f2b833ed967974c315cd65219890aaa,4,193218,outputs/segregated_results/open-source-base/raw/codegemma_2b_P1_zero_shot_python_400_v1.jsonl
68,152d2eb36a909661611dae37548202833f2b833ed967974c315cd65219890aaa,4,193218,outputs/segregated_results/open-source-base/raw/open-source/codegemma_2b_P1_zero_shot_python_400_v1.jsonl
69,1570b040d4502e080ce1ca6c08c15a016f9cfcaf136dd347d6f1539f73dad420,4,2217727,outputs/raw_generations/commercial-new/gpt_5_1_P1_one_shot_javascript_400_v1.jsonl
69,1570b040d4502e080ce1ca6c08c15a016f9cfcaf136dd347d6f1539f73dad420,4,2217727,outputs/raw_generations/gpt_5_1_P1_one_shot_javascript_400_v1.jsonl
69,1570b040d4502e080ce1ca6c08c15a016f9cfcaf136dd347d6f1539f73dad420,4,2217727,outputs/segregated_results/commercial-base/raw/commercial-new/gpt_5_1_P1_one_shot_javascript_400_v1.jsonl
69,1570b040d4502e080ce1ca6c08c15a016f9cfcaf136dd347d6f1539f73dad420,4,2217727,outputs/segregated_results/commercial-base/raw/gpt_5_1_P1_one_shot_javascript_400_v1.jsonl
70,160877038964c434474547fd938660b13f0a1ed7524aa57476c2c379bca55ce5,4,195437,outputs/raw_generations/gemma_2_2b_it_P1_few_shot_python_400_v1.jsonl
70,160877038964c434474547fd938660b13f0a1ed7524aa57476c2c379bca55ce5,4,195437,outputs/raw_generations/open-source/gemma_2_2b_it_P1_few_shot_python_400_v1.jsonl
70,160877038964c434474547fd938660b13f0a1ed7524aa57476c2c379bca55ce5,4,195437,outputs/segregated_results/open-source-base/raw/gemma_2_2b_it_P1_few_shot_python_400_v1.jsonl
70,160877038964c434474547fd938660b13f0a1ed7524aa57476c2c379bca55ce5,4,195437,outputs/segregated_results/open-source-base/raw/open-source/gemma_2_2b_it_P1_few_shot_python_400_v1.jsonl
71,1ccf85501c0249ee648c8efe359a092dd1af5d8cd02e230556a86f8b263098bc,4,227733,outputs/raw_generations/commercial-new/gemini_3_flash_preview_P1_one_shot_javascript_400_v1.jsonl
71,1ccf85501c0249ee648c8efe359a092dd1af5d8cd02e230556a86f8b263098bc,4,227733,outputs/raw_generations/gemini_3_flash_preview_P1_one_shot_javascript_400_v1.jsonl
71,1ccf85501c0249ee648c8efe359a092dd1af5d8cd02e230556a86f8b263098bc,4,227733,outputs/segregated_results/commercial-base/raw/commercial-new/gemini_3_flash_preview_P1_one_shot_javascript_400_v1.jsonl
71,1ccf85501c0249ee648c8efe359a092dd1af5d8cd02e230556a86f8b263098bc,4,227733,outputs/segregated_results/commercial-base/raw/gemini_3_flash_preview_P1_one_shot_javascript_400_v1.jsonl
72,1d2bd07237efb6dd31240d939b8ffb669cc3c8ab7b65c297773ec8ee9543bb0a,4,1129,outputs/evaluation-and-correctness-may2026/open-source/qwen25_coder_1_5b_instruct_P1_zero_shot_python_1000_ZS_v3_summary.json
72,1d2bd07237efb6dd31240d939b8ffb669cc3c8ab7b65c297773ec8ee9543bb0a,4,1129,outputs/evaluation_And_corrctness_may2026_1/saturation_experiment/qwen25_coder_1_5b_instruct_P1_zero_shot_python_1000_ZS_v3_summary.json
72,1d2bd07237efb6dd31240d939b8ffb669cc3c8ab7b65c297773ec8ee9543bb0a,4,1129,outputs/segregated_results/open-source-base/may2026/open-source/qwen25_coder_1_5b_instruct_P1_zero_shot_python_1000_ZS_v3_summary.json
72,1d2bd07237efb6dd31240d939b8ffb669cc3c8ab7b65c297773ec8ee9543bb0a,4,1129,outputs/segregated_results/open-source-base/may2026_legacy/saturation_experiment/qwen25_coder_1_5b_instruct_P1_zero_shot_python_1000_ZS_v3_summary.json
73,1d7a6cfcc4fe06f70f4056dcc45a75a81cdab1ddc4472cbb7f0a65537edd56bc,4,304143,outputs/correctness/gemma_2_2b_it_P1_one_shot_javascript_400_v1_correctness.json_detailed.jsonl
73,1d7a6cfcc4fe06f70f4056dcc45a75a81cdab1ddc4472cbb7f0a65537edd56bc,4,304143,outputs/evaluation-and-correctness-may2026/open-source/gemma_2_2b_it_P1_one_shot_javascript_400_v1_code_grounded_detailed.jsonl
73,1d7a6cfcc4fe06f70f4056dcc45a75a81cdab1ddc4472cbb7f0a65537edd56bc,4,304143,outputs/segregated_results/open-source-base/correctness/gemma_2_2b_it_P1_one_shot_javascript_400_v1_correctness.json_detailed.jsonl
73,1d7a6cfcc4fe06f70f4056dcc45a75a81cdab1ddc4472cbb7f0a65537edd56bc,4,304143,outputs/segregated_results/open-source-base/may2026/open-source/gemma_2_2b_it_P1_one_shot_javascript_400_v1_code_grounded_detailed.jsonl
74,20681fdb5af6f185e7e7b32551f09b45b20bf62fb0ca40d141cff40bda6a0d01,4,302086,outputs/correctness/codegemma_2b_P1_one_shot_javascript_400_v1_correctness.json_detailed.jsonl
74,20681fdb5af6f185e7e7b32551f09b45b20bf62fb0ca40d141cff40bda6a0d01,4,302086,outputs/evaluation-and-correctness-may2026/open-source/codegemma_2b_P1_one_shot_javascript_400_v1_code_grounded_detailed.jsonl
74,20681fdb5af6f185e7e7b32551f09b45b20bf62fb0ca40d141cff40bda6a0d01,4,302086,outputs/segregated_results/open-source-base/correctness/codegemma_2b_P1_one_shot_javascript_400_v1_correctness.json_detailed.jsonl
74,20681fdb5af6f185e7e7b32551f09b45b20bf62fb0ca40d141cff40bda6a0d01,4,302086,outputs/segregated_results/open-source-base/may2026/open-source/codegemma_2b_P1_one_shot_javascript_400_v1_code_grounded_detailed.jsonl
75,24ebccf382792baa4a75e55d3ff8f4395479c99900a7294c65d7aea83cad413b,4,222862,outputs/raw_generations/open-source/qwen25_coder_1_5b_instruct_P1_few_shot_python_400_v1.jsonl
75,24ebccf382792baa4a75e55d3ff8f4395479c99900a7294c65d7aea83cad413b,4,222862,outputs/raw_generations/qwen25_coder_1_5b_instruct_P1_few_shot_python_400_v1.jsonl
75,24ebccf382792baa4a75e55d3ff8f4395479c99900a7294c65d7aea83cad413b,4,222862,outputs/segregated_results/open-source-base/raw/open-source/qwen25_coder_1_5b_instruct_P1_few_shot_python_400_v1.jsonl
75,24ebccf382792baa4a75e55d3ff8f4395479c99900a7294c65d7aea83cad413b,4,222862,outputs/segregated_results/open-source-base/raw/qwen25_coder_1_5b_instruct_P1_few_shot_python_400_v1.jsonl
76,264f8b4ac9b70262de239ed72d0bc43bae5aee02f2a9cd7e8c0e5ecceaa2f5d0,4,112279,outputs/raw_generations/open-source/qwen25_coder_1_5b_instruct_P1_few_shot_python_200_resumed_v1.jsonl
76,264f8b4ac9b70262de239ed72d0bc43bae5aee02f2a9cd7e8c0e5ecceaa2f5d0,4,112279,outputs/raw_generations/qwen25_coder_1_5b_instruct_P1_few_shot_python_200_resumed_v1.jsonl
76,264f8b4ac9b70262de239ed72d0bc43bae5aee02f2a9cd7e8c0e5ecceaa2f5d0,4,112279,outputs/segregated_results/open-source-base/raw/open-source/qwen25_coder_1_5b_instruct_P1_few_shot_python_200_resumed_v1.jsonl
76,264f8b4ac9b70262de239ed72d0bc43bae5aee02f2a9cd7e8c0e5ecceaa2f5d0,4,112279,outputs/segregated_results/open-source-base/raw/qwen25_coder_1_5b_instruct_P1_few_shot_python_200_resumed_v1.jsonl
77,279342f82f215c68a604ffa9a0a63c7f138a473e723cf0b8dec7b528600fb341,4,226411,outputs/raw_generations/commercial-new/gemini_3_flash_preview_P1_few_shot_python_400_v1.jsonl
77,279342f82f215c68a604ffa9a0a63c7f138a473e723cf0b8dec7b528600fb341,4,226411,outputs/raw_generations/gemini_3_flash_preview_P1_few_shot_python_400_v1.jsonl
77,279342f82f215c68a604ffa9a0a63c7f138a473e723cf0b8dec7b528600fb341,4,226411,outputs/segregated_results/commercial-base/raw/commercial-new/gemini_3_flash_preview_P1_few_shot_python_400_v1.jsonl
77,279342f82f215c68a604ffa9a0a63c7f138a473e723cf0b8dec7b528600fb341,4,226411,outputs/segregated_results/commercial-base/raw/gemini_3_flash_preview_P1_few_shot_python_400_v1.jsonl
78,2d3eb2ac2a79086aefd4908ade58692a220ce8232afaccf1a3167e20b109de12,4,44925,outputs/raw_generations/commercial-new/gpt_5_1_P1_zero_shot_python_10_smoke_v3.jsonl
78,2d3eb2ac2a79086aefd4908ade58692a220ce8232afaccf1a3167e20b109de12,4,44925,outputs/raw_generations/gpt_5_1_P1_zero_shot_python_10_smoke_v3.jsonl
78,2d3eb2ac2a79086aefd4908ade58692a220ce8232afaccf1a3167e20b109de12,4,44925,outputs/segregated_results/commercial-base/raw/commercial-new/gpt_5_1_P1_zero_shot_python_10_smoke_v3.jsonl
78,2d3eb2ac2a79086aefd4908ade58692a220ce8232afaccf1a3167e20b109de12,4,44925,outputs/segregated_results/commercial-base/raw/gpt_5_1_P1_zero_shot_python_10_smoke_v3.jsonl
79,314f6c6253fe6d692f4c84af13faf540e0a0e28aeee541da8dfa4910a8a5e02a,4,1296,outputs/correctness/qwen25_coder_1_5b_instruct_P1_zero_shot_python_400_v1_correctness.json_summary.json
79,314f6c6253fe6d692f4c84af13faf540e0a0e28aeee541da8dfa4910a8a5e02a,4,1296,outputs/correctness/qwen25_coder_1_5b_instruct_P1_zero_shot_python_400_v1_correctness_summary.json
79,314f6c6253fe6d692f4c84af13faf540e0a0e28aeee541da8dfa4910a8a5e02a,4,1296,outputs/segregated_results/open-source-base/correctness/qwen25_coder_1_5b_instruct_P1_zero_shot_python_400_v1_correctness.json_summary.json
79,314f6c6253fe6d692f4c84af13faf540e0a0e28aeee541da8dfa4910a8a5e02a,4,1296,outputs/segregated_results/open-source-base/correctness/qwen25_coder_1_5b_instruct_P1_zero_shot_python_400_v1_correctness_summary.json
80,31c1976988fb20520e4edec6bb69e1b1a9647733829d8d39c5f49b39f098f119,4,5996,outputs/raw_generations/open-source/qwen25_1_5b_instruct_P1_zero_shot.jsonl
80,31c1976988fb20520e4edec6bb69e1b1a9647733829d8d39c5f49b39f098f119,4,5996,outputs/raw_generations/qwen25_1_5b_instruct_P1_zero_shot.jsonl
80,31c1976988fb20520e4edec6bb69e1b1a9647733829d8d39c5f49b39f098f119,4,5996,outputs/segregated_results/open-source-base/raw/open-source/qwen25_1_5b_instruct_P1_zero_shot.jsonl
80,31c1976988fb20520e4edec6bb69e1b1a9647733829d8d39c5f49b39f098f119,4,5996,outputs/segregated_results/open-source-base/raw/qwen25_1_5b_instruct_P1_zero_shot.jsonl
81,347b6e020f1507caa588fbcae7316f691c34cba857497f8cc993544c6c99ddb9,4,4750,outputs/raw_generations/open-source/qwen25_coder_1_5b_instruct_P1_one_shot_javascript_10_smoke_v2.jsonl
81,347b6e020f1507caa588fbcae7316f691c34cba857497f8cc993544c6c99ddb9,4,4750,outputs/raw_generations/qwen25_coder_1_5b_instruct_P1_one_shot_javascript_10_smoke_v2.jsonl
81,347b6e020f1507caa588fbcae7316f691c34cba857497f8cc993544c6c99ddb9,4,4750,outputs/segregated_results/open-source-base/raw/open-source/qwen25_coder_1_5b_instruct_P1_one_shot_javascript_10_smoke_v2.jsonl
81,347b6e020f1507caa588fbcae7316f691c34cba857497f8cc993544c6c99ddb9,4,4750,outputs/segregated_results/open-source-base/raw/qwen25_coder_1_5b_instruct_P1_one_shot_javascript_10_smoke_v2.jsonl
82,3a2d0a4bf2e818904d5fa86fd92a0d280bf82c6ebb4b28344882161fcbf9bb37,4,7931,outputs/evaluation-and-correctness-may2026/open-source/qwen25_1_5b_instruct_P2_structured_detailed.jsonl
82,3a2d0a4bf2e818904d5fa86fd92a0d280bf82c6ebb4b28344882161fcbf9bb37,4,7931,outputs/evaluations/qwen25_1_5b_instruct_P2_structured_eval.json_detailed.jsonl
82,3a2d0a4bf2e818904d5fa86fd92a0d280bf82c6ebb4b28344882161fcbf9bb37,4,7931,outputs/segregated_results/open-source-base/eval/qwen25_1_5b_instruct_P2_structured_eval.json_detailed.jsonl
82,3a2d0a4bf2e818904d5fa86fd92a0d280bf82c6ebb4b28344882161fcbf9bb37,4,7931,outputs/segregated_results/open-source-base/may2026/open-source/qwen25_1_5b_instruct_P2_structured_detailed.jsonl
83,3ace3c2cffbb924f13029b3099d0d0e36ce656ac64317e4914c9cb803bbc7d85,4,27458,outputs/raw_generations/commercial-new/gpt_5_1_codex_P1_zero_shot_python_10_smoke_v2.jsonl
83,3ace3c2cffbb924f13029b3099d0d0e36ce656ac64317e4914c9cb803bbc7d85,4,27458,outputs/raw_generations/gpt_5_1_codex_P1_zero_shot_python_10_smoke_v2.jsonl
83,3ace3c2cffbb924f13029b3099d0d0e36ce656ac64317e4914c9cb803bbc7d85,4,27458,outputs/segregated_results/commercial-base/raw/commercial-new/gpt_5_1_codex_P1_zero_shot_python_10_smoke_v2.jsonl
83,3ace3c2cffbb924f13029b3099d0d0e36ce656ac64317e4914c9cb803bbc7d85,4,27458,outputs/segregated_results/commercial-base/raw/gpt_5_1_codex_P1_zero_shot_python_10_smoke_v2.jsonl
84,3e070fbaaf2779e21ed409531eb01869d54ee9f2742af37e9516b7592ae9c308,4,173317,outputs/raw_generations/gemma_2_2b_it_P1_one_shot_javascript_400_v1.jsonl
84,3e070fbaaf2779e21ed409531eb01869d54ee9f2742af37e9516b7592ae9c308,4,173317,outputs/raw_generations/open-source/gemma_2_2b_it_P1_one_shot_javascript_400_v1.jsonl
84,3e070fbaaf2779e21ed409531eb01869d54ee9f2742af37e9516b7592ae9c308,4,173317,outputs/segregated_results/open-source-base/raw/gemma_2_2b_it_P1_one_shot_javascript_400_v1.jsonl
84,3e070fbaaf2779e21ed409531eb01869d54ee9f2742af37e9516b7592ae9c308,4,173317,outputs/segregated_results/open-source-base/raw/open-source/gemma_2_2b_it_P1_one_shot_javascript_400_v1.jsonl
85,3f67d3e8b496152e14471bfd7b7e8b272d3be5d2cba9d3a40a0b1dc8af4998b2,4,1273,outputs/correctness/qwen25_1_5b_instruct_P1_few_shot_python_400_v1_correctness_summary.json
85,3f67d3e8b496152e14471bfd7b7e8b272d3be5d2cba9d3a40a0b1dc8af4998b2,4,1273,outputs/evaluation-and-correctness-may2026/open-source/qwen25_1_5b_instruct_P1_few_shot_python_400_v1_code_grounded_summary.json
85,3f67d3e8b496152e14471bfd7b7e8b272d3be5d2cba9d3a40a0b1dc8af4998b2,4,1273,outputs/segregated_results/open-source-base/correctness/qwen25_1_5b_instruct_P1_few_shot_python_400_v1_correctness_summary.json
85,3f67d3e8b496152e14471bfd7b7e8b272d3be5d2cba9d3a40a0b1dc8af4998b2,4,1273,outputs/segregated_results/open-source-base/may2026/open-source/qwen25_1_5b_instruct_P1_few_shot_python_400_v1_code_grounded_summary.json
86,40a84b32386b63a8ea4f1b7ff9403fad39170945918e46616742a96d41f06de9,4,2088610,outputs/raw_generations/commercial-new/gpt_5_1_P1_one_shot_java_400_v1.jsonl
86,40a84b32386b63a8ea4f1b7ff9403fad39170945918e46616742a96d41f06de9,4,2088610,outputs/raw_generations/gpt_5_1_P1_one_shot_java_400_v1.jsonl
86,40a84b32386b63a8ea4f1b7ff9403fad39170945918e46616742a96d41f06de9,4,2088610,outputs/segregated_results/commercial-base/raw/commercial-new/gpt_5_1_P1_one_shot_java_400_v1.jsonl
86,40a84b32386b63a8ea4f1b7ff9403fad39170945918e46616742a96d41f06de9,4,2088610,outputs/segregated_results/commercial-base/raw/gpt_5_1_P1_one_shot_java_400_v1.jsonl
87,40f57b52f03066e91b4c35d1d140f73af90100bad33a90e0c2be169d841cda33,4,2713498,outputs/raw_generations/commercial-new/gpt_5_1_codex_P1_few_shot_python_400_v1.jsonl
87,40f57b52f03066e91b4c35d1d140f73af90100bad33a90e0c2be169d841cda33,4,2713498,outputs/raw_generations/gpt_5_1_codex_P1_few_shot_python_400_v1.jsonl
87,40f57b52f03066e91b4c35d1d140f73af90100bad33a90e0c2be169d841cda33,4,2713498,outputs/segregated_results/commercial-base/raw/commercial-new/gpt_5_1_codex_P1_few_shot_python_400_v1.jsonl
87,40f57b52f03066e91b4c35d1d140f73af90100bad33a90e0c2be169d841cda33,4,2713498,outputs/segregated_results/commercial-base/raw/gpt_5_1_codex_P1_few_shot_python_400_v1.jsonl
88,4254c5d2d793f05efba5e199387e42b14b5745a60efcdc420f237133ba802796,4,464171,outputs/raw_generations/codegemma_2b_P1_zero_shot_javascript_400_v1.jsonl
88,4254c5d2d793f05efba5e199387e42b14b5745a60efcdc420f237133ba802796,4,464171,outputs/raw_generations/open-source/codegemma_2b_P1_zero_shot_javascript_400_v1.jsonl
88,4254c5d2d793f05efba5e199387e42b14b5745a60efcdc420f237133ba802796,4,464171,outputs/segregated_results/open-source-base/raw/codegemma_2b_P1_zero_shot_javascript_400_v1.jsonl
88,4254c5d2d793f05efba5e199387e42b14b5745a60efcdc420f237133ba802796,4,464171,outputs/segregated_results/open-source-base/raw/open-source/codegemma_2b_P1_zero_shot_javascript_400_v1.jsonl
89,46c6e8ed2961db4ce9b958e21591f9190598ca92ea8067eb01e3cad8eef8a68e,4,110258,outputs/raw_generations/open-source/qwen25_coder_1_5b_instruct_P1_one_shot_python_200_greedy_v1.jsonl
89,46c6e8ed2961db4ce9b958e21591f9190598ca92ea8067eb01e3cad8eef8a68e,4,110258,outputs/raw_generations/qwen25_coder_1_5b_instruct_P1_one_shot_python_200_greedy_v1.jsonl
89,46c6e8ed2961db4ce9b958e21591f9190598ca92ea8067eb01e3cad8eef8a68e,4,110258,outputs/segregated_results/open-source-base/raw/open-source/qwen25_coder_1_5b_instruct_P1_one_shot_python_200_greedy_v1.jsonl
89,46c6e8ed2961db4ce9b958e21591f9190598ca92ea8067eb01e3cad8eef8a68e,4,110258,outputs/segregated_results/open-source-base/raw/qwen25_coder_1_5b_instruct_P1_one_shot_python_200_greedy_v1.jsonl
90,46df16d96337dfcb2bf92b050718df0f457289ac9863d3fecf433d74972452ff,4,271990,outputs/raw_generations/open-source/qwen25_1_5b_instruct_P1_one_shot_python_400_v1.jsonl
90,46df16d96337dfcb2bf92b050718df0f457289ac9863d3fecf433d74972452ff,4,271990,outputs/raw_generations/qwen25_1_5b_instruct_P1_one_shot_python_400_v1.jsonl
90,46df16d96337dfcb2bf92b050718df0f457289ac9863d3fecf433d74972452ff,4,271990,outputs/segregated_results/open-source-base/raw/open-source/qwen25_1_5b_instruct_P1_one_shot_python_400_v1.jsonl
90,46df16d96337dfcb2bf92b050718df0f457289ac9863d3fecf433d74972452ff,4,271990,outputs/segregated_results/open-source-base/raw/qwen25_1_5b_instruct_P1_one_shot_python_400_v1.jsonl
91,48b78108b388f75321fe9611677bac725e2eb88cc5fe88ec2d5d2a52420ac2b2,4,8281,outputs/evaluation-and-correctness-may2026/open-source/qwen25_coder_1_5b_instruct_P1_one_shot_javascript_400_v2_repaired_detailed.jsonl
91,48b78108b388f75321fe9611677bac725e2eb88cc5fe88ec2d5d2a52420ac2b2,4,8281,outputs/evaluations/qwen25_coder_1_5b_instruct_P1_one_shot_javascript_400_v2_repaired_eval.json_detailed.jsonl
91,48b78108b388f75321fe9611677bac725e2eb88cc5fe88ec2d5d2a52420ac2b2,4,8281,outputs/segregated_results/open-source-base/eval/qwen25_coder_1_5b_instruct_P1_one_shot_javascript_400_v2_repaired_eval.json_detailed.jsonl
91,48b78108b388f75321fe9611677bac725e2eb88cc5fe88ec2d5d2a52420ac2b2,4,8281,outputs/segregated_results/open-source-base/may2026/open-source/qwen25_coder_1_5b_instruct_P1_one_shot_javascript_400_v2_repaired_detailed.jsonl
92,49453d0cb487277e9abfef5e9823c6188697f78cc6961efe9976a50c9eb776b0,4,14061,outputs/evaluation-and-correctness-may2026/open-source/codegemma_2b_P1_zero_shot_20_detailed.jsonl
92,49453d0cb487277e9abfef5e9823c6188697f78cc6961efe9976a50c9eb776b0,4,14061,outputs/evaluations/codegemma_2b_P1_zero_shot_20_eval.json_detailed.jsonl
92,49453d0cb487277e9abfef5e9823c6188697f78cc6961efe9976a50c9eb776b0,4,14061,outputs/segregated_results/open-source-base/eval/codegemma_2b_P1_zero_shot_20_eval.json_detailed.jsonl
92,49453d0cb487277e9abfef5e9823c6188697f78cc6961efe9976a50c9eb776b0,4,14061,outputs/segregated_results/open-source-base/may2026/open-source/codegemma_2b_P1_zero_shot_20_detailed.jsonl
93,4be29a2da0707bc10f0950aa1e877bb72ea5faf0cb6af02bf66c6a92427bea24,4,4811,outputs/evaluation-and-correctness-may2026/open-source/qwen25_coder_1_5b_instruct_test5_t02_p09_k50_v1_detailed.jsonl
93,4be29a2da0707bc10f0950aa1e877bb72ea5faf0cb6af02bf66c6a92427bea24,4,4811,outputs/evaluations/qwen25_coder_1_5b_instruct_test5_t02_p09_k50_v1_eval.json_detailed.jsonl
93,4be29a2da0707bc10f0950aa1e877bb72ea5faf0cb6af02bf66c6a92427bea24,4,4811,outputs/segregated_results/open-source-base/eval/qwen25_coder_1_5b_instruct_test5_t02_p09_k50_v1_eval.json_detailed.jsonl
93,4be29a2da0707bc10f0950aa1e877bb72ea5faf0cb6af02bf66c6a92427bea24,4,4811,outputs/segregated_results/open-source-base/may2026/open-source/qwen25_coder_1_5b_instruct_test5_t02_p09_k50_v1_detailed.jsonl
94,4c5db04f7a6f4f78e30f41da2e5cee0ce1778d42d9fcd6d97cfca6db99db4a65,4,3622,outputs/raw_generations/gemma_2_2b_it_test5.jsonl
94,4c5db04f7a6f4f78e30f41da2e5cee0ce1778d42d9fcd6d97cfca6db99db4a65,4,3622,outputs/raw_generations/open-source/gemma_2_2b_it_test5.jsonl
94,4c5db04f7a6f4f78e30f41da2e5cee0ce1778d42d9fcd6d97cfca6db99db4a65,4,3622,outputs/segregated_results/open-source-base/raw/gemma_2_2b_it_test5.jsonl
94,4c5db04f7a6f4f78e30f41da2e5cee0ce1778d42d9fcd6d97cfca6db99db4a65,4,3622,outputs/segregated_results/open-source-base/raw/open-source/gemma_2_2b_it_test5.jsonl
95,4d1cba9349ce06a6117f280d73d33674d9090548f33ec6d77ad2fe1a65da0ecd,4,118017,outputs/raw_generations/open-source/qwen25_1_5b_instruct_P1_zero_shot_100.jsonl
95,4d1cba9349ce06a6117f280d73d33674d9090548f33ec6d77ad2fe1a65da0ecd,4,118017,outputs/raw_generations/qwen25_1_5b_instruct_P1_zero_shot_100.jsonl
95,4d1cba9349ce06a6117f280d73d33674d9090548f33ec6d77ad2fe1a65da0ecd,4,118017,outputs/segregated_results/open-source-base/raw/open-source/qwen25_1_5b_instruct_P1_zero_shot_100.jsonl
95,4d1cba9349ce06a6117f280d73d33674d9090548f33ec6d77ad2fe1a65da0ecd,4,118017,outputs/segregated_results/open-source-base/raw/qwen25_1_5b_instruct_P1_zero_shot_100.jsonl
96,4e8438db2cdbd5d30f277322eaeaf1866e675e7684b2ead28b8e191213bfdf0d,4,6141,outputs/evaluation-and-correctness-may2026/open-source/gemma_2_2b_it_P1_zero_shot_5_detailed.jsonl
96,4e8438db2cdbd5d30f277322eaeaf1866e675e7684b2ead28b8e191213bfdf0d,4,6141,outputs/evaluations/gemma_2_2b_it_P1_zero_shot_5_eval.json_detailed.jsonl
96,4e8438db2cdbd5d30f277322eaeaf1866e675e7684b2ead28b8e191213bfdf0d,4,6141,outputs/segregated_results/open-source-base/eval/gemma_2_2b_it_P1_zero_shot_5_eval.json_detailed.jsonl
96,4e8438db2cdbd5d30f277322eaeaf1866e675e7684b2ead28b8e191213bfdf0d,4,6141,outputs/segregated_results/open-source-base/may2026/open-source/gemma_2_2b_it_P1_zero_shot_5_detailed.jsonl
97,4ee632e76ddb5c1200103b495e60d87d823a7a9e266f7a65ee317644cc8bd0cc,4,2603253,outputs/raw_generations/commercial-new/gpt_5_1_codex_P1_few_shot_javascript_400_v1.jsonl
97,4ee632e76ddb5c1200103b495e60d87d823a7a9e266f7a65ee317644cc8bd0cc,4,2603253,outputs/raw_generations/gpt_5_1_codex_P1_few_shot_javascript_400_v1.jsonl
97,4ee632e76ddb5c1200103b495e60d87d823a7a9e266f7a65ee317644cc8bd0cc,4,2603253,outputs/segregated_results/commercial-base/raw/commercial-new/gpt_5_1_codex_P1_few_shot_javascript_400_v1.jsonl
97,4ee632e76ddb5c1200103b495e60d87d823a7a9e266f7a65ee317644cc8bd0cc,4,2603253,outputs/segregated_results/commercial-base/raw/gpt_5_1_codex_P1_few_shot_javascript_400_v1.jsonl
98,511eecd5cb724f04c8d7b6c19ad7a08145b4b9e152aff5500208e1cdbfba1382,4,165479,outputs/raw_generations/open-source/qwen25_1_5b_instruct_P1_few_shot_python_300_v1.jsonl
98,511eecd5cb724f04c8d7b6c19ad7a08145b4b9e152aff5500208e1cdbfba1382,4,165479,outputs/raw_generations/qwen25_1_5b_instruct_P1_few_shot_python_300_v1.jsonl
98,511eecd5cb724f04c8d7b6c19ad7a08145b4b9e152aff5500208e1cdbfba1382,4,165479,outputs/segregated_results/open-source-base/raw/open-source/qwen25_1_5b_instruct_P1_few_shot_python_300_v1.jsonl
98,511eecd5cb724f04c8d7b6c19ad7a08145b4b9e152aff5500208e1cdbfba1382,4,165479,outputs/segregated_results/open-source-base/raw/qwen25_1_5b_instruct_P1_few_shot_python_300_v1.jsonl
99,5154aaaff927fbe469ef70970b735ce7a0feeaec6e329e852211ad0d33b9ed32,4,225797,outputs/raw_generations/commercial-new/gemini_3_flash_preview_P1_zero_shot_python_400_v1.jsonl
99,5154aaaff927fbe469ef70970b735ce7a0feeaec6e329e852211ad0d33b9ed32,4,225797,outputs/raw_generations/gemini_3_flash_preview_P1_zero_shot_python_400_v1.jsonl
99,5154aaaff927fbe469ef70970b735ce7a0feeaec6e329e852211ad0d33b9ed32,4,225797,outputs/segregated_results/commercial-base/raw/commercial-new/gemini_3_flash_preview_P1_zero_shot_python_400_v1.jsonl
99,5154aaaff927fbe469ef70970b735ce7a0feeaec6e329e852211ad0d33b9ed32,4,225797,outputs/segregated_results/commercial-base/raw/gemini_3_flash_preview_P1_zero_shot_python_400_v1.jsonl
100,53a1cdccd24f18fce72fb5ab77a93495b5fad1de92d4bae4f854f6796fd9f09b,4,1907940,outputs/raw_generations/commercial-new/gpt_5_3_codex_P1_zero_shot_javascript_400_v1.jsonl
100,53a1cdccd24f18fce72fb5ab77a93495b5fad1de92d4bae4f854f6796fd9f09b,4,1907940,outputs/raw_generations/gpt_5_3_codex_P1_zero_shot_javascript_400_v1.jsonl
100,53a1cdccd24f18fce72fb5ab77a93495b5fad1de92d4bae4f854f6796fd9f09b,4,1907940,outputs/segregated_results/commercial-base/raw/commercial-new/gpt_5_3_codex_P1_zero_shot_javascript_400_v1.jsonl
100,53a1cdccd24f18fce72fb5ab77a93495b5fad1de92d4bae4f854f6796fd9f09b,4,1907940,outputs/segregated_results/commercial-base/raw/gpt_5_3_codex_P1_zero_shot_javascript_400_v1.jsonl
101,53d8b2154e1fe9d5f722fe087f98caf448688db16af6bde65b09517858fa41b5,4,14173,outputs/correctness/qwen25_coder_1_5b_instruct_P1_one_shot_javascript_400_v1_correctness.json_detailed.jsonl
101,53d8b2154e1fe9d5f722fe087f98caf448688db16af6bde65b09517858fa41b5,4,14173,outputs/evaluation-and-correctness-may2026/open-source/qwen25_coder_1_5b_instruct_P1_one_shot_javascript_400_v1_code_grounded_detailed.jsonl
101,53d8b2154e1fe9d5f722fe087f98caf448688db16af6bde65b09517858fa41b5,4,14173,outputs/segregated_results/open-source-base/correctness/qwen25_coder_1_5b_instruct_P1_one_shot_javascript_400_v1_correctness.json_detailed.jsonl
101,53d8b2154e1fe9d5f722fe087f98caf448688db16af6bde65b09517858fa41b5,4,14173,outputs/segregated_results/open-source-base/may2026/open-source/qwen25_coder_1_5b_instruct_P1_one_shot_javascript_400_v1_code_grounded_detailed.jsonl
102,5507d0f5516ed435ffc442e400c315bb72fc6058ee1256eeb961cfd2e9b7fd62,4,32634,outputs/evaluation-and-correctness-may2026/open-source/qwen25_1_5b_instruct_P2_structured_20_detailed.jsonl
102,5507d0f5516ed435ffc442e400c315bb72fc6058ee1256eeb961cfd2e9b7fd62,4,32634,outputs/evaluations/qwen25_1_5b_instruct_P2_structured_20_eval.json_detailed.jsonl
102,5507d0f5516ed435ffc442e400c315bb72fc6058ee1256eeb961cfd2e9b7fd62,4,32634,outputs/segregated_results/open-source-base/eval/qwen25_1_5b_instruct_P2_structured_20_eval.json_detailed.jsonl
102,5507d0f5516ed435ffc442e400c315bb72fc6058ee1256eeb961cfd2e9b7fd62,4,32634,outputs/segregated_results/open-source-base/may2026/open-source/qwen25_1_5b_instruct_P2_structured_20_detailed.jsonl
103,56237c173be2a95dd5fc34e3b51490d62080c48a6020ab432348a1ad10750c14,4,26100,outputs/raw_generations/open-source/qwen25_1_5b_instruct_P2_structured_20.jsonl
103,56237c173be2a95dd5fc34e3b51490d62080c48a6020ab432348a1ad10750c14,4,26100,outputs/raw_generations/qwen25_1_5b_instruct_P2_structured_20.jsonl
103,56237c173be2a95dd5fc34e3b51490d62080c48a6020ab432348a1ad10750c14,4,26100,outputs/segregated_results/open-source-base/raw/open-source/qwen25_1_5b_instruct_P2_structured_20.jsonl
103,56237c173be2a95dd5fc34e3b51490d62080c48a6020ab432348a1ad10750c14,4,26100,outputs/segregated_results/open-source-base/raw/qwen25_1_5b_instruct_P2_structured_20.jsonl
104,57927805da213c4046a0af3ad8a63f8b20d9c9a41949c116b12764800a39329e,4,14610,outputs/evaluation-and-correctness-may2026/open-source/qwen25_coder_1_5b_instruct_P1_one_shot_javascript_400_v1_detailed.jsonl
104,57927805da213c4046a0af3ad8a63f8b20d9c9a41949c116b12764800a39329e,4,14610,outputs/evaluations/qwen25_coder_1_5b_instruct_P1_one_shot_javascript_400_v1_eval.json_detailed.jsonl
104,57927805da213c4046a0af3ad8a63f8b20d9c9a41949c116b12764800a39329e,4,14610,outputs/segregated_results/open-source-base/eval/qwen25_coder_1_5b_instruct_P1_one_shot_javascript_400_v1_eval.json_detailed.jsonl
104,57927805da213c4046a0af3ad8a63f8b20d9c9a41949c116b12764800a39329e,4,14610,outputs/segregated_results/open-source-base/may2026/open-source/qwen25_coder_1_5b_instruct_P1_one_shot_javascript_400_v1_detailed.jsonl
105,57bace6d799f0338211f6af34cc6330eaece7741ec60478a4c195994f4342612,4,635778,outputs/raw_generations/open-source/qwen25_coder_1_5b_instruct_P1_zero_shot_python_1000_ZS_v3.jsonl
105,57bace6d799f0338211f6af34cc6330eaece7741ec60478a4c195994f4342612,4,635778,outputs/raw_generations/qwen25_coder_1_5b_instruct_P1_zero_shot_python_1000_ZS_v3.jsonl
105,57bace6d799f0338211f6af34cc6330eaece7741ec60478a4c195994f4342612,4,635778,outputs/segregated_results/open-source-base/raw/open-source/qwen25_coder_1_5b_instruct_P1_zero_shot_python_1000_ZS_v3.jsonl
105,57bace6d799f0338211f6af34cc6330eaece7741ec60478a4c195994f4342612,4,635778,outputs/segregated_results/open-source-base/raw/qwen25_coder_1_5b_instruct_P1_zero_shot_python_1000_ZS_v3.jsonl
106,5858118908befb15e1e235eeeb90ad8f44caecbd66caaf9efc474e87359ccf1d,4,3009,outputs/raw_generations/open-source/qwen25_coder_1_5b_instruct_test5_t02_p09_k50_v1.jsonl
106,5858118908befb15e1e235eeeb90ad8f44caecbd66caaf9efc474e87359ccf1d,4,3009,outputs/raw_generations/qwen25_coder_1_5b_instruct_test5_t02_p09_k50_v1.jsonl
106,5858118908befb15e1e235eeeb90ad8f44caecbd66caaf9efc474e87359ccf1d,4,3009,outputs/segregated_results/open-source-base/raw/open-source/qwen25_coder_1_5b_instruct_test5_t02_p09_k50_v1.jsonl
106,5858118908befb15e1e235eeeb90ad8f44caecbd66caaf9efc474e87359ccf1d,4,3009,outputs/segregated_results/open-source-base/raw/qwen25_coder_1_5b_instruct_test5_t02_p09_k50_v1.jsonl
107,591e88ed44d9d9ead90b331a459e50cb1dee4e825610cd554a11d546a27cb8b1,4,171378,outputs/raw_generations/codegemma_2b_P1_one_shot_javascript_400_v1.jsonl
107,591e88ed44d9d9ead90b331a459e50cb1dee4e825610cd554a11d546a27cb8b1,4,171378,outputs/raw_generations/open-source/codegemma_2b_P1_one_shot_javascript_400_v1.jsonl
107,591e88ed44d9d9ead90b331a459e50cb1dee4e825610cd554a11d546a27cb8b1,4,171378,outputs/segregated_results/open-source-base/raw/codegemma_2b_P1_one_shot_javascript_400_v1.jsonl
107,591e88ed44d9d9ead90b331a459e50cb1dee4e825610cd554a11d546a27cb8b1,4,171378,outputs/segregated_results/open-source-base/raw/open-source/codegemma_2b_P1_one_shot_javascript_400_v1.jsonl
108,5920b7949934f01272c6f2a345f8e1cae9327a7d34c7d3455a0274e8aa2a4cd3,4,19105,outputs/raw_generations/open-source/qwen25_coder_1_5b_instruct_P1_zero_shot_20.jsonl
108,5920b7949934f01272c6f2a345f8e1cae9327a7d34c7d3455a0274e8aa2a4cd3,4,19105,outputs/raw_generations/qwen25_coder_1_5b_instruct_P1_zero_shot_20.jsonl
108,5920b7949934f01272c6f2a345f8e1cae9327a7d34c7d3455a0274e8aa2a4cd3,4,19105,outputs/segregated_results/open-source-base/raw/open-source/qwen25_coder_1_5b_instruct_P1_zero_shot_20.jsonl
108,5920b7949934f01272c6f2a345f8e1cae9327a7d34c7d3455a0274e8aa2a4cd3,4,19105,outputs/segregated_results/open-source-base/raw/qwen25_coder_1_5b_instruct_P1_zero_shot_20.jsonl
109,5a2814776e0810d363d4fbb79db04bcf528816b3b049bc1af01bee18a8ac3ca0,4,187624,outputs/raw_generations/gemma_2_2b_it_P1_zero_shot_python_300_ZS_v3.jsonl
109,5a2814776e0810d363d4fbb79db04bcf528816b3b049bc1af01bee18a8ac3ca0,4,187624,outputs/raw_generations/open-source/gemma_2_2b_it_P1_zero_shot_python_300_ZS_v3.jsonl
109,5a2814776e0810d363d4fbb79db04bcf528816b3b049bc1af01bee18a8ac3ca0,4,187624,outputs/segregated_results/open-source-base/raw/gemma_2_2b_it_P1_zero_shot_python_300_ZS_v3.jsonl
109,5a2814776e0810d363d4fbb79db04bcf528816b3b049bc1af01bee18a8ac3ca0,4,187624,outputs/segregated_results/open-source-base/raw/open-source/gemma_2_2b_it_P1_zero_shot_python_300_ZS_v3.jsonl
110,5bd5d3581c1adda895a090e11156916aba0f1677aa4094d2c1576475844e9334,4,7362,outputs/evaluation-and-correctness-may2026/open-source/qwen25_coder_1_5b_instruct_P1_zero_shot_balanced_300_ZS_smoke_detailed.jsonl
110,5bd5d3581c1adda895a090e11156916aba0f1677aa4094d2c1576475844e9334,4,7362,outputs/evaluations/qwen25_coder_1_5b_instruct_P1_zero_shot_balanced_300_ZS_smoke_eval.json_detailed.jsonl
110,5bd5d3581c1adda895a090e11156916aba0f1677aa4094d2c1576475844e9334,4,7362,outputs/segregated_results/open-source-base/eval/qwen25_coder_1_5b_instruct_P1_zero_shot_balanced_300_ZS_smoke_eval.json_detailed.jsonl
110,5bd5d3581c1adda895a090e11156916aba0f1677aa4094d2c1576475844e9334,4,7362,outputs/segregated_results/open-source-base/may2026/open-source/qwen25_coder_1_5b_instruct_P1_zero_shot_balanced_300_ZS_smoke_detailed.jsonl
111,5dbc5da0d45bfc5ed11ad87a25e136af6a5ebe0969c0bd6ba82d21de32f70395,4,113937,outputs/raw_generations/open-source/qwen25_coder_1_5b_instruct_P1_one_shot_python_200_t07_p095_k50_v1.jsonl
111,5dbc5da0d45bfc5ed11ad87a25e136af6a5ebe0969c0bd6ba82d21de32f70395,4,113937,outputs/raw_generations/qwen25_coder_1_5b_instruct_P1_one_shot_python_200_t07_p095_k50_v1.jsonl
111,5dbc5da0d45bfc5ed11ad87a25e136af6a5ebe0969c0bd6ba82d21de32f70395,4,113937,outputs/segregated_results/open-source-base/raw/open-source/qwen25_coder_1_5b_instruct_P1_one_shot_python_200_t07_p095_k50_v1.jsonl
111,5dbc5da0d45bfc5ed11ad87a25e136af6a5ebe0969c0bd6ba82d21de32f70395,4,113937,outputs/segregated_results/open-source-base/raw/qwen25_coder_1_5b_instruct_P1_one_shot_python_200_t07_p095_k50_v1.jsonl
112,5e1010598a14a0eaa2e7b4be67dcb3dc1127ddcfe61cd966f54ce08340e0c5a0,4,257733,outputs/raw_generations/commercial-new/gemini_3_flash_preview_P1_few_shot_java_400_v1.jsonl
112,5e1010598a14a0eaa2e7b4be67dcb3dc1127ddcfe61cd966f54ce08340e0c5a0,4,257733,outputs/raw_generations/gemini_3_flash_preview_P1_few_shot_java_400_v1.jsonl
112,5e1010598a14a0eaa2e7b4be67dcb3dc1127ddcfe61cd966f54ce08340e0c5a0,4,257733,outputs/segregated_results/commercial-base/raw/commercial-new/gemini_3_flash_preview_P1_few_shot_java_400_v1.jsonl
112,5e1010598a14a0eaa2e7b4be67dcb3dc1127ddcfe61cd966f54ce08340e0c5a0,4,257733,outputs/segregated_results/commercial-base/raw/gemini_3_flash_preview_P1_few_shot_java_400_v1.jsonl
113,5e4715ec931807409707394fc479a7232bcb589f76827d495bc90f4caf28e458,4,18151,outputs/raw_generations/gemma_2_2b_it_P1_zero_shot_20.jsonl
113,5e4715ec931807409707394fc479a7232bcb589f76827d495bc90f4caf28e458,4,18151,outputs/raw_generations/open-source/gemma_2_2b_it_P1_zero_shot_20.jsonl
113,5e4715ec931807409707394fc479a7232bcb589f76827d495bc90f4caf28e458,4,18151,outputs/segregated_results/open-source-base/raw/gemma_2_2b_it_P1_zero_shot_20.jsonl
113,5e4715ec931807409707394fc479a7232bcb589f76827d495bc90f4caf28e458,4,18151,outputs/segregated_results/open-source-base/raw/open-source/gemma_2_2b_it_P1_zero_shot_20.jsonl
114,60b2d45689f71d2cbe6bbcf0c8716e883284d2523502fab9b1314fae6131fc2b,4,229403,outputs/raw_generations/open-source/qwen25_1_5b_instruct_P1_one_shot_java_400_v1.jsonl
114,60b2d45689f71d2cbe6bbcf0c8716e883284d2523502fab9b1314fae6131fc2b,4,229403,outputs/raw_generations/qwen25_1_5b_instruct_P1_one_shot_java_400_v1.jsonl
114,60b2d45689f71d2cbe6bbcf0c8716e883284d2523502fab9b1314fae6131fc2b,4,229403,outputs/segregated_results/open-source-base/raw/open-source/qwen25_1_5b_instruct_P1_one_shot_java_400_v1.jsonl
114,60b2d45689f71d2cbe6bbcf0c8716e883284d2523502fab9b1314fae6131fc2b,4,229403,outputs/segregated_results/open-source-base/raw/qwen25_1_5b_instruct_P1_one_shot_java_400_v1.jsonl
115,6100c0748c15a5c023e3fc861120d9634416f2bc3a64e1c57907affab8bff111,4,327030,outputs/correctness/gemma_2_2b_it_P1_one_shot_python_400_v1_correctness.json_detailed.jsonl
115,6100c0748c15a5c023e3fc861120d9634416f2bc3a64e1c57907affab8bff111,4,327030,outputs/evaluation-and-correctness-may2026/open-source/gemma_2_2b_it_P1_one_shot_python_400_v1_code_grounded_detailed.jsonl
115,6100c0748c15a5c023e3fc861120d9634416f2bc3a64e1c57907affab8bff111,4,327030,outputs/segregated_results/open-source-base/correctness/gemma_2_2b_it_P1_one_shot_python_400_v1_correctness.json_detailed.jsonl
115,6100c0748c15a5c023e3fc861120d9634416f2bc3a64e1c57907affab8bff111,4,327030,outputs/segregated_results/open-source-base/may2026/open-source/gemma_2_2b_it_P1_one_shot_python_400_v1_code_grounded_detailed.jsonl
116,61242dc8443ce9241114cbcc2edfa4caaa47a9039632430e0518c06dbcdcb46c,4,219499,outputs/raw_generations/open-source/qwen25_coder_1_5b_instruct_P1_one_shot_python_400_v1.jsonl
116,61242dc8443ce9241114cbcc2edfa4caaa47a9039632430e0518c06dbcdcb46c,4,219499,outputs/raw_generations/qwen25_coder_1_5b_instruct_P1_one_shot_python_400_v1.jsonl
116,61242dc8443ce9241114cbcc2edfa4caaa47a9039632430e0518c06dbcdcb46c,4,219499,outputs/segregated_results/open-source-base/raw/open-source/qwen25_coder_1_5b_instruct_P1_one_shot_python_400_v1.jsonl
116,61242dc8443ce9241114cbcc2edfa4caaa47a9039632430e0518c06dbcdcb46c,4,219499,outputs/segregated_results/open-source-base/raw/qwen25_coder_1_5b_instruct_P1_one_shot_python_400_v1.jsonl
117,6467f14b8028bf7a8ed9f44706de59041310c6d7b160bdd1af2ebe7c637c4182,4,385159,outputs/raw_generations/codegemma_2b_P1_few_shot_python_400_v1.jsonl
117,6467f14b8028bf7a8ed9f44706de59041310c6d7b160bdd1af2ebe7c637c4182,4,385159,outputs/raw_generations/open-source/codegemma_2b_P1_few_shot_python_400_v1.jsonl
117,6467f14b8028bf7a8ed9f44706de59041310c6d7b160bdd1af2ebe7c637c4182,4,385159,outputs/segregated_results/open-source-base/raw/codegemma_2b_P1_few_shot_python_400_v1.jsonl
117,6467f14b8028bf7a8ed9f44706de59041310c6d7b160bdd1af2ebe7c637c4182,4,385159,outputs/segregated_results/open-source-base/raw/open-source/codegemma_2b_P1_few_shot_python_400_v1.jsonl
118,64dd44b010494f1df8a77a337586391f0434d8ca82cc44dc141aa25b1fe3276f,4,1832544,outputs/raw_generations/commercial-new/gpt_5_3_codex_P1_zero_shot_java_400_v1.jsonl
118,64dd44b010494f1df8a77a337586391f0434d8ca82cc44dc141aa25b1fe3276f,4,1832544,outputs/raw_generations/gpt_5_3_codex_P1_zero_shot_java_400_v1.jsonl
118,64dd44b010494f1df8a77a337586391f0434d8ca82cc44dc141aa25b1fe3276f,4,1832544,outputs/segregated_results/commercial-base/raw/commercial-new/gpt_5_3_codex_P1_zero_shot_java_400_v1.jsonl
118,64dd44b010494f1df8a77a337586391f0434d8ca82cc44dc141aa25b1fe3276f,4,1832544,outputs/segregated_results/commercial-base/raw/gpt_5_3_codex_P1_zero_shot_java_400_v1.jsonl
119,64e201a1757c194f79096009496970f0c313ccaae29111357c6f01909ddb2caa,4,328512,outputs/raw_generations/open-source/qwen25_coder_1_5b_instruct_P1_one_shot_python_600_v1.jsonl
119,64e201a1757c194f79096009496970f0c313ccaae29111357c6f01909ddb2caa,4,328512,outputs/raw_generations/qwen25_coder_1_5b_instruct_P1_one_shot_python_600_v1.jsonl
119,64e201a1757c194f79096009496970f0c313ccaae29111357c6f01909ddb2caa,4,328512,outputs/segregated_results/open-source-base/raw/open-source/qwen25_coder_1_5b_instruct_P1_one_shot_python_600_v1.jsonl
119,64e201a1757c194f79096009496970f0c313ccaae29111357c6f01909ddb2caa,4,328512,outputs/segregated_results/open-source-base/raw/qwen25_coder_1_5b_instruct_P1_one_shot_python_600_v1.jsonl
120,66f365e70eb44b69e0d724e059f3174df975ca292967ad6b4f260fac6b84d2fe,4,333779,outputs/raw_generations/open-source/qwen25_coder_1_5b_instruct_P1_few_shot_python_600_v1.jsonl
120,66f365e70eb44b69e0d724e059f3174df975ca292967ad6b4f260fac6b84d2fe,4,333779,outputs/raw_generations/qwen25_coder_1_5b_instruct_P1_few_shot_python_600_v1.jsonl
120,66f365e70eb44b69e0d724e059f3174df975ca292967ad6b4f260fac6b84d2fe,4,333779,outputs/segregated_results/open-source-base/raw/open-source/qwen25_coder_1_5b_instruct_P1_few_shot_python_600_v1.jsonl
120,66f365e70eb44b69e0d724e059f3174df975ca292967ad6b4f260fac6b84d2fe,4,333779,outputs/segregated_results/open-source-base/raw/qwen25_coder_1_5b_instruct_P1_few_shot_python_600_v1.jsonl
121,67532af2bd18e76ef68df8e344a3b8a15b42c502964cdd0baf35c002a2fbddc6,4,17878,outputs/raw_generations/open-source/qwen25_coder_1_5b_instruct_P1_zero_shot_balanced_300_ZS_20.jsonl
121,67532af2bd18e76ef68df8e344a3b8a15b42c502964cdd0baf35c002a2fbddc6,4,17878,outputs/raw_generations/qwen25_coder_1_5b_instruct_P1_zero_shot_balanced_300_ZS_20.jsonl
121,67532af2bd18e76ef68df8e344a3b8a15b42c502964cdd0baf35c002a2fbddc6,4,17878,outputs/segregated_results/open-source-base/raw/open-source/qwen25_coder_1_5b_instruct_P1_zero_shot_balanced_300_ZS_20.jsonl
121,67532af2bd18e76ef68df8e344a3b8a15b42c502964cdd0baf35c002a2fbddc6,4,17878,outputs/segregated_results/open-source-base/raw/qwen25_coder_1_5b_instruct_P1_zero_shot_balanced_300_ZS_20.jsonl
122,68e360e20c94c400c1174321b944a11d81a3c4e74ef010640b065fb99413aab2,4,225705,outputs/raw_generations/commercial-new/deepseek_chat_P1_few_shot_python_400_v1.jsonl
122,68e360e20c94c400c1174321b944a11d81a3c4e74ef010640b065fb99413aab2,4,225705,outputs/raw_generations/deepseek_chat_P1_few_shot_python_400_v1.jsonl
122,68e360e20c94c400c1174321b944a11d81a3c4e74ef010640b065fb99413aab2,4,225705,outputs/segregated_results/commercial-base/raw/commercial-new/deepseek_chat_P1_few_shot_python_400_v1.jsonl
122,68e360e20c94c400c1174321b944a11d81a3c4e74ef010640b065fb99413aab2,4,225705,outputs/segregated_results/commercial-base/raw/deepseek_chat_P1_few_shot_python_400_v1.jsonl
123,69932a1e04488f0c84d71962a15f228268434f3d0ec6701e452a6a34f13db293,4,314539,outputs/correctness/qwen25_1_5b_instruct_P1_few_shot_javascript_400_v1_correctness_detailed.jsonl
123,69932a1e04488f0c84d71962a15f228268434f3d0ec6701e452a6a34f13db293,4,314539,outputs/evaluation-and-correctness-may2026/open-source/qwen25_1_5b_instruct_P1_few_shot_javascript_400_v1_code_grounded_detailed.jsonl
123,69932a1e04488f0c84d71962a15f228268434f3d0ec6701e452a6a34f13db293,4,314539,outputs/segregated_results/open-source-base/correctness/qwen25_1_5b_instruct_P1_few_shot_javascript_400_v1_correctness_detailed.jsonl
123,69932a1e04488f0c84d71962a15f228268434f3d0ec6701e452a6a34f13db293,4,314539,outputs/segregated_results/open-source-base/may2026/open-source/qwen25_1_5b_instruct_P1_few_shot_javascript_400_v1_code_grounded_detailed.jsonl
124,6c277bd4317fb6225f36d589be73db30e475f4dcf142419690a96b55b22cd5a9,4,2110979,outputs/raw_generations/commercial-new/gpt_5_1_codex_P1_one_shot_java_400_v1.jsonl
124,6c277bd4317fb6225f36d589be73db30e475f4dcf142419690a96b55b22cd5a9,4,2110979,outputs/raw_generations/gpt_5_1_codex_P1_one_shot_java_400_v1.jsonl
124,6c277bd4317fb6225f36d589be73db30e475f4dcf142419690a96b55b22cd5a9,4,2110979,outputs/segregated_results/commercial-base/raw/commercial-new/gpt_5_1_codex_P1_one_shot_java_400_v1.jsonl
124,6c277bd4317fb6225f36d589be73db30e475f4dcf142419690a96b55b22cd5a9,4,2110979,outputs/segregated_results/commercial-base/raw/gpt_5_1_codex_P1_one_shot_java_400_v1.jsonl
125,6d47f2f11b1540fd256c7aba6c6f57e21b8d06a5fc28015f6310f7c0ea808279,4,312257,outputs/raw_generations/gemma_2_2b_it_P1_zero_shot_java_400_v2.jsonl
125,6d47f2f11b1540fd256c7aba6c6f57e21b8d06a5fc28015f6310f7c0ea808279,4,312257,outputs/raw_generations/open-source/gemma_2_2b_it_P1_zero_shot_java_400_v2.jsonl
125,6d47f2f11b1540fd256c7aba6c6f57e21b8d06a5fc28015f6310f7c0ea808279,4,312257,outputs/segregated_results/open-source-base/raw/gemma_2_2b_it_P1_zero_shot_java_400_v2.jsonl
125,6d47f2f11b1540fd256c7aba6c6f57e21b8d06a5fc28015f6310f7c0ea808279,4,312257,outputs/segregated_results/open-source-base/raw/open-source/gemma_2_2b_it_P1_zero_shot_java_400_v2.jsonl
126,6fc6c434c30704ce9f113e118598a777bb1272cbf37805a4c6f5113819200bae,4,976,outputs/evaluation-and-correctness-may2026/open-source/qwen25_coder_1_5b_instruct_P1_one_shot_java_10_smoke_v2_detailed.jsonl
126,6fc6c434c30704ce9f113e118598a777bb1272cbf37805a4c6f5113819200bae,4,976,outputs/evaluations/qwen25_coder_1_5b_instruct_P1_one_shot_java_10_smoke_v2_eval.json_detailed.jsonl
126,6fc6c434c30704ce9f113e118598a777bb1272cbf37805a4c6f5113819200bae,4,976,outputs/segregated_results/open-source-base/eval/qwen25_coder_1_5b_instruct_P1_one_shot_java_10_smoke_v2_eval.json_detailed.jsonl
126,6fc6c434c30704ce9f113e118598a777bb1272cbf37805a4c6f5113819200bae,4,976,outputs/segregated_results/open-source-base/may2026/open-source/qwen25_coder_1_5b_instruct_P1_one_shot_java_10_smoke_v2_detailed.jsonl
127,713ced3f94f6b680d53c5c1ce42ef32b8fdb005bd6b5aa5bc141cd52a93e7433,4,299833,outputs/correctness/codegemma_2b_P1_one_shot_java_400_v1_correctness.json_detailed.jsonl
127,713ced3f94f6b680d53c5c1ce42ef32b8fdb005bd6b5aa5bc141cd52a93e7433,4,299833,outputs/evaluation-and-correctness-may2026/open-source/codegemma_2b_P1_one_shot_java_400_v1_code_grounded_detailed.jsonl
127,713ced3f94f6b680d53c5c1ce42ef32b8fdb005bd6b5aa5bc141cd52a93e7433,4,299833,outputs/segregated_results/open-source-base/correctness/codegemma_2b_P1_one_shot_java_400_v1_correctness.json_detailed.jsonl
127,713ced3f94f6b680d53c5c1ce42ef32b8fdb005bd6b5aa5bc141cd52a93e7433,4,299833,outputs/segregated_results/open-source-base/may2026/open-source/codegemma_2b_P1_one_shot_java_400_v1_code_grounded_detailed.jsonl
128,71d67329ce396bc22a8af8676d0281694bffd28e7d812b020ef89a40ede47701,4,466504,outputs/evaluation-and-correctness-may2026/open-source/qwen25_1_5b_instruct_P1_zero_shot_balanced_300_detailed.jsonl
128,71d67329ce396bc22a8af8676d0281694bffd28e7d812b020ef89a40ede47701,4,466504,outputs/evaluations/qwen25_1_5b_instruct_P1_zero_shot_balanced_300_eval.json_detailed.jsonl
128,71d67329ce396bc22a8af8676d0281694bffd28e7d812b020ef89a40ede47701,4,466504,outputs/segregated_results/open-source-base/eval/qwen25_1_5b_instruct_P1_zero_shot_balanced_300_eval.json_detailed.jsonl
128,71d67329ce396bc22a8af8676d0281694bffd28e7d812b020ef89a40ede47701,4,466504,outputs/segregated_results/open-source-base/may2026/open-source/qwen25_1_5b_instruct_P1_zero_shot_balanced_300_detailed.jsonl
129,73e82d9068f1af0acefc5462fb3fb0bb53e80829f9b8a91bcd482582ab811859,4,406951,outputs/raw_generations/codegemma_2b_P1_few_shot_javascript_400_v1.jsonl
129,73e82d9068f1af0acefc5462fb3fb0bb53e80829f9b8a91bcd482582ab811859,4,406951,outputs/raw_generations/open-source/codegemma_2b_P1_few_shot_javascript_400_v1.jsonl
129,73e82d9068f1af0acefc5462fb3fb0bb53e80829f9b8a91bcd482582ab811859,4,406951,outputs/segregated_results/open-source-base/raw/codegemma_2b_P1_few_shot_javascript_400_v1.jsonl
129,73e82d9068f1af0acefc5462fb3fb0bb53e80829f9b8a91bcd482582ab811859,4,406951,outputs/segregated_results/open-source-base/raw/open-source/codegemma_2b_P1_few_shot_javascript_400_v1.jsonl
130,78439976d5d1e4b2bdb370c52e7bdfa111043f0a532904573d571e6a32374ee1,4,198716,outputs/raw_generations/gemma_2_2b_it_P1_few_shot_javascript_400_v1.jsonl
130,78439976d5d1e4b2bdb370c52e7bdfa111043f0a532904573d571e6a32374ee1,4,198716,outputs/raw_generations/open-source/gemma_2_2b_it_P1_few_shot_javascript_400_v1.jsonl
130,78439976d5d1e4b2bdb370c52e7bdfa111043f0a532904573d571e6a32374ee1,4,198716,outputs/segregated_results/open-source-base/raw/gemma_2_2b_it_P1_few_shot_javascript_400_v1.jsonl
130,78439976d5d1e4b2bdb370c52e7bdfa111043f0a532904573d571e6a32374ee1,4,198716,outputs/segregated_results/open-source-base/raw/open-source/gemma_2_2b_it_P1_few_shot_javascript_400_v1.jsonl
131,784d0dd8f22b694032b086bb5466ca2aed65408ac4450312d202fd3fb1d5445e,4,7580,outputs/evaluation-and-correctness-may2026/open-source/qwen25_1_5b_instruct_P1_zero_shot_detailed.jsonl
131,784d0dd8f22b694032b086bb5466ca2aed65408ac4450312d202fd3fb1d5445e,4,7580,outputs/evaluations/qwen25_1_5b_instruct_P1_zero_shot_eval.json_detailed.jsonl
131,784d0dd8f22b694032b086bb5466ca2aed65408ac4450312d202fd3fb1d5445e,4,7580,outputs/segregated_results/open-source-base/eval/qwen25_1_5b_instruct_P1_zero_shot_eval.json_detailed.jsonl
131,784d0dd8f22b694032b086bb5466ca2aed65408ac4450312d202fd3fb1d5445e,4,7580,outputs/segregated_results/open-source-base/may2026/open-source/qwen25_1_5b_instruct_P1_zero_shot_detailed.jsonl
132,78b0d13227454a399be96cbbb0d6d2799df4cae9703167500886dcca60238485,4,3039,outputs/raw_generations/open-source/qwen25_coder_1_5b_instruct_P1_one_shot_python_10_t02_p09_k50_v1.jsonl
132,78b0d13227454a399be96cbbb0d6d2799df4cae9703167500886dcca60238485,4,3039,outputs/raw_generations/qwen25_coder_1_5b_instruct_P1_one_shot_python_10_t02_p09_k50_v1.jsonl
132,78b0d13227454a399be96cbbb0d6d2799df4cae9703167500886dcca60238485,4,3039,outputs/segregated_results/open-source-base/raw/open-source/qwen25_coder_1_5b_instruct_P1_one_shot_python_10_t02_p09_k50_v1.jsonl
132,78b0d13227454a399be96cbbb0d6d2799df4cae9703167500886dcca60238485,4,3039,outputs/segregated_results/open-source-base/raw/qwen25_coder_1_5b_instruct_P1_one_shot_python_10_t02_p09_k50_v1.jsonl
133,7d348408773403a67f7ab3e815371466524b7e27f29e9ae7ccad436bdbaa0962,4,214790,outputs/raw_generations/commercial-new/deepseek_chat_P1_few_shot_javascript_400_v1.jsonl
133,7d348408773403a67f7ab3e815371466524b7e27f29e9ae7ccad436bdbaa0962,4,214790,outputs/raw_generations/deepseek_chat_P1_few_shot_javascript_400_v1.jsonl
133,7d348408773403a67f7ab3e815371466524b7e27f29e9ae7ccad436bdbaa0962,4,214790,outputs/segregated_results/commercial-base/raw/commercial-new/deepseek_chat_P1_few_shot_javascript_400_v1.jsonl
133,7d348408773403a67f7ab3e815371466524b7e27f29e9ae7ccad436bdbaa0962,4,214790,outputs/segregated_results/commercial-base/raw/deepseek_chat_P1_few_shot_javascript_400_v1.jsonl
134,7f47e4eb3e39e9a772c020ec0827e4ac032ca631ea1286a8f5912ba68caf83ec,4,2079947,outputs/raw_generations/commercial-new/gpt_5_1_codex_P1_one_shot_python_400_v1.jsonl
134,7f47e4eb3e39e9a772c020ec0827e4ac032ca631ea1286a8f5912ba68caf83ec,4,2079947,outputs/raw_generations/gpt_5_1_codex_P1_one_shot_python_400_v1.jsonl
134,7f47e4eb3e39e9a772c020ec0827e4ac032ca631ea1286a8f5912ba68caf83ec,4,2079947,outputs/segregated_results/commercial-base/raw/commercial-new/gpt_5_1_codex_P1_one_shot_python_400_v1.jsonl
134,7f47e4eb3e39e9a772c020ec0827e4ac032ca631ea1286a8f5912ba68caf83ec,4,2079947,outputs/segregated_results/commercial-base/raw/gpt_5_1_codex_P1_one_shot_python_400_v1.jsonl
135,7f7ef72af27231f191c860f0043f81d41b203b0b5728f464e5b33021488502d3,4,13213,outputs/batches/gpt_5_1_codex_mini_P1_zero_shot_python_10_smoke_v1/batch_requests.jsonl
135,7f7ef72af27231f191c860f0043f81d41b203b0b5728f464e5b33021488502d3,4,13213,outputs/batches/gpt_5_1_codex_probe_python_10_smoke_v1/batch_requests.jsonl
135,7f7ef72af27231f191c860f0043f81d41b203b0b5728f464e5b33021488502d3,4,13213,outputs/segregated_results/commercial-base/batches/gpt_5_1_codex_mini_P1_zero_shot_python_10_smoke_v1/batch_requests.jsonl
135,7f7ef72af27231f191c860f0043f81d41b203b0b5728f464e5b33021488502d3,4,13213,outputs/segregated_results/commercial-base/batches/gpt_5_1_codex_probe_python_10_smoke_v1/batch_requests.jsonl
136,81cb9c99dcfa7eb8f25cf3c91fe0438144385f7a26e8b94d9e57966c8e262309,4,1309,outputs/correctness/qwen25_1_5b_instruct_P1_few_shot_javascript_400_v1_correctness_summary.json
136,81cb9c99dcfa7eb8f25cf3c91fe0438144385f7a26e8b94d9e57966c8e262309,4,1309,outputs/evaluation-and-correctness-may2026/open-source/qwen25_1_5b_instruct_P1_few_shot_javascript_400_v1_code_grounded_summary.json
136,81cb9c99dcfa7eb8f25cf3c91fe0438144385f7a26e8b94d9e57966c8e262309,4,1309,outputs/segregated_results/open-source-base/correctness/qwen25_1_5b_instruct_P1_few_shot_javascript_400_v1_correctness_summary.json
136,81cb9c99dcfa7eb8f25cf3c91fe0438144385f7a26e8b94d9e57966c8e262309,4,1309,outputs/segregated_results/open-source-base/may2026/open-source/qwen25_1_5b_instruct_P1_few_shot_javascript_400_v1_code_grounded_summary.json
137,83ac243ad196bf5203ae82b3abd06a241a748042b246798cce3db080cb94e7e4,4,192151,outputs/raw_generations/open-source/qwen25_1_5b_instruct_P1_one_shot_javascript_400_v1.jsonl
137,83ac243ad196bf5203ae82b3abd06a241a748042b246798cce3db080cb94e7e4,4,192151,outputs/raw_generations/qwen25_1_5b_instruct_P1_one_shot_javascript_400_v1.jsonl
137,83ac243ad196bf5203ae82b3abd06a241a748042b246798cce3db080cb94e7e4,4,192151,outputs/segregated_results/open-source-base/raw/open-source/qwen25_1_5b_instruct_P1_one_shot_javascript_400_v1.jsonl
137,83ac243ad196bf5203ae82b3abd06a241a748042b246798cce3db080cb94e7e4,4,192151,outputs/segregated_results/open-source-base/raw/qwen25_1_5b_instruct_P1_one_shot_javascript_400_v1.jsonl
138,874a6245b3861d91a89c55205643e4cacdad9c09363e1ca6192e461db19a83ba,4,62297,outputs/raw_generations/open-source/qwen25_coder_1_5b_instruct_P1_zero_shot_python_100_v1.jsonl
138,874a6245b3861d91a89c55205643e4cacdad9c09363e1ca6192e461db19a83ba,4,62297,outputs/raw_generations/qwen25_coder_1_5b_instruct_P1_zero_shot_python_100_v1.jsonl
138,874a6245b3861d91a89c55205643e4cacdad9c09363e1ca6192e461db19a83ba,4,62297,outputs/segregated_results/open-source-base/raw/open-source/qwen25_coder_1_5b_instruct_P1_zero_shot_python_100_v1.jsonl
138,874a6245b3861d91a89c55205643e4cacdad9c09363e1ca6192e461db19a83ba,4,62297,outputs/segregated_results/open-source-base/raw/qwen25_coder_1_5b_instruct_P1_zero_shot_python_100_v1.jsonl
139,88f927ad13e556ae49efc605b672354c5ec93559eb5756a09917641df6c2e3d0,4,346913,outputs/correctness/qwen25_coder_1_5b_instruct_P1_one_shot_python_400_v1_correctness.json_detailed.jsonl
139,88f927ad13e556ae49efc605b672354c5ec93559eb5756a09917641df6c2e3d0,4,346913,outputs/evaluation-and-correctness-may2026/open-source/qwen25_coder_1_5b_instruct_P1_one_shot_python_400_v1_code_grounded_detailed.jsonl
139,88f927ad13e556ae49efc605b672354c5ec93559eb5756a09917641df6c2e3d0,4,346913,outputs/segregated_results/open-source-base/correctness/qwen25_coder_1_5b_instruct_P1_one_shot_python_400_v1_correctness.json_detailed.jsonl
139,88f927ad13e556ae49efc605b672354c5ec93559eb5756a09917641df6c2e3d0,4,346913,outputs/segregated_results/open-source-base/may2026/open-source/qwen25_coder_1_5b_instruct_P1_one_shot_python_400_v1_code_grounded_detailed.jsonl
140,8917804160a0fe1c91d199eed88baa81eaae9a906995d9f7d4ef8d722d1b2e21,4,538767,outputs/raw_generations/open-source/qwen25_coder_1_5b_instruct_P1_zero_shot_balanced_3000_ZS.jsonl
140,8917804160a0fe1c91d199eed88baa81eaae9a906995d9f7d4ef8d722d1b2e21,4,538767,outputs/raw_generations/qwen25_coder_1_5b_instruct_P1_zero_shot_balanced_3000_ZS.jsonl
140,8917804160a0fe1c91d199eed88baa81eaae9a906995d9f7d4ef8d722d1b2e21,4,538767,outputs/segregated_results/open-source-base/raw/open-source/qwen25_coder_1_5b_instruct_P1_zero_shot_balanced_3000_ZS.jsonl
140,8917804160a0fe1c91d199eed88baa81eaae9a906995d9f7d4ef8d722d1b2e21,4,538767,outputs/segregated_results/open-source-base/raw/qwen25_coder_1_5b_instruct_P1_zero_shot_balanced_3000_ZS.jsonl
141,89293b075d3ea8f4459471104cd37628476f642bea0739faab0e3ecadbc36d38,4,24232,outputs/evaluation-and-correctness-may2026/open-source/gemma_2_2b_it_P1_zero_shot_20_detailed.jsonl
141,89293b075d3ea8f4459471104cd37628476f642bea0739faab0e3ecadbc36d38,4,24232,outputs/evaluations/gemma_2_2b_it_P1_zero_shot_20_eval.json_detailed.jsonl
141,89293b075d3ea8f4459471104cd37628476f642bea0739faab0e3ecadbc36d38,4,24232,outputs/segregated_results/open-source-base/eval/gemma_2_2b_it_P1_zero_shot_20_eval.json_detailed.jsonl
141,89293b075d3ea8f4459471104cd37628476f642bea0739faab0e3ecadbc36d38,4,24232,outputs/segregated_results/open-source-base/may2026/open-source/gemma_2_2b_it_P1_zero_shot_20_detailed.jsonl
142,89a72f52f991db86860b93bb023ab2d3b266968271a149daae685a86952b4034,4,265927,outputs/raw_generations/gemma_2_2b_it_P1_few_shot_java_400_v1.jsonl
142,89a72f52f991db86860b93bb023ab2d3b266968271a149daae685a86952b4034,4,265927,outputs/raw_generations/open-source/gemma_2_2b_it_P1_few_shot_java_400_v1.jsonl
142,89a72f52f991db86860b93bb023ab2d3b266968271a149daae685a86952b4034,4,265927,outputs/segregated_results/open-source-base/raw/gemma_2_2b_it_P1_few_shot_java_400_v1.jsonl
142,89a72f52f991db86860b93bb023ab2d3b266968271a149daae685a86952b4034,4,265927,outputs/segregated_results/open-source-base/raw/open-source/gemma_2_2b_it_P1_few_shot_java_400_v1.jsonl
143,8ce177d37009330e186fa6380116acc7fe46f90153b8ae0a3264d354e96b16d1,4,126255,outputs/raw_generations/open-source/qwen25_coder_1_5b_instruct_P1_zero_shot_python_200_v1.jsonl
143,8ce177d37009330e186fa6380116acc7fe46f90153b8ae0a3264d354e96b16d1,4,126255,outputs/raw_generations/qwen25_coder_1_5b_instruct_P1_zero_shot_python_200_v1.jsonl
143,8ce177d37009330e186fa6380116acc7fe46f90153b8ae0a3264d354e96b16d1,4,126255,outputs/segregated_results/open-source-base/raw/open-source/qwen25_coder_1_5b_instruct_P1_zero_shot_python_200_v1.jsonl
143,8ce177d37009330e186fa6380116acc7fe46f90153b8ae0a3264d354e96b16d1,4,126255,outputs/segregated_results/open-source-base/raw/qwen25_coder_1_5b_instruct_P1_zero_shot_python_200_v1.jsonl
144,8d1c364fd3deb034fc3eea3aad599070013e432af99291131877ffa39e150a32,4,583,outputs/raw_generations/open-source/qwen25_coder_1_5b_instruct_P1_zero_shot_python_2000_ZS_v3.jsonl
144,8d1c364fd3deb034fc3eea3aad599070013e432af99291131877ffa39e150a32,4,583,outputs/raw_generations/qwen25_coder_1_5b_instruct_P1_zero_shot_python_2000_ZS_v3.jsonl
144,8d1c364fd3deb034fc3eea3aad599070013e432af99291131877ffa39e150a32,4,583,outputs/segregated_results/open-source-base/raw/open-source/qwen25_coder_1_5b_instruct_P1_zero_shot_python_2000_ZS_v3.jsonl
144,8d1c364fd3deb034fc3eea3aad599070013e432af99291131877ffa39e150a32,4,583,outputs/segregated_results/open-source-base/raw/qwen25_coder_1_5b_instruct_P1_zero_shot_python_2000_ZS_v3.jsonl
145,8d5b9435f3f85183ea4aa337b442be04f0f0b14472e5e070ade5d11443875bf6,4,329699,outputs/raw_generations/open-source/qwen25_coder_1_5b_instruct_P1_zero_shot_balanced_300.jsonl
145,8d5b9435f3f85183ea4aa337b442be04f0f0b14472e5e070ade5d11443875bf6,4,329699,outputs/raw_generations/qwen25_coder_1_5b_instruct_P1_zero_shot_balanced_300.jsonl
145,8d5b9435f3f85183ea4aa337b442be04f0f0b14472e5e070ade5d11443875bf6,4,329699,outputs/segregated_results/open-source-base/raw/open-source/qwen25_coder_1_5b_instruct_P1_zero_shot_balanced_300.jsonl
145,8d5b9435f3f85183ea4aa337b442be04f0f0b14472e5e070ade5d11443875bf6,4,329699,outputs/segregated_results/open-source-base/raw/qwen25_coder_1_5b_instruct_P1_zero_shot_balanced_300.jsonl
146,8ed5d09e4e7880b8132124fbfa3c5fbf911e87f961564248ed23502923fcf7f0,4,220681,outputs/raw_generations/commercial-new/deepseek_chat_P1_zero_shot_javascript_400_v1.jsonl
146,8ed5d09e4e7880b8132124fbfa3c5fbf911e87f961564248ed23502923fcf7f0,4,220681,outputs/raw_generations/deepseek_chat_P1_zero_shot_javascript_400_v1.jsonl
146,8ed5d09e4e7880b8132124fbfa3c5fbf911e87f961564248ed23502923fcf7f0,4,220681,outputs/segregated_results/commercial-base/raw/commercial-new/deepseek_chat_P1_zero_shot_javascript_400_v1.jsonl
146,8ed5d09e4e7880b8132124fbfa3c5fbf911e87f961564248ed23502923fcf7f0,4,220681,outputs/segregated_results/commercial-base/raw/deepseek_chat_P1_zero_shot_javascript_400_v1.jsonl
147,8fcdc5f91fb506f844b2587029835145c998bda277254da8f303c4c4a0f85813,4,19737,outputs/evaluation-and-correctness-may2026/open-source/qwen25_coder_1_5b_instruct_P1_few_shot_python_200_part2_v1_detailed.jsonl
147,8fcdc5f91fb506f844b2587029835145c998bda277254da8f303c4c4a0f85813,4,19737,outputs/evaluations/qwen25_coder_1_5b_instruct_P1_few_shot_python_200_part2_v1_eval.json_detailed.jsonl
147,8fcdc5f91fb506f844b2587029835145c998bda277254da8f303c4c4a0f85813,4,19737,outputs/segregated_results/open-source-base/eval/qwen25_coder_1_5b_instruct_P1_few_shot_python_200_part2_v1_eval.json_detailed.jsonl
147,8fcdc5f91fb506f844b2587029835145c998bda277254da8f303c4c4a0f85813,4,19737,outputs/segregated_results/open-source-base/may2026/open-source/qwen25_coder_1_5b_instruct_P1_few_shot_python_200_part2_v1_detailed.jsonl
148,913ad155b5390d3b864e7a9e79e20a1ca81ded6139320e20109f92a29f3b6ec9,4,4749,outputs/raw_generations/open-source/qwen25_coder_1_5b_instruct_P1_one_shot_javascript_400_v2_repaired.jsonl
148,913ad155b5390d3b864e7a9e79e20a1ca81ded6139320e20109f92a29f3b6ec9,4,4749,outputs/raw_generations/qwen25_coder_1_5b_instruct_P1_one_shot_javascript_400_v2_repaired.jsonl
148,913ad155b5390d3b864e7a9e79e20a1ca81ded6139320e20109f92a29f3b6ec9,4,4749,outputs/segregated_results/open-source-base/raw/open-source/qwen25_coder_1_5b_instruct_P1_one_shot_javascript_400_v2_repaired.jsonl
148,913ad155b5390d3b864e7a9e79e20a1ca81ded6139320e20109f92a29f3b6ec9,4,4749,outputs/segregated_results/open-source-base/raw/qwen25_coder_1_5b_instruct_P1_one_shot_javascript_400_v2_repaired.jsonl
149,93eb2e719d9a04748b369b98a1b5ff9c459759492f26d9a823765fdf1dac7fdb,4,225095,outputs/raw_generations/commercial-new/deepseek_chat_P1_zero_shot_python_400_v1.jsonl
149,93eb2e719d9a04748b369b98a1b5ff9c459759492f26d9a823765fdf1dac7fdb,4,225095,outputs/raw_generations/deepseek_chat_P1_zero_shot_python_400_v1.jsonl
149,93eb2e719d9a04748b369b98a1b5ff9c459759492f26d9a823765fdf1dac7fdb,4,225095,outputs/segregated_results/commercial-base/raw/commercial-new/deepseek_chat_P1_zero_shot_python_400_v1.jsonl
149,93eb2e719d9a04748b369b98a1b5ff9c459759492f26d9a823765fdf1dac7fdb,4,225095,outputs/segregated_results/commercial-base/raw/deepseek_chat_P1_zero_shot_python_400_v1.jsonl
150,9518a14efa370f2f6f59ee71ade022b262f2921443373ae8072cf1d87160871d,4,239830,outputs/raw_generations/commercial-new/deepseek_chat_P1_few_shot_java_400_v1.jsonl
150,9518a14efa370f2f6f59ee71ade022b262f2921443373ae8072cf1d87160871d,4,239830,outputs/raw_generations/deepseek_chat_P1_few_shot_java_400_v1.jsonl
150,9518a14efa370f2f6f59ee71ade022b262f2921443373ae8072cf1d87160871d,4,239830,outputs/segregated_results/commercial-base/raw/commercial-new/deepseek_chat_P1_few_shot_java_400_v1.jsonl
150,9518a14efa370f2f6f59ee71ade022b262f2921443373ae8072cf1d87160871d,4,239830,outputs/segregated_results/commercial-base/raw/deepseek_chat_P1_few_shot_java_400_v1.jsonl
151,986090993b79d21a78ecc0c66b6398718c896b5eb30174f0f42bd0ecc53501a5,4,478244,outputs/raw_generations/codegemma_2b_P1_zero_shot_java_400_v1.jsonl
151,986090993b79d21a78ecc0c66b6398718c896b5eb30174f0f42bd0ecc53501a5,4,478244,outputs/raw_generations/open-source/codegemma_2b_P1_zero_shot_java_400_v1.jsonl
151,986090993b79d21a78ecc0c66b6398718c896b5eb30174f0f42bd0ecc53501a5,4,478244,outputs/segregated_results/open-source-base/raw/codegemma_2b_P1_zero_shot_java_400_v1.jsonl
151,986090993b79d21a78ecc0c66b6398718c896b5eb30174f0f42bd0ecc53501a5,4,478244,outputs/segregated_results/open-source-base/raw/open-source/codegemma_2b_P1_zero_shot_java_400_v1.jsonl
152,99d87a3ef4651af389d4be529c33bb24c80fa5853c0b0c06e859e224f11668f5,4,243561,outputs/raw_generations/commercial-new/gemini_3_flash_preview_P1_few_shot_javascript_400_v1.jsonl
152,99d87a3ef4651af389d4be529c33bb24c80fa5853c0b0c06e859e224f11668f5,4,243561,outputs/raw_generations/gemini_3_flash_preview_P1_few_shot_javascript_400_v1.jsonl
152,99d87a3ef4651af389d4be529c33bb24c80fa5853c0b0c06e859e224f11668f5,4,243561,outputs/segregated_results/commercial-base/raw/commercial-new/gemini_3_flash_preview_P1_few_shot_javascript_400_v1.jsonl
152,99d87a3ef4651af389d4be529c33bb24c80fa5853c0b0c06e859e224f11668f5,4,243561,outputs/segregated_results/commercial-base/raw/gemini_3_flash_preview_P1_few_shot_javascript_400_v1.jsonl
153,9a98db85c8bdf3c7c376160c353cd8ce06593bdc129a585d5418dc35b5030609,4,98091,outputs/raw_generations/open-source/qwen25_coder_1_5b_instruct_P1_zero_shot_100.jsonl
153,9a98db85c8bdf3c7c376160c353cd8ce06593bdc129a585d5418dc35b5030609,4,98091,outputs/raw_generations/qwen25_coder_1_5b_instruct_P1_zero_shot_100.jsonl
153,9a98db85c8bdf3c7c376160c353cd8ce06593bdc129a585d5418dc35b5030609,4,98091,outputs/segregated_results/open-source-base/raw/open-source/qwen25_coder_1_5b_instruct_P1_zero_shot_100.jsonl
153,9a98db85c8bdf3c7c376160c353cd8ce06593bdc129a585d5418dc35b5030609,4,98091,outputs/segregated_results/open-source-base/raw/qwen25_coder_1_5b_instruct_P1_zero_shot_100.jsonl
154,9ba9cfd0a862cb38ae81f4a46e229a1427e00a37c7c1fdb38e1b9d906139d704,4,46012,outputs/raw_generations/commercial-new/gpt_5_1_codex_P1_zero_shot_python_10_smoke_v1.jsonl
154,9ba9cfd0a862cb38ae81f4a46e229a1427e00a37c7c1fdb38e1b9d906139d704,4,46012,outputs/raw_generations/gpt_5_1_codex_P1_zero_shot_python_10_smoke_v1.jsonl
154,9ba9cfd0a862cb38ae81f4a46e229a1427e00a37c7c1fdb38e1b9d906139d704,4,46012,outputs/segregated_results/commercial-base/raw/commercial-new/gpt_5_1_codex_P1_zero_shot_python_10_smoke_v1.jsonl
154,9ba9cfd0a862cb38ae81f4a46e229a1427e00a37c7c1fdb38e1b9d906139d704,4,46012,outputs/segregated_results/commercial-base/raw/gpt_5_1_codex_P1_zero_shot_python_10_smoke_v1.jsonl
155,9f2a9ec525af97cf2c51c4393d3dd34a04462ce7e3f5556c69a435bbdc1f87dd,4,185513,outputs/raw_generations/gemma_2_2b_it_P1_one_shot_java_400_v1.jsonl
155,9f2a9ec525af97cf2c51c4393d3dd34a04462ce7e3f5556c69a435bbdc1f87dd,4,185513,outputs/raw_generations/open-source/gemma_2_2b_it_P1_one_shot_java_400_v1.jsonl
155,9f2a9ec525af97cf2c51c4393d3dd34a04462ce7e3f5556c69a435bbdc1f87dd,4,185513,outputs/segregated_results/open-source-base/raw/gemma_2_2b_it_P1_one_shot_java_400_v1.jsonl
155,9f2a9ec525af97cf2c51c4393d3dd34a04462ce7e3f5556c69a435bbdc1f87dd,4,185513,outputs/segregated_results/open-source-base/raw/open-source/gemma_2_2b_it_P1_one_shot_java_400_v1.jsonl
156,9fa08caa9a7876afae60171390b1d43ca4c35441b1bd7b88c5dfffe2fbc3bf20,4,196684,outputs/raw_generations/codegemma_2b_P1_one_shot_python_400_v1.jsonl
156,9fa08caa9a7876afae60171390b1d43ca4c35441b1bd7b88c5dfffe2fbc3bf20,4,196684,outputs/raw_generations/open-source/codegemma_2b_P1_one_shot_python_400_v1.jsonl
156,9fa08caa9a7876afae60171390b1d43ca4c35441b1bd7b88c5dfffe2fbc3bf20,4,196684,outputs/segregated_results/open-source-base/raw/codegemma_2b_P1_one_shot_python_400_v1.jsonl
156,9fa08caa9a7876afae60171390b1d43ca4c35441b1bd7b88c5dfffe2fbc3bf20,4,196684,outputs/segregated_results/open-source-base/raw/open-source/codegemma_2b_P1_one_shot_python_400_v1.jsonl
157,a0cea129292a615cfe0daab4bc941c7f3c2d61a703f9e35079a5447b6e74d9ff,4,323794,outputs/correctness/codegemma_2b_P1_one_shot_python_400_v1_correctness.json_detailed.jsonl
157,a0cea129292a615cfe0daab4bc941c7f3c2d61a703f9e35079a5447b6e74d9ff,4,323794,outputs/evaluation-and-correctness-may2026/open-source/codegemma_2b_P1_one_shot_python_400_v1_code_grounded_detailed.jsonl
157,a0cea129292a615cfe0daab4bc941c7f3c2d61a703f9e35079a5447b6e74d9ff,4,323794,outputs/segregated_results/open-source-base/correctness/codegemma_2b_P1_one_shot_python_400_v1_correctness.json_detailed.jsonl
157,a0cea129292a615cfe0daab4bc941c7f3c2d61a703f9e35079a5447b6e74d9ff,4,323794,outputs/segregated_results/open-source-base/may2026/open-source/codegemma_2b_P1_one_shot_python_400_v1_code_grounded_detailed.jsonl
158,a107e40bfa65b5d4566ad9a645d76503bf090ba358df6e462c640fdffa287adc,4,1280,outputs/correctness/qwen25_1_5b_instruct_P1_zero_shot_python_400_v1_correctness_summary.json
158,a107e40bfa65b5d4566ad9a645d76503bf090ba358df6e462c640fdffa287adc,4,1280,outputs/evaluation-and-correctness-may2026/open-source/qwen25_1_5b_instruct_P1_zero_shot_python_400_v1_code_grounded_summary.json
158,a107e40bfa65b5d4566ad9a645d76503bf090ba358df6e462c640fdffa287adc,4,1280,outputs/segregated_results/open-source-base/correctness/qwen25_1_5b_instruct_P1_zero_shot_python_400_v1_correctness_summary.json
158,a107e40bfa65b5d4566ad9a645d76503bf090ba358df6e462c640fdffa287adc,4,1280,outputs/segregated_results/open-source-base/may2026/open-source/qwen25_1_5b_instruct_P1_zero_shot_python_400_v1_code_grounded_summary.json
159,a176cd48275836f2c10c25460d4cc381d867ab1fc904b24bdc0d4054af83ba1f,4,8037,outputs/raw_generations/codegemma_2b_P1_zero_shot_20.jsonl
159,a176cd48275836f2c10c25460d4cc381d867ab1fc904b24bdc0d4054af83ba1f,4,8037,outputs/raw_generations/open-source/codegemma_2b_P1_zero_shot_20.jsonl
159,a176cd48275836f2c10c25460d4cc381d867ab1fc904b24bdc0d4054af83ba1f,4,8037,outputs/segregated_results/open-source-base/raw/codegemma_2b_P1_zero_shot_20.jsonl
159,a176cd48275836f2c10c25460d4cc381d867ab1fc904b24bdc0d4054af83ba1f,4,8037,outputs/segregated_results/open-source-base/raw/open-source/codegemma_2b_P1_zero_shot_20.jsonl
160,a206170681fe2ce1dfce3ecfe93ecd398b25346e06312a795db7eadde8e24212,4,323162,outputs/correctness/qwen25_1_5b_instruct_P1_few_shot_python_400_v1_correctness_detailed.jsonl
160,a206170681fe2ce1dfce3ecfe93ecd398b25346e06312a795db7eadde8e24212,4,323162,outputs/evaluation-and-correctness-may2026/open-source/qwen25_1_5b_instruct_P1_few_shot_python_400_v1_code_grounded_detailed.jsonl
160,a206170681fe2ce1dfce3ecfe93ecd398b25346e06312a795db7eadde8e24212,4,323162,outputs/segregated_results/open-source-base/correctness/qwen25_1_5b_instruct_P1_few_shot_python_400_v1_correctness_detailed.jsonl
160,a206170681fe2ce1dfce3ecfe93ecd398b25346e06312a795db7eadde8e24212,4,323162,outputs/segregated_results/open-source-base/may2026/open-source/qwen25_1_5b_instruct_P1_few_shot_python_400_v1_code_grounded_detailed.jsonl
161,a3d6138c2725f1c1059b9c1a6f64cd02f8e064f01c7c93b90dc6f09cde2df936,4,1300,outputs/correctness/qwen25_1_5b_instruct_P1_zero_shot_java_400_v1_correctness_summary.json
161,a3d6138c2725f1c1059b9c1a6f64cd02f8e064f01c7c93b90dc6f09cde2df936,4,1300,outputs/evaluation-and-correctness-may2026/open-source/qwen25_1_5b_instruct_P1_zero_shot_java_400_v1_code_grounded_summary.json
161,a3d6138c2725f1c1059b9c1a6f64cd02f8e064f01c7c93b90dc6f09cde2df936,4,1300,outputs/segregated_results/open-source-base/correctness/qwen25_1_5b_instruct_P1_zero_shot_java_400_v1_correctness_summary.json
161,a3d6138c2725f1c1059b9c1a6f64cd02f8e064f01c7c93b90dc6f09cde2df936,4,1300,outputs/segregated_results/open-source-base/may2026/open-source/qwen25_1_5b_instruct_P1_zero_shot_java_400_v1_code_grounded_summary.json
162,a56a397d6858e7aa3d86b78e7ec75ccdf829273da481bc9740b34a3a80559286,4,215050,outputs/raw_generations/commercial-new/deepseek_chat_P1_one_shot_javascript_400_v1.jsonl
162,a56a397d6858e7aa3d86b78e7ec75ccdf829273da481bc9740b34a3a80559286,4,215050,outputs/raw_generations/deepseek_chat_P1_one_shot_javascript_400_v1.jsonl
162,a56a397d6858e7aa3d86b78e7ec75ccdf829273da481bc9740b34a3a80559286,4,215050,outputs/segregated_results/commercial-base/raw/commercial-new/deepseek_chat_P1_one_shot_javascript_400_v1.jsonl
162,a56a397d6858e7aa3d86b78e7ec75ccdf829273da481bc9740b34a3a80559286,4,215050,outputs/segregated_results/commercial-base/raw/deepseek_chat_P1_one_shot_javascript_400_v1.jsonl
163,a5fa2f5b49c806306ae17c12f9a8862f99516af99fc58ea28c694b23a3c5f547,4,319480,outputs/correctness/qwen25_1_5b_instruct_P1_zero_shot_java_400_v1_correctness_detailed.jsonl
163,a5fa2f5b49c806306ae17c12f9a8862f99516af99fc58ea28c694b23a3c5f547,4,319480,outputs/evaluation-and-correctness-may2026/open-source/qwen25_1_5b_instruct_P1_zero_shot_java_400_v1_code_grounded_detailed.jsonl
163,a5fa2f5b49c806306ae17c12f9a8862f99516af99fc58ea28c694b23a3c5f547,4,319480,outputs/segregated_results/open-source-base/correctness/qwen25_1_5b_instruct_P1_zero_shot_java_400_v1_correctness_detailed.jsonl
163,a5fa2f5b49c806306ae17c12f9a8862f99516af99fc58ea28c694b23a3c5f547,4,319480,outputs/segregated_results/open-source-base/may2026/open-source/qwen25_1_5b_instruct_P1_zero_shot_java_400_v1_code_grounded_detailed.jsonl
164,a64c4721f44f0b855719fa147a8b38460f1e8223ca0d730873e6699e2e1414b4,4,149514,outputs/raw_generations/codegemma_2b_P1_zero_shot_python_300_ZS_v3.jsonl
164,a64c4721f44f0b855719fa147a8b38460f1e8223ca0d730873e6699e2e1414b4,4,149514,outputs/raw_generations/open-source/codegemma_2b_P1_zero_shot_python_300_ZS_v3.jsonl
164,a64c4721f44f0b855719fa147a8b38460f1e8223ca0d730873e6699e2e1414b4,4,149514,outputs/segregated_results/open-source-base/raw/codegemma_2b_P1_zero_shot_python_300_ZS_v3.jsonl
164,a64c4721f44f0b855719fa147a8b38460f1e8223ca0d730873e6699e2e1414b4,4,149514,outputs/segregated_results/open-source-base/raw/open-source/codegemma_2b_P1_zero_shot_python_300_ZS_v3.jsonl
165,a6d980208341714d90785e44ceae20f984b330618561a7ed4a14a8f6d7a0d22f,4,1285,outputs/correctness/qwen25_coder_1_5b_instruct_P1_few_shot_python_400_v1_correctness.json_summary.json
165,a6d980208341714d90785e44ceae20f984b330618561a7ed4a14a8f6d7a0d22f,4,1285,outputs/correctness/qwen25_coder_1_5b_instruct_P1_few_shot_python_400_v1_correctness_summary.json
165,a6d980208341714d90785e44ceae20f984b330618561a7ed4a14a8f6d7a0d22f,4,1285,outputs/segregated_results/open-source-base/correctness/qwen25_coder_1_5b_instruct_P1_few_shot_python_400_v1_correctness.json_summary.json
165,a6d980208341714d90785e44ceae20f984b330618561a7ed4a14a8f6d7a0d22f,4,1285,outputs/segregated_results/open-source-base/correctness/qwen25_coder_1_5b_instruct_P1_few_shot_python_400_v1_correctness_summary.json
166,abbb45b9e89ff9f152691a757c3e1bf04bfbc1be124f5551999b829df5973faa,4,111110,outputs/raw_generations/open-source/qwen25_coder_1_5b_instruct_P1_one_shot_python_200_t05_p09_k50_v1.jsonl
166,abbb45b9e89ff9f152691a757c3e1bf04bfbc1be124f5551999b829df5973faa,4,111110,outputs/raw_generations/qwen25_coder_1_5b_instruct_P1_one_shot_python_200_t05_p09_k50_v1.jsonl
166,abbb45b9e89ff9f152691a757c3e1bf04bfbc1be124f5551999b829df5973faa,4,111110,outputs/segregated_results/open-source-base/raw/open-source/qwen25_coder_1_5b_instruct_P1_one_shot_python_200_t05_p09_k50_v1.jsonl
166,abbb45b9e89ff9f152691a757c3e1bf04bfbc1be124f5551999b829df5973faa,4,111110,outputs/segregated_results/open-source-base/raw/qwen25_coder_1_5b_instruct_P1_one_shot_python_200_t05_p09_k50_v1.jsonl
167,ac377eec86cb9db8b897f7feb33428918e237659aad6a91efcfa7e66071c51eb,4,335652,outputs/correctness/qwen25_1_5b_instruct_P1_few_shot_java_400_v1_correctness_detailed.jsonl
167,ac377eec86cb9db8b897f7feb33428918e237659aad6a91efcfa7e66071c51eb,4,335652,outputs/evaluation-and-correctness-may2026/open-source/qwen25_1_5b_instruct_P1_few_shot_java_400_v1_code_grounded_detailed.jsonl
167,ac377eec86cb9db8b897f7feb33428918e237659aad6a91efcfa7e66071c51eb,4,335652,outputs/segregated_results/open-source-base/correctness/qwen25_1_5b_instruct_P1_few_shot_java_400_v1_correctness_detailed.jsonl
167,ac377eec86cb9db8b897f7feb33428918e237659aad6a91efcfa7e66071c51eb,4,335652,outputs/segregated_results/open-source-base/may2026/open-source/qwen25_1_5b_instruct_P1_few_shot_java_400_v1_code_grounded_detailed.jsonl
168,ac58f377da3d7121a2a71fc7568059078f1c0f38e46d775be9cd45042c21d486,4,1794724,outputs/raw_generations/commercial-new/gpt_5_1_codex_P1_zero_shot_python_400_v1.jsonl
168,ac58f377da3d7121a2a71fc7568059078f1c0f38e46d775be9cd45042c21d486,4,1794724,outputs/raw_generations/gpt_5_1_codex_P1_zero_shot_python_400_v1.jsonl
168,ac58f377da3d7121a2a71fc7568059078f1c0f38e46d775be9cd45042c21d486,4,1794724,outputs/segregated_results/commercial-base/raw/commercial-new/gpt_5_1_codex_P1_zero_shot_python_400_v1.jsonl
168,ac58f377da3d7121a2a71fc7568059078f1c0f38e46d775be9cd45042c21d486,4,1794724,outputs/segregated_results/commercial-base/raw/gpt_5_1_codex_P1_zero_shot_python_400_v1.jsonl
169,ace687ea9550bc24318e2c569c857c8b6c498716661119cc7e9cec3288c32faf,4,763254,outputs/raw_generations/open-source/qwen25_coder_1_5b_instruct_P1_zero_shot_python_1200_v1.jsonl
169,ace687ea9550bc24318e2c569c857c8b6c498716661119cc7e9cec3288c32faf,4,763254,outputs/raw_generations/qwen25_coder_1_5b_instruct_P1_zero_shot_python_1200_v1.jsonl
169,ace687ea9550bc24318e2c569c857c8b6c498716661119cc7e9cec3288c32faf,4,763254,outputs/segregated_results/open-source-base/raw/open-source/qwen25_coder_1_5b_instruct_P1_zero_shot_python_1200_v1.jsonl
169,ace687ea9550bc24318e2c569c857c8b6c498716661119cc7e9cec3288c32faf,4,763254,outputs/segregated_results/open-source-base/raw/qwen25_coder_1_5b_instruct_P1_zero_shot_python_1200_v1.jsonl
170,ad18d98816bb2d7a5eb22e082e0c78da04cf886f9257228f00d0e808682e4a4d,4,25546,outputs/evaluation-and-correctness-may2026/open-source/qwen25_coder_1_5b_instruct_P1_zero_shot_20_detailed.jsonl
170,ad18d98816bb2d7a5eb22e082e0c78da04cf886f9257228f00d0e808682e4a4d,4,25546,outputs/evaluations/qwen25_coder_1_5b_instruct_P1_zero_shot_20_eval.json_detailed.jsonl
170,ad18d98816bb2d7a5eb22e082e0c78da04cf886f9257228f00d0e808682e4a4d,4,25546,outputs/segregated_results/open-source-base/eval/qwen25_coder_1_5b_instruct_P1_zero_shot_20_eval.json_detailed.jsonl
170,ad18d98816bb2d7a5eb22e082e0c78da04cf886f9257228f00d0e808682e4a4d,4,25546,outputs/segregated_results/open-source-base/may2026/open-source/qwen25_coder_1_5b_instruct_P1_zero_shot_20_detailed.jsonl
171,ad7e5f48162a5da29e66bf204add86c30afe06c36a2845220cc099c2c78b9580,4,2082,outputs/evaluations/per_language_comparison_100.json
171,ad7e5f48162a5da29e66bf204add86c30afe06c36a2845220cc099c2c78b9580,4,2082,outputs/evaluations/per_language_comparison_balanced_300.json
171,ad7e5f48162a5da29e66bf204add86c30afe06c36a2845220cc099c2c78b9580,4,2082,outputs/segregated_results/shared-aggregate/eval/per_language_comparison_100.json
171,ad7e5f48162a5da29e66bf204add86c30afe06c36a2845220cc099c2c78b9580,4,2082,outputs/segregated_results/shared-aggregate/eval/per_language_comparison_balanced_300.json
172,adc0d60be8d4967253b477284617543fcb056a24365646ee58712554a74d892e,4,234893,outputs/raw_generations/commercial-new/gemini_3_flash_preview_P1_zero_shot_java_400_v1.jsonl
172,adc0d60be8d4967253b477284617543fcb056a24365646ee58712554a74d892e,4,234893,outputs/raw_generations/gemini_3_flash_preview_P1_zero_shot_java_400_v1.jsonl
172,adc0d60be8d4967253b477284617543fcb056a24365646ee58712554a74d892e,4,234893,outputs/segregated_results/commercial-base/raw/commercial-new/gemini_3_flash_preview_P1_zero_shot_java_400_v1.jsonl
172,adc0d60be8d4967253b477284617543fcb056a24365646ee58712554a74d892e,4,234893,outputs/segregated_results/commercial-base/raw/gemini_3_flash_preview_P1_zero_shot_java_400_v1.jsonl
173,aef21eda215bb590fa60874fc7b22a9ab092ca6a3d2f6151f3486688e4a562e1,4,655,outputs/raw_generations/open-source/qwen25_coder_1_5b_instruct_P1_one_shot_java_10_smoke_v2.jsonl
173,aef21eda215bb590fa60874fc7b22a9ab092ca6a3d2f6151f3486688e4a562e1,4,655,outputs/raw_generations/qwen25_coder_1_5b_instruct_P1_one_shot_java_10_smoke_v2.jsonl
173,aef21eda215bb590fa60874fc7b22a9ab092ca6a3d2f6151f3486688e4a562e1,4,655,outputs/segregated_results/open-source-base/raw/open-source/qwen25_coder_1_5b_instruct_P1_one_shot_java_10_smoke_v2.jsonl
173,aef21eda215bb590fa60874fc7b22a9ab092ca6a3d2f6151f3486688e4a562e1,4,655,outputs/segregated_results/open-source-base/raw/qwen25_coder_1_5b_instruct_P1_one_shot_java_10_smoke_v2.jsonl
174,b045e851110dc60593a38078eaf5c1b6ac92ddb34b75a832a5ccffb276428de4,4,10015,outputs/raw_generations/open-source/qwen25_coder_1_5b_instruct_P1_one_shot_javascript_400_v1.jsonl
174,b045e851110dc60593a38078eaf5c1b6ac92ddb34b75a832a5ccffb276428de4,4,10015,outputs/raw_generations/qwen25_coder_1_5b_instruct_P1_one_shot_javascript_400_v1.jsonl
174,b045e851110dc60593a38078eaf5c1b6ac92ddb34b75a832a5ccffb276428de4,4,10015,outputs/segregated_results/open-source-base/raw/open-source/qwen25_coder_1_5b_instruct_P1_one_shot_javascript_400_v1.jsonl
174,b045e851110dc60593a38078eaf5c1b6ac92ddb34b75a832a5ccffb276428de4,4,10015,outputs/segregated_results/open-source-base/raw/qwen25_coder_1_5b_instruct_P1_one_shot_javascript_400_v1.jsonl
175,b486f9adb45a830f2f29bfbdaf47a831ef426a215a228e51bf6c7ddf94450519,4,8282,outputs/evaluation-and-correctness-may2026/open-source/qwen25_coder_1_5b_instruct_P1_one_shot_javascript_10_smoke_v2_detailed.jsonl
175,b486f9adb45a830f2f29bfbdaf47a831ef426a215a228e51bf6c7ddf94450519,4,8282,outputs/evaluations/qwen25_coder_1_5b_instruct_P1_one_shot_javascript_10_smoke_v2_eval.json_detailed.jsonl
175,b486f9adb45a830f2f29bfbdaf47a831ef426a215a228e51bf6c7ddf94450519,4,8282,outputs/segregated_results/open-source-base/eval/qwen25_coder_1_5b_instruct_P1_one_shot_javascript_10_smoke_v2_eval.json_detailed.jsonl
175,b486f9adb45a830f2f29bfbdaf47a831ef426a215a228e51bf6c7ddf94450519,4,8282,outputs/segregated_results/open-source-base/may2026/open-source/qwen25_coder_1_5b_instruct_P1_one_shot_javascript_10_smoke_v2_detailed.jsonl
176,b4d881a13a7d8ec8581734df1a369adccf18f38a55eba87360b3d3229176d7a6,4,4531,outputs/raw_generations/gemma_2_2b_it_P1_zero_shot_5.jsonl
176,b4d881a13a7d8ec8581734df1a369adccf18f38a55eba87360b3d3229176d7a6,4,4531,outputs/raw_generations/open-source/gemma_2_2b_it_P1_zero_shot_5.jsonl
176,b4d881a13a7d8ec8581734df1a369adccf18f38a55eba87360b3d3229176d7a6,4,4531,outputs/segregated_results/open-source-base/raw/gemma_2_2b_it_P1_zero_shot_5.jsonl
176,b4d881a13a7d8ec8581734df1a369adccf18f38a55eba87360b3d3229176d7a6,4,4531,outputs/segregated_results/open-source-base/raw/open-source/gemma_2_2b_it_P1_zero_shot_5.jsonl
177,b50304c2afdcbfc0355de23480931802ed029d98a4d2d11a207b5fd5326651bd,4,1316,outputs/correctness/qwen25_1_5b_instruct_P1_zero_shot_javascript_400_v1_correctness_summary.json
177,b50304c2afdcbfc0355de23480931802ed029d98a4d2d11a207b5fd5326651bd,4,1316,outputs/evaluation-and-correctness-may2026/open-source/qwen25_1_5b_instruct_P1_zero_shot_javascript_400_v1_code_grounded_summary.json
177,b50304c2afdcbfc0355de23480931802ed029d98a4d2d11a207b5fd5326651bd,4,1316,outputs/segregated_results/open-source-base/correctness/qwen25_1_5b_instruct_P1_zero_shot_javascript_400_v1_correctness_summary.json
177,b50304c2afdcbfc0355de23480931802ed029d98a4d2d11a207b5fd5326651bd,4,1316,outputs/segregated_results/open-source-base/may2026/open-source/qwen25_1_5b_instruct_P1_zero_shot_javascript_400_v1_code_grounded_summary.json
178,b5657d6812cf94a6f4c1d8fe73946dab3c47897d73a3131ed307c13e37794ba4,4,4784,outputs/evaluation-and-correctness-may2026/open-source/qwen25_coder_1_5b_instruct_P1_one_shot_python_10_t02_p09_k50_v1_detailed.jsonl
178,b5657d6812cf94a6f4c1d8fe73946dab3c47897d73a3131ed307c13e37794ba4,4,4784,outputs/evaluations/qwen25_coder_1_5b_instruct_P1_one_shot_python_10_t02_p09_k50_v1_eval.json_detailed.jsonl
178,b5657d6812cf94a6f4c1d8fe73946dab3c47897d73a3131ed307c13e37794ba4,4,4784,outputs/segregated_results/open-source-base/eval/qwen25_coder_1_5b_instruct_P1_one_shot_python_10_t02_p09_k50_v1_eval.json_detailed.jsonl
178,b5657d6812cf94a6f4c1d8fe73946dab3c47897d73a3131ed307c13e37794ba4,4,4784,outputs/segregated_results/open-source-base/may2026/open-source/qwen25_coder_1_5b_instruct_P1_one_shot_python_10_t02_p09_k50_v1_detailed.jsonl
179,b7b873715ae850ca4b4364d63a94ee98870b73ee3a84c60831bb24124f7a7e4f,4,1862421,outputs/raw_generations/commercial-new/gpt_5_4_P1_zero_shot_javascript_400_v1.jsonl
179,b7b873715ae850ca4b4364d63a94ee98870b73ee3a84c60831bb24124f7a7e4f,4,1862421,outputs/raw_generations/gpt_5_4_P1_zero_shot_javascript_400_v1.jsonl
179,b7b873715ae850ca4b4364d63a94ee98870b73ee3a84c60831bb24124f7a7e4f,4,1862421,outputs/segregated_results/commercial-base/raw/commercial-new/gpt_5_4_P1_zero_shot_javascript_400_v1.jsonl
179,b7b873715ae850ca4b4364d63a94ee98870b73ee3a84c60831bb24124f7a7e4f,4,1862421,outputs/segregated_results/commercial-base/raw/gpt_5_4_P1_zero_shot_javascript_400_v1.jsonl
180,bae8979c01b0c8e29b96d5b970e241f49272447d51e77d6f69f391770c4d08cf,4,315027,outputs/correctness/qwen25_coder_1_5b_instruct_P1_one_shot_javascript_400_v3_repaired_correctness.json_detailed.jsonl
180,bae8979c01b0c8e29b96d5b970e241f49272447d51e77d6f69f391770c4d08cf,4,315027,outputs/evaluation-and-correctness-may2026/open-source/qwen25_coder_1_5b_instruct_P1_one_shot_javascript_400_v3_repaired_code_grounded_detailed.jsonl
180,bae8979c01b0c8e29b96d5b970e241f49272447d51e77d6f69f391770c4d08cf,4,315027,outputs/segregated_results/open-source-base/correctness/qwen25_coder_1_5b_instruct_P1_one_shot_javascript_400_v3_repaired_correctness.json_detailed.jsonl
180,bae8979c01b0c8e29b96d5b970e241f49272447d51e77d6f69f391770c4d08cf,4,315027,outputs/segregated_results/open-source-base/may2026/open-source/qwen25_coder_1_5b_instruct_P1_one_shot_javascript_400_v3_repaired_code_grounded_detailed.jsonl
181,bb00e42153b6c66b8b51bfc93ab2e43c317d53bd3ed25ec2d6d1d3db6ca87924,4,233401,outputs/raw_generations/commercial-new/deepseek_chat_P1_zero_shot_java_400_v1.jsonl
181,bb00e42153b6c66b8b51bfc93ab2e43c317d53bd3ed25ec2d6d1d3db6ca87924,4,233401,outputs/raw_generations/deepseek_chat_P1_zero_shot_java_400_v1.jsonl
181,bb00e42153b6c66b8b51bfc93ab2e43c317d53bd3ed25ec2d6d1d3db6ca87924,4,233401,outputs/segregated_results/commercial-base/raw/commercial-new/deepseek_chat_P1_zero_shot_java_400_v1.jsonl
181,bb00e42153b6c66b8b51bfc93ab2e43c317d53bd3ed25ec2d6d1d3db6ca87924,4,233401,outputs/segregated_results/commercial-base/raw/deepseek_chat_P1_zero_shot_java_400_v1.jsonl
182,bbecdb432e1786fe0ab64e1fb2a02a430c3798a888f1c6cef71788ab849c815b,4,222512,outputs/raw_generations/commercial-new/gemini_3_flash_preview_P1_zero_shot_javascript_400_v1.jsonl
182,bbecdb432e1786fe0ab64e1fb2a02a430c3798a888f1c6cef71788ab849c815b,4,222512,outputs/raw_generations/gemini_3_flash_preview_P1_zero_shot_javascript_400_v1.jsonl
182,bbecdb432e1786fe0ab64e1fb2a02a430c3798a888f1c6cef71788ab849c815b,4,222512,outputs/segregated_results/commercial-base/raw/commercial-new/gemini_3_flash_preview_P1_zero_shot_javascript_400_v1.jsonl
182,bbecdb432e1786fe0ab64e1fb2a02a430c3798a888f1c6cef71788ab849c815b,4,222512,outputs/segregated_results/commercial-base/raw/gemini_3_flash_preview_P1_zero_shot_javascript_400_v1.jsonl
183,be0ccd2544f69c3d7c32ffd694e2ebdfb9eb61a02581d20bf5731784b7c99cd8,4,1293,outputs/correctness/qwen25_1_5b_instruct_P1_few_shot_java_400_v1_correctness_summary.json
183,be0ccd2544f69c3d7c32ffd694e2ebdfb9eb61a02581d20bf5731784b7c99cd8,4,1293,outputs/evaluation-and-correctness-may2026/open-source/qwen25_1_5b_instruct_P1_few_shot_java_400_v1_code_grounded_summary.json
183,be0ccd2544f69c3d7c32ffd694e2ebdfb9eb61a02581d20bf5731784b7c99cd8,4,1293,outputs/segregated_results/open-source-base/correctness/qwen25_1_5b_instruct_P1_few_shot_java_400_v1_correctness_summary.json
183,be0ccd2544f69c3d7c32ffd694e2ebdfb9eb61a02581d20bf5731784b7c99cd8,4,1293,outputs/segregated_results/open-source-base/may2026/open-source/qwen25_1_5b_instruct_P1_few_shot_java_400_v1_code_grounded_summary.json
184,bf6768b60f73da42f9071718c300ed7534cba72081c706bcbb6cbddace31f94e,4,45789,outputs/raw_generations/commercial-new/gpt_5_4_P1_zero_shot_python_10_smoke_v1.jsonl
184,bf6768b60f73da42f9071718c300ed7534cba72081c706bcbb6cbddace31f94e,4,45789,outputs/raw_generations/gpt_5_4_P1_zero_shot_python_10_smoke_v1.jsonl
184,bf6768b60f73da42f9071718c300ed7534cba72081c706bcbb6cbddace31f94e,4,45789,outputs/segregated_results/commercial-base/raw/commercial-new/gpt_5_4_P1_zero_shot_python_10_smoke_v1.jsonl
184,bf6768b60f73da42f9071718c300ed7534cba72081c706bcbb6cbddace31f94e,4,45789,outputs/segregated_results/commercial-base/raw/gpt_5_4_P1_zero_shot_python_10_smoke_v1.jsonl
185,c075ef9df0930052e1c9b9dc15456cf4a188495299210ca6e18cf31c4525d5ca,4,320465,outputs/correctness/qwen25_1_5b_instruct_P1_zero_shot_python_400_v1_correctness_detailed.jsonl
185,c075ef9df0930052e1c9b9dc15456cf4a188495299210ca6e18cf31c4525d5ca,4,320465,outputs/evaluation-and-correctness-may2026/open-source/qwen25_1_5b_instruct_P1_zero_shot_python_400_v1_code_grounded_detailed.jsonl
185,c075ef9df0930052e1c9b9dc15456cf4a188495299210ca6e18cf31c4525d5ca,4,320465,outputs/segregated_results/open-source-base/correctness/qwen25_1_5b_instruct_P1_zero_shot_python_400_v1_correctness_detailed.jsonl
185,c075ef9df0930052e1c9b9dc15456cf4a188495299210ca6e18cf31c4525d5ca,4,320465,outputs/segregated_results/open-source-base/may2026/open-source/qwen25_1_5b_instruct_P1_zero_shot_python_400_v1_code_grounded_detailed.jsonl
186,c0ca545e48b93963dfdacf71c237ddd0a53d82c28177b21fd15bbed430a86447,4,220549,outputs/raw_generations/commercial-new/deepseek_chat_P1_one_shot_python_400_v1.jsonl
186,c0ca545e48b93963dfdacf71c237ddd0a53d82c28177b21fd15bbed430a86447,4,220549,outputs/raw_generations/deepseek_chat_P1_one_shot_python_400_v1.jsonl
186,c0ca545e48b93963dfdacf71c237ddd0a53d82c28177b21fd15bbed430a86447,4,220549,outputs/segregated_results/commercial-base/raw/commercial-new/deepseek_chat_P1_one_shot_python_400_v1.jsonl
186,c0ca545e48b93963dfdacf71c237ddd0a53d82c28177b21fd15bbed430a86447,4,220549,outputs/segregated_results/commercial-base/raw/deepseek_chat_P1_one_shot_python_400_v1.jsonl
187,c2d4b1096244186cfe66786ee4149d46c273e7168d85b027bab8c8dfa84d488d,4,182193,outputs/raw_generations/codegemma_2b_P1_one_shot_java_400_v1.jsonl
187,c2d4b1096244186cfe66786ee4149d46c273e7168d85b027bab8c8dfa84d488d,4,182193,outputs/raw_generations/open-source/codegemma_2b_P1_one_shot_java_400_v1.jsonl
187,c2d4b1096244186cfe66786ee4149d46c273e7168d85b027bab8c8dfa84d488d,4,182193,outputs/segregated_results/open-source-base/raw/codegemma_2b_P1_one_shot_java_400_v1.jsonl
187,c2d4b1096244186cfe66786ee4149d46c273e7168d85b027bab8c8dfa84d488d,4,182193,outputs/segregated_results/open-source-base/raw/open-source/codegemma_2b_P1_one_shot_java_400_v1.jsonl
188,c36e99b72e30196c53acbd0c951fc80ee892aa2129a246c07b1dae9442dae9d9,4,1795040,outputs/raw_generations/commercial-new/gpt_5_4_P1_zero_shot_java_400_v1.jsonl
188,c36e99b72e30196c53acbd0c951fc80ee892aa2129a246c07b1dae9442dae9d9,4,1795040,outputs/raw_generations/gpt_5_4_P1_zero_shot_java_400_v1.jsonl
188,c36e99b72e30196c53acbd0c951fc80ee892aa2129a246c07b1dae9442dae9d9,4,1795040,outputs/segregated_results/commercial-base/raw/commercial-new/gpt_5_4_P1_zero_shot_java_400_v1.jsonl
188,c36e99b72e30196c53acbd0c951fc80ee892aa2129a246c07b1dae9442dae9d9,4,1795040,outputs/segregated_results/commercial-base/raw/gpt_5_4_P1_zero_shot_java_400_v1.jsonl
189,c50d0a244c41dfa95416e94d3fb968058d5a30800c068023cba4f8896d64426d,4,381611,outputs/raw_generations/open-source/qwen25_coder_1_5b_instruct_P1_zero_shot_python_600_v1.jsonl
189,c50d0a244c41dfa95416e94d3fb968058d5a30800c068023cba4f8896d64426d,4,381611,outputs/raw_generations/qwen25_coder_1_5b_instruct_P1_zero_shot_python_600_v1.jsonl
189,c50d0a244c41dfa95416e94d3fb968058d5a30800c068023cba4f8896d64426d,4,381611,outputs/segregated_results/open-source-base/raw/open-source/qwen25_coder_1_5b_instruct_P1_zero_shot_python_600_v1.jsonl
189,c50d0a244c41dfa95416e94d3fb968058d5a30800c068023cba4f8896d64426d,4,381611,outputs/segregated_results/open-source-base/raw/qwen25_coder_1_5b_instruct_P1_zero_shot_python_600_v1.jsonl
190,c53ae28b24213cfb91de418262af8e5e1b15c9385be9d51b7410bf9672f82ca2,4,2703181,outputs/raw_generations/commercial-new/gpt_5_1_P1_few_shot_python_400_v1.jsonl
190,c53ae28b24213cfb91de418262af8e5e1b15c9385be9d51b7410bf9672f82ca2,4,2703181,outputs/raw_generations/gpt_5_1_P1_few_shot_python_400_v1.jsonl
190,c53ae28b24213cfb91de418262af8e5e1b15c9385be9d51b7410bf9672f82ca2,4,2703181,outputs/segregated_results/commercial-base/raw/commercial-new/gpt_5_1_P1_few_shot_python_400_v1.jsonl
190,c53ae28b24213cfb91de418262af8e5e1b15c9385be9d51b7410bf9672f82ca2,4,2703181,outputs/segregated_results/commercial-base/raw/gpt_5_1_P1_few_shot_python_400_v1.jsonl
191,c97ba65e82204d98831420977ecb1bd2040f1824a01acc6793516594252f8981,4,227350,outputs/raw_generations/open-source/qwen25_coder_1_5b_instruct_P1_one_shot_java_400_v2_rerun.jsonl
191,c97ba65e82204d98831420977ecb1bd2040f1824a01acc6793516594252f8981,4,227350,outputs/raw_generations/qwen25_coder_1_5b_instruct_P1_one_shot_java_400_v2_rerun.jsonl
191,c97ba65e82204d98831420977ecb1bd2040f1824a01acc6793516594252f8981,4,227350,outputs/segregated_results/open-source-base/raw/open-source/qwen25_coder_1_5b_instruct_P1_one_shot_java_400_v2_rerun.jsonl
191,c97ba65e82204d98831420977ecb1bd2040f1824a01acc6793516594252f8981,4,227350,outputs/segregated_results/open-source-base/raw/qwen25_coder_1_5b_instruct_P1_one_shot_java_400_v2_rerun.jsonl
192,c9db88b4e879cfab44fccab06ff56e930a61a3db9c8a8e0cde71d4a4c4a749bf,4,254076,outputs/raw_generations/open-source/qwen25_coder_1_5b_instruct_P1_zero_shot_python_400_v1.jsonl
192,c9db88b4e879cfab44fccab06ff56e930a61a3db9c8a8e0cde71d4a4c4a749bf,4,254076,outputs/raw_generations/qwen25_coder_1_5b_instruct_P1_zero_shot_python_400_v1.jsonl
192,c9db88b4e879cfab44fccab06ff56e930a61a3db9c8a8e0cde71d4a4c4a749bf,4,254076,outputs/segregated_results/open-source-base/raw/open-source/qwen25_coder_1_5b_instruct_P1_zero_shot_python_400_v1.jsonl
192,c9db88b4e879cfab44fccab06ff56e930a61a3db9c8a8e0cde71d4a4c4a749bf,4,254076,outputs/segregated_results/open-source-base/raw/qwen25_coder_1_5b_instruct_P1_zero_shot_python_400_v1.jsonl
193,ca6fcecd17345049142443e42e3aa8121d2b41d20f91cb864b859a2b10fc4318,4,235387,outputs/raw_generations/commercial-new/deepseek_chat_P1_one_shot_java_400_v1.jsonl
193,ca6fcecd17345049142443e42e3aa8121d2b41d20f91cb864b859a2b10fc4318,4,235387,outputs/raw_generations/deepseek_chat_P1_one_shot_java_400_v1.jsonl
193,ca6fcecd17345049142443e42e3aa8121d2b41d20f91cb864b859a2b10fc4318,4,235387,outputs/segregated_results/commercial-base/raw/commercial-new/deepseek_chat_P1_one_shot_java_400_v1.jsonl
193,ca6fcecd17345049142443e42e3aa8121d2b41d20f91cb864b859a2b10fc4318,4,235387,outputs/segregated_results/commercial-base/raw/deepseek_chat_P1_one_shot_java_400_v1.jsonl
194,cb4212d5731045d7b00949a12b683aa400c92832752aad78e56260af0102d057,4,303269,outputs/correctness/gemma_2_2b_it_P1_one_shot_java_400_v1_correctness.json_detailed.jsonl
194,cb4212d5731045d7b00949a12b683aa400c92832752aad78e56260af0102d057,4,303269,outputs/evaluation-and-correctness-may2026/open-source/gemma_2_2b_it_P1_one_shot_java_400_v1_code_grounded_detailed.jsonl
194,cb4212d5731045d7b00949a12b683aa400c92832752aad78e56260af0102d057,4,303269,outputs/segregated_results/open-source-base/correctness/gemma_2_2b_it_P1_one_shot_java_400_v1_correctness.json_detailed.jsonl
194,cb4212d5731045d7b00949a12b683aa400c92832752aad78e56260af0102d057,4,303269,outputs/segregated_results/open-source-base/may2026/open-source/gemma_2_2b_it_P1_one_shot_java_400_v1_code_grounded_detailed.jsonl
195,cd053af63ffe53649d4b34beb24e851bec1f5ddff5a397428b348db11cf3611b,4,110887,outputs/raw_generations/open-source/qwen25_coder_1_5b_instruct_P1_one_shot_python_200_t02_p09_k50_v1.jsonl
195,cd053af63ffe53649d4b34beb24e851bec1f5ddff5a397428b348db11cf3611b,4,110887,outputs/raw_generations/qwen25_coder_1_5b_instruct_P1_one_shot_python_200_t02_p09_k50_v1.jsonl
195,cd053af63ffe53649d4b34beb24e851bec1f5ddff5a397428b348db11cf3611b,4,110887,outputs/segregated_results/open-source-base/raw/open-source/qwen25_coder_1_5b_instruct_P1_one_shot_python_200_t02_p09_k50_v1.jsonl
195,cd053af63ffe53649d4b34beb24e851bec1f5ddff5a397428b348db11cf3611b,4,110887,outputs/segregated_results/open-source-base/raw/qwen25_coder_1_5b_instruct_P1_one_shot_python_200_t02_p09_k50_v1.jsonl
196,cd795e55bb7b18a265ca4209557a2e4bf8e99704ea650d76e38044371f7e5149,4,6464,outputs/raw_generations/open-source/qwen25_1_5b_instruct_P2_structured.jsonl
196,cd795e55bb7b18a265ca4209557a2e4bf8e99704ea650d76e38044371f7e5149,4,6464,outputs/raw_generations/qwen25_1_5b_instruct_P2_structured.jsonl
196,cd795e55bb7b18a265ca4209557a2e4bf8e99704ea650d76e38044371f7e5149,4,6464,outputs/segregated_results/open-source-base/raw/open-source/qwen25_1_5b_instruct_P2_structured.jsonl
196,cd795e55bb7b18a265ca4209557a2e4bf8e99704ea650d76e38044371f7e5149,4,6464,outputs/segregated_results/open-source-base/raw/qwen25_1_5b_instruct_P2_structured.jsonl
197,d0309c674eaf3a5ddb4e620f84096d8cc279d9898956c0d1add382e62ba6e213,4,30618,outputs/evaluation-and-correctness-may2026/open-source/qwen25_1_5b_instruct_P1_zero_shot_20_detailed.jsonl
197,d0309c674eaf3a5ddb4e620f84096d8cc279d9898956c0d1add382e62ba6e213,4,30618,outputs/evaluations/qwen25_1_5b_instruct_P1_zero_shot_20_eval.json_detailed.jsonl
197,d0309c674eaf3a5ddb4e620f84096d8cc279d9898956c0d1add382e62ba6e213,4,30618,outputs/segregated_results/open-source-base/eval/qwen25_1_5b_instruct_P1_zero_shot_20_eval.json_detailed.jsonl
197,d0309c674eaf3a5ddb4e620f84096d8cc279d9898956c0d1add382e62ba6e213,4,30618,outputs/segregated_results/open-source-base/may2026/open-source/qwen25_1_5b_instruct_P1_zero_shot_20_detailed.jsonl
198,d3ac842fe901fcb561deff9533cd19de0c30d1c6f9f8ed3ade7d1942aa795aab,4,23969,outputs/raw_generations/open-source/qwen25_1_5b_instruct_P1_zero_shot_20.jsonl
198,d3ac842fe901fcb561deff9533cd19de0c30d1c6f9f8ed3ade7d1942aa795aab,4,23969,outputs/raw_generations/qwen25_1_5b_instruct_P1_zero_shot_20.jsonl
198,d3ac842fe901fcb561deff9533cd19de0c30d1c6f9f8ed3ade7d1942aa795aab,4,23969,outputs/segregated_results/open-source-base/raw/open-source/qwen25_1_5b_instruct_P1_zero_shot_20.jsonl
198,d3ac842fe901fcb561deff9533cd19de0c30d1c6f9f8ed3ade7d1942aa795aab,4,23969,outputs/segregated_results/open-source-base/raw/qwen25_1_5b_instruct_P1_zero_shot_20.jsonl
199,d406341d31f52db228b5b274dc410bdc44bbdf992271e4e7fc29088ab2cdd305,4,45718,outputs/raw_generations/commercial-new/gpt_5_1_codex_P1_zero_shot_python_10_smoke_v3.jsonl
199,d406341d31f52db228b5b274dc410bdc44bbdf992271e4e7fc29088ab2cdd305,4,45718,outputs/raw_generations/gpt_5_1_codex_P1_zero_shot_python_10_smoke_v3.jsonl
199,d406341d31f52db228b5b274dc410bdc44bbdf992271e4e7fc29088ab2cdd305,4,45718,outputs/segregated_results/commercial-base/raw/commercial-new/gpt_5_1_codex_P1_zero_shot_python_10_smoke_v3.jsonl
199,d406341d31f52db228b5b274dc410bdc44bbdf992271e4e7fc29088ab2cdd305,4,45718,outputs/segregated_results/commercial-base/raw/gpt_5_1_codex_P1_zero_shot_python_10_smoke_v3.jsonl
200,d447b4c53c17fb2459d5b68e116fb373b826d7da9b26048fda1e335d28120726,4,227208,outputs/raw_generations/commercial-new/gemini_3_flash_preview_P1_one_shot_python_400_v1.jsonl
200,d447b4c53c17fb2459d5b68e116fb373b826d7da9b26048fda1e335d28120726,4,227208,outputs/raw_generations/gemini_3_flash_preview_P1_one_shot_python_400_v1.jsonl
200,d447b4c53c17fb2459d5b68e116fb373b826d7da9b26048fda1e335d28120726,4,227208,outputs/segregated_results/commercial-base/raw/commercial-new/gemini_3_flash_preview_P1_one_shot_python_400_v1.jsonl
200,d447b4c53c17fb2459d5b68e116fb373b826d7da9b26048fda1e335d28120726,4,227208,outputs/segregated_results/commercial-base/raw/gemini_3_flash_preview_P1_one_shot_python_400_v1.jsonl
201,d5cc0d4f2e3215363e604e368beae24b904e8e4db9b175c4050e1378a98b08c3,4,12377,outputs/raw_generations/open-source/qwen25_coder_1_5b_instruct_P1_few_shot_python_200_part2_v1.jsonl
201,d5cc0d4f2e3215363e604e368beae24b904e8e4db9b175c4050e1378a98b08c3,4,12377,outputs/raw_generations/qwen25_coder_1_5b_instruct_P1_few_shot_python_200_part2_v1.jsonl
201,d5cc0d4f2e3215363e604e368beae24b904e8e4db9b175c4050e1378a98b08c3,4,12377,outputs/segregated_results/open-source-base/raw/open-source/qwen25_coder_1_5b_instruct_P1_few_shot_python_200_part2_v1.jsonl
201,d5cc0d4f2e3215363e604e368beae24b904e8e4db9b175c4050e1378a98b08c3,4,12377,outputs/segregated_results/open-source-base/raw/qwen25_coder_1_5b_instruct_P1_few_shot_python_200_part2_v1.jsonl
202,d6a0c3ab009901d6f81899c40c73959ea7972fafdf53e1c2fc885837dc90e561,4,184202,outputs/raw_generations/open-source/qwen25_coder_1_5b_instruct_P1_one_shot_javascript_400_v3_repaired.jsonl
202,d6a0c3ab009901d6f81899c40c73959ea7972fafdf53e1c2fc885837dc90e561,4,184202,outputs/raw_generations/qwen25_coder_1_5b_instruct_P1_one_shot_javascript_400_v3_repaired.jsonl
202,d6a0c3ab009901d6f81899c40c73959ea7972fafdf53e1c2fc885837dc90e561,4,184202,outputs/segregated_results/open-source-base/raw/open-source/qwen25_coder_1_5b_instruct_P1_one_shot_javascript_400_v3_repaired.jsonl
202,d6a0c3ab009901d6f81899c40c73959ea7972fafdf53e1c2fc885837dc90e561,4,184202,outputs/segregated_results/open-source-base/raw/qwen25_coder_1_5b_instruct_P1_one_shot_javascript_400_v3_repaired.jsonl
203,d89870d0b851d8c288fcb1523523cdc03c702bd09a9bd57610c436f5dfdd6ee0,4,25037,outputs/evaluation-and-correctness-may2026/open-source/qwen25_coder_1_5b_instruct_P1_zero_shot_balanced_300_ZS_20_detailed.jsonl
203,d89870d0b851d8c288fcb1523523cdc03c702bd09a9bd57610c436f5dfdd6ee0,4,25037,outputs/evaluations/qwen25_coder_1_5b_instruct_P1_zero_shot_balanced_300_ZS_20_eval.json_detailed.jsonl
203,d89870d0b851d8c288fcb1523523cdc03c702bd09a9bd57610c436f5dfdd6ee0,4,25037,outputs/segregated_results/open-source-base/eval/qwen25_coder_1_5b_instruct_P1_zero_shot_balanced_300_ZS_20_eval.json_detailed.jsonl
203,d89870d0b851d8c288fcb1523523cdc03c702bd09a9bd57610c436f5dfdd6ee0,4,25037,outputs/segregated_results/open-source-base/may2026/open-source/qwen25_coder_1_5b_instruct_P1_zero_shot_balanced_300_ZS_20_detailed.jsonl
204,d8b1070c88a23676333e7a641d06e69521a00d8368d6f9c97a54089f5a8b6782,4,323058,outputs/correctness/qwen25_1_5b_instruct_P1_one_shot_javascript_400_v1_correctness.json_detailed.jsonl
204,d8b1070c88a23676333e7a641d06e69521a00d8368d6f9c97a54089f5a8b6782,4,323058,outputs/evaluation-and-correctness-may2026/open-source/qwen25_1_5b_instruct_P1_one_shot_javascript_400_v1_code_grounded_detailed.jsonl
204,d8b1070c88a23676333e7a641d06e69521a00d8368d6f9c97a54089f5a8b6782,4,323058,outputs/segregated_results/open-source-base/correctness/qwen25_1_5b_instruct_P1_one_shot_javascript_400_v1_correctness.json_detailed.jsonl
204,d8b1070c88a23676333e7a641d06e69521a00d8368d6f9c97a54089f5a8b6782,4,323058,outputs/segregated_results/open-source-base/may2026/open-source/qwen25_1_5b_instruct_P1_one_shot_javascript_400_v1_code_grounded_detailed.jsonl
205,dcce2b6b43048086a69ab28603bf0310edbc5a713b5d628187c322ba3ddaf4c4,4,937,outputs/evaluation-and-correctness-may2026/open-source/qwen25_coder_1_5b_instruct_P1_zero_shot_python_2000_ZS_v3_detailed.jsonl
205,dcce2b6b43048086a69ab28603bf0310edbc5a713b5d628187c322ba3ddaf4c4,4,937,outputs/evaluations/qwen25_coder_1_5b_instruct_P1_zero_shot_python_2000_ZS_v3_eval.json_detailed.jsonl
205,dcce2b6b43048086a69ab28603bf0310edbc5a713b5d628187c322ba3ddaf4c4,4,937,outputs/segregated_results/open-source-base/eval/qwen25_coder_1_5b_instruct_P1_zero_shot_python_2000_ZS_v3_eval.json_detailed.jsonl
205,dcce2b6b43048086a69ab28603bf0310edbc5a713b5d628187c322ba3ddaf4c4,4,937,outputs/segregated_results/open-source-base/may2026/open-source/qwen25_coder_1_5b_instruct_P1_zero_shot_python_2000_ZS_v3_detailed.jsonl
206,df4e85447e55ed721b56a8d5e721a9e57b031f4840241f570294fb86a171711a,4,184748,outputs/raw_generations/open-source/qwen25_1_5b_instruct_P1_zero_shot_python_300_ZS_v3.jsonl
206,df4e85447e55ed721b56a8d5e721a9e57b031f4840241f570294fb86a171711a,4,184748,outputs/raw_generations/qwen25_1_5b_instruct_P1_zero_shot_python_300_ZS_v3.jsonl
206,df4e85447e55ed721b56a8d5e721a9e57b031f4840241f570294fb86a171711a,4,184748,outputs/segregated_results/open-source-base/raw/open-source/qwen25_1_5b_instruct_P1_zero_shot_python_300_ZS_v3.jsonl
206,df4e85447e55ed721b56a8d5e721a9e57b031f4840241f570294fb86a171711a,4,184748,outputs/segregated_results/open-source-base/raw/qwen25_1_5b_instruct_P1_zero_shot_python_300_ZS_v3.jsonl
207,e875b57bd645c087ab0a48565ac47aea6dadcc4b83da4b0d343a248c27b49b8a,4,1819457,outputs/raw_generations/commercial-new/gpt_5_3_codex_P1_zero_shot_python_400_v1.jsonl
207,e875b57bd645c087ab0a48565ac47aea6dadcc4b83da4b0d343a248c27b49b8a,4,1819457,outputs/raw_generations/gpt_5_3_codex_P1_zero_shot_python_400_v1.jsonl
207,e875b57bd645c087ab0a48565ac47aea6dadcc4b83da4b0d343a248c27b49b8a,4,1819457,outputs/segregated_results/commercial-base/raw/commercial-new/gpt_5_3_codex_P1_zero_shot_python_400_v1.jsonl
207,e875b57bd645c087ab0a48565ac47aea6dadcc4b83da4b0d343a248c27b49b8a,4,1819457,outputs/segregated_results/commercial-base/raw/gpt_5_3_codex_P1_zero_shot_python_400_v1.jsonl
208,e9c4f86d070a3d493251ab9d2740ddd62eed63d8862b1cad2a36467f5fe68f64,4,245359,outputs/raw_generations/commercial-new/gemini_3_flash_preview_P1_one_shot_java_400_v1.jsonl
208,e9c4f86d070a3d493251ab9d2740ddd62eed63d8862b1cad2a36467f5fe68f64,4,245359,outputs/raw_generations/gemini_3_flash_preview_P1_one_shot_java_400_v1.jsonl
208,e9c4f86d070a3d493251ab9d2740ddd62eed63d8862b1cad2a36467f5fe68f64,4,245359,outputs/segregated_results/commercial-base/raw/commercial-new/gemini_3_flash_preview_P1_one_shot_java_400_v1.jsonl
208,e9c4f86d070a3d493251ab9d2740ddd62eed63d8862b1cad2a36467f5fe68f64,4,245359,outputs/segregated_results/commercial-base/raw/gemini_3_flash_preview_P1_one_shot_java_400_v1.jsonl
209,eb480e633fd1f3add76338136fababef911c1f2f2beaff8d19f2fcd7db186a1e,4,331322,outputs/correctness/qwen25_1_5b_instruct_P1_zero_shot_javascript_400_v1_correctness_detailed.jsonl
209,eb480e633fd1f3add76338136fababef911c1f2f2beaff8d19f2fcd7db186a1e,4,331322,outputs/evaluation-and-correctness-may2026/open-source/qwen25_1_5b_instruct_P1_zero_shot_javascript_400_v1_code_grounded_detailed.jsonl
209,eb480e633fd1f3add76338136fababef911c1f2f2beaff8d19f2fcd7db186a1e,4,331322,outputs/segregated_results/open-source-base/correctness/qwen25_1_5b_instruct_P1_zero_shot_javascript_400_v1_correctness_detailed.jsonl
209,eb480e633fd1f3add76338136fababef911c1f2f2beaff8d19f2fcd7db186a1e,4,331322,outputs/segregated_results/open-source-base/may2026/open-source/qwen25_1_5b_instruct_P1_zero_shot_javascript_400_v1_code_grounded_detailed.jsonl
210,edf130cea87ed9b87f7d10843346dc08e5e3e20e3dfccddc57cd74b276e2fdf3,4,169302,outputs/raw_generations/open-source/qwen25_coder_1_5b_instruct_P1_few_shot_python_300_v1.jsonl
210,edf130cea87ed9b87f7d10843346dc08e5e3e20e3dfccddc57cd74b276e2fdf3,4,169302,outputs/raw_generations/qwen25_coder_1_5b_instruct_P1_few_shot_python_300_v1.jsonl
210,edf130cea87ed9b87f7d10843346dc08e5e3e20e3dfccddc57cd74b276e2fdf3,4,169302,outputs/segregated_results/open-source-base/raw/open-source/qwen25_coder_1_5b_instruct_P1_few_shot_python_300_v1.jsonl
210,edf130cea87ed9b87f7d10843346dc08e5e3e20e3dfccddc57cd74b276e2fdf3,4,169302,outputs/segregated_results/open-source-base/raw/qwen25_coder_1_5b_instruct_P1_few_shot_python_300_v1.jsonl
211,eec3806c9c253831575a93457892e99b4b3bdde7d18067c2a8e253a399c3fac4,4,2577822,outputs/raw_generations/commercial-new/gpt_5_1_P1_few_shot_javascript_400_v1.jsonl
211,eec3806c9c253831575a93457892e99b4b3bdde7d18067c2a8e253a399c3fac4,4,2577822,outputs/raw_generations/gpt_5_1_P1_few_shot_javascript_400_v1.jsonl
211,eec3806c9c253831575a93457892e99b4b3bdde7d18067c2a8e253a399c3fac4,4,2577822,outputs/segregated_results/commercial-base/raw/commercial-new/gpt_5_1_P1_few_shot_javascript_400_v1.jsonl
211,eec3806c9c253831575a93457892e99b4b3bdde7d18067c2a8e253a399c3fac4,4,2577822,outputs/segregated_results/commercial-base/raw/gpt_5_1_P1_few_shot_javascript_400_v1.jsonl
212,ef0a883f09dd0a64f6bb2245bded1a05ae10c90cb88c8481a144651009ed78a7,4,316109,outputs/raw_generations/open-source/qwen25_coder_1_5b_instruct_P1_zero_shot_python_500_ZS_v3.jsonl
212,ef0a883f09dd0a64f6bb2245bded1a05ae10c90cb88c8481a144651009ed78a7,4,316109,outputs/raw_generations/qwen25_coder_1_5b_instruct_P1_zero_shot_python_500_ZS_v3.jsonl
212,ef0a883f09dd0a64f6bb2245bded1a05ae10c90cb88c8481a144651009ed78a7,4,316109,outputs/segregated_results/open-source-base/raw/open-source/qwen25_coder_1_5b_instruct_P1_zero_shot_python_500_ZS_v3.jsonl
212,ef0a883f09dd0a64f6bb2245bded1a05ae10c90cb88c8481a144651009ed78a7,4,316109,outputs/segregated_results/open-source-base/raw/qwen25_coder_1_5b_instruct_P1_zero_shot_python_500_ZS_v3.jsonl
213,f4971c24cdbf9aa35ceae07cedc9d2e83d5ac035ee7ea4fa112f830c136b7ffa,4,1762386,outputs/raw_generations/commercial-new/gpt_5_1_P1_zero_shot_python_400_v2.jsonl
213,f4971c24cdbf9aa35ceae07cedc9d2e83d5ac035ee7ea4fa112f830c136b7ffa,4,1762386,outputs/raw_generations/gpt_5_1_P1_zero_shot_python_400_v2.jsonl
213,f4971c24cdbf9aa35ceae07cedc9d2e83d5ac035ee7ea4fa112f830c136b7ffa,4,1762386,outputs/segregated_results/commercial-base/raw/commercial-new/gpt_5_1_P1_zero_shot_python_400_v2.jsonl
213,f4971c24cdbf9aa35ceae07cedc9d2e83d5ac035ee7ea4fa112f830c136b7ffa,4,1762386,outputs/segregated_results/commercial-base/raw/gpt_5_1_P1_zero_shot_python_400_v2.jsonl
214,f60654bd0c0bfd6bbfa376263b09234ddc271df363ee7170b38437cccc21458f,4,2823364,outputs/raw_generations/commercial-new/gpt_5_1_P1_few_shot_java_400_v1.jsonl
214,f60654bd0c0bfd6bbfa376263b09234ddc271df363ee7170b38437cccc21458f,4,2823364,outputs/raw_generations/gpt_5_1_P1_few_shot_java_400_v1.jsonl
214,f60654bd0c0bfd6bbfa376263b09234ddc271df363ee7170b38437cccc21458f,4,2823364,outputs/segregated_results/commercial-base/raw/commercial-new/gpt_5_1_P1_few_shot_java_400_v1.jsonl
214,f60654bd0c0bfd6bbfa376263b09234ddc271df363ee7170b38437cccc21458f,4,2823364,outputs/segregated_results/commercial-base/raw/gpt_5_1_P1_few_shot_java_400_v1.jsonl
215,fb3d02f183292e58b6a3bad86b0d0dfa2204d1435fa13764b5c7039c2673e236,4,509713,outputs/raw_generations/open-source/qwen25_coder_1_5b_instruct_P1_zero_shot_python_800_v1.jsonl
215,fb3d02f183292e58b6a3bad86b0d0dfa2204d1435fa13764b5c7039c2673e236,4,509713,outputs/raw_generations/qwen25_coder_1_5b_instruct_P1_zero_shot_python_800_v1.jsonl
215,fb3d02f183292e58b6a3bad86b0d0dfa2204d1435fa13764b5c7039c2673e236,4,509713,outputs/segregated_results/open-source-base/raw/open-source/qwen25_coder_1_5b_instruct_P1_zero_shot_python_800_v1.jsonl
215,fb3d02f183292e58b6a3bad86b0d0dfa2204d1435fa13764b5c7039c2673e236,4,509713,outputs/segregated_results/open-source-base/raw/qwen25_coder_1_5b_instruct_P1_zero_shot_python_800_v1.jsonl
216,fc9409051c929964cb4676a8415f63fd25c2cc83786379c65f4436aa3a5e1350,4,306020,outputs/raw_generations/gemma_2_2b_it_P1_zero_shot_python_400_v2.jsonl
216,fc9409051c929964cb4676a8415f63fd25c2cc83786379c65f4436aa3a5e1350,4,306020,outputs/raw_generations/open-source/gemma_2_2b_it_P1_zero_shot_python_400_v2.jsonl
216,fc9409051c929964cb4676a8415f63fd25c2cc83786379c65f4436aa3a5e1350,4,306020,outputs/segregated_results/open-source-base/raw/gemma_2_2b_it_P1_zero_shot_python_400_v2.jsonl
216,fc9409051c929964cb4676a8415f63fd25c2cc83786379c65f4436aa3a5e1350,4,306020,outputs/segregated_results/open-source-base/raw/open-source/gemma_2_2b_it_P1_zero_shot_python_400_v2.jsonl
217,00fbd58408f3632554e75b23e0574c178f7764dd1c56a7b0b9ef91a450f74546,3,326078,outputs/evaluation-and-correctness-may2026/commercial-new/gpt_5_1_P1_one_shot_java_400_v1_code_grounded_detailed.jsonl
217,00fbd58408f3632554e75b23e0574c178f7764dd1c56a7b0b9ef91a450f74546,3,326078,outputs/segregated_results/commercial-base/evaluation-and-correctness-may2026/commercial-new/gpt_5_1_P1_one_shot_java_400_v1_code_grounded_detailed.jsonl
217,00fbd58408f3632554e75b23e0574c178f7764dd1c56a7b0b9ef91a450f74546,3,326078,outputs/segregated_results/commercial-base/may2026/commercial-new/gpt_5_1_P1_one_shot_java_400_v1_code_grounded_detailed.jsonl
218,0366e63c497dc05c9995d2dd71a67f539f46b52f72fc6f15627a5070e4bd5f28,3,1121,outputs/evaluation-and-correctness-may2026/commercial-new/gemini_3_flash_preview_P1_one_shot_javascript_400_v1_summary.json
218,0366e63c497dc05c9995d2dd71a67f539f46b52f72fc6f15627a5070e4bd5f28,3,1121,outputs/segregated_results/commercial-base/evaluation-and-correctness-may2026/commercial-new/gemini_3_flash_preview_P1_one_shot_javascript_400_v1_summary.json
218,0366e63c497dc05c9995d2dd71a67f539f46b52f72fc6f15627a5070e4bd5f28,3,1121,outputs/segregated_results/commercial-base/may2026/commercial-new/gemini_3_flash_preview_P1_one_shot_javascript_400_v1_summary.json
219,03eaa835fb3d5fc830f3c35ed3d3f904f8de87857d64d0d92f3baebbd8bae98d,3,1094,outputs/evaluation-and-correctness-may2026/commercial-new/deepseek_chat_P1_zero_shot_java_400_v1_summary.json
219,03eaa835fb3d5fc830f3c35ed3d3f904f8de87857d64d0d92f3baebbd8bae98d,3,1094,outputs/segregated_results/commercial-base/evaluation-and-correctness-may2026/commercial-new/deepseek_chat_P1_zero_shot_java_400_v1_summary.json
219,03eaa835fb3d5fc830f3c35ed3d3f904f8de87857d64d0d92f3baebbd8bae98d,3,1094,outputs/segregated_results/commercial-base/may2026/commercial-new/deepseek_chat_P1_zero_shot_java_400_v1_summary.json
220,069fe6c849e6faa1f3188e99f751e2f56bbe197064729a320de4a17ab2fdf397,3,2658,outputs/evaluation-and-correctness-may2026/final-results-tables-and-plots/tables/model_level_averages.csv
220,069fe6c849e6faa1f3188e99f751e2f56bbe197064729a320de4a17ab2fdf397,3,2658,outputs/final_results/thesis_tables/model_level_averages.csv
220,069fe6c849e6faa1f3188e99f751e2f56bbe197064729a320de4a17ab2fdf397,3,2658,outputs/segregated_results/shared-aggregate/may2026/final-results-tables-and-plots/tables/model_level_averages.csv
221,0a56aafd525e6f7af1fb5fcee61542c4ad7fe76a7d70652b219dbef6d9fca8d0,3,1161,outputs/evaluation-and-correctness-may2026/open-source-fine-tuned/gemma_2_2b_it_lora_multilang/gemma_2_2b_it_lora_multilang_P1_zero_shot_python_400_v1_summary.json
221,0a56aafd525e6f7af1fb5fcee61542c4ad7fe76a7d70652b219dbef6d9fca8d0,3,1161,outputs/segregated_results/open-source-lora/_long_paths/bdd6d3732e5c_gemma_2_2b_it_lora_multilang_P1_zero_shot_python_400_v1_summary.json
221,0a56aafd525e6f7af1fb5fcee61542c4ad7fe76a7d70652b219dbef6d9fca8d0,3,1161,outputs/segregated_results/open-source-lora/may2026/open-source-fine-tuned/gemma_2_2b_it_lora_multilang/gemma_2_2b_it_lora_multilang_P1_zero_shot_python_400_v1_summary.json
222,0a99795d0c940684665566e522f5b771667f017c42c5d02a433c84c9d14a1e24,3,431471,outputs/evaluation-and-correctness-may2026/final-results-tables-and-plots/plots/bertscore_by_model/python_bertscore_by_model.png
222,0a99795d0c940684665566e522f5b771667f017c42c5d02a433c84c9d14a1e24,3,431471,outputs/segregated_results/shared-aggregate/evaluation-and-correctness-may2026/final-results-tables-and-plots/plots/bertscore_by_model/python_bertscore_by_model.png
222,0a99795d0c940684665566e522f5b771667f017c42c5d02a433c84c9d14a1e24,3,431471,outputs/segregated_results/shared-aggregate/may2026/final-results-tables-and-plots/plots/bertscore_by_model/python_bertscore_by_model.png
223,0b0f9372437e053b1eff4ec37276125a1264edeacbe67f0a1c2e45633b1bf20a,3,1130,outputs/evaluation-and-correctness-may2026/commercial-new/gemini_3_flash_preview_P1_zero_shot_java_400_v1_summary.json
223,0b0f9372437e053b1eff4ec37276125a1264edeacbe67f0a1c2e45633b1bf20a,3,1130,outputs/segregated_results/commercial-base/evaluation-and-correctness-may2026/commercial-new/gemini_3_flash_preview_P1_zero_shot_java_400_v1_summary.json
223,0b0f9372437e053b1eff4ec37276125a1264edeacbe67f0a1c2e45633b1bf20a,3,1130,outputs/segregated_results/commercial-base/may2026/commercial-new/gemini_3_flash_preview_P1_zero_shot_java_400_v1_summary.json
224,0c53e2ee4d91733dc92df230ccd45cb937884bb14b1590ab35a6ab64e7e95d67,3,370258,outputs/evaluation-and-correctness-may2026/final-results-tables-and-plots/plots/per_language_prompt_trends/parameter_coverage/java_parameter_coverage_prompt_trend.png
224,0c53e2ee4d91733dc92df230ccd45cb937884bb14b1590ab35a6ab64e7e95d67,3,370258,outputs/segregated_results/shared-aggregate/_long_paths/5010eb6bc6a4_java_parameter_coverage_prompt_trend.png
224,0c53e2ee4d91733dc92df230ccd45cb937884bb14b1590ab35a6ab64e7e95d67,3,370258,outputs/segregated_results/shared-aggregate/may2026/final-results-tables-and-plots/plots/per_language_prompt_trends/parameter_coverage/java_parameter_coverage_prompt_trend.png
225,0c70c5262870b08eebc950950f661bbca75d2c03cb803e728bb21c92158da4e8,3,1270,outputs/evaluation-and-correctness-may2026/commercial-new/gpt_5_1_codex_P1_few_shot_python_400_v1_code_grounded_summary.json
225,0c70c5262870b08eebc950950f661bbca75d2c03cb803e728bb21c92158da4e8,3,1270,outputs/segregated_results/commercial-base/evaluation-and-correctness-may2026/commercial-new/gpt_5_1_codex_P1_few_shot_python_400_v1_code_grounded_summary.json
225,0c70c5262870b08eebc950950f661bbca75d2c03cb803e728bb21c92158da4e8,3,1270,outputs/segregated_results/commercial-base/may2026/commercial-new/gpt_5_1_codex_P1_few_shot_python_400_v1_code_grounded_summary.json
226,0d39afa6f2d73f8f3e4a013313feaf23a851742fec6d3872370028630ad602a8,3,1313,outputs/evaluation_And_corrctness_may2026_1/decoding_sensitivity/qwen25_coder_1_5b_instruct_P1_zero_shot_python_400_t07_p095_k50_v1_code_grounded_summary.json
226,0d39afa6f2d73f8f3e4a013313feaf23a851742fec6d3872370028630ad602a8,3,1313,outputs/segregated_results/open-source-base/_long_paths/037eb0224ba7_qwen25_coder_1_5b_instruct_P1_zero_shot_python_400_t07_p095_k50_v1_code_grounded_summ.json
226,0d39afa6f2d73f8f3e4a013313feaf23a851742fec6d3872370028630ad602a8,3,1313,outputs/segregated_results/open-source-base/may2026_legacy/decoding_sensitivity/qwen25_coder_1_5b_instruct_P1_zero_shot_python_400_t07_p095_k50_v1_code_grounded_summary.json
227,0f2b6ef4f21da2cd672e4a6dfd307ca91cf150783395a3e29a855508fa3c41a6,3,1160,outputs/evaluation-and-correctness-may2026/open-source-fine-tuned/gemma_2_2b_it_lora_multilang/gemma_2_2b_it_lora_multilang_P1_one_shot_python_400_v1_summary.json
227,0f2b6ef4f21da2cd672e4a6dfd307ca91cf150783395a3e29a855508fa3c41a6,3,1160,outputs/segregated_results/open-source-lora/_long_paths/45a7659e10fa_gemma_2_2b_it_lora_multilang_P1_one_shot_python_400_v1_summary.json
227,0f2b6ef4f21da2cd672e4a6dfd307ca91cf150783395a3e29a855508fa3c41a6,3,1160,outputs/segregated_results/open-source-lora/may2026/open-source-fine-tuned/gemma_2_2b_it_lora_multilang/gemma_2_2b_it_lora_multilang_P1_one_shot_python_400_v1_summary.json
228,0ff4972b8a90bce86f9a1b24d5876735c9b8548ce9402316e88dfc7d26ebe0f2,3,346817,outputs/evaluation-and-correctness-may2026/commercial-new/gemini_3_flash_preview_P1_one_shot_java_400_v1_detailed.jsonl
228,0ff4972b8a90bce86f9a1b24d5876735c9b8548ce9402316e88dfc7d26ebe0f2,3,346817,outputs/segregated_results/commercial-base/evaluation-and-correctness-may2026/commercial-new/gemini_3_flash_preview_P1_one_shot_java_400_v1_detailed.jsonl
228,0ff4972b8a90bce86f9a1b24d5876735c9b8548ce9402316e88dfc7d26ebe0f2,3,346817,outputs/segregated_results/commercial-base/may2026/commercial-new/gemini_3_flash_preview_P1_one_shot_java_400_v1_detailed.jsonl
229,1059af412eb438ab367c65feeaa154395b3dd653b9f17b9b295e5af1a1f60332,3,239056,outputs/raw_generations/open-source-fine-tuned/qwen25_coder_1_5b_lora_multilang/qwen25_coder_1_5b_instruct_lora_multilang_P1_one_shot_python_400_v1.jsonl
229,1059af412eb438ab367c65feeaa154395b3dd653b9f17b9b295e5af1a1f60332,3,239056,outputs/segregated_results/open-source-lora/_long_paths/259bc904b3cd_qwen25_coder_1_5b_instruct_lora_multilang_P1_one_shot_python_400_v1.jsonl
229,1059af412eb438ab367c65feeaa154395b3dd653b9f17b9b295e5af1a1f60332,3,239056,outputs/segregated_results/open-source-lora/raw/open-source-fine-tuned/qwen25_coder_1_5b_lora_multilang/qwen25_coder_1_5b_instruct_lora_multilang_P1_one_shot_python_400_v1.jsonl
230,10923b0999c19e20393928a43b2ae36a8e32497aeb8e08f9426f57d523eb3b04,3,176444,outputs/evaluation-and-correctness-may2026/final-results-tables-and-plots/plots/model_language_structural/gemini-3-flash-preview_javascript_structural.png
230,10923b0999c19e20393928a43b2ae36a8e32497aeb8e08f9426f57d523eb3b04,3,176444,outputs/segregated_results/commercial-base/_long_paths/88246f7e11ea_gemini-3-flash-preview_javascript_structural.png
230,10923b0999c19e20393928a43b2ae36a8e32497aeb8e08f9426f57d523eb3b04,3,176444,outputs/segregated_results/commercial-base/may2026/final-results-tables-and-plots/plots/model_language_structural/gemini-3-flash-preview_javascript_structural.png
231,11cfcdf7019b0baded89b90ceeeda5f4495a82409d0b1d5942c1a87d8e02521e,3,361805,outputs/evaluation-and-correctness-may2026/commercial-new/gemini_3_flash_preview_P1_few_shot_javascript_400_v1_detailed.jsonl
231,11cfcdf7019b0baded89b90ceeeda5f4495a82409d0b1d5942c1a87d8e02521e,3,361805,outputs/segregated_results/commercial-base/evaluation-and-correctness-may2026/commercial-new/gemini_3_flash_preview_P1_few_shot_javascript_400_v1_detailed.jsonl
231,11cfcdf7019b0baded89b90ceeeda5f4495a82409d0b1d5942c1a87d8e02521e,3,361805,outputs/segregated_results/commercial-base/may2026/commercial-new/gemini_3_flash_preview_P1_few_shot_javascript_400_v1_detailed.jsonl
232,120fe6dc1f89667a80d5b173e409a5713f263ea9ff23acefd574373b5020116e,3,341978,outputs/evaluation-and-correctness-may2026/commercial-new/gpt_5_1_codex_P1_few_shot_python_400_v1_detailed.jsonl
232,120fe6dc1f89667a80d5b173e409a5713f263ea9ff23acefd574373b5020116e,3,341978,outputs/segregated_results/commercial-base/evaluation-and-correctness-may2026/commercial-new/gpt_5_1_codex_P1_few_shot_python_400_v1_detailed.jsonl
232,120fe6dc1f89667a80d5b173e409a5713f263ea9ff23acefd574373b5020116e,3,341978,outputs/segregated_results/commercial-base/may2026/commercial-new/gpt_5_1_codex_P1_few_shot_python_400_v1_detailed.jsonl
233,136939530425182ba8c6c0e7ea25c62234f0b62ef1b3a8a07004c3de53a0a2fa,3,1169,outputs/evaluation-and-correctness-may2026/open-source-fine-tuned/codegemma_2b_lora_multilang/codegemma_2b_lora_multilang_P1_few_shot_javascript_400_v1_summary.json
233,136939530425182ba8c6c0e7ea25c62234f0b62ef1b3a8a07004c3de53a0a2fa,3,1169,outputs/segregated_results/open-source-lora/_long_paths/1e905ee70c42_codegemma_2b_lora_multilang_P1_few_shot_javascript_400_v1_summary.json
233,136939530425182ba8c6c0e7ea25c62234f0b62ef1b3a8a07004c3de53a0a2fa,3,1169,outputs/segregated_results/open-source-lora/may2026/open-source-fine-tuned/codegemma_2b_lora_multilang/codegemma_2b_lora_multilang_P1_few_shot_javascript_400_v1_summary.json
234,15b34ac1cc0436603e74471e7f72311124215d07888f00846f9a78f60db81578,3,349483,outputs/evaluation-and-correctness-may2026/commercial-new/gpt_5_1_codex_P1_zero_shot_javascript_400_v1_detailed.jsonl
234,15b34ac1cc0436603e74471e7f72311124215d07888f00846f9a78f60db81578,3,349483,outputs/segregated_results/commercial-base/evaluation-and-correctness-may2026/commercial-new/gpt_5_1_codex_P1_zero_shot_javascript_400_v1_detailed.jsonl
234,15b34ac1cc0436603e74471e7f72311124215d07888f00846f9a78f60db81578,3,349483,outputs/segregated_results/commercial-base/may2026/commercial-new/gpt_5_1_codex_P1_zero_shot_javascript_400_v1_detailed.jsonl
235,16101fd2636dafd471625dabff88957eeec135a03ab6dd5d8741ebce7f5b7336,3,1083,outputs/evaluation-and-correctness-may2026/commercial-new/gpt_5_1_P1_few_shot_javascript_400_v1_summary.json
235,16101fd2636dafd471625dabff88957eeec135a03ab6dd5d8741ebce7f5b7336,3,1083,outputs/segregated_results/commercial-base/evaluation-and-correctness-may2026/commercial-new/gpt_5_1_P1_few_shot_javascript_400_v1_summary.json
235,16101fd2636dafd471625dabff88957eeec135a03ab6dd5d8741ebce7f5b7336,3,1083,outputs/segregated_results/commercial-base/may2026/commercial-new/gpt_5_1_P1_few_shot_javascript_400_v1_summary.json
236,1766445e196e0753995e8a71e3e1e6e08d4222682bfcecd6c89ba4ad73c49143,3,254369,outputs/raw_generations/open-source-fine-tuned/qwen25_coder_1_5b_lora_multilang/qwen25_coder_1_5b_instruct_lora_multilang_P1_zero_shot_java_400_v1.jsonl
236,1766445e196e0753995e8a71e3e1e6e08d4222682bfcecd6c89ba4ad73c49143,3,254369,outputs/segregated_results/open-source-lora/_long_paths/3e38693e10ff_qwen25_coder_1_5b_instruct_lora_multilang_P1_zero_shot_java_400_v1.jsonl
236,1766445e196e0753995e8a71e3e1e6e08d4222682bfcecd6c89ba4ad73c49143,3,254369,outputs/segregated_results/open-source-lora/raw/open-source-fine-tuned/qwen25_coder_1_5b_lora_multilang/qwen25_coder_1_5b_instruct_lora_multilang_P1_zero_shot_java_400_v1.jsonl
237,17bc39351f433ab069ece2954f97ef463000bad6d146f293ba5e440567f10a81,3,1289,outputs/evaluation-and-correctness-may2026/commercial-new/gemini_3_flash_preview_P1_zero_shot_python_400_v1_code_grounded_summary.json
237,17bc39351f433ab069ece2954f97ef463000bad6d146f293ba5e440567f10a81,3,1289,outputs/segregated_results/commercial-base/evaluation-and-correctness-may2026/commercial-new/gemini_3_flash_preview_P1_zero_shot_python_400_v1_code_grounded_summary.json
237,17bc39351f433ab069ece2954f97ef463000bad6d146f293ba5e440567f10a81,3,1289,outputs/segregated_results/commercial-base/may2026/commercial-new/gemini_3_flash_preview_P1_zero_shot_python_400_v1_code_grounded_summary.json
238,194ad90feca61636cc49d3bc085b16297bcd9c951648a4f65d6e7837fd4f39b7,3,335760,outputs/evaluation-and-correctness-may2026/commercial-new/deepseek_chat_P1_one_shot_java_400_v1_detailed.jsonl
238,194ad90feca61636cc49d3bc085b16297bcd9c951648a4f65d6e7837fd4f39b7,3,335760,outputs/segregated_results/commercial-base/evaluation-and-correctness-may2026/commercial-new/deepseek_chat_P1_one_shot_java_400_v1_detailed.jsonl
238,194ad90feca61636cc49d3bc085b16297bcd9c951648a4f65d6e7837fd4f39b7,3,335760,outputs/segregated_results/commercial-base/may2026/commercial-new/deepseek_chat_P1_one_shot_java_400_v1_detailed.jsonl
239,1ad9dd098021b11360ada858f3da2888a1146f249a3017b55f351f61a6a731df,3,337886,outputs/evaluation-and-correctness-may2026/commercial-new/gpt_5_1_P1_zero_shot_java_400_v1_detailed.jsonl
239,1ad9dd098021b11360ada858f3da2888a1146f249a3017b55f351f61a6a731df,3,337886,outputs/segregated_results/commercial-base/evaluation-and-correctness-may2026/commercial-new/gpt_5_1_P1_zero_shot_java_400_v1_detailed.jsonl
239,1ad9dd098021b11360ada858f3da2888a1146f249a3017b55f351f61a6a731df,3,337886,outputs/segregated_results/commercial-base/may2026/commercial-new/gpt_5_1_P1_zero_shot_java_400_v1_detailed.jsonl
240,1b6335161d29f6a45f1e73575aae28b76df11210c8968bf048239c5cc5bb85b5,3,333358,outputs/evaluation-and-correctness-may2026/open-source-fine-tuned/codegemma_2b_lora_multilang/codegemma_2b_lora_multilang_P1_zero_shot_python_400_v1_detailed.jsonl
240,1b6335161d29f6a45f1e73575aae28b76df11210c8968bf048239c5cc5bb85b5,3,333358,outputs/segregated_results/open-source-lora/_long_paths/de0687726e79_codegemma_2b_lora_multilang_P1_zero_shot_python_400_v1_detailed.jsonl
240,1b6335161d29f6a45f1e73575aae28b76df11210c8968bf048239c5cc5bb85b5,3,333358,outputs/segregated_results/open-source-lora/may2026/open-source-fine-tuned/codegemma_2b_lora_multilang/codegemma_2b_lora_multilang_P1_zero_shot_python_400_v1_detailed.jsonl
241,1bdfdc519f2a6607b8155ff8c1cf8c8aac736e0b46921e3b5b770a0fa42dd433,3,393021,outputs/evaluation-and-correctness-may2026/final-results-tables-and-plots/plots/per_language_prompt_trends/omission_rate/java_omission_rate_prompt_trend.png
241,1bdfdc519f2a6607b8155ff8c1cf8c8aac736e0b46921e3b5b770a0fa42dd433,3,393021,outputs/segregated_results/shared-aggregate/_long_paths/cd6abee5e614_java_omission_rate_prompt_trend.png
241,1bdfdc519f2a6607b8155ff8c1cf8c8aac736e0b46921e3b5b770a0fa42dd433,3,393021,outputs/segregated_results/shared-aggregate/may2026/final-results-tables-and-plots/plots/per_language_prompt_trends/omission_rate/java_omission_rate_prompt_trend.png
242,1be10a570f234a1a48e77dd728fd2130bdaf2971b3968d07b20dfd541255bb46,3,1109,outputs/evaluation-and-correctness-may2026/commercial-new/gpt_5_3_codex_P1_zero_shot_python_10_smoke_v2_summary.json
242,1be10a570f234a1a48e77dd728fd2130bdaf2971b3968d07b20dfd541255bb46,3,1109,outputs/segregated_results/commercial-base/evaluation-and-correctness-may2026/commercial-new/gpt_5_3_codex_P1_zero_shot_python_10_smoke_v2_summary.json
242,1be10a570f234a1a48e77dd728fd2130bdaf2971b3968d07b20dfd541255bb46,3,1109,outputs/segregated_results/commercial-base/may2026/commercial-new/gpt_5_3_codex_P1_zero_shot_python_10_smoke_v2_summary.json
243,1c1773a70210f50f0064c43941fad8a30a8c215158403e4de58606c2d2983aed,3,337980,outputs/evaluation-and-correctness-may2026/open-source-fine-tuned/codegemma_2b_lora_multilang/codegemma_2b_lora_multilang_P1_one_shot_python_400_v1_detailed.jsonl
243,1c1773a70210f50f0064c43941fad8a30a8c215158403e4de58606c2d2983aed,3,337980,outputs/segregated_results/open-source-lora/_long_paths/cb05daad1eb1_codegemma_2b_lora_multilang_P1_one_shot_python_400_v1_detailed.jsonl
243,1c1773a70210f50f0064c43941fad8a30a8c215158403e4de58606c2d2983aed,3,337980,outputs/segregated_results/open-source-lora/may2026/open-source-fine-tuned/codegemma_2b_lora_multilang/codegemma_2b_lora_multilang_P1_one_shot_python_400_v1_detailed.jsonl
244,1d46c5264150dbf241f6c55dd51026647b77f9215e148bcfa18e9a1ead2242fb,3,332727,outputs/correctness/qwen25_coder_1_5b_instruct_lora_multilang_P1_zero_shot_python_400_v1_correctness.json_detailed.jsonl
244,1d46c5264150dbf241f6c55dd51026647b77f9215e148bcfa18e9a1ead2242fb,3,332727,outputs/evaluation-and-correctness-may2026/open-source-fine-tuned/qwen25_coder_1_5b_lora_multilang/qwen25_coder_1_5b_instruct_lora_multilang_P1_zero_shot_python_400_v1_code_grounded_detailed.jsonl
244,1d46c5264150dbf241f6c55dd51026647b77f9215e148bcfa18e9a1ead2242fb,3,332727,outputs/segregated_results/open-source-lora/correctness/qwen25_coder_1_5b_instruct_lora_multilang_P1_zero_shot_python_400_v1_correctness.json_detailed.jsonl
245,1dfff9ea631364f10bcb245c12f713b7217905304b7b511bd3228cdbc0bbcbd9,3,1275,outputs/evaluation-and-correctness-may2026/commercial-new/deepseek_chat_P1_zero_shot_python_400_v1_code_grounded_summary.json
245,1dfff9ea631364f10bcb245c12f713b7217905304b7b511bd3228cdbc0bbcbd9,3,1275,outputs/segregated_results/commercial-base/evaluation-and-correctness-may2026/commercial-new/deepseek_chat_P1_zero_shot_python_400_v1_code_grounded_summary.json
245,1dfff9ea631364f10bcb245c12f713b7217905304b7b511bd3228cdbc0bbcbd9,3,1275,outputs/segregated_results/commercial-base/may2026/commercial-new/deepseek_chat_P1_zero_shot_python_400_v1_code_grounded_summary.json
246,1fbe38962552f05800039ac7a291bbc0327a4ca4561a48c831b559443769c34c,3,346625,outputs/evaluation-and-correctness-may2026/commercial-new/gpt_5_1_codex_P1_few_shot_java_400_v1_detailed.jsonl
246,1fbe38962552f05800039ac7a291bbc0327a4ca4561a48c831b559443769c34c,3,346625,outputs/segregated_results/commercial-base/evaluation-and-correctness-may2026/commercial-new/gpt_5_1_codex_P1_few_shot_java_400_v1_detailed.jsonl
246,1fbe38962552f05800039ac7a291bbc0327a4ca4561a48c831b559443769c34c,3,346625,outputs/segregated_results/commercial-base/may2026/commercial-new/gpt_5_1_codex_P1_few_shot_java_400_v1_detailed.jsonl
247,1fe46a650e6d46e3bc71f8336e6ec99ca0203faca59e9d9a3c55f842f90b9acc,3,341956,outputs/evaluation-and-correctness-may2026/commercial-new/gpt_5_1_P1_few_shot_java_400_v1_detailed.jsonl
247,1fe46a650e6d46e3bc71f8336e6ec99ca0203faca59e9d9a3c55f842f90b9acc,3,341956,outputs/segregated_results/commercial-base/evaluation-and-correctness-may2026/commercial-new/gpt_5_1_P1_few_shot_java_400_v1_detailed.jsonl
247,1fe46a650e6d46e3bc71f8336e6ec99ca0203faca59e9d9a3c55f842f90b9acc,3,341956,outputs/segregated_results/commercial-base/may2026/commercial-new/gpt_5_1_P1_few_shot_java_400_v1_detailed.jsonl
248,202a656d8b0e7bea179b742bc374fd41c48f950c45d1b3ecc41e6d544aeeed28,3,1262,outputs/evaluation-and-correctness-may2026/commercial-new/deepseek_chat_P1_few_shot_java_400_v1_code_grounded_summary.json
248,202a656d8b0e7bea179b742bc374fd41c48f950c45d1b3ecc41e6d544aeeed28,3,1262,outputs/segregated_results/commercial-base/evaluation-and-correctness-may2026/commercial-new/deepseek_chat_P1_few_shot_java_400_v1_code_grounded_summary.json
248,202a656d8b0e7bea179b742bc374fd41c48f950c45d1b3ecc41e6d544aeeed28,3,1262,outputs/segregated_results/commercial-base/may2026/commercial-new/deepseek_chat_P1_few_shot_java_400_v1_code_grounded_summary.json
249,222cb87e525c617bb0c77ecbaa10e73dccb58f45af6d519f156cc281ce70fc67,3,19995,outputs/evaluation-and-correctness-may2026/final-results-tables-and-plots/tables/python_full_comparison.csv
249,222cb87e525c617bb0c77ecbaa10e73dccb58f45af6d519f156cc281ce70fc67,3,19995,outputs/final_results/thesis_tables/python_full_comparison.csv
249,222cb87e525c617bb0c77ecbaa10e73dccb58f45af6d519f156cc281ce70fc67,3,19995,outputs/segregated_results/shared-aggregate/may2026/final-results-tables-and-plots/tables/python_full_comparison.csv
250,2233bde1fdcd49e93f7e2a1790b6c7c62c8a7a4b72601d0ede055cfdffc3d30a,3,1288,outputs/evaluation-and-correctness-may2026/commercial-new/gemini_3_flash_preview_P1_one_shot_python_400_v1_code_grounded_summary.json
250,2233bde1fdcd49e93f7e2a1790b6c7c62c8a7a4b72601d0ede055cfdffc3d30a,3,1288,outputs/segregated_results/commercial-base/evaluation-and-correctness-may2026/commercial-new/gemini_3_flash_preview_P1_one_shot_python_400_v1_code_grounded_summary.json
250,2233bde1fdcd49e93f7e2a1790b6c7c62c8a7a4b72601d0ede055cfdffc3d30a,3,1288,outputs/segregated_results/commercial-base/may2026/commercial-new/gemini_3_flash_preview_P1_one_shot_python_400_v1_code_grounded_summary.json
251,23334777a1f39f4c8a6b32cd7859ef4a9882c0fc988d0f7dcc68a8b77e40f0a6,3,1277,outputs/evaluation-and-correctness-may2026/commercial-new/gpt_5_4_P1_zero_shot_java_400_v1_code_grounded_summary.json
251,23334777a1f39f4c8a6b32cd7859ef4a9882c0fc988d0f7dcc68a8b77e40f0a6,3,1277,outputs/segregated_results/commercial-base/evaluation-and-correctness-may2026/commercial-new/gpt_5_4_P1_zero_shot_java_400_v1_code_grounded_summary.json
251,23334777a1f39f4c8a6b32cd7859ef4a9882c0fc988d0f7dcc68a8b77e40f0a6,3,1277,outputs/segregated_results/commercial-base/may2026/commercial-new/gpt_5_4_P1_zero_shot_java_400_v1_code_grounded_summary.json
252,23bd6e690c0cb87df00e1dac238efcd176aaaaebb7b333d5b7b54412d1846c80,3,1078,outputs/evaluation-and-correctness-may2026/commercial-new/gpt_5_1_P1_zero_shot_javascript_400_v1_summary.json
252,23bd6e690c0cb87df00e1dac238efcd176aaaaebb7b333d5b7b54412d1846c80,3,1078,outputs/segregated_results/commercial-base/evaluation-and-correctness-may2026/commercial-new/gpt_5_1_P1_zero_shot_javascript_400_v1_summary.json
252,23bd6e690c0cb87df00e1dac238efcd176aaaaebb7b333d5b7b54412d1846c80,3,1078,outputs/segregated_results/commercial-base/may2026/commercial-new/gpt_5_1_P1_zero_shot_javascript_400_v1_summary.json
253,240301c56a8cd29b0d9bcb918770e3763f3cdc110a9ba711fb839b5c1e6fde44,3,239350,outputs/raw_generations/open-source-fine-tuned/qwen25_1_5b_instruct_lora_multilang/qwen25_1_5b_instruct_lora_multilang_P1_one_shot_javascript_400_v1.jsonl
253,240301c56a8cd29b0d9bcb918770e3763f3cdc110a9ba711fb839b5c1e6fde44,3,239350,outputs/segregated_results/open-source-lora/_long_paths/4b0c4859f8f4_qwen25_1_5b_instruct_lora_multilang_P1_one_shot_javascript_400_v1.jsonl
253,240301c56a8cd29b0d9bcb918770e3763f3cdc110a9ba711fb839b5c1e6fde44,3,239350,outputs/segregated_results/open-source-lora/raw/open-source-fine-tuned/qwen25_1_5b_instruct_lora_multilang/qwen25_1_5b_instruct_lora_multilang_P1_one_shot_javascript_400_v1.jsonl
254,24104ead14ec977795af965e3b87c43f16b9b052d763c3e39a57e61475dfdaa5,3,1313,outputs/evaluation-and-correctness-may2026/commercial-new/gpt_5_1_codex_P1_zero_shot_javascript_400_v1_code_grounded_summary.json
254,24104ead14ec977795af965e3b87c43f16b9b052d763c3e39a57e61475dfdaa5,3,1313,outputs/segregated_results/commercial-base/evaluation-and-correctness-may2026/commercial-new/gpt_5_1_codex_P1_zero_shot_javascript_400_v1_code_grounded_summary.json
254,24104ead14ec977795af965e3b87c43f16b9b052d763c3e39a57e61475dfdaa5,3,1313,outputs/segregated_results/commercial-base/may2026/commercial-new/gpt_5_1_codex_P1_zero_shot_javascript_400_v1_code_grounded_summary.json
255,25b2a885ddfd17415cbfc2faac43def9e730dcbc2d62ef1e7ea2e2b846c1f935,3,323307,outputs/evaluation-and-correctness-may2026/commercial-new/gemini_3_flash_preview_P1_one_shot_python_400_v1_code_grounded_detailed.jsonl
255,25b2a885ddfd17415cbfc2faac43def9e730dcbc2d62ef1e7ea2e2b846c1f935,3,323307,outputs/segregated_results/commercial-base/evaluation-and-correctness-may2026/commercial-new/gemini_3_flash_preview_P1_one_shot_python_400_v1_code_grounded_detailed.jsonl
255,25b2a885ddfd17415cbfc2faac43def9e730dcbc2d62ef1e7ea2e2b846c1f935,3,323307,outputs/segregated_results/commercial-base/may2026/commercial-new/gemini_3_flash_preview_P1_one_shot_python_400_v1_code_grounded_detailed.jsonl
256,25e69cd856c8d384d0709a59d82dc17e913880ef8e14b6f9f65e279977944641,3,1111,outputs/evaluation-and-correctness-may2026/commercial-new/gpt_5_1_codex_P1_one_shot_python_400_v1_summary.json
256,25e69cd856c8d384d0709a59d82dc17e913880ef8e14b6f9f65e279977944641,3,1111,outputs/segregated_results/commercial-base/evaluation-and-correctness-may2026/commercial-new/gpt_5_1_codex_P1_one_shot_python_400_v1_summary.json
256,25e69cd856c8d384d0709a59d82dc17e913880ef8e14b6f9f65e279977944641,3,1111,outputs/segregated_results/commercial-base/may2026/commercial-new/gpt_5_1_codex_P1_one_shot_python_400_v1_summary.json
257,27e3ad43af757aa79ba71ded34eb61f856d5145d57f1e00f5031218791f38c86,3,423317,outputs/evaluation-and-correctness-may2026/final-results-tables-and-plots/plots/per_language_prompt_trends/return_coverage/javascript_return_coverage_prompt_trend.png
257,27e3ad43af757aa79ba71ded34eb61f856d5145d57f1e00f5031218791f38c86,3,423317,outputs/segregated_results/shared-aggregate/_long_paths/3266dc990a29_javascript_return_coverage_prompt_trend.png
257,27e3ad43af757aa79ba71ded34eb61f856d5145d57f1e00f5031218791f38c86,3,423317,outputs/segregated_results/shared-aggregate/may2026/final-results-tables-and-plots/plots/per_language_prompt_trends/return_coverage/javascript_return_coverage_prompt_trend.png
258,27ebde568f3ae19058a509e904361d07134afc79538777027958f149bf7e60e6,3,1278,outputs/evaluation-and-correctness-may2026/commercial-new/gemini_3_flash_preview_P1_few_shot_java_400_v1_code_grounded_summary.json
258,27ebde568f3ae19058a509e904361d07134afc79538777027958f149bf7e60e6,3,1278,outputs/segregated_results/commercial-base/evaluation-and-correctness-may2026/commercial-new/gemini_3_flash_preview_P1_few_shot_java_400_v1_code_grounded_summary.json
258,27ebde568f3ae19058a509e904361d07134afc79538777027958f149bf7e60e6,3,1278,outputs/segregated_results/commercial-base/may2026/commercial-new/gemini_3_flash_preview_P1_few_shot_java_400_v1_code_grounded_summary.json
259,282f5c79f8b7cac1822cc1f3090a39e7205f473efcc7bf072f1e843c5d4935f7,3,1304,outputs/evaluation-and-correctness-may2026/commercial-new/gpt_5_1_codex_P1_few_shot_javascript_400_v1_code_grounded_summary.json
259,282f5c79f8b7cac1822cc1f3090a39e7205f473efcc7bf072f1e843c5d4935f7,3,1304,outputs/segregated_results/commercial-base/evaluation-and-correctness-may2026/commercial-new/gpt_5_1_codex_P1_few_shot_javascript_400_v1_code_grounded_summary.json
259,282f5c79f8b7cac1822cc1f3090a39e7205f473efcc7bf072f1e843c5d4935f7,3,1304,outputs/segregated_results/commercial-base/may2026/commercial-new/gpt_5_1_codex_P1_few_shot_javascript_400_v1_code_grounded_summary.json
260,2835b4aa5269a5dab7668b233362943c5a6521cc9e38095e066ba0a931580937,3,343984,outputs/evaluation-and-correctness-may2026/open-source-fine-tuned/gemma_2_2b_it_lora_multilang/gemma_2_2b_it_lora_multilang_P1_zero_shot_javascript_400_v1_detailed.jsonl
260,2835b4aa5269a5dab7668b233362943c5a6521cc9e38095e066ba0a931580937,3,343984,outputs/segregated_results/open-source-lora/_long_paths/7378152c8177_gemma_2_2b_it_lora_multilang_P1_zero_shot_javascript_400_v1_detailed.jsonl
260,2835b4aa5269a5dab7668b233362943c5a6521cc9e38095e066ba0a931580937,3,343984,outputs/segregated_results/open-source-lora/may2026/open-source-fine-tuned/gemma_2_2b_it_lora_multilang/gemma_2_2b_it_lora_multilang_P1_zero_shot_javascript_400_v1_detailed.jsonl
261,28fa066dcb0c535b03b2b2954f2aab954864054b5ab249883761479eeccd9ef8,3,1115,outputs/evaluation-and-correctness-may2026/commercial-new/gemini_3_flash_preview_P1_few_shot_python_400_v1_summary.json
261,28fa066dcb0c535b03b2b2954f2aab954864054b5ab249883761479eeccd9ef8,3,1115,outputs/segregated_results/commercial-base/evaluation-and-correctness-may2026/commercial-new/gemini_3_flash_preview_P1_few_shot_python_400_v1_summary.json
261,28fa066dcb0c535b03b2b2954f2aab954864054b5ab249883761479eeccd9ef8,3,1115,outputs/segregated_results/commercial-base/may2026/commercial-new/gemini_3_flash_preview_P1_few_shot_python_400_v1_summary.json
262,29de19dd1ed6a057959b5a84f8659b556ce920e78413082d2422e655298d9171,3,1172,outputs/evaluation-and-correctness-may2026/open-source-fine-tuned/gemma_2_2b_it_lora_multilang/gemma_2_2b_it_lora_multilang_P1_few_shot_javascript_400_v1_summary.json
262,29de19dd1ed6a057959b5a84f8659b556ce920e78413082d2422e655298d9171,3,1172,outputs/segregated_results/open-source-lora/_long_paths/6e9d63f16b22_gemma_2_2b_it_lora_multilang_P1_few_shot_javascript_400_v1_summary.json
262,29de19dd1ed6a057959b5a84f8659b556ce920e78413082d2422e655298d9171,3,1172,outputs/segregated_results/open-source-lora/may2026/open-source-fine-tuned/gemma_2_2b_it_lora_multilang/gemma_2_2b_it_lora_multilang_P1_few_shot_javascript_400_v1_summary.json
263,29f51c1b2c605560f72385e5ea38f9bf8ee56bba3db082801880498011a108c2,3,1076,outputs/evaluation-and-correctness-may2026/commercial-new/gpt_5_4_P1_zero_shot_javascript_400_v1_summary.json
263,29f51c1b2c605560f72385e5ea38f9bf8ee56bba3db082801880498011a108c2,3,1076,outputs/segregated_results/commercial-base/evaluation-and-correctness-may2026/commercial-new/gpt_5_4_P1_zero_shot_javascript_400_v1_summary.json
263,29f51c1b2c605560f72385e5ea38f9bf8ee56bba3db082801880498011a108c2,3,1076,outputs/segregated_results/commercial-base/may2026/commercial-new/gpt_5_4_P1_zero_shot_javascript_400_v1_summary.json
264,2b06857ce82ac4d1ad2656641207f1a74c92766156b131bf9f070ad869132bdc,3,339436,outputs/evaluation-and-correctness-may2026/commercial-new/gpt_5_1_P1_one_shot_python_400_v1_detailed.jsonl
264,2b06857ce82ac4d1ad2656641207f1a74c92766156b131bf9f070ad869132bdc,3,339436,outputs/segregated_results/commercial-base/evaluation-and-correctness-may2026/commercial-new/gpt_5_1_P1_one_shot_python_400_v1_detailed.jsonl
264,2b06857ce82ac4d1ad2656641207f1a74c92766156b131bf9f070ad869132bdc,3,339436,outputs/segregated_results/commercial-base/may2026/commercial-new/gpt_5_1_P1_one_shot_python_400_v1_detailed.jsonl
265,2b41c1d71a39166d382dd0ace82ae2cf81d130ed390f9f2e8fe4bfd2087fbda9,3,326445,outputs/evaluation-and-correctness-may2026/commercial-new/gpt_5_1_codex_P1_one_shot_java_400_v1_code_grounded_detailed.jsonl
265,2b41c1d71a39166d382dd0ace82ae2cf81d130ed390f9f2e8fe4bfd2087fbda9,3,326445,outputs/segregated_results/commercial-base/evaluation-and-correctness-may2026/commercial-new/gpt_5_1_codex_P1_one_shot_java_400_v1_code_grounded_detailed.jsonl
265,2b41c1d71a39166d382dd0ace82ae2cf81d130ed390f9f2e8fe4bfd2087fbda9,3,326445,outputs/segregated_results/commercial-base/may2026/commercial-new/gpt_5_1_codex_P1_one_shot_java_400_v1_code_grounded_detailed.jsonl
266,2c85bbf045a77af966a7151b5104671f9db0691351292ef74b08250ac15e8ee5,3,346708,outputs/evaluation-and-correctness-may2026/commercial-new/gpt_5_1_codex_P1_one_shot_javascript_400_v1_detailed.jsonl
266,2c85bbf045a77af966a7151b5104671f9db0691351292ef74b08250ac15e8ee5,3,346708,outputs/segregated_results/commercial-base/evaluation-and-correctness-may2026/commercial-new/gpt_5_1_codex_P1_one_shot_javascript_400_v1_detailed.jsonl
266,2c85bbf045a77af966a7151b5104671f9db0691351292ef74b08250ac15e8ee5,3,346708,outputs/segregated_results/commercial-base/may2026/commercial-new/gpt_5_1_codex_P1_one_shot_javascript_400_v1_detailed.jsonl
267,2f461a0c62ff10307dd72caebdd05972474a0c580628df274181ceefc4d9ad0c,3,1284,outputs/evaluation-and-correctness-may2026/commercial-new/deepseek_chat_P1_one_shot_java_400_v1_code_grounded_summary.json
267,2f461a0c62ff10307dd72caebdd05972474a0c580628df274181ceefc4d9ad0c,3,1284,outputs/segregated_results/commercial-base/evaluation-and-correctness-may2026/commercial-new/deepseek_chat_P1_one_shot_java_400_v1_code_grounded_summary.json
267,2f461a0c62ff10307dd72caebdd05972474a0c580628df274181ceefc4d9ad0c,3,1284,outputs/segregated_results/commercial-base/may2026/commercial-new/deepseek_chat_P1_one_shot_java_400_v1_code_grounded_summary.json
268,2fe05009bb8268a0876b9d1f49cf94f56fe3df6234997c8b2f31f7ba8a3956b4,3,1105,outputs/evaluation-and-correctness-may2026/commercial-new/gemini_3_flash_preview_P1_few_shot_java_400_v1_summary.json
268,2fe05009bb8268a0876b9d1f49cf94f56fe3df6234997c8b2f31f7ba8a3956b4,3,1105,outputs/segregated_results/commercial-base/evaluation-and-correctness-may2026/commercial-new/gemini_3_flash_preview_P1_few_shot_java_400_v1_summary.json
268,2fe05009bb8268a0876b9d1f49cf94f56fe3df6234997c8b2f31f7ba8a3956b4,3,1105,outputs/segregated_results/commercial-base/may2026/commercial-new/gemini_3_flash_preview_P1_few_shot_java_400_v1_summary.json
269,3048e58555f95794878bfbc3bc3ac5ae0221efc045ae16b0dc85308400236871,3,1307,outputs/evaluation-and-correctness-may2026/commercial-new/deepseek_chat_P1_zero_shot_javascript_400_v1_code_grounded_summary.json
269,3048e58555f95794878bfbc3bc3ac5ae0221efc045ae16b0dc85308400236871,3,1307,outputs/segregated_results/commercial-base/evaluation-and-correctness-may2026/commercial-new/deepseek_chat_P1_zero_shot_javascript_400_v1_code_grounded_summary.json
269,3048e58555f95794878bfbc3bc3ac5ae0221efc045ae16b0dc85308400236871,3,1307,outputs/segregated_results/commercial-base/may2026/commercial-new/deepseek_chat_P1_zero_shot_javascript_400_v1_code_grounded_summary.json
270,31cbeac95efc286f3fec6810bc55d1e1bdab1eb5c377c6afb9e0e27d665b5b35,3,343984,outputs/evaluation-and-correctness-may2026/open-source-fine-tuned/gemma_2_2b_it_lora_multilang/gemma_2_2b_it_lora_multilang_P1_few_shot_javascript_400_v1_detailed.jsonl
270,31cbeac95efc286f3fec6810bc55d1e1bdab1eb5c377c6afb9e0e27d665b5b35,3,343984,outputs/segregated_results/open-source-lora/_long_paths/c334122bb3e7_gemma_2_2b_it_lora_multilang_P1_few_shot_javascript_400_v1_detailed.jsonl
270,31cbeac95efc286f3fec6810bc55d1e1bdab1eb5c377c6afb9e0e27d665b5b35,3,343984,outputs/segregated_results/open-source-lora/may2026/open-source-fine-tuned/gemma_2_2b_it_lora_multilang/gemma_2_2b_it_lora_multilang_P1_few_shot_javascript_400_v1_detailed.jsonl
271,3213c98b1c2d1576701519549da55a13c0c681f99ac137cde5c3e57671033755,3,1287,outputs/evaluation-and-correctness-may2026/commercial-new/gpt_5_1_codex_P1_zero_shot_java_400_v1_code_grounded_summary.json
271,3213c98b1c2d1576701519549da55a13c0c681f99ac137cde5c3e57671033755,3,1287,outputs/segregated_results/commercial-base/evaluation-and-correctness-may2026/commercial-new/gpt_5_1_codex_P1_zero_shot_java_400_v1_code_grounded_summary.json
271,3213c98b1c2d1576701519549da55a13c0c681f99ac137cde5c3e57671033755,3,1287,outputs/segregated_results/commercial-base/may2026/commercial-new/gpt_5_1_codex_P1_zero_shot_java_400_v1_code_grounded_summary.json
272,32adacaa4ad707b844c29de0baa4cf3f7f8acc7e87dcb6fbdb48d48ba27259fd,3,1095,outputs/evaluation-and-correctness-may2026/commercial-new/deepseek_chat_P1_few_shot_python_400_v1_summary.json
272,32adacaa4ad707b844c29de0baa4cf3f7f8acc7e87dcb6fbdb48d48ba27259fd,3,1095,outputs/segregated_results/commercial-base/evaluation-and-correctness-may2026/commercial-new/deepseek_chat_P1_few_shot_python_400_v1_summary.json
272,32adacaa4ad707b844c29de0baa4cf3f7f8acc7e87dcb6fbdb48d48ba27259fd,3,1095,outputs/segregated_results/commercial-base/may2026/commercial-new/deepseek_chat_P1_few_shot_python_400_v1_summary.json
273,33bb059707927766df53381e0188c9b07afd3304fa4e75a19614af6f216fe703,3,1131,outputs/raw_generations/open-source-fine-tuned/codegemma_2b_lora_multilang/codegemma_2b_lora_multilang_P1_few_shot_java_400_v1_summary.json
273,33bb059707927766df53381e0188c9b07afd3304fa4e75a19614af6f216fe703,3,1131,outputs/segregated_results/open-source-lora/_long_paths/6f12b9cca668_codegemma_2b_lora_multilang_P1_few_shot_java_400_v1_summary.json
273,33bb059707927766df53381e0188c9b07afd3304fa4e75a19614af6f216fe703,3,1131,outputs/segregated_results/open-source-lora/raw/open-source-fine-tuned/codegemma_2b_lora_multilang/codegemma_2b_lora_multilang_P1_few_shot_java_400_v1_summary.json
274,357070ece98dd2b0dfa348df9c2286a9cb44c184f5f4bbf3f17791e3c86729a6,3,1074,outputs/evaluation-and-correctness-may2026/commercial-new/gpt_5_1_P1_zero_shot_python_400_v2_summary.json
274,357070ece98dd2b0dfa348df9c2286a9cb44c184f5f4bbf3f17791e3c86729a6,3,1074,outputs/segregated_results/commercial-base/evaluation-and-correctness-may2026/commercial-new/gpt_5_1_P1_zero_shot_python_400_v2_summary.json
274,357070ece98dd2b0dfa348df9c2286a9cb44c184f5f4bbf3f17791e3c86729a6,3,1074,outputs/segregated_results/commercial-base/may2026/commercial-new/gpt_5_1_P1_zero_shot_python_400_v2_summary.json
275,365874f2eb1f8c83820f5a85d4c9f0dbcbd9d7015f2279ac77c96f9b3d079706,3,397194,outputs/evaluation_And_corrctness_may2026_1/decoding_sensitivity/qwen25_coder_1_5b_instruct_P1_zero_shot_python_400_t02_p09_k50_v1_code_grounded_detailed.jsonl
275,365874f2eb1f8c83820f5a85d4c9f0dbcbd9d7015f2279ac77c96f9b3d079706,3,397194,outputs/segregated_results/open-source-base/_long_paths/283c82ef40ed_qwen25_coder_1_5b_instruct_P1_zero_shot_python_400_t02_p09_k50_v1_code_grounded_deta.jsonl
275,365874f2eb1f8c83820f5a85d4c9f0dbcbd9d7015f2279ac77c96f9b3d079706,3,397194,outputs/segregated_results/open-source-base/may2026_legacy/decoding_sensitivity/qwen25_coder_1_5b_instruct_P1_zero_shot_python_400_t02_p09_k50_v1_code_grounded_detailed.jsonl
276,3799776499f887d94c00aed88129ca8b96b83ac1302d6977a37a537e8242c5f9,3,1237,outputs/evaluation-and-correctness-may2026/commercial-new/gpt_5_1_codex_P1_few_shot_java_400_v1_code_grounded_summary.json
276,3799776499f887d94c00aed88129ca8b96b83ac1302d6977a37a537e8242c5f9,3,1237,outputs/segregated_results/commercial-base/evaluation-and-correctness-may2026/commercial-new/gpt_5_1_codex_P1_few_shot_java_400_v1_code_grounded_summary.json
276,3799776499f887d94c00aed88129ca8b96b83ac1302d6977a37a537e8242c5f9,3,1237,outputs/segregated_results/commercial-base/may2026/commercial-new/gpt_5_1_codex_P1_few_shot_java_400_v1_code_grounded_summary.json
277,37bd745cf1ff2d94406399c822fd7f4e18000770c469b591a6ad83cd050d8500,3,330544,outputs/evaluation-and-correctness-may2026/commercial-new/gpt_5_1_P1_one_shot_javascript_400_v1_code_grounded_detailed.jsonl
277,37bd745cf1ff2d94406399c822fd7f4e18000770c469b591a6ad83cd050d8500,3,330544,outputs/segregated_results/commercial-base/evaluation-and-correctness-may2026/commercial-new/gpt_5_1_P1_one_shot_javascript_400_v1_code_grounded_detailed.jsonl
277,37bd745cf1ff2d94406399c822fd7f4e18000770c469b591a6ad83cd050d8500,3,330544,outputs/segregated_results/commercial-base/may2026/commercial-new/gpt_5_1_P1_one_shot_javascript_400_v1_code_grounded_detailed.jsonl
278,37fad6b3467ada1dba3aac676755702c1331439ccbe2e7303014197b5369af33,3,327770,outputs/evaluation-and-correctness-may2026/commercial-new/gpt_5_1_codex_P1_few_shot_javascript_400_v1_code_grounded_detailed.jsonl
278,37fad6b3467ada1dba3aac676755702c1331439ccbe2e7303014197b5369af33,3,327770,outputs/segregated_results/commercial-base/evaluation-and-correctness-may2026/commercial-new/gpt_5_1_codex_P1_few_shot_javascript_400_v1_code_grounded_detailed.jsonl
278,37fad6b3467ada1dba3aac676755702c1331439ccbe2e7303014197b5369af33,3,327770,outputs/segregated_results/commercial-base/may2026/commercial-new/gpt_5_1_codex_P1_few_shot_javascript_400_v1_code_grounded_detailed.jsonl
279,383ed423a52a8bf29af6e8c8ca55fb969fddc5045fcc045304bb0a860bd72e2d,3,254456,outputs/raw_generations/open-source-fine-tuned/qwen25_1_5b_instruct_lora_multilang/qwen25_1_5b_instruct_lora_multilang_P1_few_shot_java_400_v1.jsonl
279,383ed423a52a8bf29af6e8c8ca55fb969fddc5045fcc045304bb0a860bd72e2d,3,254456,outputs/segregated_results/open-source-lora/_long_paths/aefbed18c90d_qwen25_1_5b_instruct_lora_multilang_P1_few_shot_java_400_v1.jsonl
279,383ed423a52a8bf29af6e8c8ca55fb969fddc5045fcc045304bb0a860bd72e2d,3,254456,outputs/segregated_results/open-source-lora/raw/open-source-fine-tuned/qwen25_1_5b_instruct_lora_multilang/qwen25_1_5b_instruct_lora_multilang_P1_few_shot_java_400_v1.jsonl
280,38ce3b40415982c3111e3bae883161b1ad95ac846f9dce8acd04088596bfb395,3,240451,outputs/raw_generations/open-source-fine-tuned/qwen25_1_5b_instruct_lora_multilang/qwen25_1_5b_instruct_lora_multilang_P1_one_shot_python_400_v1.jsonl
280,38ce3b40415982c3111e3bae883161b1ad95ac846f9dce8acd04088596bfb395,3,240451,outputs/segregated_results/open-source-lora/_long_paths/3e5c59387be8_qwen25_1_5b_instruct_lora_multilang_P1_one_shot_python_400_v1.jsonl
280,38ce3b40415982c3111e3bae883161b1ad95ac846f9dce8acd04088596bfb395,3,240451,outputs/segregated_results/open-source-lora/raw/open-source-fine-tuned/qwen25_1_5b_instruct_lora_multilang/qwen25_1_5b_instruct_lora_multilang_P1_one_shot_python_400_v1.jsonl
281,3a3fc285edade9f5d2cb5c17eb8d6004cb0a86f2f8b333cb85e3804abb25cc94,3,111220,outputs/evaluation-and-correctness-may2026/final-results-tables-and-plots/plots/model_language_structural/gemma_2_2b_it_lora_multilang_python_structural.png
281,3a3fc285edade9f5d2cb5c17eb8d6004cb0a86f2f8b333cb85e3804abb25cc94,3,111220,outputs/segregated_results/open-source-lora/_long_paths/c146db7b1f27_gemma_2_2b_it_lora_multilang_python_structural.png
281,3a3fc285edade9f5d2cb5c17eb8d6004cb0a86f2f8b333cb85e3804abb25cc94,3,111220,outputs/segregated_results/open-source-lora/may2026/final-results-tables-and-plots/plots/model_language_structural/gemma_2_2b_it_lora_multilang_python_structural.png
282,3afd3eac18fd629f5f319eb95bafe6f30603254f3d462a9a9281d83d90d29f44,3,1266,outputs/evaluation-and-correctness-may2026/commercial-new/deepseek_chat_P1_few_shot_python_400_v1_code_grounded_summary.json
282,3afd3eac18fd629f5f319eb95bafe6f30603254f3d462a9a9281d83d90d29f44,3,1266,outputs/segregated_results/commercial-base/evaluation-and-correctness-may2026/commercial-new/deepseek_chat_P1_few_shot_python_400_v1_code_grounded_summary.json
282,3afd3eac18fd629f5f319eb95bafe6f30603254f3d462a9a9281d83d90d29f44,3,1266,outputs/segregated_results/commercial-base/may2026/commercial-new/deepseek_chat_P1_few_shot_python_400_v1_code_grounded_summary.json
283,3b644908aeb7391178fba8fa9e695143cc7a9356a6990382b2a13c256e460e9f,3,226570,outputs/raw_generations/open-source-fine-tuned/gemma_2_2b_it_lora_multilang/gemma_2_2b_it_lora_multilang_P1_few_shot_javascript_400_v1.jsonl
283,3b644908aeb7391178fba8fa9e695143cc7a9356a6990382b2a13c256e460e9f,3,226570,outputs/segregated_results/open-source-lora/_long_paths/76bbecc30eff_gemma_2_2b_it_lora_multilang_P1_few_shot_javascript_400_v1.jsonl
283,3b644908aeb7391178fba8fa9e695143cc7a9356a6990382b2a13c256e460e9f,3,226570,outputs/segregated_results/open-source-lora/raw/open-source-fine-tuned/gemma_2_2b_it_lora_multilang/gemma_2_2b_it_lora_multilang_P1_few_shot_javascript_400_v1.jsonl
284,3cbb95e9ed15bd4bd899a1121032181c754a3d4e3507be94668cdf9f835e4637,3,111451,outputs/evaluation-and-correctness-may2026/final-results-tables-and-plots/plots/model_language_structural/gemma_2_2b_it_lora_multilang_javascript_structural.png
284,3cbb95e9ed15bd4bd899a1121032181c754a3d4e3507be94668cdf9f835e4637,3,111451,outputs/segregated_results/open-source-lora/_long_paths/49934743f190_gemma_2_2b_it_lora_multilang_javascript_structural.png
284,3cbb95e9ed15bd4bd899a1121032181c754a3d4e3507be94668cdf9f835e4637,3,111451,outputs/segregated_results/open-source-lora/may2026/final-results-tables-and-plots/plots/model_language_structural/gemma_2_2b_it_lora_multilang_javascript_structural.png
285,3cd447c378a7bd7cdcbf4dc5e404e82cf9c62ced021c87b31b4d7a883b6b0771,3,334852,outputs/evaluation-and-correctness-may2026/commercial-new/deepseek_chat_P1_zero_shot_python_400_v1_detailed.jsonl
285,3cd447c378a7bd7cdcbf4dc5e404e82cf9c62ced021c87b31b4d7a883b6b0771,3,334852,outputs/segregated_results/commercial-base/evaluation-and-correctness-may2026/commercial-new/deepseek_chat_P1_zero_shot_python_400_v1_detailed.jsonl
285,3cd447c378a7bd7cdcbf4dc5e404e82cf9c62ced021c87b31b4d7a883b6b0771,3,334852,outputs/segregated_results/commercial-base/may2026/commercial-new/deepseek_chat_P1_zero_shot_python_400_v1_detailed.jsonl
286,3ef8dea69977ea9de1a94b6350e57a2d99d85924ecb60277ee547f86076340b4,3,1121,outputs/evaluation-and-correctness-may2026/commercial-new/gpt_5_1_codex_P1_few_shot_javascript_400_v1_summary.json
286,3ef8dea69977ea9de1a94b6350e57a2d99d85924ecb60277ee547f86076340b4,3,1121,outputs/segregated_results/commercial-base/evaluation-and-correctness-may2026/commercial-new/gpt_5_1_codex_P1_few_shot_javascript_400_v1_summary.json
286,3ef8dea69977ea9de1a94b6350e57a2d99d85924ecb60277ee547f86076340b4,3,1121,outputs/segregated_results/commercial-base/may2026/commercial-new/gpt_5_1_codex_P1_few_shot_javascript_400_v1_summary.json
287,3f09911a72af6d6efdd1fbc0f57ca0ec1ab1c91c83c5639d39bae76b95721b8a,3,220926,outputs/evaluation-and-correctness-may2026/final-results-tables-and-plots/plots/per_language_prompt_trends/bertscore/javascript_bertscore_prompt_trend.png
287,3f09911a72af6d6efdd1fbc0f57ca0ec1ab1c91c83c5639d39bae76b95721b8a,3,220926,outputs/segregated_results/shared-aggregate/_long_paths/3562a6e3a775_javascript_bertscore_prompt_trend.png
287,3f09911a72af6d6efdd1fbc0f57ca0ec1ab1c91c83c5639d39bae76b95721b8a,3,220926,outputs/segregated_results/shared-aggregate/may2026/final-results-tables-and-plots/plots/per_language_prompt_trends/bertscore/javascript_bertscore_prompt_trend.png
288,4047274d8a7aadc618d7b9094e67982fc92a3b68c2ae9e9276e3cde949716ddc,3,1083,outputs/evaluation-and-correctness-may2026/commercial-new/gpt_5_1_P1_one_shot_javascript_400_v1_summary.json
288,4047274d8a7aadc618d7b9094e67982fc92a3b68c2ae9e9276e3cde949716ddc,3,1083,outputs/segregated_results/commercial-base/evaluation-and-correctness-may2026/commercial-new/gpt_5_1_P1_one_shot_javascript_400_v1_summary.json
288,4047274d8a7aadc618d7b9094e67982fc92a3b68c2ae9e9276e3cde949716ddc,3,1083,outputs/segregated_results/commercial-base/may2026/commercial-new/gpt_5_1_P1_one_shot_javascript_400_v1_summary.json
289,42740be2710ee1625c95d18da1460c4a4bf7e05465c9a365060f0a9a54fab768,3,359816,outputs/evaluation-and-correctness-may2026/open-source-fine-tuned/codegemma_2b_lora_multilang/codegemma_2b_lora_multilang_P1_one_shot_javascript_400_v1_detailed.jsonl
289,42740be2710ee1625c95d18da1460c4a4bf7e05465c9a365060f0a9a54fab768,3,359816,outputs/segregated_results/open-source-lora/_long_paths/3cc8b4b3d5b6_codegemma_2b_lora_multilang_P1_one_shot_javascript_400_v1_detailed.jsonl
289,42740be2710ee1625c95d18da1460c4a4bf7e05465c9a365060f0a9a54fab768,3,359816,outputs/segregated_results/open-source-lora/may2026/open-source-fine-tuned/codegemma_2b_lora_multilang/codegemma_2b_lora_multilang_P1_one_shot_javascript_400_v1_detailed.jsonl
290,429a45c902ce080efdb893560fcb0ff6eb54a03829c33c4ad4b15b09521178e1,3,1085,outputs/evaluation-and-correctness-may2026/commercial-new/deepseek_chat_P1_one_shot_java_400_v1_summary.json
290,429a45c902ce080efdb893560fcb0ff6eb54a03829c33c4ad4b15b09521178e1,3,1085,outputs/segregated_results/commercial-base/evaluation-and-correctness-may2026/commercial-new/deepseek_chat_P1_one_shot_java_400_v1_summary.json
290,429a45c902ce080efdb893560fcb0ff6eb54a03829c33c4ad4b15b09521178e1,3,1085,outputs/segregated_results/commercial-base/may2026/commercial-new/deepseek_chat_P1_one_shot_java_400_v1_summary.json
291,44559deb6d0347502627f6c6f4ea9cb508a09362d324807458a4c44808571c68,3,333686,outputs/evaluation-and-correctness-may2026/open-source-fine-tuned/gemma_2_2b_it_lora_multilang/gemma_2_2b_it_lora_multilang_P1_one_shot_python_400_v1_detailed.jsonl
291,44559deb6d0347502627f6c6f4ea9cb508a09362d324807458a4c44808571c68,3,333686,outputs/segregated_results/open-source-lora/_long_paths/c7e655e028a8_gemma_2_2b_it_lora_multilang_P1_one_shot_python_400_v1_detailed.jsonl
291,44559deb6d0347502627f6c6f4ea9cb508a09362d324807458a4c44808571c68,3,333686,outputs/segregated_results/open-source-lora/may2026/open-source-fine-tuned/gemma_2_2b_it_lora_multilang/gemma_2_2b_it_lora_multilang_P1_one_shot_python_400_v1_detailed.jsonl
292,449dea04afd816d319f41c39b6cee4126ec07fd181a73b64508b8559b452d5cd,3,344871,outputs/evaluation-and-correctness-may2026/commercial-new/gemini_3_flash_preview_P1_one_shot_javascript_400_v1_detailed.jsonl
292,449dea04afd816d319f41c39b6cee4126ec07fd181a73b64508b8559b452d5cd,3,344871,outputs/segregated_results/commercial-base/evaluation-and-correctness-may2026/commercial-new/gemini_3_flash_preview_P1_one_shot_javascript_400_v1_detailed.jsonl
292,449dea04afd816d319f41c39b6cee4126ec07fd181a73b64508b8559b452d5cd,3,344871,outputs/segregated_results/commercial-base/may2026/commercial-new/gemini_3_flash_preview_P1_one_shot_javascript_400_v1_detailed.jsonl
293,4670d8cf8c5582acef63c8d2fca39829288cbc4dc40dbe3b69fe6d47aeeec169,3,1104,outputs/evaluation-and-correctness-may2026/commercial-new/gpt_5_3_codex_P1_zero_shot_java_400_v1_summary.json
293,4670d8cf8c5582acef63c8d2fca39829288cbc4dc40dbe3b69fe6d47aeeec169,3,1104,outputs/segregated_results/commercial-base/evaluation-and-correctness-may2026/commercial-new/gpt_5_3_codex_P1_zero_shot_java_400_v1_summary.json
293,4670d8cf8c5582acef63c8d2fca39829288cbc4dc40dbe3b69fe6d47aeeec169,3,1104,outputs/segregated_results/commercial-base/may2026/commercial-new/gpt_5_3_codex_P1_zero_shot_java_400_v1_summary.json
294,46f85e1d87cc4ffec8fe3e1d4d1fe44c867fb4019823a10d5788f07d7511f564,3,329907,outputs/evaluation-and-correctness-may2026/commercial-new/deepseek_chat_P1_one_shot_python_400_v1_detailed.jsonl
294,46f85e1d87cc4ffec8fe3e1d4d1fe44c867fb4019823a10d5788f07d7511f564,3,329907,outputs/segregated_results/commercial-base/evaluation-and-correctness-may2026/commercial-new/deepseek_chat_P1_one_shot_python_400_v1_detailed.jsonl
294,46f85e1d87cc4ffec8fe3e1d4d1fe44c867fb4019823a10d5788f07d7511f564,3,329907,outputs/segregated_results/commercial-base/may2026/commercial-new/deepseek_chat_P1_one_shot_python_400_v1_detailed.jsonl
295,47c1094aa8908f3db5669aae5a9658191d88225116eb251954fe8f463734911b,3,325736,outputs/evaluation-and-correctness-may2026/commercial-new/gpt_5_1_codex_P1_few_shot_python_400_v1_code_grounded_detailed.jsonl
295,47c1094aa8908f3db5669aae5a9658191d88225116eb251954fe8f463734911b,3,325736,outputs/segregated_results/commercial-base/evaluation-and-correctness-may2026/commercial-new/gpt_5_1_codex_P1_few_shot_python_400_v1_code_grounded_detailed.jsonl
295,47c1094aa8908f3db5669aae5a9658191d88225116eb251954fe8f463734911b,3,325736,outputs/segregated_results/commercial-base/may2026/commercial-new/gpt_5_1_codex_P1_few_shot_python_400_v1_code_grounded_detailed.jsonl
296,48a7b8ab515e2903a7ef92c182e7508951f139cd3e7b7fa5814dd0c91748ae68,3,253299,outputs/raw_generations/open-source-fine-tuned/qwen25_coder_1_5b_lora_multilang/qwen25_coder_1_5b_instruct_lora_multilang_P1_one_shot_java_400_v1.jsonl
296,48a7b8ab515e2903a7ef92c182e7508951f139cd3e7b7fa5814dd0c91748ae68,3,253299,outputs/segregated_results/open-source-lora/_long_paths/d35ebf04a593_qwen25_coder_1_5b_instruct_lora_multilang_P1_one_shot_java_400_v1.jsonl
296,48a7b8ab515e2903a7ef92c182e7508951f139cd3e7b7fa5814dd0c91748ae68,3,253299,outputs/segregated_results/open-source-lora/raw/open-source-fine-tuned/qwen25_coder_1_5b_lora_multilang/qwen25_coder_1_5b_instruct_lora_multilang_P1_one_shot_java_400_v1.jsonl
297,492fb3c8d0ed20d22b59a45446787b920f1c7f06112b85c554a822e80e518b56,3,333870,outputs/evaluation-and-correctness-may2026/commercial-new/deepseek_chat_P1_zero_shot_java_400_v1_detailed.jsonl
297,492fb3c8d0ed20d22b59a45446787b920f1c7f06112b85c554a822e80e518b56,3,333870,outputs/segregated_results/commercial-base/evaluation-and-correctness-may2026/commercial-new/deepseek_chat_P1_zero_shot_java_400_v1_detailed.jsonl
297,492fb3c8d0ed20d22b59a45446787b920f1c7f06112b85c554a822e80e518b56,3,333870,outputs/segregated_results/commercial-base/may2026/commercial-new/deepseek_chat_P1_zero_shot_java_400_v1_detailed.jsonl
298,4a58058b295c6f55dd57c76e445406075d4b7781e2c82537ca2d0be1473e9177,3,1303,outputs/evaluation-and-correctness-may2026/commercial-new/gpt_5_3_codex_P1_zero_shot_javascript_400_v1_code_grounded_summary.json
298,4a58058b295c6f55dd57c76e445406075d4b7781e2c82537ca2d0be1473e9177,3,1303,outputs/segregated_results/commercial-base/evaluation-and-correctness-may2026/commercial-new/gpt_5_3_codex_P1_zero_shot_javascript_400_v1_code_grounded_summary.json
298,4a58058b295c6f55dd57c76e445406075d4b7781e2c82537ca2d0be1473e9177,3,1303,outputs/segregated_results/commercial-base/may2026/commercial-new/gpt_5_3_codex_P1_zero_shot_javascript_400_v1_code_grounded_summary.json
299,4af5f02ce6606867910c4b090259cbb9712b57639bd54bcf90263736e3e4a0c0,3,257853,outputs/raw_generations/open-source-fine-tuned/qwen25_1_5b_instruct_lora_multilang/qwen25_1_5b_instruct_lora_multilang_P1_zero_shot_javascript_400_v1.jsonl
299,4af5f02ce6606867910c4b090259cbb9712b57639bd54bcf90263736e3e4a0c0,3,257853,outputs/segregated_results/open-source-lora/_long_paths/cd234f6f2ae2_qwen25_1_5b_instruct_lora_multilang_P1_zero_shot_javascript_400_v1.jsonl
299,4af5f02ce6606867910c4b090259cbb9712b57639bd54bcf90263736e3e4a0c0,3,257853,outputs/segregated_results/open-source-lora/raw/open-source-fine-tuned/qwen25_1_5b_instruct_lora_multilang/qwen25_1_5b_instruct_lora_multilang_P1_zero_shot_javascript_400_v1.jsonl
300,4b233a9cfb5653e6ed6ae0905c8e363402e6e872c1c097e0478bbc52ae4d675b,3,338386,outputs/evaluation-and-correctness-may2026/open-source-fine-tuned/codegemma_2b_lora_multilang/codegemma_2b_lora_multilang_P1_few_shot_java_400_v1_detailed.jsonl
300,4b233a9cfb5653e6ed6ae0905c8e363402e6e872c1c097e0478bbc52ae4d675b,3,338386,outputs/segregated_results/open-source-lora/_long_paths/0d80507c2725_codegemma_2b_lora_multilang_P1_few_shot_java_400_v1_detailed.jsonl
300,4b233a9cfb5653e6ed6ae0905c8e363402e6e872c1c097e0478bbc52ae4d675b,3,338386,outputs/segregated_results/open-source-lora/may2026/open-source-fine-tuned/codegemma_2b_lora_multilang/codegemma_2b_lora_multilang_P1_few_shot_java_400_v1_detailed.jsonl
301,4b5cff6076349414e1c529cf30faac8b4930786713d99a00569c15fe24d3968f,3,1299,outputs/evaluation-and-correctness-may2026/commercial-new/gpt_5_1_P1_zero_shot_javascript_400_v1_code_grounded_summary.json
301,4b5cff6076349414e1c529cf30faac8b4930786713d99a00569c15fe24d3968f,3,1299,outputs/segregated_results/commercial-base/evaluation-and-correctness-may2026/commercial-new/gpt_5_1_P1_zero_shot_javascript_400_v1_code_grounded_summary.json
301,4b5cff6076349414e1c529cf30faac8b4930786713d99a00569c15fe24d3968f,3,1299,outputs/segregated_results/commercial-base/may2026/commercial-new/gpt_5_1_P1_zero_shot_javascript_400_v1_code_grounded_summary.json
302,4c2c01b4b341fc7856e42ed072b5a3e75d4548a3f8b20cc1d252673f6e45e674,3,1108,outputs/evaluation-and-correctness-may2026/commercial-new/gpt_5_1_codex_P1_zero_shot_python_400_v1_summary.json
302,4c2c01b4b341fc7856e42ed072b5a3e75d4548a3f8b20cc1d252673f6e45e674,3,1108,outputs/segregated_results/commercial-base/evaluation-and-correctness-may2026/commercial-new/gpt_5_1_codex_P1_zero_shot_python_400_v1_summary.json
302,4c2c01b4b341fc7856e42ed072b5a3e75d4548a3f8b20cc1d252673f6e45e674,3,1108,outputs/segregated_results/commercial-base/may2026/commercial-new/gpt_5_1_codex_P1_zero_shot_python_400_v1_summary.json
303,4d47a974b27063acb80e7eda8eb189c78f363028422281e2a873302c7a21be45,3,334924,outputs/evaluation-and-correctness-may2026/commercial-new/gemini_3_flash_preview_P1_zero_shot_python_400_v1_detailed.jsonl
303,4d47a974b27063acb80e7eda8eb189c78f363028422281e2a873302c7a21be45,3,334924,outputs/segregated_results/commercial-base/evaluation-and-correctness-may2026/commercial-new/gemini_3_flash_preview_P1_zero_shot_python_400_v1_detailed.jsonl
303,4d47a974b27063acb80e7eda8eb189c78f363028422281e2a873302c7a21be45,3,334924,outputs/segregated_results/commercial-base/may2026/commercial-new/gemini_3_flash_preview_P1_zero_shot_python_400_v1_detailed.jsonl
304,4d4ecde4f407d31b545b05f9f3a188d41d251a5b828d246ff32d3e0fd4a60eff,3,1120,outputs/evaluation-and-correctness-may2026/commercial-new/gpt_5_3_codex_P1_zero_shot_javascript_400_v1_summary.json
304,4d4ecde4f407d31b545b05f9f3a188d41d251a5b828d246ff32d3e0fd4a60eff,3,1120,outputs/segregated_results/commercial-base/evaluation-and-correctness-may2026/commercial-new/gpt_5_3_codex_P1_zero_shot_javascript_400_v1_summary.json
304,4d4ecde4f407d31b545b05f9f3a188d41d251a5b828d246ff32d3e0fd4a60eff,3,1120,outputs/segregated_results/commercial-base/may2026/commercial-new/gpt_5_3_codex_P1_zero_shot_javascript_400_v1_summary.json
305,4d6ff23363746079e8f659e270921c86d7bd2b39e57a34559acc81c39eb246b3,3,7120,outputs/correctness/qwen_base_zs_fs_correctness_400_clean.xlsx
305,4d6ff23363746079e8f659e270921c86d7bd2b39e57a34559acc81c39eb246b3,3,7120,outputs/final_results/code_grounded_correctness/qwen_base_zs_fs_correctness_400_clean.xlsx
305,4d6ff23363746079e8f659e270921c86d7bd2b39e57a34559acc81c39eb246b3,3,7120,outputs/segregated_results/open-source-base/correctness/qwen_base_zs_fs_correctness_400_clean.xlsx
306,4e8993c21924c14d1a3d89a41ef38c6685f3b54db1adbb39d9c5a23d88a11d5e,3,1112,outputs/evaluation-and-correctness-may2026/commercial-new/deepseek_reasoner_P1_zero_shot_python_400_v1_summary.json
306,4e8993c21924c14d1a3d89a41ef38c6685f3b54db1adbb39d9c5a23d88a11d5e,3,1112,outputs/segregated_results/commercial-base/evaluation-and-correctness-may2026/commercial-new/deepseek_reasoner_P1_zero_shot_python_400_v1_summary.json
306,4e8993c21924c14d1a3d89a41ef38c6685f3b54db1adbb39d9c5a23d88a11d5e,3,1112,outputs/segregated_results/commercial-base/may2026/commercial-new/deepseek_reasoner_P1_zero_shot_python_400_v1_summary.json
307,51e47c387a895dc8152e86abd1d5be347eefcaf03daf47b2d41972cc7451a95a,3,431622,outputs/evaluation-and-correctness-may2026/final-results-tables-and-plots/plots/bertscore_by_model/java_bertscore_by_model.png
307,51e47c387a895dc8152e86abd1d5be347eefcaf03daf47b2d41972cc7451a95a,3,431622,outputs/segregated_results/shared-aggregate/evaluation-and-correctness-may2026/final-results-tables-and-plots/plots/bertscore_by_model/java_bertscore_by_model.png
307,51e47c387a895dc8152e86abd1d5be347eefcaf03daf47b2d41972cc7451a95a,3,431622,outputs/segregated_results/shared-aggregate/may2026/final-results-tables-and-plots/plots/bertscore_by_model/java_bertscore_by_model.png
308,521d32e6b8cce6a521e3ab2149ff2f93b9649845c17151c7cdad74fb5c966e7b,3,337281,outputs/evaluation-and-correctness-may2026/commercial-new/gpt_5_1_P1_zero_shot_python_400_v2_detailed.jsonl
308,521d32e6b8cce6a521e3ab2149ff2f93b9649845c17151c7cdad74fb5c966e7b,3,337281,outputs/segregated_results/commercial-base/evaluation-and-correctness-may2026/commercial-new/gpt_5_1_P1_zero_shot_python_400_v2_detailed.jsonl
308,521d32e6b8cce6a521e3ab2149ff2f93b9649845c17151c7cdad74fb5c966e7b,3,337281,outputs/segregated_results/commercial-base/may2026/commercial-new/gpt_5_1_P1_zero_shot_python_400_v2_detailed.jsonl
309,53158a5154a9eb56b3733e6b57211212e9e37989f9c7adae95e183f6bef37844,3,235512,outputs/raw_generations/open-source-fine-tuned/qwen25_coder_1_5b_lora_multilang/qwen25_coder_1_5b_instruct_lora_multilang_P1_zero_shot_python_400_v1.jsonl
309,53158a5154a9eb56b3733e6b57211212e9e37989f9c7adae95e183f6bef37844,3,235512,outputs/segregated_results/open-source-lora/_long_paths/a17d9c9b056f_qwen25_coder_1_5b_instruct_lora_multilang_P1_zero_shot_python_400_v1.jsonl
309,53158a5154a9eb56b3733e6b57211212e9e37989f9c7adae95e183f6bef37844,3,235512,outputs/segregated_results/open-source-lora/raw/open-source-fine-tuned/qwen25_coder_1_5b_lora_multilang/qwen25_coder_1_5b_instruct_lora_multilang_P1_zero_shot_python_400_v1.jsonl
310,53620ca7ecf92812e6a985393baa60b5845d1e2cf0cb9876277ebeb0914d8f58,3,109819,outputs/evaluation-and-correctness-may2026/final-results-tables-and-plots/plots/model_language_structural/Qwen_Qwen2.5-Coder-1.5B-Instruct_java_structural.png
310,53620ca7ecf92812e6a985393baa60b5845d1e2cf0cb9876277ebeb0914d8f58,3,109819,outputs/segregated_results/open-source-base/_long_paths/fa7ec4eb0a57_Qwen_Qwen2.5-Coder-1.5B-Instruct_java_structural.png
310,53620ca7ecf92812e6a985393baa60b5845d1e2cf0cb9876277ebeb0914d8f58,3,109819,outputs/segregated_results/open-source-base/may2026/final-results-tables-and-plots/plots/model_language_structural/Qwen_Qwen2.5-Coder-1.5B-Instruct_java_structural.png
311,538bde1018973b42b56de22f55d52df2e7a8569a207561714d6b48353c607bff,3,1113,outputs/evaluation-and-correctness-may2026/commercial-new/gpt_5_1_codex_P1_zero_shot_python_10_smoke_v1_summary.json
311,538bde1018973b42b56de22f55d52df2e7a8569a207561714d6b48353c607bff,3,1113,outputs/segregated_results/commercial-base/evaluation-and-correctness-may2026/commercial-new/gpt_5_1_codex_P1_zero_shot_python_10_smoke_v1_summary.json
311,538bde1018973b42b56de22f55d52df2e7a8569a207561714d6b48353c607bff,3,1113,outputs/segregated_results/commercial-base/may2026/commercial-new/gpt_5_1_codex_P1_zero_shot_python_10_smoke_v1_summary.json
312,56463ceb26bbd02dde4cbac8ccacb08df098133244f7fb999a1b26dc8f6fafc7,3,1173,outputs/evaluation-and-correctness-may2026/open-source-fine-tuned/codegemma_2b_lora_multilang/codegemma_2b_lora_multilang_P1_one_shot_java_400_v1_summary.json
312,56463ceb26bbd02dde4cbac8ccacb08df098133244f7fb999a1b26dc8f6fafc7,3,1173,outputs/segregated_results/open-source-lora/_long_paths/636e0ce9eb98_codegemma_2b_lora_multilang_P1_one_shot_java_400_v1_summary.json
312,56463ceb26bbd02dde4cbac8ccacb08df098133244f7fb999a1b26dc8f6fafc7,3,1173,outputs/segregated_results/open-source-lora/may2026/open-source-fine-tuned/codegemma_2b_lora_multilang/codegemma_2b_lora_multilang_P1_one_shot_java_400_v1_summary.json
313,5652e342b41492cf9a2c40347742b85bf76287454754d783c6b6c7fcbe7617c9,3,156392,outputs/evaluation-and-correctness-may2026/final-results-tables-and-plots/plots/family_language_prompt/javascript_parameter_coverage_by_family_prompt.png
313,5652e342b41492cf9a2c40347742b85bf76287454754d783c6b6c7fcbe7617c9,3,156392,outputs/segregated_results/shared-aggregate/_long_paths/0778412fd5a8_javascript_parameter_coverage_by_family_prompt.png
313,5652e342b41492cf9a2c40347742b85bf76287454754d783c6b6c7fcbe7617c9,3,156392,outputs/segregated_results/shared-aggregate/may2026/final-results-tables-and-plots/plots/family_language_prompt/javascript_parameter_coverage_by_family_prompt.png
314,56b581db63a16bc12dbef6c910643494a6f0d8d94def336c40517b9336e299b3,3,242291,outputs/raw_generations/open-source-fine-tuned/qwen25_1_5b_instruct_lora_multilang/qwen25_1_5b_instruct_lora_multilang_P1_zero_shot_python_400_v1.jsonl
314,56b581db63a16bc12dbef6c910643494a6f0d8d94def336c40517b9336e299b3,3,242291,outputs/segregated_results/open-source-lora/_long_paths/78e17dcbd498_qwen25_1_5b_instruct_lora_multilang_P1_zero_shot_python_400_v1.jsonl
314,56b581db63a16bc12dbef6c910643494a6f0d8d94def336c40517b9336e299b3,3,242291,outputs/segregated_results/open-source-lora/raw/open-source-fine-tuned/qwen25_1_5b_instruct_lora_multilang/qwen25_1_5b_instruct_lora_multilang_P1_zero_shot_python_400_v1.jsonl
315,57266664707467cf377d94db84d290280fbb6aae6ba86d5503805c625c581602,3,347748,outputs/evaluation-and-correctness-may2026/commercial-new/gpt_5_1_codex_P1_one_shot_java_400_v1_detailed.jsonl
315,57266664707467cf377d94db84d290280fbb6aae6ba86d5503805c625c581602,3,347748,outputs/segregated_results/commercial-base/evaluation-and-correctness-may2026/commercial-new/gpt_5_1_codex_P1_one_shot_java_400_v1_detailed.jsonl
315,57266664707467cf377d94db84d290280fbb6aae6ba86d5503805c625c581602,3,347748,outputs/segregated_results/commercial-base/may2026/commercial-new/gpt_5_1_codex_P1_one_shot_java_400_v1_detailed.jsonl
316,57f305456e6761ecbc5321d3a7647100ae574dccc8b961ea463550354e855487,3,1310,outputs/evaluation-and-correctness-may2026/commercial-new/deepseek_chat_P1_few_shot_javascript_400_v1_code_grounded_summary.json
316,57f305456e6761ecbc5321d3a7647100ae574dccc8b961ea463550354e855487,3,1310,outputs/segregated_results/commercial-base/evaluation-and-correctness-may2026/commercial-new/deepseek_chat_P1_few_shot_javascript_400_v1_code_grounded_summary.json
316,57f305456e6761ecbc5321d3a7647100ae574dccc8b961ea463550354e855487,3,1310,outputs/segregated_results/commercial-base/may2026/commercial-new/deepseek_chat_P1_few_shot_javascript_400_v1_code_grounded_summary.json
317,58ed8edf879ba8f19ae56b03a91bc0fb18b4a7d804120dd942318bbf99b1010f,3,326353,outputs/evaluation-and-correctness-may2026/commercial-new/gpt_5_1_P1_one_shot_python_400_v1_code_grounded_detailed.jsonl
317,58ed8edf879ba8f19ae56b03a91bc0fb18b4a7d804120dd942318bbf99b1010f,3,326353,outputs/segregated_results/commercial-base/evaluation-and-correctness-may2026/commercial-new/gpt_5_1_P1_one_shot_python_400_v1_code_grounded_detailed.jsonl
317,58ed8edf879ba8f19ae56b03a91bc0fb18b4a7d804120dd942318bbf99b1010f,3,326353,outputs/segregated_results/commercial-base/may2026/commercial-new/gpt_5_1_P1_one_shot_python_400_v1_code_grounded_detailed.jsonl
318,590bf83df1939748984c1646240905e475f40cf439f8dff3dba6ae260983f808,3,1072,outputs/evaluation-and-correctness-may2026/commercial-new/gpt_5_1_P1_zero_shot_java_400_v1_summary.json
318,590bf83df1939748984c1646240905e475f40cf439f8dff3dba6ae260983f808,3,1072,outputs/segregated_results/commercial-base/evaluation-and-correctness-may2026/commercial-new/gpt_5_1_P1_zero_shot_java_400_v1_summary.json
318,590bf83df1939748984c1646240905e475f40cf439f8dff3dba6ae260983f808,3,1072,outputs/segregated_results/commercial-base/may2026/commercial-new/gpt_5_1_P1_zero_shot_java_400_v1_summary.json
319,5937954c6c2c9043c6806cab4b03ef41f8be148158eb152fe4a1f0419ed1b143,3,340791,outputs/evaluation-and-correctness-may2026/commercial-new/deepseek_chat_P1_few_shot_java_400_v1_detailed.jsonl
319,5937954c6c2c9043c6806cab4b03ef41f8be148158eb152fe4a1f0419ed1b143,3,340791,outputs/segregated_results/commercial-base/evaluation-and-correctness-may2026/commercial-new/deepseek_chat_P1_few_shot_java_400_v1_detailed.jsonl
319,5937954c6c2c9043c6806cab4b03ef41f8be148158eb152fe4a1f0419ed1b143,3,340791,outputs/segregated_results/commercial-base/may2026/commercial-new/deepseek_chat_P1_few_shot_java_400_v1_detailed.jsonl
320,5ac112a6381c1e35fbd8eed692c244805e13ed89086d5de1499694fa41d1ada4,3,183882,outputs/evaluation-and-correctness-may2026/final-results-tables-and-plots/plots/model_language_structural/codegemma_2b_lora_multilang_javascript_structural.png
320,5ac112a6381c1e35fbd8eed692c244805e13ed89086d5de1499694fa41d1ada4,3,183882,outputs/segregated_results/open-source-lora/_long_paths/7fd21f7631aa_codegemma_2b_lora_multilang_javascript_structural.png
320,5ac112a6381c1e35fbd8eed692c244805e13ed89086d5de1499694fa41d1ada4,3,183882,outputs/segregated_results/open-source-lora/may2026/final-results-tables-and-plots/plots/model_language_structural/codegemma_2b_lora_multilang_javascript_structural.png
321,5ad61e2063bea96f50e6c431ff4dea9ad6f6255ac3b202382f30e5749b24a7b0,3,18980,outputs/evaluation-and-correctness-may2026/final-results-tables-and-plots/tables/java_full_comparison.csv
321,5ad61e2063bea96f50e6c431ff4dea9ad6f6255ac3b202382f30e5749b24a7b0,3,18980,outputs/final_results/thesis_tables/java_full_comparison.csv
321,5ad61e2063bea96f50e6c431ff4dea9ad6f6255ac3b202382f30e5749b24a7b0,3,18980,outputs/segregated_results/shared-aggregate/may2026/final-results-tables-and-plots/tables/java_full_comparison.csv
322,5b8a9b5c5d5303eea3cdcfa98830b0a1b8d53540b8bd0d965beb3efe197f9833,3,174010,outputs/evaluation-and-correctness-may2026/final-results-tables-and-plots/plots/model_language_structural/Qwen_Qwen2.5-Coder-1.5B-Instruct_python_structural.png
322,5b8a9b5c5d5303eea3cdcfa98830b0a1b8d53540b8bd0d965beb3efe197f9833,3,174010,outputs/segregated_results/open-source-base/_long_paths/70e9396e2336_Qwen_Qwen2.5-Coder-1.5B-Instruct_python_structural.png
322,5b8a9b5c5d5303eea3cdcfa98830b0a1b8d53540b8bd0d965beb3efe197f9833,3,174010,outputs/segregated_results/open-source-base/may2026/final-results-tables-and-plots/plots/model_language_structural/Qwen_Qwen2.5-Coder-1.5B-Instruct_python_structural.png
323,5bdaa02a0c0a8028f1d62edd32457833d48ce7d653ae4380ae9dc854239604ad,3,345974,outputs/evaluation-and-correctness-may2026/commercial-new/gpt_5_1_codex_P1_one_shot_python_400_v1_detailed.jsonl
323,5bdaa02a0c0a8028f1d62edd32457833d48ce7d653ae4380ae9dc854239604ad,3,345974,outputs/segregated_results/commercial-base/evaluation-and-correctness-may2026/commercial-new/gpt_5_1_codex_P1_one_shot_python_400_v1_detailed.jsonl
323,5bdaa02a0c0a8028f1d62edd32457833d48ce7d653ae4380ae9dc854239604ad,3,345974,outputs/segregated_results/commercial-base/may2026/commercial-new/gpt_5_1_codex_P1_one_shot_python_400_v1_detailed.jsonl
324,5bddbbe5585fca992ebc2b487355244d9db3e2abf4ddb287c37fdc809a09b53f,3,397680,outputs/evaluation_And_corrctness_may2026_1/decoding_sensitivity/qwen25_coder_1_5b_instruct_P1_zero_shot_python_400_t07_p095_k50_v1_code_grounded_detailed.jsonl
324,5bddbbe5585fca992ebc2b487355244d9db3e2abf4ddb287c37fdc809a09b53f,3,397680,outputs/segregated_results/open-source-base/_long_paths/4090d8eafcb3_qwen25_coder_1_5b_instruct_P1_zero_shot_python_400_t07_p095_k50_v1_code_grounded_det.jsonl
324,5bddbbe5585fca992ebc2b487355244d9db3e2abf4ddb287c37fdc809a09b53f,3,397680,outputs/segregated_results/open-source-base/may2026_legacy/decoding_sensitivity/qwen25_coder_1_5b_instruct_P1_zero_shot_python_400_t07_p095_k50_v1_code_grounded_detailed.jsonl
325,5c5ea49baf9201ee46718c6c18ad42bd1009eadacf0afaa4d0f3e1bb12c4b32f,3,347569,outputs/evaluation-and-correctness-may2026/open-source-fine-tuned/gemma_2_2b_it_lora_multilang/gemma_2_2b_it_lora_multilang_P1_zero_shot_java_400_v1_detailed.jsonl
325,5c5ea49baf9201ee46718c6c18ad42bd1009eadacf0afaa4d0f3e1bb12c4b32f,3,347569,outputs/segregated_results/open-source-lora/_long_paths/08d226ed11bb_gemma_2_2b_it_lora_multilang_P1_zero_shot_java_400_v1_detailed.jsonl
325,5c5ea49baf9201ee46718c6c18ad42bd1009eadacf0afaa4d0f3e1bb12c4b32f,3,347569,outputs/segregated_results/open-source-lora/may2026/open-source-fine-tuned/gemma_2_2b_it_lora_multilang/gemma_2_2b_it_lora_multilang_P1_zero_shot_java_400_v1_detailed.jsonl
326,60a50a3fd889e1f67798552d2af88bcf01c743684bb289ad183a3ea2b52e1f9b,3,333611,outputs/evaluation-and-correctness-may2026/open-source-fine-tuned/codegemma_2b_lora_multilang/codegemma_2b_lora_multilang_P1_few_shot_python_400_v1_detailed.jsonl
326,60a50a3fd889e1f67798552d2af88bcf01c743684bb289ad183a3ea2b52e1f9b,3,333611,outputs/segregated_results/open-source-lora/_long_paths/2e2c711d2fef_codegemma_2b_lora_multilang_P1_few_shot_python_400_v1_detailed.jsonl
326,60a50a3fd889e1f67798552d2af88bcf01c743684bb289ad183a3ea2b52e1f9b,3,333611,outputs/segregated_results/open-source-lora/may2026/open-source-fine-tuned/codegemma_2b_lora_multilang/codegemma_2b_lora_multilang_P1_few_shot_python_400_v1_detailed.jsonl
327,641151584969f0495e403162397b6bcecc1c718f3cc9c0b2de3cf0da36b50c97,3,347962,outputs/evaluation-and-correctness-may2026/open-source-fine-tuned/codegemma_2b_lora_multilang/codegemma_2b_lora_multilang_P1_one_shot_java_400_v1_detailed.jsonl
327,641151584969f0495e403162397b6bcecc1c718f3cc9c0b2de3cf0da36b50c97,3,347962,outputs/segregated_results/open-source-lora/_long_paths/579df635231b_codegemma_2b_lora_multilang_P1_one_shot_java_400_v1_detailed.jsonl
327,641151584969f0495e403162397b6bcecc1c718f3cc9c0b2de3cf0da36b50c97,3,347962,outputs/segregated_results/open-source-lora/may2026/open-source-fine-tuned/codegemma_2b_lora_multilang/codegemma_2b_lora_multilang_P1_one_shot_java_400_v1_detailed.jsonl
328,67231db824685d3903c1f2767b25b53fa753ed930d1226882c992e303b8cd11f,3,1088,outputs/evaluation-and-correctness-may2026/commercial-new/gpt_5_1_codex_P1_few_shot_java_400_v1_summary.json
328,67231db824685d3903c1f2767b25b53fa753ed930d1226882c992e303b8cd11f,3,1088,outputs/segregated_results/commercial-base/evaluation-and-correctness-may2026/commercial-new/gpt_5_1_codex_P1_few_shot_java_400_v1_summary.json
328,67231db824685d3903c1f2767b25b53fa753ed930d1226882c992e303b8cd11f,3,1088,outputs/segregated_results/commercial-base/may2026/commercial-new/gpt_5_1_codex_P1_few_shot_java_400_v1_summary.json
329,67667dee7f5ced52630ad61004685c0b3981a4a57d897318366120a5c1a2ecbc,3,1125,outputs/evaluation-and-correctness-may2026/commercial-new/gpt_5_1_codex_P1_one_shot_javascript_400_v1_summary.json
329,67667dee7f5ced52630ad61004685c0b3981a4a57d897318366120a5c1a2ecbc,3,1125,outputs/segregated_results/commercial-base/evaluation-and-correctness-may2026/commercial-new/gpt_5_1_codex_P1_one_shot_javascript_400_v1_summary.json
329,67667dee7f5ced52630ad61004685c0b3981a4a57d897318366120a5c1a2ecbc,3,1125,outputs/segregated_results/commercial-base/may2026/commercial-new/gpt_5_1_codex_P1_one_shot_javascript_400_v1_summary.json
330,683d1f47b3bac75c72fcadca78977cd48b2aa3e9197b276f632a839f92919585,3,325391,outputs/evaluation-and-correctness-may2026/commercial-new/gpt_5_1_codex_P1_few_shot_java_400_v1_code_grounded_detailed.jsonl
330,683d1f47b3bac75c72fcadca78977cd48b2aa3e9197b276f632a839f92919585,3,325391,outputs/segregated_results/commercial-base/evaluation-and-correctness-may2026/commercial-new/gpt_5_1_codex_P1_few_shot_java_400_v1_code_grounded_detailed.jsonl
330,683d1f47b3bac75c72fcadca78977cd48b2aa3e9197b276f632a839f92919585,3,325391,outputs/segregated_results/commercial-base/may2026/commercial-new/gpt_5_1_codex_P1_few_shot_java_400_v1_code_grounded_detailed.jsonl
331,68dc76c07ed30f79b5cd2bc78c41d0a4761084d1afbf58c10cdc0e051f579a09,3,1304,outputs/evaluation-and-correctness-may2026/commercial-new/deepseek_chat_P1_one_shot_javascript_400_v1_code_grounded_summary.json
331,68dc76c07ed30f79b5cd2bc78c41d0a4761084d1afbf58c10cdc0e051f579a09,3,1304,outputs/segregated_results/commercial-base/evaluation-and-correctness-may2026/commercial-new/deepseek_chat_P1_one_shot_javascript_400_v1_code_grounded_summary.json
331,68dc76c07ed30f79b5cd2bc78c41d0a4761084d1afbf58c10cdc0e051f579a09,3,1304,outputs/segregated_results/commercial-base/may2026/commercial-new/deepseek_chat_P1_one_shot_javascript_400_v1_code_grounded_summary.json
332,6ad431bb5d460aa371f4fc2153fb72c2a0118e66065fb07a6ec240be3cf21e03,3,1310,outputs/evaluation_And_corrctness_may2026_1/decoding_sensitivity/qwen25_coder_1_5b_instruct_P1_zero_shot_python_400_t05_p09_k50_v1_code_grounded_summary.json
332,6ad431bb5d460aa371f4fc2153fb72c2a0118e66065fb07a6ec240be3cf21e03,3,1310,outputs/segregated_results/open-source-base/_long_paths/3eb7243d13bf_qwen25_coder_1_5b_instruct_P1_zero_shot_python_400_t05_p09_k50_v1_code_grounded_summa.json
332,6ad431bb5d460aa371f4fc2153fb72c2a0118e66065fb07a6ec240be3cf21e03,3,1310,outputs/segregated_results/open-source-base/may2026_legacy/decoding_sensitivity/qwen25_coder_1_5b_instruct_P1_zero_shot_python_400_t05_p09_k50_v1_code_grounded_summary.json
333,6b0d9fa936f39fd202833bfcc7e77fe2e022ead23d337384449a0862849d7d46,3,325738,outputs/evaluation-and-correctness-may2026/commercial-new/gpt_5_1_P1_few_shot_javascript_400_v1_code_grounded_detailed.jsonl
333,6b0d9fa936f39fd202833bfcc7e77fe2e022ead23d337384449a0862849d7d46,3,325738,outputs/segregated_results/commercial-base/evaluation-and-correctness-may2026/commercial-new/gpt_5_1_P1_few_shot_javascript_400_v1_code_grounded_detailed.jsonl
333,6b0d9fa936f39fd202833bfcc7e77fe2e022ead23d337384449a0862849d7d46,3,325738,outputs/segregated_results/commercial-base/may2026/commercial-new/gpt_5_1_P1_few_shot_javascript_400_v1_code_grounded_detailed.jsonl
334,6b7e86ff58b476608896274292e99d123dc7689f9bcf46007c828b971229f902,3,4405,outputs/evaluations/qwen_base_zs_fs_metrics_400_clean.csv
334,6b7e86ff58b476608896274292e99d123dc7689f9bcf46007c828b971229f902,3,4405,outputs/final_results/automatic_metrics/qwen_base_zs_fs_metrics_400_clean.csv
334,6b7e86ff58b476608896274292e99d123dc7689f9bcf46007c828b971229f902,3,4405,outputs/segregated_results/open-source-base/eval/qwen_base_zs_fs_metrics_400_clean.csv
335,6b909fc7b06d2c848a4215ec0b19b2da94dccbddc8abb76ca123a6dc4417da85,3,1304,outputs/evaluation-and-correctness-may2026/commercial-new/gemini_3_flash_preview_P1_one_shot_java_400_v1_code_grounded_summary.json
335,6b909fc7b06d2c848a4215ec0b19b2da94dccbddc8abb76ca123a6dc4417da85,3,1304,outputs/segregated_results/commercial-base/evaluation-and-correctness-may2026/commercial-new/gemini_3_flash_preview_P1_one_shot_java_400_v1_code_grounded_summary.json
335,6b909fc7b06d2c848a4215ec0b19b2da94dccbddc8abb76ca123a6dc4417da85,3,1304,outputs/segregated_results/commercial-base/may2026/commercial-new/gemini_3_flash_preview_P1_one_shot_java_400_v1_code_grounded_summary.json
336,6c91fc42e849dc4e2bec8ef2221d493a3077ffe42da91471dd387c29d108c02e,3,224266,outputs/raw_generations/open-source-fine-tuned/gemma_2_2b_it_lora_multilang/gemma_2_2b_it_lora_multilang_P1_zero_shot_python_400_v1.jsonl
336,6c91fc42e849dc4e2bec8ef2221d493a3077ffe42da91471dd387c29d108c02e,3,224266,outputs/segregated_results/open-source-lora/_long_paths/6b6576e01b1d_gemma_2_2b_it_lora_multilang_P1_zero_shot_python_400_v1.jsonl
336,6c91fc42e849dc4e2bec8ef2221d493a3077ffe42da91471dd387c29d108c02e,3,224266,outputs/segregated_results/open-source-lora/raw/open-source-fine-tuned/gemma_2_2b_it_lora_multilang/gemma_2_2b_it_lora_multilang_P1_zero_shot_python_400_v1.jsonl
337,6cf00d9b3a256e5449a8a6b02406d808da02cf83bf8e06abd73dc9375016412d,3,333679,outputs/evaluation-and-correctness-may2026/open-source-fine-tuned/gemma_2_2b_it_lora_multilang/gemma_2_2b_it_lora_multilang_P1_few_shot_python_400_v1_detailed.jsonl
337,6cf00d9b3a256e5449a8a6b02406d808da02cf83bf8e06abd73dc9375016412d,3,333679,outputs/segregated_results/open-source-lora/_long_paths/a9b0dd53b8f0_gemma_2_2b_it_lora_multilang_P1_few_shot_python_400_v1_detailed.jsonl
337,6cf00d9b3a256e5449a8a6b02406d808da02cf83bf8e06abd73dc9375016412d,3,333679,outputs/segregated_results/open-source-lora/may2026/open-source-fine-tuned/gemma_2_2b_it_lora_multilang/gemma_2_2b_it_lora_multilang_P1_few_shot_python_400_v1_detailed.jsonl
338,6dc49050fa77a68e335f985189c34b4d0a493f1ffcd5e58424152cf403ebc8d2,3,165198,outputs/evaluation-and-correctness-may2026/final-results-tables-and-plots/plots/model_language_structural/google_gemma-2-2b-it_javascript_structural.png
338,6dc49050fa77a68e335f985189c34b4d0a493f1ffcd5e58424152cf403ebc8d2,3,165198,outputs/segregated_results/open-source-base/_long_paths/144f0d276f90_google_gemma-2-2b-it_javascript_structural.png
338,6dc49050fa77a68e335f985189c34b4d0a493f1ffcd5e58424152cf403ebc8d2,3,165198,outputs/segregated_results/open-source-base/may2026/final-results-tables-and-plots/plots/model_language_structural/google_gemma-2-2b-it_javascript_structural.png
339,6dd21b06171f51662eaf176aef99661302c4d1ba54a359bfca68dd96e92d22bd,3,1160,outputs/evaluation-and-correctness-may2026/open-source-fine-tuned/gemma_2_2b_it_lora_multilang/gemma_2_2b_it_lora_multilang_P1_few_shot_python_400_v1_summary.json
339,6dd21b06171f51662eaf176aef99661302c4d1ba54a359bfca68dd96e92d22bd,3,1160,outputs/segregated_results/open-source-lora/_long_paths/80f917558e10_gemma_2_2b_it_lora_multilang_P1_few_shot_python_400_v1_summary.json
339,6dd21b06171f51662eaf176aef99661302c4d1ba54a359bfca68dd96e92d22bd,3,1160,outputs/segregated_results/open-source-lora/may2026/open-source-fine-tuned/gemma_2_2b_it_lora_multilang/gemma_2_2b_it_lora_multilang_P1_few_shot_python_400_v1_summary.json
340,6e6474ce207d1da34848a753dd1462cb30a1411335c6ae047f61261ac2d7426d,3,228704,outputs/raw_generations/open-source-fine-tuned/qwen25_1_5b_instruct_lora_multilang/qwen25_1_5b_instruct_lora_multilang_P1_few_shot_javascript_400_v1.jsonl
340,6e6474ce207d1da34848a753dd1462cb30a1411335c6ae047f61261ac2d7426d,3,228704,outputs/segregated_results/open-source-lora/_long_paths/4e4599ab715f_qwen25_1_5b_instruct_lora_multilang_P1_few_shot_javascript_400_v1.jsonl
340,6e6474ce207d1da34848a753dd1462cb30a1411335c6ae047f61261ac2d7426d,3,228704,outputs/segregated_results/open-source-lora/raw/open-source-fine-tuned/qwen25_1_5b_instruct_lora_multilang/qwen25_1_5b_instruct_lora_multilang_P1_few_shot_javascript_400_v1.jsonl
341,6e98d122c0351e2072ec52e07dc75574181a77483bc2ac5dd72e2fcc975eb5f8,3,338413,outputs/raw_generations/open-source-fine-tuned/codegemma_2b_lora_multilang/codegemma_2b_lora_multilang_P1_few_shot_java_400_v1_detailed.jsonl
341,6e98d122c0351e2072ec52e07dc75574181a77483bc2ac5dd72e2fcc975eb5f8,3,338413,outputs/segregated_results/open-source-lora/_long_paths/d68a3cd92923_codegemma_2b_lora_multilang_P1_few_shot_java_400_v1_detailed.jsonl
341,6e98d122c0351e2072ec52e07dc75574181a77483bc2ac5dd72e2fcc975eb5f8,3,338413,outputs/segregated_results/open-source-lora/raw/open-source-fine-tuned/codegemma_2b_lora_multilang/codegemma_2b_lora_multilang_P1_few_shot_java_400_v1_detailed.jsonl
342,6edc679fa522eaebd03605be4ddddbf7bc4628c756996c450de7f43be7f2434a,3,348015,outputs/evaluation-and-correctness-may2026/commercial-new/gemini_3_flash_preview_P1_few_shot_javascript_400_v1_code_grounded_detailed.jsonl
342,6edc679fa522eaebd03605be4ddddbf7bc4628c756996c450de7f43be7f2434a,3,348015,outputs/segregated_results/commercial-base/evaluation-and-correctness-may2026/commercial-new/gemini_3_flash_preview_P1_few_shot_javascript_400_v1_code_grounded_detailed.jsonl
342,6edc679fa522eaebd03605be4ddddbf7bc4628c756996c450de7f43be7f2434a,3,348015,outputs/segregated_results/commercial-base/may2026/commercial-new/gemini_3_flash_preview_P1_few_shot_javascript_400_v1_code_grounded_detailed.jsonl
343,6eeba04378dfa0fe4a76576d505c89ada3456a6ab29faa412ed21516a9e6d90a,3,4814,outputs/evaluation-and-correctness-may2026/final-results-tables-and-plots/tables/family_language_prompt_averages.csv
343,6eeba04378dfa0fe4a76576d505c89ada3456a6ab29faa412ed21516a9e6d90a,3,4814,outputs/final_results/thesis_tables/family_language_prompt_averages.csv
343,6eeba04378dfa0fe4a76576d505c89ada3456a6ab29faa412ed21516a9e6d90a,3,4814,outputs/segregated_results/shared-aggregate/may2026/final-results-tables-and-plots/tables/family_language_prompt_averages.csv
344,6f8bbb4388e8f04932f84f6d6e4d652e23fb598c673373b133fe3dc321aae3c3,3,1111,outputs/evaluation-and-correctness-may2026/commercial-new/gpt_5_1_codex_P1_few_shot_python_400_v1_summary.json
344,6f8bbb4388e8f04932f84f6d6e4d652e23fb598c673373b133fe3dc321aae3c3,3,1111,outputs/segregated_results/commercial-base/evaluation-and-correctness-may2026/commercial-new/gpt_5_1_codex_P1_few_shot_python_400_v1_summary.json
344,6f8bbb4388e8f04932f84f6d6e4d652e23fb598c673373b133fe3dc321aae3c3,3,1111,outputs/segregated_results/commercial-base/may2026/commercial-new/gpt_5_1_codex_P1_few_shot_python_400_v1_summary.json
345,700bc24062c017f1f49c4fe941aeaf7aad98a13a4aa7da052e747849fb7c79b7,3,424951,outputs/evaluation-and-correctness-may2026/final-results-tables-and-plots/plots/per_language_prompt_trends/return_coverage/java_return_coverage_prompt_trend.png
345,700bc24062c017f1f49c4fe941aeaf7aad98a13a4aa7da052e747849fb7c79b7,3,424951,outputs/segregated_results/shared-aggregate/_long_paths/0fa4b8ef1bfd_java_return_coverage_prompt_trend.png
345,700bc24062c017f1f49c4fe941aeaf7aad98a13a4aa7da052e747849fb7c79b7,3,424951,outputs/segregated_results/shared-aggregate/may2026/final-results-tables-and-plots/plots/per_language_prompt_trends/return_coverage/java_return_coverage_prompt_trend.png
346,70551bc562af94e6299d0c48bd59f35bb79e635a397576bc44d1d9623a55b3ee,3,1250,outputs/evaluation-and-correctness-may2026/commercial-new/gpt_5_1_P1_one_shot_python_400_v1_code_grounded_summary.json
346,70551bc562af94e6299d0c48bd59f35bb79e635a397576bc44d1d9623a55b3ee,3,1250,outputs/segregated_results/commercial-base/evaluation-and-correctness-may2026/commercial-new/gpt_5_1_P1_one_shot_python_400_v1_code_grounded_summary.json
346,70551bc562af94e6299d0c48bd59f35bb79e635a397576bc44d1d9623a55b3ee,3,1250,outputs/segregated_results/commercial-base/may2026/commercial-new/gpt_5_1_P1_one_shot_python_400_v1_code_grounded_summary.json
347,715c8feea501f63c7d67ffa0ade0b3c8d0cb0839a37cf1380a3fd00048c64e9a,3,1109,outputs/evaluation-and-correctness-may2026/commercial-new/gemini_3_flash_preview_P1_one_shot_python_400_v1_summary.json
347,715c8feea501f63c7d67ffa0ade0b3c8d0cb0839a37cf1380a3fd00048c64e9a,3,1109,outputs/segregated_results/commercial-base/evaluation-and-correctness-may2026/commercial-new/gemini_3_flash_preview_P1_one_shot_python_400_v1_summary.json
347,715c8feea501f63c7d67ffa0ade0b3c8d0cb0839a37cf1380a3fd00048c64e9a,3,1109,outputs/segregated_results/commercial-base/may2026/commercial-new/gemini_3_flash_preview_P1_one_shot_python_400_v1_summary.json
348,7474287abe5c93c48319d4baa6564bd168b365d93164cea5aac81584e0ecb20f,3,265076,outputs/raw_generations/open-source-fine-tuned/qwen25_1_5b_instruct_lora_multilang/qwen25_1_5b_instruct_lora_multilang_P1_zero_shot_java_400_v1.jsonl
348,7474287abe5c93c48319d4baa6564bd168b365d93164cea5aac81584e0ecb20f,3,265076,outputs/segregated_results/open-source-lora/_long_paths/e81392b1067e_qwen25_1_5b_instruct_lora_multilang_P1_zero_shot_java_400_v1.jsonl
348,7474287abe5c93c48319d4baa6564bd168b365d93164cea5aac81584e0ecb20f,3,265076,outputs/segregated_results/open-source-lora/raw/open-source-fine-tuned/qwen25_1_5b_instruct_lora_multilang/qwen25_1_5b_instruct_lora_multilang_P1_zero_shot_java_400_v1.jsonl
349,74db78980ba2cf9973d9d97a8676cb91f68d1c9006950837e5207363276f3641,3,343862,outputs/evaluation-and-correctness-may2026/commercial-new/gpt_5_1_P1_zero_shot_javascript_400_v1_detailed.jsonl
349,74db78980ba2cf9973d9d97a8676cb91f68d1c9006950837e5207363276f3641,3,343862,outputs/segregated_results/commercial-base/evaluation-and-correctness-may2026/commercial-new/gpt_5_1_P1_zero_shot_javascript_400_v1_detailed.jsonl
349,74db78980ba2cf9973d9d97a8676cb91f68d1c9006950837e5207363276f3641,3,343862,outputs/segregated_results/commercial-base/may2026/commercial-new/gpt_5_1_P1_zero_shot_javascript_400_v1_detailed.jsonl
350,762a45864bb3a7978c8fd0ded26c2cb950ecbf5b8a4b859c69f86cb465c57bc9,3,1338,outputs/evaluation_And_corrctness_may2026_1/saturation_experiment/qwen25_coder_1_5b_instruct_P1_zero_shot_python_600_v1_code_grounded_summary.json
350,762a45864bb3a7978c8fd0ded26c2cb950ecbf5b8a4b859c69f86cb465c57bc9,3,1338,outputs/segregated_results/open-source-base/_long_paths/9fbcc10e371e_qwen25_coder_1_5b_instruct_P1_zero_shot_python_600_v1_code_grounded_summary.json
350,762a45864bb3a7978c8fd0ded26c2cb950ecbf5b8a4b859c69f86cb465c57bc9,3,1338,outputs/segregated_results/open-source-base/may2026_legacy/saturation_experiment/qwen25_coder_1_5b_instruct_P1_zero_shot_python_600_v1_code_grounded_summary.json
351,77623c6432d18524a61609d855861ef6eeca0edf1986363908ebacd10514158e,3,1066,outputs/evaluation-and-correctness-may2026/commercial-new/gpt_5_4_P1_zero_shot_java_400_v1_summary.json
351,77623c6432d18524a61609d855861ef6eeca0edf1986363908ebacd10514158e,3,1066,outputs/segregated_results/commercial-base/evaluation-and-correctness-may2026/commercial-new/gpt_5_4_P1_zero_shot_java_400_v1_summary.json
351,77623c6432d18524a61609d855861ef6eeca0edf1986363908ebacd10514158e,3,1066,outputs/segregated_results/commercial-base/may2026/commercial-new/gpt_5_4_P1_zero_shot_java_400_v1_summary.json
352,784a9cc5b01b43c41ba6013c3e00db1115fe2f485f2eb4fa9ae1aa2d2be10429,3,336735,outputs/evaluation-and-correctness-may2026/commercial-new/gemini_3_flash_preview_P1_one_shot_python_400_v1_detailed.jsonl
352,784a9cc5b01b43c41ba6013c3e00db1115fe2f485f2eb4fa9ae1aa2d2be10429,3,336735,outputs/segregated_results/commercial-base/evaluation-and-correctness-may2026/commercial-new/gemini_3_flash_preview_P1_one_shot_python_400_v1_detailed.jsonl
352,784a9cc5b01b43c41ba6013c3e00db1115fe2f485f2eb4fa9ae1aa2d2be10429,3,336735,outputs/segregated_results/commercial-base/may2026/commercial-new/gemini_3_flash_preview_P1_one_shot_python_400_v1_detailed.jsonl
353,79a5a75e85cd86e50f86df28a62066ffe3a0b89d0e9310b939d8cb22e2b69606,3,1067,outputs/evaluation-and-correctness-may2026/commercial-new/gpt_5_1_P1_zero_shot_python_10_smoke_v3_summary.json
353,79a5a75e85cd86e50f86df28a62066ffe3a0b89d0e9310b939d8cb22e2b69606,3,1067,outputs/segregated_results/commercial-base/evaluation-and-correctness-may2026/commercial-new/gpt_5_1_P1_zero_shot_python_10_smoke_v3_summary.json
353,79a5a75e85cd86e50f86df28a62066ffe3a0b89d0e9310b939d8cb22e2b69606,3,1067,outputs/segregated_results/commercial-base/may2026/commercial-new/gpt_5_1_P1_zero_shot_python_10_smoke_v3_summary.json
354,7b098a143ae41c03a4e8d4f77f23264690d03dcac7b93e1b8bfb90de30838ea6,3,1095,outputs/evaluation-and-correctness-may2026/commercial-new/deepseek_chat_P1_few_shot_javascript_400_v1_summary.json
354,7b098a143ae41c03a4e8d4f77f23264690d03dcac7b93e1b8bfb90de30838ea6,3,1095,outputs/segregated_results/commercial-base/evaluation-and-correctness-may2026/commercial-new/deepseek_chat_P1_few_shot_javascript_400_v1_summary.json
354,7b098a143ae41c03a4e8d4f77f23264690d03dcac7b93e1b8bfb90de30838ea6,3,1095,outputs/segregated_results/commercial-base/may2026/commercial-new/deepseek_chat_P1_few_shot_javascript_400_v1_summary.json
355,7cd6f217d12bbd8f51e6a0df9e506dd4612a87fcf30cbd9f72e2152ecaa435e9,3,331814,outputs/evaluation-and-correctness-may2026/commercial-new/deepseek_chat_P1_few_shot_javascript_400_v1_detailed.jsonl
355,7cd6f217d12bbd8f51e6a0df9e506dd4612a87fcf30cbd9f72e2152ecaa435e9,3,331814,outputs/segregated_results/commercial-base/evaluation-and-correctness-may2026/commercial-new/deepseek_chat_P1_few_shot_javascript_400_v1_detailed.jsonl
355,7cd6f217d12bbd8f51e6a0df9e506dd4612a87fcf30cbd9f72e2152ecaa435e9,3,331814,outputs/segregated_results/commercial-base/may2026/commercial-new/deepseek_chat_P1_few_shot_javascript_400_v1_detailed.jsonl
356,7dd6b60c775c38f34ced4e578b18c434eedf3bb513e3b2360bdd94078a6e67f0,3,1243,outputs/evaluation-and-correctness-may2026/commercial-new/deepseek_reasoner_P1_zero_shot_python_400_v1_code_grounded_summary.json
356,7dd6b60c775c38f34ced4e578b18c434eedf3bb513e3b2360bdd94078a6e67f0,3,1243,outputs/segregated_results/commercial-base/evaluation-and-correctness-may2026/commercial-new/deepseek_reasoner_P1_zero_shot_python_400_v1_code_grounded_summary.json
356,7dd6b60c775c38f34ced4e578b18c434eedf3bb513e3b2360bdd94078a6e67f0,3,1243,outputs/segregated_results/commercial-base/may2026/commercial-new/deepseek_reasoner_P1_zero_shot_python_400_v1_code_grounded_summary.json
357,7e0a0650fec3c4891ee874fb37c222f92e0f16da2fbc0959b756f6fb8987e51d,3,1311,outputs/evaluation-and-correctness-may2026/commercial-new/gemini_3_flash_preview_P1_zero_shot_java_400_v1_code_grounded_summary.json
357,7e0a0650fec3c4891ee874fb37c222f92e0f16da2fbc0959b756f6fb8987e51d,3,1311,outputs/segregated_results/commercial-base/evaluation-and-correctness-may2026/commercial-new/gemini_3_flash_preview_P1_zero_shot_java_400_v1_code_grounded_summary.json
357,7e0a0650fec3c4891ee874fb37c222f92e0f16da2fbc0959b756f6fb8987e51d,3,1311,outputs/segregated_results/commercial-base/may2026/commercial-new/gemini_3_flash_preview_P1_zero_shot_java_400_v1_code_grounded_summary.json
358,7fa90725f4126564b19d383e437c6aedffcaf889909a9c6434964ccd048d25f5,3,1314,outputs/evaluation_And_corrctness_may2026_1/saturation_experiment/qwen25_coder_1_5b_instruct_P1_zero_shot_python_800_v1_code_grounded_summary.json
358,7fa90725f4126564b19d383e437c6aedffcaf889909a9c6434964ccd048d25f5,3,1314,outputs/segregated_results/open-source-base/_long_paths/7c05739fb4ac_qwen25_coder_1_5b_instruct_P1_zero_shot_python_800_v1_code_grounded_summary.json
358,7fa90725f4126564b19d383e437c6aedffcaf889909a9c6434964ccd048d25f5,3,1314,outputs/segregated_results/open-source-base/may2026_legacy/saturation_experiment/qwen25_coder_1_5b_instruct_P1_zero_shot_python_800_v1_code_grounded_summary.json
359,810a97b80732522b81e4aacf9a0b55a02514250e9ba48bd83145f09664f61aa2,3,342000,outputs/evaluation-and-correctness-may2026/commercial-new/gpt_5_1_P1_one_shot_javascript_400_v1_detailed.jsonl
359,810a97b80732522b81e4aacf9a0b55a02514250e9ba48bd83145f09664f61aa2,3,342000,outputs/segregated_results/commercial-base/evaluation-and-correctness-may2026/commercial-new/gpt_5_1_P1_one_shot_javascript_400_v1_detailed.jsonl
359,810a97b80732522b81e4aacf9a0b55a02514250e9ba48bd83145f09664f61aa2,3,342000,outputs/segregated_results/commercial-base/may2026/commercial-new/gpt_5_1_P1_one_shot_javascript_400_v1_detailed.jsonl
360,81beda89c650db9cf4491ddee262fdf21cf03d65f37a009ef047df09cbf93b7a,3,108650,outputs/evaluation-and-correctness-may2026/final-results-tables-and-plots/plots/model_language_structural/Qwen_Qwen2.5-1.5B-Instruct_python_structural.png
360,81beda89c650db9cf4491ddee262fdf21cf03d65f37a009ef047df09cbf93b7a,3,108650,outputs/segregated_results/open-source-base/_long_paths/f9413571d0a6_Qwen_Qwen2.5-1.5B-Instruct_python_structural.png
360,81beda89c650db9cf4491ddee262fdf21cf03d65f37a009ef047df09cbf93b7a,3,108650,outputs/segregated_results/open-source-base/may2026/final-results-tables-and-plots/plots/model_language_structural/Qwen_Qwen2.5-1.5B-Instruct_python_structural.png
361,83401f9de138bc470196c29af5b5b8c50b01a76c7d328cf9d9d8e9768bfdb1c9,3,340995,outputs/evaluation-and-correctness-may2026/final-results-tables-and-plots/plots/per_language_prompt_trends/omission_rate/python_omission_rate_prompt_trend.png
361,83401f9de138bc470196c29af5b5b8c50b01a76c7d328cf9d9d8e9768bfdb1c9,3,340995,outputs/segregated_results/shared-aggregate/_long_paths/0a762dfe925b_python_omission_rate_prompt_trend.png
361,83401f9de138bc470196c29af5b5b8c50b01a76c7d328cf9d9d8e9768bfdb1c9,3,340995,outputs/segregated_results/shared-aggregate/may2026/final-results-tables-and-plots/plots/per_language_prompt_trends/omission_rate/python_omission_rate_prompt_trend.png
362,842349a8057c7872baa5cdc2b3a1f50630a30e581e6adc07727b342d94a83433,3,58296,outputs/evaluation-and-correctness-may2026/final-results-tables-and-plots/tables/clean_full_results.csv
362,842349a8057c7872baa5cdc2b3a1f50630a30e581e6adc07727b342d94a83433,3,58296,outputs/final_results/thesis_tables/clean_full_results.csv
362,842349a8057c7872baa5cdc2b3a1f50630a30e581e6adc07727b342d94a83433,3,58296,outputs/segregated_results/shared-aggregate/may2026/final-results-tables-and-plots/tables/clean_full_results.csv
363,844b135f9a576522e178bebe3ca37888e3b7951ec191aff883b5ca8f5fed8ae9,3,1124,outputs/evaluation-and-correctness-may2026/commercial-new/gpt_5_1_codex_P1_zero_shot_javascript_400_v1_summary.json
363,844b135f9a576522e178bebe3ca37888e3b7951ec191aff883b5ca8f5fed8ae9,3,1124,outputs/segregated_results/commercial-base/evaluation-and-correctness-may2026/commercial-new/gpt_5_1_codex_P1_zero_shot_javascript_400_v1_summary.json
363,844b135f9a576522e178bebe3ca37888e3b7951ec191aff883b5ca8f5fed8ae9,3,1124,outputs/segregated_results/commercial-base/may2026/commercial-new/gpt_5_1_codex_P1_zero_shot_javascript_400_v1_summary.json
364,84b651176b803fd06714b06cc31a8e65d49bf1dd9b18dd29210a06e517999654,3,1278,outputs/evaluation-and-correctness-may2026/commercial-new/gpt_5_1_P1_few_shot_java_400_v1_code_grounded_summary.json
364,84b651176b803fd06714b06cc31a8e65d49bf1dd9b18dd29210a06e517999654,3,1278,outputs/segregated_results/commercial-base/evaluation-and-correctness-may2026/commercial-new/gpt_5_1_P1_few_shot_java_400_v1_code_grounded_summary.json
364,84b651176b803fd06714b06cc31a8e65d49bf1dd9b18dd29210a06e517999654,3,1278,outputs/segregated_results/commercial-base/may2026/commercial-new/gpt_5_1_P1_few_shot_java_400_v1_code_grounded_summary.json
365,864ba0333dcd2da54f95448cca31f0bf1c254d14bc8c0b3a71f3646a3dd73fb5,3,337959,outputs/evaluation-and-correctness-may2026/commercial-new/deepseek_chat_P1_zero_shot_javascript_400_v1_detailed.jsonl
365,864ba0333dcd2da54f95448cca31f0bf1c254d14bc8c0b3a71f3646a3dd73fb5,3,337959,outputs/segregated_results/commercial-base/evaluation-and-correctness-may2026/commercial-new/deepseek_chat_P1_zero_shot_javascript_400_v1_detailed.jsonl
365,864ba0333dcd2da54f95448cca31f0bf1c254d14bc8c0b3a71f3646a3dd73fb5,3,337959,outputs/segregated_results/commercial-base/may2026/commercial-new/deepseek_chat_P1_zero_shot_javascript_400_v1_detailed.jsonl
366,8705c522656a0c829efca033460169ce4a7c029219b5e96f3d568aa8f17cde36,3,333043,outputs/evaluation-and-correctness-may2026/commercial-new/gemini_3_flash_preview_P1_one_shot_javascript_400_v1_code_grounded_detailed.jsonl
366,8705c522656a0c829efca033460169ce4a7c029219b5e96f3d568aa8f17cde36,3,333043,outputs/segregated_results/commercial-base/evaluation-and-correctness-may2026/commercial-new/gemini_3_flash_preview_P1_one_shot_javascript_400_v1_code_grounded_detailed.jsonl
366,8705c522656a0c829efca033460169ce4a7c029219b5e96f3d568aa8f17cde36,3,333043,outputs/segregated_results/commercial-base/may2026/commercial-new/gemini_3_flash_preview_P1_one_shot_javascript_400_v1_code_grounded_detailed.jsonl
367,876c8acb41029c19c3e8597a442104daea837bf9fd6c339d3b51e2a13f63aa4b,3,1121,outputs/evaluation-and-correctness-may2026/commercial-new/deepseek_chat_P1_one_shot_javascript_400_v1_summary.json
367,876c8acb41029c19c3e8597a442104daea837bf9fd6c339d3b51e2a13f63aa4b,3,1121,outputs/segregated_results/commercial-base/evaluation-and-correctness-may2026/commercial-new/deepseek_chat_P1_one_shot_javascript_400_v1_summary.json
367,876c8acb41029c19c3e8597a442104daea837bf9fd6c339d3b51e2a13f63aa4b,3,1121,outputs/segregated_results/commercial-base/may2026/commercial-new/deepseek_chat_P1_one_shot_javascript_400_v1_summary.json
368,8783746e7bc55910f35ffe3945d13adb2b9ed62b9992b37cf1f143e887be74a2,3,1106,outputs/evaluation-and-correctness-may2026/commercial-new/gpt_5_1_codex_P1_zero_shot_java_400_v1_summary.json
368,8783746e7bc55910f35ffe3945d13adb2b9ed62b9992b37cf1f143e887be74a2,3,1106,outputs/segregated_results/commercial-base/evaluation-and-correctness-may2026/commercial-new/gpt_5_1_codex_P1_zero_shot_java_400_v1_summary.json
368,8783746e7bc55910f35ffe3945d13adb2b9ed62b9992b37cf1f143e887be74a2,3,1106,outputs/segregated_results/commercial-base/may2026/commercial-new/gpt_5_1_codex_P1_zero_shot_java_400_v1_summary.json
369,884cbc2eb03819afea5c04535f9bda60f957b7b8db303213f1320629856844a9,3,341844,outputs/evaluation-and-correctness-may2026/open-source-fine-tuned/codegemma_2b_lora_multilang/codegemma_2b_lora_multilang_P1_zero_shot_java_400_v1_detailed.jsonl
369,884cbc2eb03819afea5c04535f9bda60f957b7b8db303213f1320629856844a9,3,341844,outputs/segregated_results/open-source-lora/_long_paths/b1cb2f4a2a43_codegemma_2b_lora_multilang_P1_zero_shot_java_400_v1_detailed.jsonl
369,884cbc2eb03819afea5c04535f9bda60f957b7b8db303213f1320629856844a9,3,341844,outputs/segregated_results/open-source-lora/may2026/open-source-fine-tuned/codegemma_2b_lora_multilang/codegemma_2b_lora_multilang_P1_zero_shot_java_400_v1_detailed.jsonl
370,888bdaf067234c1e198aad259dc2a7cc1e5d3c5ec0ac96ca1ef64f050de35bee,3,1069,outputs/evaluation-and-correctness-may2026/commercial-new/gpt_5_4_P1_zero_shot_python_10_smoke_v1_summary.json
370,888bdaf067234c1e198aad259dc2a7cc1e5d3c5ec0ac96ca1ef64f050de35bee,3,1069,outputs/segregated_results/commercial-base/evaluation-and-correctness-may2026/commercial-new/gpt_5_4_P1_zero_shot_python_10_smoke_v1_summary.json
370,888bdaf067234c1e198aad259dc2a7cc1e5d3c5ec0ac96ca1ef64f050de35bee,3,1069,outputs/segregated_results/commercial-base/may2026/commercial-new/gpt_5_4_P1_zero_shot_python_10_smoke_v1_summary.json
371,89449da8d76b8206039ff95e4c74c068b5bba1e5e641d6b2253e051b46cea22d,3,1109,outputs/evaluation-and-correctness-may2026/commercial-new/gemini_3_flash_preview_P1_one_shot_java_400_v1_summary.json
371,89449da8d76b8206039ff95e4c74c068b5bba1e5e641d6b2253e051b46cea22d,3,1109,outputs/segregated_results/commercial-base/evaluation-and-correctness-may2026/commercial-new/gemini_3_flash_preview_P1_one_shot_java_400_v1_summary.json
371,89449da8d76b8206039ff95e4c74c068b5bba1e5e641d6b2253e051b46cea22d,3,1109,outputs/segregated_results/commercial-base/may2026/commercial-new/gemini_3_flash_preview_P1_one_shot_java_400_v1_summary.json
372,8be96a1a52e18102327ad17aade9042db4ebf198b42c120d00dfad33d873f28f,3,239135,outputs/raw_generations/open-source-fine-tuned/qwen25_1_5b_instruct_lora_multilang/qwen25_1_5b_instruct_lora_multilang_P1_few_shot_python_400_v1.jsonl
372,8be96a1a52e18102327ad17aade9042db4ebf198b42c120d00dfad33d873f28f,3,239135,outputs/segregated_results/open-source-lora/_long_paths/db939e55cfdc_qwen25_1_5b_instruct_lora_multilang_P1_few_shot_python_400_v1.jsonl
372,8be96a1a52e18102327ad17aade9042db4ebf198b42c120d00dfad33d873f28f,3,239135,outputs/segregated_results/open-source-lora/raw/open-source-fine-tuned/qwen25_1_5b_instruct_lora_multilang/qwen25_1_5b_instruct_lora_multilang_P1_few_shot_python_400_v1.jsonl
373,8ea603c226109edeeacfed1a8c81e324f6450b9f5048b72faabf2f66a4ec3bd3,3,146312,outputs/evaluation-and-correctness-may2026/final-results-tables-and-plots/plots/family_language_prompt/java_omission_rate_by_family_prompt.png
373,8ea603c226109edeeacfed1a8c81e324f6450b9f5048b72faabf2f66a4ec3bd3,3,146312,outputs/segregated_results/shared-aggregate/evaluation-and-correctness-may2026/final-results-tables-and-plots/plots/family_language_prompt/java_omission_rate_by_family_prompt.png
373,8ea603c226109edeeacfed1a8c81e324f6450b9f5048b72faabf2f66a4ec3bd3,3,146312,outputs/segregated_results/shared-aggregate/may2026/final-results-tables-and-plots/plots/family_language_prompt/java_omission_rate_by_family_prompt.png
374,908fb8e5a944b15eb0d9e7454ac3994f2871faa31e1d3bd95cb177c83e1da1bd,3,459929,outputs/evaluation-and-correctness-may2026/all_results_combined_full_merged.json
374,908fb8e5a944b15eb0d9e7454ac3994f2871faa31e1d3bd95cb177c83e1da1bd,3,459929,outputs/segregated_results/shared-aggregate/evaluation-and-correctness-may2026/all_results_combined_full_merged.json
374,908fb8e5a944b15eb0d9e7454ac3994f2871faa31e1d3bd95cb177c83e1da1bd,3,459929,outputs/segregated_results/shared-aggregate/may2026/all_results_combined_full_merged.json
375,9156d7928a43e5056972812417a9b60c59f2eb3804d73688c76c0b40c4bd5fdb,3,371543,outputs/evaluation-and-correctness-may2026/final-results-tables-and-plots/plots/per_language_prompt_trends/return_coverage/python_return_coverage_prompt_trend.png
375,9156d7928a43e5056972812417a9b60c59f2eb3804d73688c76c0b40c4bd5fdb,3,371543,outputs/segregated_results/shared-aggregate/_long_paths/1dc136a10616_python_return_coverage_prompt_trend.png
375,9156d7928a43e5056972812417a9b60c59f2eb3804d73688c76c0b40c4bd5fdb,3,371543,outputs/segregated_results/shared-aggregate/may2026/final-results-tables-and-plots/plots/per_language_prompt_trends/return_coverage/python_return_coverage_prompt_trend.png
376,91e520026d0234521d4f4e6112e939448a7bf7891cecd44df76711ff71e7d92b,3,398473,outputs/evaluation_And_corrctness_may2026_1/decoding_sensitivity/qwen25_coder_1_5b_instruct_P1_zero_shot_python_400_t05_p09_k50_v1_code_grounded_detailed.jsonl
376,91e520026d0234521d4f4e6112e939448a7bf7891cecd44df76711ff71e7d92b,3,398473,outputs/segregated_results/open-source-base/_long_paths/e51316d5e1ff_qwen25_coder_1_5b_instruct_P1_zero_shot_python_400_t05_p09_k50_v1_code_grounded_deta.jsonl
376,91e520026d0234521d4f4e6112e939448a7bf7891cecd44df76711ff71e7d92b,3,398473,outputs/segregated_results/open-source-base/may2026_legacy/decoding_sensitivity/qwen25_coder_1_5b_instruct_P1_zero_shot_python_400_t05_p09_k50_v1_code_grounded_detailed.jsonl
377,9274728b6210e950be7848b9cffa77dd64e404b61721ddd830ca79537ee03404,3,388050,outputs/evaluation-and-correctness-may2026/final-results-tables-and-plots/plots/per_language_prompt_trends/omission_rate/javascript_omission_rate_prompt_trend.png
377,9274728b6210e950be7848b9cffa77dd64e404b61721ddd830ca79537ee03404,3,388050,outputs/segregated_results/shared-aggregate/_long_paths/643496768475_javascript_omission_rate_prompt_trend.png
377,9274728b6210e950be7848b9cffa77dd64e404b61721ddd830ca79537ee03404,3,388050,outputs/segregated_results/shared-aggregate/may2026/final-results-tables-and-plots/plots/per_language_prompt_trends/omission_rate/javascript_omission_rate_prompt_trend.png
378,92e8e74971ad47e590d2b0e6077baf0897e22002ad9f5d75d5c4a36425038076,3,162468,outputs/evaluation-and-correctness-may2026/final-results-tables-and-plots/plots/model_language_structural/codegemma_2b_lora_multilang_java_structural.png
378,92e8e74971ad47e590d2b0e6077baf0897e22002ad9f5d75d5c4a36425038076,3,162468,outputs/segregated_results/open-source-lora/_long_paths/c42e4185256f_codegemma_2b_lora_multilang_java_structural.png
378,92e8e74971ad47e590d2b0e6077baf0897e22002ad9f5d75d5c4a36425038076,3,162468,outputs/segregated_results/open-source-lora/may2026/final-results-tables-and-plots/plots/model_language_structural/codegemma_2b_lora_multilang_java_structural.png
379,93633ff04bf4ea036c61bc096a55459a2cdca64fc0e102d2e24031ad708b68d5,3,340893,outputs/evaluation-and-correctness-may2026/commercial-new/gpt_5_1_P1_few_shot_python_400_v1_detailed.jsonl
379,93633ff04bf4ea036c61bc096a55459a2cdca64fc0e102d2e24031ad708b68d5,3,340893,outputs/segregated_results/commercial-base/evaluation-and-correctness-may2026/commercial-new/gpt_5_1_P1_few_shot_python_400_v1_detailed.jsonl
379,93633ff04bf4ea036c61bc096a55459a2cdca64fc0e102d2e24031ad708b68d5,3,340893,outputs/segregated_results/commercial-base/may2026/commercial-new/gpt_5_1_P1_few_shot_python_400_v1_detailed.jsonl
380,938adb35367c749d4f3ed8b822658f72b719e42014e846f594c49030c3d679ea,3,1290,outputs/evaluation-and-correctness-may2026/commercial-new/gemini_3_flash_preview_P1_few_shot_python_400_v1_code_grounded_summary.json
380,938adb35367c749d4f3ed8b822658f72b719e42014e846f594c49030c3d679ea,3,1290,outputs/segregated_results/commercial-base/evaluation-and-correctness-may2026/commercial-new/gemini_3_flash_preview_P1_few_shot_python_400_v1_code_grounded_summary.json
380,938adb35367c749d4f3ed8b822658f72b719e42014e846f594c49030c3d679ea,3,1290,outputs/segregated_results/commercial-base/may2026/commercial-new/gemini_3_flash_preview_P1_few_shot_python_400_v1_code_grounded_summary.json
381,93bfe6afe922ddd46a6262d22c32bbcd25ea7f556f469ae14072196b52e76804,3,347593,outputs/evaluation-and-correctness-may2026/open-source-fine-tuned/gemma_2_2b_it_lora_multilang/gemma_2_2b_it_lora_multilang_P1_one_shot_java_400_v1_detailed.jsonl
381,93bfe6afe922ddd46a6262d22c32bbcd25ea7f556f469ae14072196b52e76804,3,347593,outputs/segregated_results/open-source-lora/_long_paths/09ab61533cec_gemma_2_2b_it_lora_multilang_P1_one_shot_java_400_v1_detailed.jsonl
381,93bfe6afe922ddd46a6262d22c32bbcd25ea7f556f469ae14072196b52e76804,3,347593,outputs/segregated_results/open-source-lora/may2026/open-source-fine-tuned/gemma_2_2b_it_lora_multilang/gemma_2_2b_it_lora_multilang_P1_one_shot_java_400_v1_detailed.jsonl
382,944c01f48a20fe95a69a573a1b0a21a6a75234eb5e8144e32809d3938e32ce98,3,234445,outputs/raw_generations/open-source-fine-tuned/codegemma_2b_lora_multilang/codegemma_2b_lora_multilang_P1_zero_shot_javascript_400_v1.jsonl
382,944c01f48a20fe95a69a573a1b0a21a6a75234eb5e8144e32809d3938e32ce98,3,234445,outputs/segregated_results/open-source-lora/_long_paths/9e28743cb46e_codegemma_2b_lora_multilang_P1_zero_shot_javascript_400_v1.jsonl
382,944c01f48a20fe95a69a573a1b0a21a6a75234eb5e8144e32809d3938e32ce98,3,234445,outputs/segregated_results/open-source-lora/raw/open-source-fine-tuned/codegemma_2b_lora_multilang/codegemma_2b_lora_multilang_P1_zero_shot_javascript_400_v1.jsonl
383,94777e1bd8a76df104d5b6b2f4917d220d79df189f218ace922f84dde68c81ca,3,253688,outputs/raw_generations/open-source-fine-tuned/qwen25_coder_1_5b_lora_multilang/qwen25_coder_1_5b_instruct_lora_multilang_P1_few_shot_java_400_v1.jsonl
383,94777e1bd8a76df104d5b6b2f4917d220d79df189f218ace922f84dde68c81ca,3,253688,outputs/segregated_results/open-source-lora/_long_paths/a50cb9a42dc7_qwen25_coder_1_5b_instruct_lora_multilang_P1_few_shot_java_400_v1.jsonl
383,94777e1bd8a76df104d5b6b2f4917d220d79df189f218ace922f84dde68c81ca,3,253688,outputs/segregated_results/open-source-lora/raw/open-source-fine-tuned/qwen25_coder_1_5b_lora_multilang/qwen25_coder_1_5b_instruct_lora_multilang_P1_few_shot_java_400_v1.jsonl
384,95732dc50e3b8b3b2c65111e3935092b55b574eefdac93fa75f560fb06f587b0,3,1069,outputs/evaluation-and-correctness-may2026/commercial-new/gpt_5_1_P1_one_shot_python_400_v1_summary.json
384,95732dc50e3b8b3b2c65111e3935092b55b574eefdac93fa75f560fb06f587b0,3,1069,outputs/segregated_results/commercial-base/evaluation-and-correctness-may2026/commercial-new/gpt_5_1_P1_one_shot_python_400_v1_summary.json
384,95732dc50e3b8b3b2c65111e3935092b55b574eefdac93fa75f560fb06f587b0,3,1069,outputs/segregated_results/commercial-base/may2026/commercial-new/gpt_5_1_P1_one_shot_python_400_v1_summary.json
385,9648ffe076a65d7b47dd63aa62027c7dc8ba7e07ca7d347a687306a0b548070f,3,340316,outputs/evaluation-and-correctness-may2026/commercial-new/gpt_5_4_P1_zero_shot_java_400_v1_detailed.jsonl
385,9648ffe076a65d7b47dd63aa62027c7dc8ba7e07ca7d347a687306a0b548070f,3,340316,outputs/segregated_results/commercial-base/evaluation-and-correctness-may2026/commercial-new/gpt_5_4_P1_zero_shot_java_400_v1_detailed.jsonl
385,9648ffe076a65d7b47dd63aa62027c7dc8ba7e07ca7d347a687306a0b548070f,3,340316,outputs/segregated_results/commercial-base/may2026/commercial-new/gpt_5_4_P1_zero_shot_java_400_v1_detailed.jsonl
386,97418dafe5b13a521d13f7b7636c3d0ae9e6c13e77687f25f7bb800102d68d2d,3,1322,outputs/evaluation-and-correctness-may2026/commercial-new/gemini_3_flash_preview_P1_one_shot_javascript_400_v1_code_grounded_summary.json
386,97418dafe5b13a521d13f7b7636c3d0ae9e6c13e77687f25f7bb800102d68d2d,3,1322,outputs/segregated_results/commercial-base/evaluation-and-correctness-may2026/commercial-new/gemini_3_flash_preview_P1_one_shot_javascript_400_v1_code_grounded_summary.json
386,97418dafe5b13a521d13f7b7636c3d0ae9e6c13e77687f25f7bb800102d68d2d,3,1322,outputs/segregated_results/commercial-base/may2026/commercial-new/gemini_3_flash_preview_P1_one_shot_javascript_400_v1_code_grounded_summary.json
387,977512b3a1df515f1b277102ca7bf2730179c9752d2203ff639e73433f198a50,3,1270,outputs/evaluation-and-correctness-may2026/commercial-new/gpt_5_1_codex_P1_one_shot_python_400_v1_code_grounded_summary.json
387,977512b3a1df515f1b277102ca7bf2730179c9752d2203ff639e73433f198a50,3,1270,outputs/segregated_results/commercial-base/evaluation-and-correctness-may2026/commercial-new/gpt_5_1_codex_P1_one_shot_python_400_v1_code_grounded_summary.json
387,977512b3a1df515f1b277102ca7bf2730179c9752d2203ff639e73433f198a50,3,1270,outputs/segregated_results/commercial-base/may2026/commercial-new/gpt_5_1_codex_P1_one_shot_python_400_v1_code_grounded_summary.json
388,98bd741236941971b1bbe63b36e0dc2a0e07e96cc4fa5aa377b8dd70d870aaf4,3,335795,outputs/evaluation-and-correctness-may2026/commercial-new/gemini_3_flash_preview_P1_few_shot_python_400_v1_detailed.jsonl
388,98bd741236941971b1bbe63b36e0dc2a0e07e96cc4fa5aa377b8dd70d870aaf4,3,335795,outputs/segregated_results/commercial-base/evaluation-and-correctness-may2026/commercial-new/gemini_3_flash_preview_P1_few_shot_python_400_v1_detailed.jsonl
388,98bd741236941971b1bbe63b36e0dc2a0e07e96cc4fa5aa377b8dd70d870aaf4,3,335795,outputs/segregated_results/commercial-base/may2026/commercial-new/gemini_3_flash_preview_P1_few_shot_python_400_v1_detailed.jsonl
389,9ade424a3cb9a0a174b9f0b2afc338cd3cfdbfa11cb123a1c80d47881ad0ad02,3,358970,outputs/evaluation-and-correctness-may2026/commercial-new/gemini_3_flash_preview_P1_few_shot_java_400_v1_detailed.jsonl
389,9ade424a3cb9a0a174b9f0b2afc338cd3cfdbfa11cb123a1c80d47881ad0ad02,3,358970,outputs/segregated_results/commercial-base/evaluation-and-correctness-may2026/commercial-new/gemini_3_flash_preview_P1_few_shot_java_400_v1_detailed.jsonl
389,9ade424a3cb9a0a174b9f0b2afc338cd3cfdbfa11cb123a1c80d47881ad0ad02,3,358970,outputs/segregated_results/commercial-base/may2026/commercial-new/gemini_3_flash_preview_P1_few_shot_java_400_v1_detailed.jsonl
390,9b0a4ef547abb96cc783ec0121e6b5d20924896dea99b794660181b4f9c3346c,3,1109,outputs/evaluation-and-correctness-may2026/commercial-new/gpt_5_3_codex_P1_zero_shot_python_10_smoke_v1_summary.json
390,9b0a4ef547abb96cc783ec0121e6b5d20924896dea99b794660181b4f9c3346c,3,1109,outputs/segregated_results/commercial-base/evaluation-and-correctness-may2026/commercial-new/gpt_5_3_codex_P1_zero_shot_python_10_smoke_v1_summary.json
390,9b0a4ef547abb96cc783ec0121e6b5d20924896dea99b794660181b4f9c3346c,3,1109,outputs/segregated_results/commercial-base/may2026/commercial-new/gpt_5_3_codex_P1_zero_shot_python_10_smoke_v1_summary.json
391,9b1e13d133d7abff36d4e654ac5302253c277d3f7e09911a4ae8dfab94950b42,3,1271,outputs/evaluation-and-correctness-may2026/commercial-new/gpt_5_1_codex_P1_zero_shot_python_400_v1_code_grounded_summary.json
391,9b1e13d133d7abff36d4e654ac5302253c277d3f7e09911a4ae8dfab94950b42,3,1271,outputs/segregated_results/commercial-base/evaluation-and-correctness-may2026/commercial-new/gpt_5_1_codex_P1_zero_shot_python_400_v1_code_grounded_summary.json
391,9b1e13d133d7abff36d4e654ac5302253c277d3f7e09911a4ae8dfab94950b42,3,1271,outputs/segregated_results/commercial-base/may2026/commercial-new/gpt_5_1_codex_P1_zero_shot_python_400_v1_code_grounded_summary.json
392,9c2944409bff8e4afca914527de9d4562726fd53b1f3f96603cd0f8962bec77d,3,1095,outputs/evaluation-and-correctness-may2026/commercial-new/deepseek_chat_P1_one_shot_python_400_v1_summary.json
392,9c2944409bff8e4afca914527de9d4562726fd53b1f3f96603cd0f8962bec77d,3,1095,outputs/segregated_results/commercial-base/evaluation-and-correctness-may2026/commercial-new/deepseek_chat_P1_one_shot_python_400_v1_summary.json
392,9c2944409bff8e4afca914527de9d4562726fd53b1f3f96603cd0f8962bec77d,3,1095,outputs/segregated_results/commercial-base/may2026/commercial-new/deepseek_chat_P1_one_shot_python_400_v1_summary.json
393,9c6bdbab72b652e7965e10449805e587f4d9ff279707ff505661b95e739dfe3f,3,1290,outputs/evaluation-and-correctness-may2026/commercial-new/gpt_5_1_P1_one_shot_javascript_400_v1_code_grounded_summary.json
393,9c6bdbab72b652e7965e10449805e587f4d9ff279707ff505661b95e739dfe3f,3,1290,outputs/segregated_results/commercial-base/evaluation-and-correctness-may2026/commercial-new/gpt_5_1_P1_one_shot_javascript_400_v1_code_grounded_summary.json
393,9c6bdbab72b652e7965e10449805e587f4d9ff279707ff505661b95e739dfe3f,3,1290,outputs/segregated_results/commercial-base/may2026/commercial-new/gpt_5_1_P1_one_shot_javascript_400_v1_code_grounded_summary.json
394,9d02e1aafb77f31be739f124ece332bd7fe29bcc4b042c81aa8ab70b34f9fd90,3,344008,outputs/evaluation-and-correctness-may2026/open-source-fine-tuned/gemma_2_2b_it_lora_multilang/gemma_2_2b_it_lora_multilang_P1_one_shot_javascript_400_v1_detailed.jsonl
394,9d02e1aafb77f31be739f124ece332bd7fe29bcc4b042c81aa8ab70b34f9fd90,3,344008,outputs/segregated_results/open-source-lora/_long_paths/9e505b72d399_gemma_2_2b_it_lora_multilang_P1_one_shot_javascript_400_v1_detailed.jsonl
394,9d02e1aafb77f31be739f124ece332bd7fe29bcc4b042c81aa8ab70b34f9fd90,3,344008,outputs/segregated_results/open-source-lora/may2026/open-source-fine-tuned/gemma_2_2b_it_lora_multilang/gemma_2_2b_it_lora_multilang_P1_one_shot_javascript_400_v1_detailed.jsonl
395,9da3b8e4a765de211533122c8ed754efdeffeca615a5c980c605c30cbba28c40,3,221005,outputs/raw_generations/open-source-fine-tuned/codegemma_2b_lora_multilang/codegemma_2b_lora_multilang_P1_few_shot_javascript_400_v1.jsonl
395,9da3b8e4a765de211533122c8ed754efdeffeca615a5c980c605c30cbba28c40,3,221005,outputs/segregated_results/open-source-lora/_long_paths/915102c223dd_codegemma_2b_lora_multilang_P1_few_shot_javascript_400_v1.jsonl
395,9da3b8e4a765de211533122c8ed754efdeffeca615a5c980c605c30cbba28c40,3,221005,outputs/segregated_results/open-source-lora/raw/open-source-fine-tuned/codegemma_2b_lora_multilang/codegemma_2b_lora_multilang_P1_few_shot_javascript_400_v1.jsonl
396,9ef737e739aa82a641967903af9a556bb173f0599356ef7caf308df20b9bb6d7,3,399338,outputs/evaluation_And_corrctness_may2026_1/decoding_sensitivity/qwen25_coder_1_5b_instruct_P1_zero_shot_python_400_greedy_v1_code_grounded_detailed.jsonl
396,9ef737e739aa82a641967903af9a556bb173f0599356ef7caf308df20b9bb6d7,3,399338,outputs/segregated_results/open-source-base/_long_paths/1a8e71020e29_qwen25_coder_1_5b_instruct_P1_zero_shot_python_400_greedy_v1_code_grounded_detailed.jsonl
396,9ef737e739aa82a641967903af9a556bb173f0599356ef7caf308df20b9bb6d7,3,399338,outputs/segregated_results/open-source-base/may2026_legacy/decoding_sensitivity/qwen25_coder_1_5b_instruct_P1_zero_shot_python_400_greedy_v1_code_grounded_detailed.jsonl
397,a0055b47395ad018046726ea547baa848f163684b4e281083ab68324342c704b,3,1174,outputs/evaluation-and-correctness-may2026/open-source-fine-tuned/gemma_2_2b_it_lora_multilang/gemma_2_2b_it_lora_multilang_P1_one_shot_javascript_400_v1_summary.json
397,a0055b47395ad018046726ea547baa848f163684b4e281083ab68324342c704b,3,1174,outputs/segregated_results/open-source-lora/_long_paths/52a9cc8133b2_gemma_2_2b_it_lora_multilang_P1_one_shot_javascript_400_v1_summary.json
397,a0055b47395ad018046726ea547baa848f163684b4e281083ab68324342c704b,3,1174,outputs/segregated_results/open-source-lora/may2026/open-source-fine-tuned/gemma_2_2b_it_lora_multilang/gemma_2_2b_it_lora_multilang_P1_one_shot_javascript_400_v1_summary.json
398,a2e8aa3da24418faf7abe0ca37d91d112fd71aa2567b3de830e4194c583c8474,3,352416,outputs/evaluation-and-correctness-may2026/open-source-fine-tuned/codegemma_2b_lora_multilang/codegemma_2b_lora_multilang_P1_zero_shot_javascript_400_v1_detailed.jsonl
398,a2e8aa3da24418faf7abe0ca37d91d112fd71aa2567b3de830e4194c583c8474,3,352416,outputs/segregated_results/open-source-lora/_long_paths/0fb6fd599eba_codegemma_2b_lora_multilang_P1_zero_shot_javascript_400_v1_detailed.jsonl
398,a2e8aa3da24418faf7abe0ca37d91d112fd71aa2567b3de830e4194c583c8474,3,352416,outputs/segregated_results/open-source-lora/may2026/open-source-fine-tuned/codegemma_2b_lora_multilang/codegemma_2b_lora_multilang_P1_zero_shot_javascript_400_v1_detailed.jsonl
399,a3d7c7f142a30a03e337fc7aae0bdac5292b3624212acc3595ed9b99a76e7e0c,3,1320,outputs/evaluation-and-correctness-may2026/commercial-new/gemini_3_flash_preview_P1_few_shot_javascript_400_v1_code_grounded_summary.json
399,a3d7c7f142a30a03e337fc7aae0bdac5292b3624212acc3595ed9b99a76e7e0c,3,1320,outputs/segregated_results/commercial-base/evaluation-and-correctness-may2026/commercial-new/gemini_3_flash_preview_P1_few_shot_javascript_400_v1_code_grounded_summary.json
399,a3d7c7f142a30a03e337fc7aae0bdac5292b3624212acc3595ed9b99a76e7e0c,3,1320,outputs/segregated_results/commercial-base/may2026/commercial-new/gemini_3_flash_preview_P1_few_shot_javascript_400_v1_code_grounded_summary.json
400,a56d6260e78a53635bc1531dad2bef221f3bbcc7619c6540bf95c2723da0eb49,3,338536,outputs/evaluation-and-correctness-may2026/open-source-fine-tuned/codegemma_2b_lora_multilang/codegemma_2b_lora_multilang_P1_few_shot_javascript_400_v1_detailed.jsonl
400,a56d6260e78a53635bc1531dad2bef221f3bbcc7619c6540bf95c2723da0eb49,3,338536,outputs/segregated_results/open-source-lora/_long_paths/8e441d243530_codegemma_2b_lora_multilang_P1_few_shot_javascript_400_v1_detailed.jsonl
400,a56d6260e78a53635bc1531dad2bef221f3bbcc7619c6540bf95c2723da0eb49,3,338536,outputs/segregated_results/open-source-lora/may2026/open-source-fine-tuned/codegemma_2b_lora_multilang/codegemma_2b_lora_multilang_P1_few_shot_javascript_400_v1_detailed.jsonl
401,a584a09f4924154085577058321de2b1b0cf16fd8ea8225404dccbaebbb9318c,3,1118,outputs/evaluation-and-correctness-may2026/commercial-new/gemini_3_flash_preview_P1_zero_shot_javascript_400_v1_summary.json
401,a584a09f4924154085577058321de2b1b0cf16fd8ea8225404dccbaebbb9318c,3,1118,outputs/segregated_results/commercial-base/evaluation-and-correctness-may2026/commercial-new/gemini_3_flash_preview_P1_zero_shot_javascript_400_v1_summary.json
401,a584a09f4924154085577058321de2b1b0cf16fd8ea8225404dccbaebbb9318c,3,1118,outputs/segregated_results/commercial-base/may2026/commercial-new/gemini_3_flash_preview_P1_zero_shot_javascript_400_v1_summary.json
402,a5a31d0b408b7c4849438fcc1abcba1491d9fc816b97eac4547d048c0bdb3174,3,325275,outputs/evaluation-and-correctness-may2026/commercial-new/gpt_5_1_P1_few_shot_java_400_v1_code_grounded_detailed.jsonl
402,a5a31d0b408b7c4849438fcc1abcba1491d9fc816b97eac4547d048c0bdb3174,3,325275,outputs/segregated_results/commercial-base/evaluation-and-correctness-may2026/commercial-new/gpt_5_1_P1_few_shot_java_400_v1_code_grounded_detailed.jsonl
402,a5a31d0b408b7c4849438fcc1abcba1491d9fc816b97eac4547d048c0bdb3174,3,325275,outputs/segregated_results/commercial-base/may2026/commercial-new/gpt_5_1_P1_few_shot_java_400_v1_code_grounded_detailed.jsonl
403,a7c141e401e2dbb63c9e3674ed747c35f0e26fb62793f1b27d97e42b6ea84a2d,3,109427,outputs/evaluation-and-correctness-may2026/final-results-tables-and-plots/plots/model_language_structural/Qwen_Qwen2.5-1.5B-Instruct_javascript_structural.png
403,a7c141e401e2dbb63c9e3674ed747c35f0e26fb62793f1b27d97e42b6ea84a2d,3,109427,outputs/segregated_results/open-source-base/_long_paths/add866e89b29_Qwen_Qwen2.5-1.5B-Instruct_javascript_structural.png
403,a7c141e401e2dbb63c9e3674ed747c35f0e26fb62793f1b27d97e42b6ea84a2d,3,109427,outputs/segregated_results/open-source-base/may2026/final-results-tables-and-plots/plots/model_language_structural/Qwen_Qwen2.5-1.5B-Instruct_javascript_structural.png
404,a86eeffc9d86a70d8d30377d5786c4905d265420a6647e5152756a50b3936d48,3,1290,outputs/evaluation-and-correctness-may2026/commercial-new/gpt_5_1_codex_P1_one_shot_java_400_v1_code_grounded_summary.json
404,a86eeffc9d86a70d8d30377d5786c4905d265420a6647e5152756a50b3936d48,3,1290,outputs/segregated_results/commercial-base/evaluation-and-correctness-may2026/commercial-new/gpt_5_1_codex_P1_one_shot_java_400_v1_code_grounded_summary.json
404,a86eeffc9d86a70d8d30377d5786c4905d265420a6647e5152756a50b3936d48,3,1290,outputs/segregated_results/commercial-base/may2026/commercial-new/gpt_5_1_codex_P1_one_shot_java_400_v1_code_grounded_summary.json
405,a8a6a068f383d2f00856ffad9cf6c114b2cfbcb2f6a87afe24c3cba8c49e31a4,3,1106,outputs/evaluation-and-correctness-may2026/commercial-new/deepseek_chat_P1_zero_shot_javascript_400_v1_summary.json
405,a8a6a068f383d2f00856ffad9cf6c114b2cfbcb2f6a87afe24c3cba8c49e31a4,3,1106,outputs/segregated_results/commercial-base/evaluation-and-correctness-may2026/commercial-new/deepseek_chat_P1_zero_shot_javascript_400_v1_summary.json
405,a8a6a068f383d2f00856ffad9cf6c114b2cfbcb2f6a87afe24c3cba8c49e31a4,3,1106,outputs/segregated_results/commercial-base/may2026/commercial-new/deepseek_chat_P1_zero_shot_javascript_400_v1_summary.json
406,ab840f851a8c0a99fec8f1a344c9362c39369c06e40dd7fee55be12dcc190058,3,339607,outputs/evaluation-and-correctness-may2026/commercial-new/gemini_3_flash_preview_P1_zero_shot_javascript_400_v1_detailed.jsonl
406,ab840f851a8c0a99fec8f1a344c9362c39369c06e40dd7fee55be12dcc190058,3,339607,outputs/segregated_results/commercial-base/evaluation-and-correctness-may2026/commercial-new/gemini_3_flash_preview_P1_zero_shot_javascript_400_v1_detailed.jsonl
406,ab840f851a8c0a99fec8f1a344c9362c39369c06e40dd7fee55be12dcc190058,3,339607,outputs/segregated_results/commercial-base/may2026/commercial-new/gemini_3_flash_preview_P1_zero_shot_javascript_400_v1_detailed.jsonl
407,ac61039430536d18bece2602e8a31cc872ee16fe40a42fec54e0edee9a68b3ca,3,11188,outputs/evaluation-and-correctness-may2026/final-results-tables-and-plots/tables/thesis_ready_main_table.csv
407,ac61039430536d18bece2602e8a31cc872ee16fe40a42fec54e0edee9a68b3ca,3,11188,outputs/final_results/thesis_tables/thesis_ready_main_table.csv
407,ac61039430536d18bece2602e8a31cc872ee16fe40a42fec54e0edee9a68b3ca,3,11188,outputs/segregated_results/shared-aggregate/may2026/final-results-tables-and-plots/tables/thesis_ready_main_table.csv
408,ac76040b4a54dbdd7ac814d95eb6dcecc41e3ba951254b2f0032fd4e75ee22f9,3,370136,outputs/evaluation-and-correctness-may2026/final-results-tables-and-plots/plots/per_language_prompt_trends/parameter_coverage/python_parameter_coverage_prompt_trend.png
408,ac76040b4a54dbdd7ac814d95eb6dcecc41e3ba951254b2f0032fd4e75ee22f9,3,370136,outputs/segregated_results/shared-aggregate/_long_paths/c1f412c6a7a5_python_parameter_coverage_prompt_trend.png
408,ac76040b4a54dbdd7ac814d95eb6dcecc41e3ba951254b2f0032fd4e75ee22f9,3,370136,outputs/segregated_results/shared-aggregate/may2026/final-results-tables-and-plots/plots/per_language_prompt_trends/parameter_coverage/python_parameter_coverage_prompt_trend.png
409,acb16e827089e77f00245f0aafa3b1d06540458db12c168cec0fd94597968075,3,1318,outputs/evaluation_And_corrctness_may2026_1/decoding_sensitivity/qwen25_coder_1_5b_instruct_P1_zero_shot_python_400_t02_p09_k50_v1_code_grounded_summary.json
409,acb16e827089e77f00245f0aafa3b1d06540458db12c168cec0fd94597968075,3,1318,outputs/segregated_results/open-source-base/_long_paths/c6d21a1cb433_qwen25_coder_1_5b_instruct_P1_zero_shot_python_400_t02_p09_k50_v1_code_grounded_summa.json
409,acb16e827089e77f00245f0aafa3b1d06540458db12c168cec0fd94597968075,3,1318,outputs/segregated_results/open-source-base/may2026_legacy/decoding_sensitivity/qwen25_coder_1_5b_instruct_P1_zero_shot_python_400_t02_p09_k50_v1_code_grounded_summary.json
410,ad6cc2fe2e66d3f59b8a99b8da87adcadb3671516d4b5236235fe8ab728e7215,3,1192,outputs/evaluation-and-correctness-may2026/open-source-fine-tuned/codegemma_2b_lora_multilang/codegemma_2b_lora_multilang_P1_zero_shot_java_400_v1_summary.json
410,ad6cc2fe2e66d3f59b8a99b8da87adcadb3671516d4b5236235fe8ab728e7215,3,1192,outputs/segregated_results/open-source-lora/_long_paths/270741d35bb9_codegemma_2b_lora_multilang_P1_zero_shot_java_400_v1_summary.json
410,ad6cc2fe2e66d3f59b8a99b8da87adcadb3671516d4b5236235fe8ab728e7215,3,1192,outputs/segregated_results/open-source-lora/may2026/open-source-fine-tuned/codegemma_2b_lora_multilang/codegemma_2b_lora_multilang_P1_zero_shot_java_400_v1_summary.json
411,b0829e27dfd093d8061a6738fd0f5a4ff56e1ce4d2a5bcf7a2a4a05f2a5b3313,3,333680,outputs/evaluation-and-correctness-may2026/open-source-fine-tuned/gemma_2_2b_it_lora_multilang/gemma_2_2b_it_lora_multilang_P1_zero_shot_python_400_v1_detailed.jsonl
411,b0829e27dfd093d8061a6738fd0f5a4ff56e1ce4d2a5bcf7a2a4a05f2a5b3313,3,333680,outputs/segregated_results/open-source-lora/_long_paths/72a1090ffca3_gemma_2_2b_it_lora_multilang_P1_zero_shot_python_400_v1_detailed.jsonl
411,b0829e27dfd093d8061a6738fd0f5a4ff56e1ce4d2a5bcf7a2a4a05f2a5b3313,3,333680,outputs/segregated_results/open-source-lora/may2026/open-source-fine-tuned/gemma_2_2b_it_lora_multilang/gemma_2_2b_it_lora_multilang_P1_zero_shot_python_400_v1_detailed.jsonl
412,b0d9c75263587906e0dea868abae420f90a08977a4dc110a73075692e8ef274d,3,1176,outputs/evaluation-and-correctness-may2026/open-source-fine-tuned/gemma_2_2b_it_lora_multilang/gemma_2_2b_it_lora_multilang_P1_one_shot_java_400_v1_summary.json
412,b0d9c75263587906e0dea868abae420f90a08977a4dc110a73075692e8ef274d,3,1176,outputs/segregated_results/open-source-lora/_long_paths/394c99e547f8_gemma_2_2b_it_lora_multilang_P1_one_shot_java_400_v1_summary.json
412,b0d9c75263587906e0dea868abae420f90a08977a4dc110a73075692e8ef274d,3,1176,outputs/segregated_results/open-source-lora/may2026/open-source-fine-tuned/gemma_2_2b_it_lora_multilang/gemma_2_2b_it_lora_multilang_P1_one_shot_java_400_v1_summary.json
413,b24be17b27be2f919ca05cd10a459ae7ec188dc891e6652a9a91e61e45c9885f,3,342041,outputs/evaluation-and-correctness-may2026/commercial-new/gpt_5_1_codex_P1_few_shot_javascript_400_v1_detailed.jsonl
413,b24be17b27be2f919ca05cd10a459ae7ec188dc891e6652a9a91e61e45c9885f,3,342041,outputs/segregated_results/commercial-base/evaluation-and-correctness-may2026/commercial-new/gpt_5_1_codex_P1_few_shot_javascript_400_v1_detailed.jsonl
413,b24be17b27be2f919ca05cd10a459ae7ec188dc891e6652a9a91e61e45c9885f,3,342041,outputs/segregated_results/commercial-base/may2026/commercial-new/gpt_5_1_codex_P1_few_shot_javascript_400_v1_detailed.jsonl
414,b4583b190f9a9eca320bae76ae7196da862a3925404eff9c3516180b1f1a4448,3,1073,outputs/evaluation-and-correctness-may2026/commercial-new/gpt_5_1_P1_few_shot_python_400_v1_summary.json
414,b4583b190f9a9eca320bae76ae7196da862a3925404eff9c3516180b1f1a4448,3,1073,outputs/segregated_results/commercial-base/evaluation-and-correctness-may2026/commercial-new/gpt_5_1_P1_few_shot_python_400_v1_summary.json
414,b4583b190f9a9eca320bae76ae7196da862a3925404eff9c3516180b1f1a4448,3,1073,outputs/segregated_results/commercial-base/may2026/commercial-new/gpt_5_1_P1_few_shot_python_400_v1_summary.json
415,b50476156c3b37ee80dd082da18ee0fb476c049edea09741acf053f4ba18a515,3,1105,outputs/evaluation-and-correctness-may2026/commercial-new/gpt_5_1_codex_P1_one_shot_java_400_v1_summary.json
415,b50476156c3b37ee80dd082da18ee0fb476c049edea09741acf053f4ba18a515,3,1105,outputs/segregated_results/commercial-base/evaluation-and-correctness-may2026/commercial-new/gpt_5_1_codex_P1_one_shot_java_400_v1_summary.json
415,b50476156c3b37ee80dd082da18ee0fb476c049edea09741acf053f4ba18a515,3,1105,outputs/segregated_results/commercial-base/may2026/commercial-new/gpt_5_1_codex_P1_one_shot_java_400_v1_summary.json
416,b54187c8f63cb7b58e7c320e1645017f4bee71b3bf878780930879a3280073c3,3,1118,outputs/evaluation-and-correctness-may2026/commercial-new/gemini_3_flash_preview_P1_zero_shot_python_400_v1_summary.json
416,b54187c8f63cb7b58e7c320e1645017f4bee71b3bf878780930879a3280073c3,3,1118,outputs/segregated_results/commercial-base/evaluation-and-correctness-may2026/commercial-new/gemini_3_flash_preview_P1_zero_shot_python_400_v1_summary.json
416,b54187c8f63cb7b58e7c320e1645017f4bee71b3bf878780930879a3280073c3,3,1118,outputs/segregated_results/commercial-base/may2026/commercial-new/gemini_3_flash_preview_P1_zero_shot_python_400_v1_summary.json
417,b660571da7eefb87bb149470d1215585943df2d2e1b3457413b3c65af054b10a,3,619,outputs/evaluation-and-correctness-may2026/final-results-tables-and-plots/tables/language_level_averages.csv
417,b660571da7eefb87bb149470d1215585943df2d2e1b3457413b3c65af054b10a,3,619,outputs/final_results/thesis_tables/language_level_averages.csv
417,b660571da7eefb87bb149470d1215585943df2d2e1b3457413b3c65af054b10a,3,619,outputs/segregated_results/shared-aggregate/may2026/final-results-tables-and-plots/tables/language_level_averages.csv
418,b733091597042f9e242c8630373bd82046db30ea839cca5df09b55cd6be7f5ee,3,366866,outputs/evaluation-and-correctness-may2026/commercial-new/gpt_5_3_codex_P1_zero_shot_java_400_v1_detailed.jsonl
418,b733091597042f9e242c8630373bd82046db30ea839cca5df09b55cd6be7f5ee,3,366866,outputs/segregated_results/commercial-base/evaluation-and-correctness-may2026/commercial-new/gpt_5_3_codex_P1_zero_shot_java_400_v1_detailed.jsonl
418,b733091597042f9e242c8630373bd82046db30ea839cca5df09b55cd6be7f5ee,3,366866,outputs/segregated_results/commercial-base/may2026/commercial-new/gpt_5_3_codex_P1_zero_shot_java_400_v1_detailed.jsonl
419,b758f47a0303255152eff48920c3e1bedc99ed1b28d1eedab6fee0eab6fc0b3a,3,19344,outputs/evaluation-and-correctness-may2026/final-results-tables-and-plots/tables/top10_models_per_language_by_coverage.csv
419,b758f47a0303255152eff48920c3e1bedc99ed1b28d1eedab6fee0eab6fc0b3a,3,19344,outputs/final_results/thesis_tables/top10_models_per_language_by_coverage.csv
419,b758f47a0303255152eff48920c3e1bedc99ed1b28d1eedab6fee0eab6fc0b3a,3,19344,outputs/segregated_results/shared-aggregate/may2026/final-results-tables-and-plots/tables/top10_models_per_language_by_coverage.csv
420,b863490c9ca2439c5280e5ca1bf2bb715f4a423f0b09b5a98c1df71aee275de4,3,322626,outputs/evaluation-and-correctness-may2026/commercial-new/gemini_3_flash_preview_P1_few_shot_python_400_v1_code_grounded_detailed.jsonl
420,b863490c9ca2439c5280e5ca1bf2bb715f4a423f0b09b5a98c1df71aee275de4,3,322626,outputs/segregated_results/commercial-base/evaluation-and-correctness-may2026/commercial-new/gemini_3_flash_preview_P1_few_shot_python_400_v1_code_grounded_detailed.jsonl
420,b863490c9ca2439c5280e5ca1bf2bb715f4a423f0b09b5a98c1df71aee275de4,3,322626,outputs/segregated_results/commercial-base/may2026/commercial-new/gemini_3_flash_preview_P1_few_shot_python_400_v1_code_grounded_detailed.jsonl
421,b921b0e99d2688300fc15327f0d4d221e02497e987871df33ddb848047263503,3,1306,outputs/evaluation-and-correctness-may2026/commercial-new/gpt_5_1_codex_P1_one_shot_javascript_400_v1_code_grounded_summary.json
421,b921b0e99d2688300fc15327f0d4d221e02497e987871df33ddb848047263503,3,1306,outputs/segregated_results/commercial-base/evaluation-and-correctness-may2026/commercial-new/gpt_5_1_codex_P1_one_shot_javascript_400_v1_code_grounded_summary.json
421,b921b0e99d2688300fc15327f0d4d221e02497e987871df33ddb848047263503,3,1306,outputs/segregated_results/commercial-base/may2026/commercial-new/gpt_5_1_codex_P1_one_shot_javascript_400_v1_code_grounded_summary.json
422,bc16c7255d58e03881f7c5e13a5bd9ef538c2a4c23c9f415b911a50f2ac4a4a1,3,343562,outputs/evaluation-and-correctness-may2026/commercial-new/gpt_5_4_P1_zero_shot_javascript_400_v1_detailed.jsonl
422,bc16c7255d58e03881f7c5e13a5bd9ef538c2a4c23c9f415b911a50f2ac4a4a1,3,343562,outputs/segregated_results/commercial-base/evaluation-and-correctness-may2026/commercial-new/gpt_5_4_P1_zero_shot_javascript_400_v1_detailed.jsonl
422,bc16c7255d58e03881f7c5e13a5bd9ef538c2a4c23c9f415b911a50f2ac4a4a1,3,343562,outputs/segregated_results/commercial-base/may2026/commercial-new/gpt_5_4_P1_zero_shot_javascript_400_v1_detailed.jsonl
423,bc43ca404a12faa2b17210d8e1e2e953d5b1d8121f7d6aa9177dbcd8725e4ce6,3,1287,outputs/evaluation-and-correctness-may2026/commercial-new/deepseek_chat_P1_zero_shot_java_400_v1_code_grounded_summary.json
423,bc43ca404a12faa2b17210d8e1e2e953d5b1d8121f7d6aa9177dbcd8725e4ce6,3,1287,outputs/segregated_results/commercial-base/evaluation-and-correctness-may2026/commercial-new/deepseek_chat_P1_zero_shot_java_400_v1_code_grounded_summary.json
423,bc43ca404a12faa2b17210d8e1e2e953d5b1d8121f7d6aa9177dbcd8725e4ce6,3,1287,outputs/segregated_results/commercial-base/may2026/commercial-new/deepseek_chat_P1_zero_shot_java_400_v1_code_grounded_summary.json
424,bd9b24a16290587bfefd43b4e360f3e39e0bd4f9517d5cac0d20bf3e93cdb1a2,3,602,outputs/evaluation-and-correctness-may2026/final-results-tables-and-plots/tables/prompt_level_averages.csv
424,bd9b24a16290587bfefd43b4e360f3e39e0bd4f9517d5cac0d20bf3e93cdb1a2,3,602,outputs/final_results/thesis_tables/prompt_level_averages.csv
424,bd9b24a16290587bfefd43b4e360f3e39e0bd4f9517d5cac0d20bf3e93cdb1a2,3,602,outputs/segregated_results/shared-aggregate/may2026/final-results-tables-and-plots/tables/prompt_level_averages.csv
425,c0af236f94af2d5c8e180b6441fe078116bce2b72416919cca1686a663c016b9,3,188472,outputs/evaluation-and-correctness-may2026/final-results-tables-and-plots/plots/model_language_structural/qwen25_coder_1_5b_instruct_lora_multilang_python_structural.png
425,c0af236f94af2d5c8e180b6441fe078116bce2b72416919cca1686a663c016b9,3,188472,outputs/segregated_results/open-source-lora/_long_paths/3f7f1e448292_qwen25_coder_1_5b_instruct_lora_multilang_python_structural.png
425,c0af236f94af2d5c8e180b6441fe078116bce2b72416919cca1686a663c016b9,3,188472,outputs/segregated_results/open-source-lora/may2026/final-results-tables-and-plots/plots/model_language_structural/qwen25_coder_1_5b_instruct_lora_multilang_python_structural.png
426,c0b7275e47c474d513d85b92d111773ee7d3e833e3596a2a5562e565a5086126,3,1331,outputs/evaluation_And_corrctness_may2026_1/saturation_experiment/qwen25_coder_1_5b_instruct_P1_zero_shot_python_1200_v1_code_grounded_summary.json
426,c0b7275e47c474d513d85b92d111773ee7d3e833e3596a2a5562e565a5086126,3,1331,outputs/segregated_results/open-source-base/_long_paths/b519b7c2b6ec_qwen25_coder_1_5b_instruct_P1_zero_shot_python_1200_v1_code_grounded_summary.json
426,c0b7275e47c474d513d85b92d111773ee7d3e833e3596a2a5562e565a5086126,3,1331,outputs/segregated_results/open-source-base/may2026_legacy/saturation_experiment/qwen25_coder_1_5b_instruct_P1_zero_shot_python_1200_v1_code_grounded_summary.json
427,c24a289fc9b756dd17a14920db5e5270d85873bb4eb318bb6dffc2b72f3c919c,3,226574,outputs/raw_generations/open-source-fine-tuned/gemma_2_2b_it_lora_multilang/gemma_2_2b_it_lora_multilang_P1_zero_shot_javascript_400_v1.jsonl
427,c24a289fc9b756dd17a14920db5e5270d85873bb4eb318bb6dffc2b72f3c919c,3,226574,outputs/segregated_results/open-source-lora/_long_paths/1b79b5aa920d_gemma_2_2b_it_lora_multilang_P1_zero_shot_javascript_400_v1.jsonl
427,c24a289fc9b756dd17a14920db5e5270d85873bb4eb318bb6dffc2b72f3c919c,3,226574,outputs/segregated_results/open-source-lora/raw/open-source-fine-tuned/gemma_2_2b_it_lora_multilang/gemma_2_2b_it_lora_multilang_P1_zero_shot_javascript_400_v1.jsonl
428,c34148472cbe25b5fa7637a0463801abd3f789ee8ed050e9248fa1a5a17a6fc8,3,433698,outputs/evaluation-and-correctness-may2026/final-results-tables-and-plots/plots/bertscore_by_model/javascript_bertscore_by_model.png
428,c34148472cbe25b5fa7637a0463801abd3f789ee8ed050e9248fa1a5a17a6fc8,3,433698,outputs/segregated_results/shared-aggregate/evaluation-and-correctness-may2026/final-results-tables-and-plots/plots/bertscore_by_model/javascript_bertscore_by_model.png
428,c34148472cbe25b5fa7637a0463801abd3f789ee8ed050e9248fa1a5a17a6fc8,3,433698,outputs/segregated_results/shared-aggregate/may2026/final-results-tables-and-plots/plots/bertscore_by_model/javascript_bertscore_by_model.png
429,c4be04541ce10590ed5311191437456d904299f4b1a502c87d4edca3150e3bb2,3,1111,outputs/evaluation-and-correctness-may2026/commercial-new/gpt_5_1_codex_P1_zero_shot_python_10_smoke_v3_summary.json
429,c4be04541ce10590ed5311191437456d904299f4b1a502c87d4edca3150e3bb2,3,1111,outputs/segregated_results/commercial-base/evaluation-and-correctness-may2026/commercial-new/gpt_5_1_codex_P1_zero_shot_python_10_smoke_v3_summary.json
429,c4be04541ce10590ed5311191437456d904299f4b1a502c87d4edca3150e3bb2,3,1111,outputs/segregated_results/commercial-base/may2026/commercial-new/gpt_5_1_codex_P1_zero_shot_python_10_smoke_v3_summary.json
430,c4feb18d9fe0d515a80b8933b9ade339679a7aa2f24e4195ba6d4674d1d06d2a,3,241958,outputs/raw_generations/open-source-fine-tuned/codegemma_2b_lora_multilang/codegemma_2b_lora_multilang_P1_one_shot_javascript_400_v1.jsonl
430,c4feb18d9fe0d515a80b8933b9ade339679a7aa2f24e4195ba6d4674d1d06d2a,3,241958,outputs/segregated_results/open-source-lora/_long_paths/4b1afd8dc165_codegemma_2b_lora_multilang_P1_one_shot_javascript_400_v1.jsonl
430,c4feb18d9fe0d515a80b8933b9ade339679a7aa2f24e4195ba6d4674d1d06d2a,3,241958,outputs/segregated_results/open-source-lora/raw/open-source-fine-tuned/codegemma_2b_lora_multilang/codegemma_2b_lora_multilang_P1_one_shot_javascript_400_v1.jsonl
431,c7b627663d50d1d08ec8dacdc63cb01b1bff34c453e7d49a5070c4c76de8d815,3,1331,outputs/evaluation-and-correctness-may2026/commercial-new/gemini_3_flash_preview_P1_zero_shot_javascript_400_v1_code_grounded_summary.json
431,c7b627663d50d1d08ec8dacdc63cb01b1bff34c453e7d49a5070c4c76de8d815,3,1331,outputs/segregated_results/commercial-base/evaluation-and-correctness-may2026/commercial-new/gemini_3_flash_preview_P1_zero_shot_javascript_400_v1_code_grounded_summary.json
431,c7b627663d50d1d08ec8dacdc63cb01b1bff34c453e7d49a5070c4c76de8d815,3,1331,outputs/segregated_results/commercial-base/may2026/commercial-new/gemini_3_flash_preview_P1_zero_shot_javascript_400_v1_code_grounded_summary.json
432,c8448f2d73b915591e0f16bc86458955c4195de8e4526239bb75a10b3aa3f68c,3,1087,outputs/evaluation-and-correctness-may2026/commercial-new/deepseek_chat_P1_few_shot_java_400_v1_summary.json
432,c8448f2d73b915591e0f16bc86458955c4195de8e4526239bb75a10b3aa3f68c,3,1087,outputs/segregated_results/commercial-base/evaluation-and-correctness-may2026/commercial-new/deepseek_chat_P1_few_shot_java_400_v1_summary.json
432,c8448f2d73b915591e0f16bc86458955c4195de8e4526239bb75a10b3aa3f68c,3,1087,outputs/segregated_results/commercial-base/may2026/commercial-new/deepseek_chat_P1_few_shot_java_400_v1_summary.json
433,c8c082edcb148bc00274a5d50345be22f19cb6c18a4336ce81de82209cdb0448,3,412453,outputs/evaluation_And_corrctness_may2026_1/decoding_sensitivity/qwen25_coder_1_5b_instruct_P1_zero_shot_python_400_t07_p095_k50_v1_detailed.jsonl
433,c8c082edcb148bc00274a5d50345be22f19cb6c18a4336ce81de82209cdb0448,3,412453,outputs/segregated_results/open-source-base/_long_paths/6e3782837340_qwen25_coder_1_5b_instruct_P1_zero_shot_python_400_t07_p095_k50_v1_detailed.jsonl
433,c8c082edcb148bc00274a5d50345be22f19cb6c18a4336ce81de82209cdb0448,3,412453,outputs/segregated_results/open-source-base/may2026_legacy/decoding_sensitivity/qwen25_coder_1_5b_instruct_P1_zero_shot_python_400_t07_p095_k50_v1_detailed.jsonl
434,c8e10bd3db947170565732f204e35b2bd40b7e773a8aa2674908ee3c8b239802,3,1159,outputs/evaluation-and-correctness-may2026/open-source-fine-tuned/codegemma_2b_lora_multilang/codegemma_2b_lora_multilang_P1_one_shot_python_400_v1_summary.json
434,c8e10bd3db947170565732f204e35b2bd40b7e773a8aa2674908ee3c8b239802,3,1159,outputs/segregated_results/open-source-lora/_long_paths/7e611c0afe5d_codegemma_2b_lora_multilang_P1_one_shot_python_400_v1_summary.json
434,c8e10bd3db947170565732f204e35b2bd40b7e773a8aa2674908ee3c8b239802,3,1159,outputs/segregated_results/open-source-lora/may2026/open-source-fine-tuned/codegemma_2b_lora_multilang/codegemma_2b_lora_multilang_P1_one_shot_python_400_v1_summary.json
435,c9b9189fdfd8712a4e2d27a1eac8810dc14900e8a7a56048c3f47d340ebbed8f,3,1275,outputs/evaluation-and-correctness-may2026/commercial-new/gpt_5_3_codex_P1_zero_shot_python_400_v1_code_grounded_summary.json
435,c9b9189fdfd8712a4e2d27a1eac8810dc14900e8a7a56048c3f47d340ebbed8f,3,1275,outputs/segregated_results/commercial-base/evaluation-and-correctness-may2026/commercial-new/gpt_5_3_codex_P1_zero_shot_python_400_v1_code_grounded_summary.json
435,c9b9189fdfd8712a4e2d27a1eac8810dc14900e8a7a56048c3f47d340ebbed8f,3,1275,outputs/segregated_results/commercial-base/may2026/commercial-new/gpt_5_3_codex_P1_zero_shot_python_400_v1_code_grounded_summary.json
436,c9dd07ff3588d0799a88401de25a40f94f3eb1f1c4c0d01d4c0353d18316e3b0,3,110850,outputs/evaluation-and-correctness-may2026/final-results-tables-and-plots/plots/model_language_structural/Qwen_Qwen2.5-Coder-1.5B-Instruct_javascript_structural.png
436,c9dd07ff3588d0799a88401de25a40f94f3eb1f1c4c0d01d4c0353d18316e3b0,3,110850,outputs/segregated_results/open-source-base/_long_paths/e68fd996c5bf_Qwen_Qwen2.5-Coder-1.5B-Instruct_javascript_structural.png
436,c9dd07ff3588d0799a88401de25a40f94f3eb1f1c4c0d01d4c0353d18316e3b0,3,110850,outputs/segregated_results/open-source-base/may2026/final-results-tables-and-plots/plots/model_language_structural/Qwen_Qwen2.5-Coder-1.5B-Instruct_javascript_structural.png
437,c9e8b26415347bb023b5e68767d1916dcb35e9c144cbb544f3d456facb9c3c79,3,1578,outputs/evaluation-and-correctness-may2026/final-results-tables-and-plots/tables/language_prompt_averages.csv
437,c9e8b26415347bb023b5e68767d1916dcb35e9c144cbb544f3d456facb9c3c79,3,1578,outputs/final_results/thesis_tables/language_prompt_averages.csv
437,c9e8b26415347bb023b5e68767d1916dcb35e9c144cbb544f3d456facb9c3c79,3,1578,outputs/segregated_results/shared-aggregate/may2026/final-results-tables-and-plots/tables/language_prompt_averages.csv
438,ca5ce82e47af683bac2af41c70efcbe501a372142ea668d00086bfdfbba7046f,3,329038,outputs/evaluation-and-correctness-may2026/commercial-new/gemini_3_flash_preview_P1_one_shot_java_400_v1_code_grounded_detailed.jsonl
438,ca5ce82e47af683bac2af41c70efcbe501a372142ea668d00086bfdfbba7046f,3,329038,outputs/segregated_results/commercial-base/evaluation-and-correctness-may2026/commercial-new/gemini_3_flash_preview_P1_one_shot_java_400_v1_code_grounded_detailed.jsonl
438,ca5ce82e47af683bac2af41c70efcbe501a372142ea668d00086bfdfbba7046f,3,329038,outputs/segregated_results/commercial-base/may2026/commercial-new/gemini_3_flash_preview_P1_one_shot_java_400_v1_code_grounded_detailed.jsonl
439,cb4e3f1b734f234ac9505df87f87b642506042fdf0f0617af206622ea0886b8b,3,237148,outputs/raw_generations/open-source-fine-tuned/qwen25_coder_1_5b_lora_multilang/qwen25_coder_1_5b_instruct_lora_multilang_P1_few_shot_python_400_v1.jsonl
439,cb4e3f1b734f234ac9505df87f87b642506042fdf0f0617af206622ea0886b8b,3,237148,outputs/segregated_results/open-source-lora/_long_paths/ca2701d198cb_qwen25_coder_1_5b_instruct_lora_multilang_P1_few_shot_python_400_v1.jsonl
439,cb4e3f1b734f234ac9505df87f87b642506042fdf0f0617af206622ea0886b8b,3,237148,outputs/segregated_results/open-source-lora/raw/open-source-fine-tuned/qwen25_coder_1_5b_lora_multilang/qwen25_coder_1_5b_instruct_lora_multilang_P1_few_shot_python_400_v1.jsonl
440,cbed588d097f1fe94b0437e922e68a59f57b558a2ff70487cd33524577dc2958,3,1170,outputs/evaluation-and-correctness-may2026/open-source-fine-tuned/codegemma_2b_lora_multilang/codegemma_2b_lora_multilang_P1_zero_shot_javascript_400_v1_summary.json
440,cbed588d097f1fe94b0437e922e68a59f57b558a2ff70487cd33524577dc2958,3,1170,outputs/segregated_results/open-source-lora/_long_paths/89492be77129_codegemma_2b_lora_multilang_P1_zero_shot_javascript_400_v1_summary.json
440,cbed588d097f1fe94b0437e922e68a59f57b558a2ff70487cd33524577dc2958,3,1170,outputs/segregated_results/open-source-lora/may2026/open-source-fine-tuned/codegemma_2b_lora_multilang/codegemma_2b_lora_multilang_P1_zero_shot_javascript_400_v1_summary.json
441,cd161b170233f75ad5c263f59162211a84cc663829012071a3aed55897d5792d,3,947,outputs/evaluation-and-correctness-may2026/commercial-new/gpt_5_1_codex_P1_zero_shot_python_10_smoke_v2_summary.json
441,cd161b170233f75ad5c263f59162211a84cc663829012071a3aed55897d5792d,3,947,outputs/segregated_results/commercial-base/evaluation-and-correctness-may2026/commercial-new/gpt_5_1_codex_P1_zero_shot_python_10_smoke_v2_summary.json
441,cd161b170233f75ad5c263f59162211a84cc663829012071a3aed55897d5792d,3,947,outputs/segregated_results/commercial-base/may2026/commercial-new/gpt_5_1_codex_P1_zero_shot_python_10_smoke_v2_summary.json
442,cf2d8f0dc41b965f27b60effc764d56d7c991040441cb45ec3a745404930aeb5,3,335475,outputs/evaluation-and-correctness-may2026/commercial-new/deepseek_chat_P1_few_shot_python_400_v1_detailed.jsonl
442,cf2d8f0dc41b965f27b60effc764d56d7c991040441cb45ec3a745404930aeb5,3,335475,outputs/segregated_results/commercial-base/evaluation-and-correctness-may2026/commercial-new/deepseek_chat_P1_few_shot_python_400_v1_detailed.jsonl
442,cf2d8f0dc41b965f27b60effc764d56d7c991040441cb45ec3a745404930aeb5,3,335475,outputs/segregated_results/commercial-base/may2026/commercial-new/deepseek_chat_P1_few_shot_python_400_v1_detailed.jsonl
443,d02fb1f23ad65b69596981ebcacc002b17af63df4cdc9dfbf8dd0e1153f4f36f,3,330953,outputs/evaluation-and-correctness-may2026/commercial-new/gpt_5_1_codex_P1_one_shot_javascript_400_v1_code_grounded_detailed.jsonl
443,d02fb1f23ad65b69596981ebcacc002b17af63df4cdc9dfbf8dd0e1153f4f36f,3,330953,outputs/segregated_results/commercial-base/evaluation-and-correctness-may2026/commercial-new/gpt_5_1_codex_P1_one_shot_javascript_400_v1_code_grounded_detailed.jsonl
443,d02fb1f23ad65b69596981ebcacc002b17af63df4cdc9dfbf8dd0e1153f4f36f,3,330953,outputs/segregated_results/commercial-base/may2026/commercial-new/gpt_5_1_codex_P1_one_shot_javascript_400_v1_code_grounded_detailed.jsonl
444,d0c46846424366a4db352c2105c9024d57f61e806cc28bcc565d967599599728,3,1155,outputs/evaluation-and-correctness-may2026/open-source-fine-tuned/codegemma_2b_lora_multilang/codegemma_2b_lora_multilang_P1_few_shot_python_400_v1_summary.json
444,d0c46846424366a4db352c2105c9024d57f61e806cc28bcc565d967599599728,3,1155,outputs/segregated_results/open-source-lora/_long_paths/af4956e5b212_codegemma_2b_lora_multilang_P1_few_shot_python_400_v1_summary.json
444,d0c46846424366a4db352c2105c9024d57f61e806cc28bcc565d967599599728,3,1155,outputs/segregated_results/open-source-lora/may2026/open-source-fine-tuned/codegemma_2b_lora_multilang/codegemma_2b_lora_multilang_P1_few_shot_python_400_v1_summary.json
445,d1fdd5c2f098501ee4273cab86b9474474d8b050931bc3e36907e20e70ebaeb5,3,254855,outputs/raw_generations/open-source-fine-tuned/qwen25_1_5b_instruct_lora_multilang/qwen25_1_5b_instruct_lora_multilang_P1_one_shot_java_400_v1.jsonl
445,d1fdd5c2f098501ee4273cab86b9474474d8b050931bc3e36907e20e70ebaeb5,3,254855,outputs/segregated_results/open-source-lora/_long_paths/e9c80e057196_qwen25_1_5b_instruct_lora_multilang_P1_one_shot_java_400_v1.jsonl
445,d1fdd5c2f098501ee4273cab86b9474474d8b050931bc3e36907e20e70ebaeb5,3,254855,outputs/segregated_results/open-source-lora/raw/open-source-fine-tuned/qwen25_1_5b_instruct_lora_multilang/qwen25_1_5b_instruct_lora_multilang_P1_one_shot_java_400_v1.jsonl
446,d26163b11d7576680077eeb175b301b9076a82cff13111169a265f5689baef5a,3,343593,outputs/evaluation-and-correctness-may2026/commercial-new/gpt_5_1_codex_P1_zero_shot_python_400_v1_detailed.jsonl
446,d26163b11d7576680077eeb175b301b9076a82cff13111169a265f5689baef5a,3,343593,outputs/segregated_results/commercial-base/evaluation-and-correctness-may2026/commercial-new/gpt_5_1_codex_P1_zero_shot_python_400_v1_detailed.jsonl
446,d26163b11d7576680077eeb175b301b9076a82cff13111169a265f5689baef5a,3,343593,outputs/segregated_results/commercial-base/may2026/commercial-new/gpt_5_1_codex_P1_zero_shot_python_400_v1_detailed.jsonl
447,d27a1d7c43bdc29072718cb6b898132efb17d71a75227eba3ecbaf31d3989df0,3,1171,outputs/evaluation-and-correctness-may2026/open-source-fine-tuned/codegemma_2b_lora_multilang/codegemma_2b_lora_multilang_P1_few_shot_java_400_v1_summary.json
447,d27a1d7c43bdc29072718cb6b898132efb17d71a75227eba3ecbaf31d3989df0,3,1171,outputs/segregated_results/open-source-lora/_long_paths/48d8e5003004_codegemma_2b_lora_multilang_P1_few_shot_java_400_v1_summary.json
447,d27a1d7c43bdc29072718cb6b898132efb17d71a75227eba3ecbaf31d3989df0,3,1171,outputs/segregated_results/open-source-lora/may2026/open-source-fine-tuned/codegemma_2b_lora_multilang/codegemma_2b_lora_multilang_P1_few_shot_java_400_v1_summary.json
448,d42959aaecdf118f990f074ea351ca01cf1be035bcc9ee3bf0c067d1572c30d7,3,110160,outputs/evaluation-and-correctness-may2026/final-results-tables-and-plots/plots/model_language_structural/gemma_2_2b_it_lora_multilang_java_structural.png
448,d42959aaecdf118f990f074ea351ca01cf1be035bcc9ee3bf0c067d1572c30d7,3,110160,outputs/segregated_results/open-source-lora/_long_paths/f74599427454_gemma_2_2b_it_lora_multilang_java_structural.png
448,d42959aaecdf118f990f074ea351ca01cf1be035bcc9ee3bf0c067d1572c30d7,3,110160,outputs/segregated_results/open-source-lora/may2026/final-results-tables-and-plots/plots/model_language_structural/gemma_2_2b_it_lora_multilang_java_structural.png
449,d6706c769d098c39651c3436f2f635c8fbf27dec4c504c45d5751c00b41eca68,3,1291,outputs/evaluation_And_corrctness_may2026_1/saturation_experiment/qwen25_coder_1_5b_instruct_P1_zero_shot_python_500_ZS_v3_code_grounded_summary.json
449,d6706c769d098c39651c3436f2f635c8fbf27dec4c504c45d5751c00b41eca68,3,1291,outputs/segregated_results/open-source-base/_long_paths/0620de225e40_qwen25_coder_1_5b_instruct_P1_zero_shot_python_500_ZS_v3_code_grounded_summary.json
449,d6706c769d098c39651c3436f2f635c8fbf27dec4c504c45d5751c00b41eca68,3,1291,outputs/segregated_results/open-source-base/may2026_legacy/saturation_experiment/qwen25_coder_1_5b_instruct_P1_zero_shot_python_500_ZS_v3_code_grounded_summary.json
450,d67a77f5b075413aa5d48ea873aafaedfa9f3502d8dc4b81e4a6d855f8292990,3,1090,outputs/evaluation-and-correctness-may2026/commercial-new/deepseek_chat_P1_zero_shot_python_400_v1_summary.json
450,d67a77f5b075413aa5d48ea873aafaedfa9f3502d8dc4b81e4a6d855f8292990,3,1090,outputs/segregated_results/commercial-base/evaluation-and-correctness-may2026/commercial-new/deepseek_chat_P1_zero_shot_python_400_v1_summary.json
450,d67a77f5b075413aa5d48ea873aafaedfa9f3502d8dc4b81e4a6d855f8292990,3,1090,outputs/segregated_results/commercial-base/may2026/commercial-new/deepseek_chat_P1_zero_shot_python_400_v1_summary.json
451,d7ca667b7179fede57ff81ea5816390ef7b51a71e90ca7f395885e0e602413f1,3,1290,outputs/evaluation-and-correctness-may2026/commercial-new/gpt_5_1_P1_few_shot_javascript_400_v1_code_grounded_summary.json
451,d7ca667b7179fede57ff81ea5816390ef7b51a71e90ca7f395885e0e602413f1,3,1290,outputs/segregated_results/commercial-base/evaluation-and-correctness-may2026/commercial-new/gpt_5_1_P1_few_shot_javascript_400_v1_code_grounded_summary.json
451,d7ca667b7179fede57ff81ea5816390ef7b51a71e90ca7f395885e0e602413f1,3,1290,outputs/segregated_results/commercial-base/may2026/commercial-new/gpt_5_1_P1_few_shot_javascript_400_v1_code_grounded_summary.json
452,d7f49dfcadf83320d441f117ed8c68181d0326b7f892159a4a6a9547f3a5418a,3,1317,outputs/evaluation_And_corrctness_may2026_1/decoding_sensitivity/qwen25_coder_1_5b_instruct_P1_zero_shot_python_400_greedy_v1_code_grounded_summary.json
452,d7f49dfcadf83320d441f117ed8c68181d0326b7f892159a4a6a9547f3a5418a,3,1317,outputs/segregated_results/open-source-base/_long_paths/1746f6e13838_qwen25_coder_1_5b_instruct_P1_zero_shot_python_400_greedy_v1_code_grounded_summary.json
452,d7f49dfcadf83320d441f117ed8c68181d0326b7f892159a4a6a9547f3a5418a,3,1317,outputs/segregated_results/open-source-base/may2026_legacy/decoding_sensitivity/qwen25_coder_1_5b_instruct_P1_zero_shot_python_400_greedy_v1_code_grounded_summary.json
453,d8012faf5bcea41c5ccf601e61dbaed5f283c967f4fff3b2c9c03ce3e845d716,3,1125,outputs/evaluation-and-correctness-may2026/commercial-new/gemini_3_flash_preview_P1_few_shot_javascript_400_v1_summary.json
453,d8012faf5bcea41c5ccf601e61dbaed5f283c967f4fff3b2c9c03ce3e845d716,3,1125,outputs/segregated_results/commercial-base/evaluation-and-correctness-may2026/commercial-new/gemini_3_flash_preview_P1_few_shot_javascript_400_v1_summary.json
453,d8012faf5bcea41c5ccf601e61dbaed5f283c967f4fff3b2c9c03ce3e845d716,3,1125,outputs/segregated_results/commercial-base/may2026/commercial-new/gemini_3_flash_preview_P1_few_shot_javascript_400_v1_summary.json
454,d9c9a96aefc9776ac6833401b094793fb82934b124015473087c3f9861dc1ab7,3,19925,outputs/evaluation-and-correctness-may2026/final-results-tables-and-plots/tables/javascript_full_comparison.csv
454,d9c9a96aefc9776ac6833401b094793fb82934b124015473087c3f9861dc1ab7,3,19925,outputs/final_results/thesis_tables/javascript_full_comparison.csv
454,d9c9a96aefc9776ac6833401b094793fb82934b124015473087c3f9861dc1ab7,3,19925,outputs/segregated_results/shared-aggregate/may2026/final-results-tables-and-plots/tables/javascript_full_comparison.csv
455,da5a79181981ba3e84dea737e8c56778c1f7d70b151512a2e5a1829fc5d105ef,3,328559,outputs/evaluation-and-correctness-may2026/commercial-new/gpt_5_1_codex_P1_one_shot_python_400_v1_code_grounded_detailed.jsonl
455,da5a79181981ba3e84dea737e8c56778c1f7d70b151512a2e5a1829fc5d105ef,3,328559,outputs/segregated_results/commercial-base/evaluation-and-correctness-may2026/commercial-new/gpt_5_1_codex_P1_one_shot_python_400_v1_code_grounded_detailed.jsonl
455,da5a79181981ba3e84dea737e8c56778c1f7d70b151512a2e5a1829fc5d105ef,3,328559,outputs/segregated_results/commercial-base/may2026/commercial-new/gpt_5_1_codex_P1_one_shot_python_400_v1_code_grounded_detailed.jsonl
456,daf94b90eb477302971885c6460ce7f1382c6d12331d2a4d634db150c27620e6,3,1290,outputs/evaluation_And_corrctness_may2026_1/saturation_experiment/qwen25_coder_1_5b_instruct_P1_zero_shot_python_200_v1_code_grounded_summary.json
456,daf94b90eb477302971885c6460ce7f1382c6d12331d2a4d634db150c27620e6,3,1290,outputs/segregated_results/open-source-base/_long_paths/90abad641fe2_qwen25_coder_1_5b_instruct_P1_zero_shot_python_200_v1_code_grounded_summary.json
456,daf94b90eb477302971885c6460ce7f1382c6d12331d2a4d634db150c27620e6,3,1290,outputs/segregated_results/open-source-base/may2026_legacy/saturation_experiment/qwen25_coder_1_5b_instruct_P1_zero_shot_python_200_v1_code_grounded_summary.json
457,dbdca1051eb170f1e519a6d9c93ff6b118290e75d6ae4acc17e5754924b73e6c,3,366952,outputs/evaluation-and-correctness-may2026/commercial-new/gpt_5_3_codex_P1_zero_shot_python_400_v1_detailed.jsonl
457,dbdca1051eb170f1e519a6d9c93ff6b118290e75d6ae4acc17e5754924b73e6c,3,366952,outputs/segregated_results/commercial-base/evaluation-and-correctness-may2026/commercial-new/gpt_5_3_codex_P1_zero_shot_python_400_v1_detailed.jsonl
457,dbdca1051eb170f1e519a6d9c93ff6b118290e75d6ae4acc17e5754924b73e6c,3,366952,outputs/segregated_results/commercial-base/may2026/commercial-new/gpt_5_3_codex_P1_zero_shot_python_400_v1_detailed.jsonl
458,dcb98858f365c407585b539d52063b96ba0af7ed76c289d0375a35022df08536,3,109053,outputs/evaluation-and-correctness-may2026/final-results-tables-and-plots/plots/model_language_structural/Qwen_Qwen2.5-1.5B-Instruct_java_structural.png
458,dcb98858f365c407585b539d52063b96ba0af7ed76c289d0375a35022df08536,3,109053,outputs/segregated_results/open-source-base/_long_paths/b07bfad63de1_Qwen_Qwen2.5-1.5B-Instruct_java_structural.png
458,dcb98858f365c407585b539d52063b96ba0af7ed76c289d0375a35022df08536,3,109053,outputs/segregated_results/open-source-base/may2026/final-results-tables-and-plots/plots/model_language_structural/Qwen_Qwen2.5-1.5B-Instruct_java_structural.png
459,dd6b0b963844f1eaad4936f1ec628f7f3070b1a99bc25df65f21e2641160ba4b,3,1175,outputs/evaluation-and-correctness-may2026/open-source-fine-tuned/gemma_2_2b_it_lora_multilang/gemma_2_2b_it_lora_multilang_P1_zero_shot_java_400_v1_summary.json
459,dd6b0b963844f1eaad4936f1ec628f7f3070b1a99bc25df65f21e2641160ba4b,3,1175,outputs/segregated_results/open-source-lora/_long_paths/670bfc675768_gemma_2_2b_it_lora_multilang_P1_zero_shot_java_400_v1_summary.json
459,dd6b0b963844f1eaad4936f1ec628f7f3070b1a99bc25df65f21e2641160ba4b,3,1175,outputs/segregated_results/open-source-lora/may2026/open-source-fine-tuned/gemma_2_2b_it_lora_multilang/gemma_2_2b_it_lora_multilang_P1_zero_shot_java_400_v1_summary.json
460,de956290b5a58b43f157df005775a6fd65252b25b0b0b94ac49e1f849640d4aa,3,335361,outputs/evaluation-and-correctness-may2026/commercial-new/gemini_3_flash_preview_P1_zero_shot_java_400_v1_detailed.jsonl
460,de956290b5a58b43f157df005775a6fd65252b25b0b0b94ac49e1f849640d4aa,3,335361,outputs/segregated_results/commercial-base/evaluation-and-correctness-may2026/commercial-new/gemini_3_flash_preview_P1_zero_shot_java_400_v1_detailed.jsonl
460,de956290b5a58b43f157df005775a6fd65252b25b0b0b94ac49e1f849640d4aa,3,335361,outputs/segregated_results/commercial-base/may2026/commercial-new/gemini_3_flash_preview_P1_zero_shot_java_400_v1_detailed.jsonl
461,dead1723a7651f288e3852c4121d994537a9657fa17caca2f18f2eeafeed3294,3,107215,outputs/evaluation-and-correctness-may2026/final-results-tables-and-plots/plots/family_language_prompt/java_bertscore_by_family_prompt.png
461,dead1723a7651f288e3852c4121d994537a9657fa17caca2f18f2eeafeed3294,3,107215,outputs/segregated_results/shared-aggregate/evaluation-and-correctness-may2026/final-results-tables-and-plots/plots/family_language_prompt/java_bertscore_by_family_prompt.png
461,dead1723a7651f288e3852c4121d994537a9657fa17caca2f18f2eeafeed3294,3,107215,outputs/segregated_results/shared-aggregate/may2026/final-results-tables-and-plots/plots/family_language_prompt/java_bertscore_by_family_prompt.png
462,e08edec0e19788d79f8ad0f036261981b700e7f05ab8825094fc89c871e9c7cd,3,162583,outputs/evaluation-and-correctness-may2026/final-results-tables-and-plots/plots/model_language_structural/codegemma_2b_lora_multilang_python_structural.png
462,e08edec0e19788d79f8ad0f036261981b700e7f05ab8825094fc89c871e9c7cd,3,162583,outputs/segregated_results/open-source-lora/_long_paths/4d4dd23a4a4c_codegemma_2b_lora_multilang_python_structural.png
462,e08edec0e19788d79f8ad0f036261981b700e7f05ab8825094fc89c871e9c7cd,3,162583,outputs/segregated_results/open-source-lora/may2026/final-results-tables-and-plots/plots/model_language_structural/codegemma_2b_lora_multilang_python_structural.png
463,e0edf3a374222564bcc54b257442226ede54a7985a0adb783a4cc280b0bd1821,3,337043,outputs/evaluation-and-correctness-may2026/commercial-new/gpt_5_1_P1_few_shot_javascript_400_v1_detailed.jsonl
463,e0edf3a374222564bcc54b257442226ede54a7985a0adb783a4cc280b0bd1821,3,337043,outputs/segregated_results/commercial-base/evaluation-and-correctness-may2026/commercial-new/gpt_5_1_P1_few_shot_javascript_400_v1_detailed.jsonl
463,e0edf3a374222564bcc54b257442226ede54a7985a0adb783a4cc280b0bd1821,3,337043,outputs/segregated_results/commercial-base/may2026/commercial-new/gpt_5_1_P1_few_shot_javascript_400_v1_detailed.jsonl
464,e102d00072fdd5b64241915031b500eb2341c5c138f41d0db388cbed92aef0a8,3,1314,outputs/evaluation_And_corrctness_may2026_1/saturation_experiment/qwen25_coder_1_5b_instruct_P1_zero_shot_python_1000_ZS_v3_code_grounded_summary.json
464,e102d00072fdd5b64241915031b500eb2341c5c138f41d0db388cbed92aef0a8,3,1314,outputs/segregated_results/open-source-base/_long_paths/9e67e71e8be9_qwen25_coder_1_5b_instruct_P1_zero_shot_python_1000_ZS_v3_code_grounded_summary.json
464,e102d00072fdd5b64241915031b500eb2341c5c138f41d0db388cbed92aef0a8,3,1314,outputs/segregated_results/open-source-base/may2026_legacy/saturation_experiment/qwen25_coder_1_5b_instruct_P1_zero_shot_python_1000_ZS_v3_code_grounded_summary.json
465,e217f4534945937dbb3e12ecfe9e38c3428c7fa4253d947f8bdef5b2c06fe3fa,3,347588,outputs/evaluation-and-correctness-may2026/open-source-fine-tuned/gemma_2_2b_it_lora_multilang/gemma_2_2b_it_lora_multilang_P1_few_shot_java_400_v1_detailed.jsonl
465,e217f4534945937dbb3e12ecfe9e38c3428c7fa4253d947f8bdef5b2c06fe3fa,3,347588,outputs/segregated_results/open-source-lora/_long_paths/f05f222ea0ae_gemma_2_2b_it_lora_multilang_P1_few_shot_java_400_v1_detailed.jsonl
465,e217f4534945937dbb3e12ecfe9e38c3428c7fa4253d947f8bdef5b2c06fe3fa,3,347588,outputs/segregated_results/open-source-lora/may2026/open-source-fine-tuned/gemma_2_2b_it_lora_multilang/gemma_2_2b_it_lora_multilang_P1_few_shot_java_400_v1_detailed.jsonl
466,e3f4c26a2814a96b1a008e3f0064812489eab50921e1bf04a18b9f9acde4b91c,3,345085,outputs/evaluation-and-correctness-may2026/commercial-new/gpt_5_1_codex_P1_zero_shot_java_400_v1_detailed.jsonl
466,e3f4c26a2814a96b1a008e3f0064812489eab50921e1bf04a18b9f9acde4b91c,3,345085,outputs/segregated_results/commercial-base/evaluation-and-correctness-may2026/commercial-new/gpt_5_1_codex_P1_zero_shot_java_400_v1_detailed.jsonl
466,e3f4c26a2814a96b1a008e3f0064812489eab50921e1bf04a18b9f9acde4b91c,3,345085,outputs/segregated_results/commercial-base/may2026/commercial-new/gpt_5_1_codex_P1_zero_shot_java_400_v1_detailed.jsonl
467,e747a29f7131329deba369e7e0e5fbf8f23bac53fdb8f51fed948e5effe353e5,3,6809,outputs/evaluations/qwen_base_zs_fs_metrics_400_clean.xlsx
467,e747a29f7131329deba369e7e0e5fbf8f23bac53fdb8f51fed948e5effe353e5,3,6809,outputs/final_results/automatic_metrics/qwen_base_zs_fs_metrics_400_clean.xlsx
467,e747a29f7131329deba369e7e0e5fbf8f23bac53fdb8f51fed948e5effe353e5,3,6809,outputs/segregated_results/open-source-base/eval/qwen_base_zs_fs_metrics_400_clean.xlsx
468,e78c0600b89e4ab4a657adcf9b3bd5856e2b0d7afb7a67f9b2e8dde4edc282c4,3,1156,outputs/evaluation-and-correctness-may2026/open-source-fine-tuned/codegemma_2b_lora_multilang/codegemma_2b_lora_multilang_P1_zero_shot_python_400_v1_summary.json
468,e78c0600b89e4ab4a657adcf9b3bd5856e2b0d7afb7a67f9b2e8dde4edc282c4,3,1156,outputs/segregated_results/open-source-lora/_long_paths/2a91692c4753_codegemma_2b_lora_multilang_P1_zero_shot_python_400_v1_summary.json
468,e78c0600b89e4ab4a657adcf9b3bd5856e2b0d7afb7a67f9b2e8dde4edc282c4,3,1156,outputs/segregated_results/open-source-lora/may2026/open-source-fine-tuned/codegemma_2b_lora_multilang/codegemma_2b_lora_multilang_P1_zero_shot_python_400_v1_summary.json
469,e7b5e09659f0e6c25506355570eb16308e2ea07f758bcead3bf99e78950c89e6,3,1063,outputs/evaluation-and-correctness-may2026/commercial-new/gpt_5_1_P1_one_shot_java_400_v1_summary.json
469,e7b5e09659f0e6c25506355570eb16308e2ea07f758bcead3bf99e78950c89e6,3,1063,outputs/segregated_results/commercial-base/evaluation-and-correctness-may2026/commercial-new/gpt_5_1_P1_one_shot_java_400_v1_summary.json
469,e7b5e09659f0e6c25506355570eb16308e2ea07f758bcead3bf99e78950c89e6,3,1063,outputs/segregated_results/commercial-base/may2026/commercial-new/gpt_5_1_P1_one_shot_java_400_v1_summary.json
470,e854cdc73c467704892fe928924c6222fce18a5a587f6bfc0642c1b5bf0d469d,3,158202,outputs/evaluation-and-correctness-may2026/final-results-tables-and-plots/plots/model_language_structural/qwen25_coder_1_5b_instruct_lora_multilang_java_structural.png
470,e854cdc73c467704892fe928924c6222fce18a5a587f6bfc0642c1b5bf0d469d,3,158202,outputs/segregated_results/open-source-lora/_long_paths/5593301c2c0e_qwen25_coder_1_5b_instruct_lora_multilang_java_structural.png
470,e854cdc73c467704892fe928924c6222fce18a5a587f6bfc0642c1b5bf0d469d,3,158202,outputs/segregated_results/open-source-lora/may2026/final-results-tables-and-plots/plots/model_language_structural/qwen25_coder_1_5b_instruct_lora_multilang_java_structural.png
471,e96afe4b9f8d79c5a96f502d000c7e95f058ef0ae28b0c46ed765edc2958aa91,3,1274,outputs/evaluation-and-correctness-may2026/commercial-new/gpt_5_1_P1_one_shot_java_400_v1_code_grounded_summary.json
471,e96afe4b9f8d79c5a96f502d000c7e95f058ef0ae28b0c46ed765edc2958aa91,3,1274,outputs/segregated_results/commercial-base/evaluation-and-correctness-may2026/commercial-new/gpt_5_1_P1_one_shot_java_400_v1_code_grounded_summary.json
471,e96afe4b9f8d79c5a96f502d000c7e95f058ef0ae28b0c46ed765edc2958aa91,3,1274,outputs/segregated_results/commercial-base/may2026/commercial-new/gpt_5_1_P1_one_shot_java_400_v1_code_grounded_summary.json
472,e9e3ed17bbc1fe8986a4863785e070637f7b69876f063578084c337853cdc5ff,3,1173,outputs/evaluation-and-correctness-may2026/open-source-fine-tuned/gemma_2_2b_it_lora_multilang/gemma_2_2b_it_lora_multilang_P1_zero_shot_javascript_400_v1_summary.json
472,e9e3ed17bbc1fe8986a4863785e070637f7b69876f063578084c337853cdc5ff,3,1173,outputs/segregated_results/open-source-lora/_long_paths/57ff5b938915_gemma_2_2b_it_lora_multilang_P1_zero_shot_javascript_400_v1_summary.json
472,e9e3ed17bbc1fe8986a4863785e070637f7b69876f063578084c337853cdc5ff,3,1173,outputs/segregated_results/open-source-lora/may2026/open-source-fine-tuned/gemma_2_2b_it_lora_multilang/gemma_2_2b_it_lora_multilang_P1_zero_shot_javascript_400_v1_summary.json
473,e9f370b2f645fd6b8fb66007202d8bef45ca5707e840a074b35df8093f9b3fdf,3,343184,outputs/evaluation-and-correctness-may2026/commercial-new/gpt_5_1_P1_one_shot_java_400_v1_detailed.jsonl
473,e9f370b2f645fd6b8fb66007202d8bef45ca5707e840a074b35df8093f9b3fdf,3,343184,outputs/segregated_results/commercial-base/evaluation-and-correctness-may2026/commercial-new/gpt_5_1_P1_one_shot_java_400_v1_detailed.jsonl
473,e9f370b2f645fd6b8fb66007202d8bef45ca5707e840a074b35df8093f9b3fdf,3,343184,outputs/segregated_results/commercial-base/may2026/commercial-new/gpt_5_1_P1_one_shot_java_400_v1_detailed.jsonl
474,ea3a667e26ab1876c1f577c0003388462e8702ec7fb902d6326baeb21b290534,3,1291,outputs/evaluation_And_corrctness_may2026_1/saturation_experiment/qwen25_coder_1_5b_instruct_P1_zero_shot_python_300_ZS_v3_code_grounded_summary.json
474,ea3a667e26ab1876c1f577c0003388462e8702ec7fb902d6326baeb21b290534,3,1291,outputs/segregated_results/open-source-base/_long_paths/90fcf83e1f2d_qwen25_coder_1_5b_instruct_P1_zero_shot_python_300_ZS_v3_code_grounded_summary.json
474,ea3a667e26ab1876c1f577c0003388462e8702ec7fb902d6326baeb21b290534,3,1291,outputs/segregated_results/open-source-base/may2026_legacy/saturation_experiment/qwen25_coder_1_5b_instruct_P1_zero_shot_python_300_ZS_v3_code_grounded_summary.json
475,eb265a3c3334d3719a78a9ee476d657ed850058a9c90be629e5858a749f75976,3,1261,outputs/evaluation-and-correctness-may2026/commercial-new/gpt_5_1_P1_zero_shot_python_400_v2_code_grounded_summary.json
475,eb265a3c3334d3719a78a9ee476d657ed850058a9c90be629e5858a749f75976,3,1261,outputs/segregated_results/commercial-base/evaluation-and-correctness-may2026/commercial-new/gpt_5_1_P1_zero_shot_python_400_v2_code_grounded_summary.json
475,eb265a3c3334d3719a78a9ee476d657ed850058a9c90be629e5858a749f75976,3,1261,outputs/segregated_results/commercial-base/may2026/commercial-new/gpt_5_1_P1_zero_shot_python_400_v2_code_grounded_summary.json
476,ecae236d242047d7ed3d09867fad4efbb99068fd99e585d2b9ecddbd7e2b3309,3,1272,outputs/evaluation-and-correctness-may2026/commercial-new/deepseek_chat_P1_one_shot_python_400_v1_code_grounded_summary.json
476,ecae236d242047d7ed3d09867fad4efbb99068fd99e585d2b9ecddbd7e2b3309,3,1272,outputs/segregated_results/commercial-base/evaluation-and-correctness-may2026/commercial-new/deepseek_chat_P1_one_shot_python_400_v1_code_grounded_summary.json
476,ecae236d242047d7ed3d09867fad4efbb99068fd99e585d2b9ecddbd7e2b3309,3,1272,outputs/segregated_results/commercial-base/may2026/commercial-new/deepseek_chat_P1_one_shot_python_400_v1_code_grounded_summary.json
477,eeefce6037814a25a70fb8db5cb53f196532402196fe23b98468a9433c95df0f,3,1067,outputs/evaluation-and-correctness-may2026/commercial-new/gpt_5_1_P1_few_shot_java_400_v1_summary.json
477,eeefce6037814a25a70fb8db5cb53f196532402196fe23b98468a9433c95df0f,3,1067,outputs/segregated_results/commercial-base/evaluation-and-correctness-may2026/commercial-new/gpt_5_1_P1_few_shot_java_400_v1_summary.json
477,eeefce6037814a25a70fb8db5cb53f196532402196fe23b98468a9433c95df0f,3,1067,outputs/segregated_results/commercial-base/may2026/commercial-new/gpt_5_1_P1_few_shot_java_400_v1_summary.json
478,ef32d699823818f2ca3b8ab93a6ce3b194cecd6e87e01550c3a70e80a7b8f3bb,3,1110,outputs/evaluation-and-correctness-may2026/commercial-new/gpt_5_3_codex_P1_zero_shot_python_400_v1_summary.json
478,ef32d699823818f2ca3b8ab93a6ce3b194cecd6e87e01550c3a70e80a7b8f3bb,3,1110,outputs/segregated_results/commercial-base/evaluation-and-correctness-may2026/commercial-new/gpt_5_3_codex_P1_zero_shot_python_400_v1_summary.json
478,ef32d699823818f2ca3b8ab93a6ce3b194cecd6e87e01550c3a70e80a7b8f3bb,3,1110,outputs/segregated_results/commercial-base/may2026/commercial-new/gpt_5_3_codex_P1_zero_shot_python_400_v1_summary.json
479,efa2e1b9e2db83b7ddaac3af688293b4ce2ba1ed4e80bb6a1d1e5d93cb16a11e,3,1293,outputs/evaluation-and-correctness-may2026/commercial-new/gpt_5_3_codex_P1_zero_shot_java_400_v1_code_grounded_summary.json
479,efa2e1b9e2db83b7ddaac3af688293b4ce2ba1ed4e80bb6a1d1e5d93cb16a11e,3,1293,outputs/segregated_results/commercial-base/evaluation-and-correctness-may2026/commercial-new/gpt_5_3_codex_P1_zero_shot_java_400_v1_code_grounded_summary.json
479,efa2e1b9e2db83b7ddaac3af688293b4ce2ba1ed4e80bb6a1d1e5d93cb16a11e,3,1293,outputs/segregated_results/commercial-base/may2026/commercial-new/gpt_5_3_codex_P1_zero_shot_java_400_v1_code_grounded_summary.json
480,f0125deb2f82ded3cebe57403cdbbd8b1f92ac30402dcc97b1c0fd63794db5b7,3,1258,outputs/evaluation-and-correctness-may2026/commercial-new/gpt_5_1_P1_few_shot_python_400_v1_code_grounded_summary.json
480,f0125deb2f82ded3cebe57403cdbbd8b1f92ac30402dcc97b1c0fd63794db5b7,3,1258,outputs/segregated_results/commercial-base/evaluation-and-correctness-may2026/commercial-new/gpt_5_1_P1_few_shot_python_400_v1_code_grounded_summary.json
480,f0125deb2f82ded3cebe57403cdbbd8b1f92ac30402dcc97b1c0fd63794db5b7,3,1258,outputs/segregated_results/commercial-base/may2026/commercial-new/gpt_5_1_P1_few_shot_python_400_v1_code_grounded_summary.json
481,f03075b64ca83f98c30fcb6e314dd3dd736985a980f5f83a9ff3dbf68b05c6bb,3,372907,outputs/evaluation-and-correctness-may2026/commercial-new/gpt_5_3_codex_P1_zero_shot_javascript_400_v1_detailed.jsonl
481,f03075b64ca83f98c30fcb6e314dd3dd736985a980f5f83a9ff3dbf68b05c6bb,3,372907,outputs/segregated_results/commercial-base/evaluation-and-correctness-may2026/commercial-new/gpt_5_3_codex_P1_zero_shot_javascript_400_v1_detailed.jsonl
481,f03075b64ca83f98c30fcb6e314dd3dd736985a980f5f83a9ff3dbf68b05c6bb,3,372907,outputs/segregated_results/commercial-base/may2026/commercial-new/gpt_5_3_codex_P1_zero_shot_javascript_400_v1_detailed.jsonl
482,f129d8c205b18a18b0f2e81ba8c95d294016fdf7184601edb5077b90026c110f,3,145422,outputs/evaluation-and-correctness-may2026/final-results-tables-and-plots/plots/family_language_prompt/java_bleu_by_family_prompt.png
482,f129d8c205b18a18b0f2e81ba8c95d294016fdf7184601edb5077b90026c110f,3,145422,outputs/segregated_results/shared-aggregate/evaluation-and-correctness-may2026/final-results-tables-and-plots/plots/family_language_prompt/java_bleu_by_family_prompt.png
482,f129d8c205b18a18b0f2e81ba8c95d294016fdf7184601edb5077b90026c110f,3,145422,outputs/segregated_results/shared-aggregate/may2026/final-results-tables-and-plots/plots/family_language_prompt/java_bleu_by_family_prompt.png
483,f3739d0a6f054192b39fce161c0ba736a355f8b6809fd625e0bcb6121e0d44af,3,1165,outputs/evaluation-and-correctness-may2026/open-source-fine-tuned/codegemma_2b_lora_multilang/codegemma_2b_lora_multilang_P1_one_shot_javascript_400_v1_summary.json
483,f3739d0a6f054192b39fce161c0ba736a355f8b6809fd625e0bcb6121e0d44af,3,1165,outputs/segregated_results/open-source-lora/_long_paths/e2a20de86823_codegemma_2b_lora_multilang_P1_one_shot_javascript_400_v1_summary.json
483,f3739d0a6f054192b39fce161c0ba736a355f8b6809fd625e0bcb6121e0d44af,3,1165,outputs/segregated_results/open-source-lora/may2026/open-source-fine-tuned/codegemma_2b_lora_multilang/codegemma_2b_lora_multilang_P1_one_shot_javascript_400_v1_summary.json
484,f50331a5509e47e42fa270734820a4d1cbd9904392aae85ea7ff3fe89fc65945,3,226583,outputs/raw_generations/open-source-fine-tuned/gemma_2_2b_it_lora_multilang/gemma_2_2b_it_lora_multilang_P1_one_shot_javascript_400_v1.jsonl
484,f50331a5509e47e42fa270734820a4d1cbd9904392aae85ea7ff3fe89fc65945,3,226583,outputs/segregated_results/open-source-lora/_long_paths/3756b933559a_gemma_2_2b_it_lora_multilang_P1_one_shot_javascript_400_v1.jsonl
484,f50331a5509e47e42fa270734820a4d1cbd9904392aae85ea7ff3fe89fc65945,3,226583,outputs/segregated_results/open-source-lora/raw/open-source-fine-tuned/gemma_2_2b_it_lora_multilang/gemma_2_2b_it_lora_multilang_P1_one_shot_javascript_400_v1.jsonl
485,f5b874bd6b265cff51008324c0bb00ca802219ddbc8f9e88dc807553c6682fea,3,1279,outputs/evaluation-and-correctness-may2026/commercial-new/gpt_5_1_P1_zero_shot_java_400_v1_code_grounded_summary.json
485,f5b874bd6b265cff51008324c0bb00ca802219ddbc8f9e88dc807553c6682fea,3,1279,outputs/segregated_results/commercial-base/evaluation-and-correctness-may2026/commercial-new/gpt_5_1_P1_zero_shot_java_400_v1_code_grounded_summary.json
485,f5b874bd6b265cff51008324c0bb00ca802219ddbc8f9e88dc807553c6682fea,3,1279,outputs/segregated_results/commercial-base/may2026/commercial-new/gpt_5_1_P1_zero_shot_java_400_v1_code_grounded_summary.json
486,f5dd095477a99ae1f02bc701e6ebb5d2f29520776323005ee4e58f1f1809d452,3,327864,outputs/evaluation-and-correctness-may2026/commercial-new/gpt_5_1_P1_few_shot_python_400_v1_code_grounded_detailed.jsonl
486,f5dd095477a99ae1f02bc701e6ebb5d2f29520776323005ee4e58f1f1809d452,3,327864,outputs/segregated_results/commercial-base/evaluation-and-correctness-may2026/commercial-new/gpt_5_1_P1_few_shot_python_400_v1_code_grounded_detailed.jsonl
486,f5dd095477a99ae1f02bc701e6ebb5d2f29520776323005ee4e58f1f1809d452,3,327864,outputs/segregated_results/commercial-base/may2026/commercial-new/gpt_5_1_P1_few_shot_python_400_v1_code_grounded_detailed.jsonl
487,f7fae25503beceb635103c23e222d0f9a501e22ab638200a1fa5f880ce07e576,3,332174,outputs/evaluation-and-correctness-may2026/commercial-new/deepseek_chat_P1_one_shot_javascript_400_v1_detailed.jsonl
487,f7fae25503beceb635103c23e222d0f9a501e22ab638200a1fa5f880ce07e576,3,332174,outputs/segregated_results/commercial-base/evaluation-and-correctness-may2026/commercial-new/deepseek_chat_P1_one_shot_javascript_400_v1_detailed.jsonl
487,f7fae25503beceb635103c23e222d0f9a501e22ab638200a1fa5f880ce07e576,3,332174,outputs/segregated_results/commercial-base/may2026/commercial-new/deepseek_chat_P1_one_shot_javascript_400_v1_detailed.jsonl
488,f97cc70a7cfb862a42b89a3fb4fb7f464169a1a98e79580e3c01b44d44ca363b,3,1263,outputs/evaluation-and-correctness-may2026/commercial-new/gpt_5_4_P1_zero_shot_javascript_400_v1_code_grounded_summary.json
488,f97cc70a7cfb862a42b89a3fb4fb7f464169a1a98e79580e3c01b44d44ca363b,3,1263,outputs/segregated_results/commercial-base/evaluation-and-correctness-may2026/commercial-new/gpt_5_4_P1_zero_shot_javascript_400_v1_code_grounded_summary.json
488,f97cc70a7cfb862a42b89a3fb4fb7f464169a1a98e79580e3c01b44d44ca363b,3,1263,outputs/segregated_results/commercial-base/may2026/commercial-new/gpt_5_4_P1_zero_shot_javascript_400_v1_code_grounded_summary.json
489,f9a0641d77bda0783e35e78cd601fe7ee530ff6cd1f961ae00426f4af7a9bf12,3,1174,outputs/evaluation-and-correctness-may2026/open-source-fine-tuned/gemma_2_2b_it_lora_multilang/gemma_2_2b_it_lora_multilang_P1_few_shot_java_400_v1_summary.json
489,f9a0641d77bda0783e35e78cd601fe7ee530ff6cd1f961ae00426f4af7a9bf12,3,1174,outputs/segregated_results/open-source-lora/_long_paths/9d5e2f5144b4_gemma_2_2b_it_lora_multilang_P1_few_shot_java_400_v1_summary.json
489,f9a0641d77bda0783e35e78cd601fe7ee530ff6cd1f961ae00426f4af7a9bf12,3,1174,outputs/segregated_results/open-source-lora/may2026/open-source-fine-tuned/gemma_2_2b_it_lora_multilang/gemma_2_2b_it_lora_multilang_P1_few_shot_java_400_v1_summary.json
490,f9e05fb92822cd32809136563007c3412d4f3210f14af0890b1f07b0d4f5e2b2,3,339630,outputs/evaluation-and-correctness-may2026/commercial-new/gpt_5_4_P1_zero_shot_python_400_v1_detailed.jsonl
490,f9e05fb92822cd32809136563007c3412d4f3210f14af0890b1f07b0d4f5e2b2,3,339630,outputs/segregated_results/commercial-base/evaluation-and-correctness-may2026/commercial-new/gpt_5_4_P1_zero_shot_python_400_v1_detailed.jsonl
490,f9e05fb92822cd32809136563007c3412d4f3210f14af0890b1f07b0d4f5e2b2,3,339630,outputs/segregated_results/commercial-base/may2026/commercial-new/gpt_5_4_P1_zero_shot_python_400_v1_detailed.jsonl
491,fd38873fe9ff775c2f2953d5779206caa22b60c740e5e7e4c7caeb79b34242c9,3,341294,outputs/evaluation-and-correctness-may2026/commercial-new/gemini_3_flash_preview_P1_few_shot_java_400_v1_code_grounded_detailed.jsonl
491,fd38873fe9ff775c2f2953d5779206caa22b60c740e5e7e4c7caeb79b34242c9,3,341294,outputs/segregated_results/commercial-base/evaluation-and-correctness-may2026/commercial-new/gemini_3_flash_preview_P1_few_shot_java_400_v1_code_grounded_detailed.jsonl
491,fd38873fe9ff775c2f2953d5779206caa22b60c740e5e7e4c7caeb79b34242c9,3,341294,outputs/segregated_results/commercial-base/may2026/commercial-new/gemini_3_flash_preview_P1_few_shot_java_400_v1_code_grounded_detailed.jsonl
492,fd56316e5b73e4010d7f00f55393bd8ae2a61fd3bc0b2f23ca80479b838224c7,3,1265,outputs/evaluation-and-correctness-may2026/commercial-new/gpt_5_4_P1_zero_shot_python_400_v1_code_grounded_summary.json
492,fd56316e5b73e4010d7f00f55393bd8ae2a61fd3bc0b2f23ca80479b838224c7,3,1265,outputs/segregated_results/commercial-base/evaluation-and-correctness-may2026/commercial-new/gpt_5_4_P1_zero_shot_python_400_v1_code_grounded_summary.json
492,fd56316e5b73e4010d7f00f55393bd8ae2a61fd3bc0b2f23ca80479b838224c7,3,1265,outputs/segregated_results/commercial-base/may2026/commercial-new/gpt_5_4_P1_zero_shot_python_400_v1_code_grounded_summary.json
493,fdf277214acbea72358a450ba2fa211c40e361457eaf0387fb0cfc8847b21d4a,3,10508,outputs/correctness/qwen_base_zs_fs_correctness_400_clean.csv
493,fdf277214acbea72358a450ba2fa211c40e361457eaf0387fb0cfc8847b21d4a,3,10508,outputs/final_results/code_grounded_correctness/qwen_base_zs_fs_correctness_400_clean.csv
493,fdf277214acbea72358a450ba2fa211c40e361457eaf0387fb0cfc8847b21d4a,3,10508,outputs/segregated_results/open-source-base/correctness/qwen_base_zs_fs_correctness_400_clean.csv
494,fe2e8b8461b2f2ca98fabe61c4d0075ca2fa780bbdded1829f922cd78170acc6,3,1280,outputs/evaluation_And_corrctness_may2026_1/saturation_experiment/qwen25_coder_1_5b_instruct_P1_zero_shot_python_100_v1_code_grounded_summary.json
494,fe2e8b8461b2f2ca98fabe61c4d0075ca2fa780bbdded1829f922cd78170acc6,3,1280,outputs/segregated_results/open-source-base/_long_paths/6a95191867da_qwen25_coder_1_5b_instruct_P1_zero_shot_python_100_v1_code_grounded_summary.json
494,fe2e8b8461b2f2ca98fabe61c4d0075ca2fa780bbdded1829f922cd78170acc6,3,1280,outputs/segregated_results/open-source-base/may2026_legacy/saturation_experiment/qwen25_coder_1_5b_instruct_P1_zero_shot_python_100_v1_code_grounded_summary.json
495,fe977fb22b602c699f962e725ac702f4e6159af5858040b189bad8202ea2a143,3,1068,outputs/evaluation-and-correctness-may2026/commercial-new/gpt_5_4_P1_zero_shot_python_400_v1_summary.json
495,fe977fb22b602c699f962e725ac702f4e6159af5858040b189bad8202ea2a143,3,1068,outputs/segregated_results/commercial-base/evaluation-and-correctness-may2026/commercial-new/gpt_5_4_P1_zero_shot_python_400_v1_summary.json
495,fe977fb22b602c699f962e725ac702f4e6159af5858040b189bad8202ea2a143,3,1068,outputs/segregated_results/commercial-base/may2026/commercial-new/gpt_5_4_P1_zero_shot_python_400_v1_summary.json
496,0009a72eafb85cd93d60ed8702c59dbb5f131021e490a36a5d5bd735cfdc3295,2,1168,outputs/evaluation-and-correctness-may2026/open-source/qwen25_coder_1_5b_instruct_P1_few_shot_python_200_part2_v1_summary.json
496,0009a72eafb85cd93d60ed8702c59dbb5f131021e490a36a5d5bd735cfdc3295,2,1168,outputs/segregated_results/open-source-base/may2026/open-source/qwen25_coder_1_5b_instruct_P1_few_shot_python_200_part2_v1_summary.json
497,008487d5db0975116bd288e926123a5f0743a5b84053529209a14b350e971cb6,2,1053,outputs/evaluations/gpt_5_4_P1_zero_shot_python_400_v1_eval.json_summary.json
497,008487d5db0975116bd288e926123a5f0743a5b84053529209a14b350e971cb6,2,1053,outputs/segregated_results/commercial-base/eval/gpt_5_4_P1_zero_shot_python_400_v1_eval.json_summary.json
498,0150ebf10fca7ee2cb97a29fd6d789ca5a6de8817183bd6fe09c252836f2b7a9,2,1321,outputs/evaluations/qwen25_coder_1_5b_instruct_lora_multilang_P1_few_shot_javascript_400_v1_eval.json_summary.json
498,0150ebf10fca7ee2cb97a29fd6d789ca5a6de8817183bd6fe09c252836f2b7a9,2,1321,outputs/segregated_results/open-source-lora/eval/qwen25_coder_1_5b_instruct_lora_multilang_P1_few_shot_javascript_400_v1_eval.json_summary.json
499,01862e56a4812e6eaf6e03ecf7ed5780e8cb7fe563a3dd5e10415ed5d8152154,2,594503,outputs/evaluations/qwen25_coder_1_5b_instruct_P1_zero_shot_python_600_v1_eval.json_detailed.jsonl
499,01862e56a4812e6eaf6e03ecf7ed5780e8cb7fe563a3dd5e10415ed5d8152154,2,594503,outputs/segregated_results/open-source-base/eval/qwen25_coder_1_5b_instruct_P1_zero_shot_python_600_v1_eval.json_detailed.jsonl
500,01afe34263fba2947601fda839b63bf9248e04835d7c07e7511d2e3c28cc06ff,2,274611,outputs/evaluation-and-correctness-may2026/open-source/qwen25_coder_1_5b_instruct_P1_few_shot_python_300_v1_detailed.jsonl
500,01afe34263fba2947601fda839b63bf9248e04835d7c07e7511d2e3c28cc06ff,2,274611,outputs/segregated_results/open-source-base/may2026/open-source/qwen25_coder_1_5b_instruct_P1_few_shot_python_300_v1_detailed.jsonl
501,02d09b8247d410e3909d277d829917696e1c22864df3ede154931df38e179126,2,326577,outputs/evaluation-and-correctness-may2026/open-source/codegemma_2b_P1_few_shot_python_400_v1_code_grounded_detailed.jsonl
501,02d09b8247d410e3909d277d829917696e1c22864df3ede154931df38e179126,2,326577,outputs/segregated_results/open-source-base/may2026/open-source/codegemma_2b_P1_few_shot_python_400_v1_code_grounded_detailed.jsonl
502,032f147970a2cf4824944080a1c320671238fff6aff4a1e2a50726eafbe7c06e,2,1134,outputs/evaluation-and-correctness-may2026/open-source/qwen25_coder_1_5b_instruct_P1_one_shot_python_200_t05_p09_k50_v1_summary.json
502,032f147970a2cf4824944080a1c320671238fff6aff4a1e2a50726eafbe7c06e,2,1134,outputs/segregated_results/open-source-base/may2026/open-source/qwen25_coder_1_5b_instruct_P1_one_shot_python_200_t05_p09_k50_v1_summary.json
503,039a2f161308eb8cab62192b6d2ca1ee42a3101a982a053115813c7e8aca301d,2,644,outputs/responses/gpt_5_1_codex_P1_zero_shot_python_10_smoke_v2/state.json
503,039a2f161308eb8cab62192b6d2ca1ee42a3101a982a053115813c7e8aca301d,2,644,outputs/segregated_results/commercial-base/responses/gpt_5_1_codex_P1_zero_shot_python_10_smoke_v2/state.json
504,043677e99f2bb45a27ad10e1a085c1ba9d45946be732262ac31e505e32f7984c,2,1309,outputs/correctness/qwen25_coder_1_5b_instruct_P1_one_shot_python_600_v1_correctness.json_summary.json
504,043677e99f2bb45a27ad10e1a085c1ba9d45946be732262ac31e505e32f7984c,2,1309,outputs/segregated_results/open-source-base/correctness/qwen25_coder_1_5b_instruct_P1_one_shot_python_600_v1_correctness.json_summary.json
505,0491d5e0e53da19f4b42b9f076c22fb9f7eb864a9cca94006242628fb3529dc1,2,18231,outputs/correctness/qwen25_coder_1_5b_instruct_P1_few_shot_python_200_part2_v1_correctness.json_detailed.jsonl
505,0491d5e0e53da19f4b42b9f076c22fb9f7eb864a9cca94006242628fb3529dc1,2,18231,outputs/segregated_results/open-source-base/correctness/qwen25_coder_1_5b_instruct_P1_few_shot_python_200_part2_v1_correctness.json_detailed.jsonl
506,04a086e5aa7b6828de3d25567a12405728a38fce80d972493425640056307a72,2,374247,outputs/evaluation-and-correctness-may2026/open-source/codegemma_2b_P1_few_shot_java_400_v1_detailed.jsonl
506,04a086e5aa7b6828de3d25567a12405728a38fce80d972493425640056307a72,2,374247,outputs/segregated_results/open-source-base/may2026/open-source/codegemma_2b_P1_few_shot_java_400_v1_detailed.jsonl
507,04ca68866b0ffce061d6e4ffce229e5944fcc07d979ae280471d8afce3437834,2,1326,outputs/correctness/qwen25_coder_1_5b_instruct_P1_zero_shot_python_600_v1_correctness.json_summary.json
507,04ca68866b0ffce061d6e4ffce229e5944fcc07d979ae280471d8afce3437834,2,1326,outputs/segregated_results/open-source-base/correctness/qwen25_coder_1_5b_instruct_P1_zero_shot_python_600_v1_correctness.json_summary.json
508,04f34779ce0fc26a7f172bde070b698dda16e2b9c8a9a4184b8828c02466483d,2,1099,outputs/evaluation-and-correctness-may2026/open-source/codegemma_2b_P1_few_shot_python_400_v1_summary.json
508,04f34779ce0fc26a7f172bde070b698dda16e2b9c8a9a4184b8828c02466483d,2,1099,outputs/segregated_results/open-source-base/may2026/open-source/codegemma_2b_P1_few_shot_python_400_v1_summary.json
509,04fd019f23095fe3aa4e4bfd3f4c6b4f40350d7a683cbccc265a192e2443beba,2,1111,outputs/evaluations/qwen25_coder_1_5b_instruct_P1_zero_shot_python_100_v1_eval.json_summary.json
509,04fd019f23095fe3aa4e4bfd3f4c6b4f40350d7a683cbccc265a192e2443beba,2,1111,outputs/segregated_results/open-source-base/eval/qwen25_coder_1_5b_instruct_P1_zero_shot_python_100_v1_eval.json_summary.json
510,050b2f44a8ffa6d42a421e42527d8ff9fa0e47ab08106e98fd7112a8e2d1e527,2,1193,outputs/evaluation-and-correctness-may2026/open-source-fine-tuned/qwen25_1_5b_instruct_lora_multilang/qwen25_1_5b_instruct_lora_multilang_P1_one_shot_python_400_v1_summary.json
510,050b2f44a8ffa6d42a421e42527d8ff9fa0e47ab08106e98fd7112a8e2d1e527,2,1193,outputs/segregated_results/open-source-lora/_long_paths/68ff91b210ec_qwen25_1_5b_instruct_lora_multilang_P1_one_shot_python_400_v1_summary.json
511,051076ca861d578104e48f7a977599e587c440840693c63e7901a9a3258c61a0,2,748,outputs/batches/gpt_5_1_P1_one_shot_java_400_v1/state.json
511,051076ca861d578104e48f7a977599e587c440840693c63e7901a9a3258c61a0,2,748,outputs/segregated_results/commercial-base/batches/gpt_5_1_P1_one_shot_java_400_v1/state.json
512,052d5a774284763ee06eeccdb3d5047eab1d6331862f32d4acaae3e8e4c86b0a,2,1131,outputs/correctness/gpt_5_1_codex_P1_zero_shot_python_10_smoke_v2_correctness.json_summary.json
512,052d5a774284763ee06eeccdb3d5047eab1d6331862f32d4acaae3e8e4c86b0a,2,1131,outputs/segregated_results/commercial-base/correctness/gpt_5_1_codex_P1_zero_shot_python_10_smoke_v2_correctness.json_summary.json
513,057e1e348ac6c20102c1e58e89254e22f757833e2490e68a786d69684fb064a8,2,168713,outputs/evaluation_And_corrctness_may2026_1/saturation_experiment/saturation_publication_fixed_axis/saturation_bertscore_corrected.png
513,057e1e348ac6c20102c1e58e89254e22f757833e2490e68a786d69684fb064a8,2,168713,outputs/segregated_results/shared-aggregate/may2026_legacy/saturation_experiment/saturation_publication_fixed_axis/saturation_bertscore_corrected.png
514,05a4b67ecedfeea9f6a1ba88af6056f06ab3c049cf1d7ed040bd9e47bdfa45dc,2,1085,outputs/evaluations/qwen25_1_5b_instruct_P1_zero_shot_eval.json_summary.json
514,05a4b67ecedfeea9f6a1ba88af6056f06ab3c049cf1d7ed040bd9e47bdfa45dc,2,1085,outputs/segregated_results/open-source-base/eval/qwen25_1_5b_instruct_P1_zero_shot_eval.json_summary.json
515,05b1b8fa2c8b968254f9c3a5712f5fe31b67d7279f6bf779879245ff90489472,2,1282,outputs/correctness/codegemma_2b_P1_one_shot_java_400_v1_correctness.json_summary.json
515,05b1b8fa2c8b968254f9c3a5712f5fe31b67d7279f6bf779879245ff90489472,2,1282,outputs/segregated_results/open-source-base/correctness/codegemma_2b_P1_one_shot_java_400_v1_correctness.json_summary.json
516,0603889455b79d0bcbeb49b5cc6d9d82f8fe7d90f0c8cae1ab7d2a2017bfcb1d,2,174672,outputs/correctness/qwen25_coder_1_5b_instruct_P1_one_shot_python_200_t05_p09_k50_v1_correctness.json_detailed.jsonl
516,0603889455b79d0bcbeb49b5cc6d9d82f8fe7d90f0c8cae1ab7d2a2017bfcb1d,2,174672,outputs/segregated_results/open-source-base/correctness/qwen25_coder_1_5b_instruct_P1_one_shot_python_200_t05_p09_k50_v1_correctness.json_detailed.jsonl
517,06d9bd342e6152457613483ce177266143b7c44f2e60e85fc4e8eb1c2527a7e5,2,169103,outputs/evaluation_And_corrctness_may2026_1/decoding_sensitivity/plots/publication_highlighted/bleu_highlighted.png
517,06d9bd342e6152457613483ce177266143b7c44f2e60e85fc4e8eb1c2527a7e5,2,169103,outputs/segregated_results/shared-aggregate/may2026_legacy/decoding_sensitivity/plots/publication_highlighted/bleu_highlighted.png
518,0750ba0a82e0d948002d3f0704bf9d6bd4223a7d9536cff839856fb30e6c1b50,2,1059,outputs/evaluations/gpt_5_1_P1_zero_shot_python_400_v2_eval.json_summary.json
518,0750ba0a82e0d948002d3f0704bf9d6bd4223a7d9536cff839856fb30e6c1b50,2,1059,outputs/segregated_results/commercial-base/eval/gpt_5_1_P1_zero_shot_python_400_v2_eval.json_summary.json
519,0790ba671df67c772441809eddfe9a2130f0b574c4b897f48bb372f841f01611,2,1091,outputs/evaluations/qwen25_1_5b_instruct_P1_zero_shot_java_400_v1_eval.json_summary.json
519,0790ba671df67c772441809eddfe9a2130f0b574c4b897f48bb372f841f01611,2,1091,outputs/segregated_results/open-source-base/eval/qwen25_1_5b_instruct_P1_zero_shot_java_400_v1_eval.json_summary.json
520,07af0f94b0089256cec36d66b3a01cdee810d373c56b18eddce0517cfaecec95,2,1081,outputs/evaluation-and-correctness-may2026/open-source/qwen25_coder_1_5b_instruct_P1_zero_shot_python_2000_ZS_v3_summary.json
520,07af0f94b0089256cec36d66b3a01cdee810d373c56b18eddce0517cfaecec95,2,1081,outputs/segregated_results/open-source-base/may2026/open-source/qwen25_coder_1_5b_instruct_P1_zero_shot_python_2000_ZS_v3_summary.json
521,07b12e9a4613bdae7c3560a2499afa4641acf86f60b631171a391cf3d86282be,2,141210,outputs/evaluation-and-correctness-may2026/final-results-tables-and-plots/plots/family_language_prompt/javascript_bleu_by_family_prompt.png
521,07b12e9a4613bdae7c3560a2499afa4641acf86f60b631171a391cf3d86282be,2,141210,outputs/segregated_results/shared-aggregate/may2026/final-results-tables-and-plots/plots/family_language_prompt/javascript_bleu_by_family_prompt.png
522,08192aef3c9db68e2dabdf191e6f840ab80799c31bb329ebf1d8d49e8041c07e,2,1284,outputs/correctness/gpt_5_1_P1_zero_shot_javascript_400_v1_correctness.json_summary.json
522,08192aef3c9db68e2dabdf191e6f840ab80799c31bb329ebf1d8d49e8041c07e,2,1284,outputs/segregated_results/commercial-base/correctness/gpt_5_1_P1_zero_shot_javascript_400_v1_correctness.json_summary.json
523,0854f636bbee16b8d60acd142650f5a9ef876145693e6d75c0e2f57ed823ff1a,2,403571,outputs/evaluation-and-correctness-may2026/open-source/codegemma_2b_P1_zero_shot_javascript_400_v1_code_grounded_detailed.jsonl
523,0854f636bbee16b8d60acd142650f5a9ef876145693e6d75c0e2f57ed823ff1a,2,403571,outputs/segregated_results/open-source-base/may2026/open-source/codegemma_2b_P1_zero_shot_javascript_400_v1_code_grounded_detailed.jsonl
524,08e219f66a40518c7c8ceca0c762bf7c5b5984ca2bd6831123a603c9d28f01fc,2,240515,outputs/raw_generations/open-source-fine-tuned/codegemma_2b_lora_multilang/codegemma_2b_lora_multilang_P1_zero_shot_java_400_v1.jsonl
524,08e219f66a40518c7c8ceca0c762bf7c5b5984ca2bd6831123a603c9d28f01fc,2,240515,outputs/segregated_results/open-source-lora/raw/open-source-fine-tuned/codegemma_2b_lora_multilang/codegemma_2b_lora_multilang_P1_zero_shot_java_400_v1.jsonl
525,092f0c9b47c6028266e0a4e9d36fee72663e95c827321bc805a22d22101c4195,2,1315,outputs/correctness/qwen25_coder_1_5b_instruct_P1_few_shot_javascript_400_v1_correctness_summary.json
525,092f0c9b47c6028266e0a4e9d36fee72663e95c827321bc805a22d22101c4195,2,1315,outputs/segregated_results/open-source-base/correctness/qwen25_coder_1_5b_instruct_P1_few_shot_javascript_400_v1_correctness_summary.json
526,0994c4d6c3d385367e6c50bdb09b4b6fabb3182041745f6e848b618aa30757b0,2,319334,outputs/evaluation-and-correctness-may2026/open-source/qwen25_1_5b_instruct_P1_one_shot_python_400_v1_code_grounded_detailed.jsonl
526,0994c4d6c3d385367e6c50bdb09b4b6fabb3182041745f6e848b618aa30757b0,2,319334,outputs/segregated_results/open-source-base/may2026/open-source/qwen25_1_5b_instruct_P1_one_shot_python_400_v1_code_grounded_detailed.jsonl
527,0a375c34028fb26a22fdf9f0cdf73f4b227b9c0b2d0ad38306fdef32ba8446cc,2,1109,outputs/evaluations/qwen25_coder_1_5b_instruct_P1_zero_shot_python_400_v1_eval.json_summary.json
527,0a375c34028fb26a22fdf9f0cdf73f4b227b9c0b2d0ad38306fdef32ba8446cc,2,1109,outputs/segregated_results/open-source-base/eval/qwen25_coder_1_5b_instruct_P1_zero_shot_python_400_v1_eval.json_summary.json
528,0a52043e459290b72616a7599e039e8eed83421f6947b292a708b989cd4190f7,2,413217,outputs/evaluation_And_corrctness_may2026_1/decoding_sensitivity/qwen25_coder_1_5b_instruct_P1_zero_shot_python_400_t05_p09_k50_v1_detailed.jsonl
528,0a52043e459290b72616a7599e039e8eed83421f6947b292a708b989cd4190f7,2,413217,outputs/segregated_results/open-source-base/may2026_legacy/decoding_sensitivity/qwen25_coder_1_5b_instruct_P1_zero_shot_python_400_t05_p09_k50_v1_detailed.jsonl
529,0a66eab2edfb798307e8d41ea730cae1d727233cbaa8df628e6d01867bacd674,2,1182,outputs/evaluation-and-correctness-may2026/open-source-fine-tuned/qwen25_1_5b_instruct_lora_multilang/qwen25_1_5b_instruct_lora_multilang_P1_zero_shot_java_400_v1_summary.json
529,0a66eab2edfb798307e8d41ea730cae1d727233cbaa8df628e6d01867bacd674,2,1182,outputs/segregated_results/open-source-lora/_long_paths/711346bcad27_qwen25_1_5b_instruct_lora_multilang_P1_zero_shot_java_400_v1_summary.json
530,0a68f9c3e3e9f33fc1b5f4095fadbf4790174e7fe006e1d645aa100023f8062f,2,1132,outputs/evaluation-and-correctness-may2026/open-source/qwen25_coder_1_5b_instruct_P1_few_shot_python_200_resumed_v1_summary.json
530,0a68f9c3e3e9f33fc1b5f4095fadbf4790174e7fe006e1d645aa100023f8062f,2,1132,outputs/segregated_results/open-source-base/may2026/open-source/qwen25_coder_1_5b_instruct_P1_few_shot_python_200_resumed_v1_summary.json
531,0b088c00353779ca2e2749bad3bb1b4f1714702531ea9f13664a091b4cff2290,2,733,outputs/batches/gpt_5_4_P1_one_shot_python_400_v1/state.json
531,0b088c00353779ca2e2749bad3bb1b4f1714702531ea9f13664a091b4cff2290,2,733,outputs/segregated_results/commercial-base/batches/gpt_5_4_P1_one_shot_python_400_v1/state.json
532,0b93b2d371508c7e915b8501256e02afbac371f725af09d351982bfb82dedc4e,2,4815,outputs/raw_generations/commercial_old/gpt54_P1_zero_shot_python_10_v1.jsonl
532,0b93b2d371508c7e915b8501256e02afbac371f725af09d351982bfb82dedc4e,2,4815,outputs/segregated_results/commercial-base/raw/commercial_old/gpt54_P1_zero_shot_python_10_v1.jsonl
533,0bce6ac27da4d5a8b8423bd2c33c196f1fdf57f68516a41d11c149c51afa1aef,2,519047,outputs/evaluation_And_corrctness_may2026_1/decoding_sensitivity/plots/publication_bar_plots/decoding_sensitivity_combined_bar_metrics.png
533,0bce6ac27da4d5a8b8423bd2c33c196f1fdf57f68516a41d11c149c51afa1aef,2,519047,outputs/segregated_results/shared-aggregate/may2026_legacy/decoding_sensitivity/plots/publication_bar_plots/decoding_sensitivity_combined_bar_metrics.png
534,0bf413d37d3b7d214be04793d909c9ef756cf2047d3fb4fcc0ba2367f1dd841e,2,264072,outputs/correctness/qwen25_1_5b_instruct_P1_one_shot_python_300_v1_correctness.json_detailed.jsonl
534,0bf413d37d3b7d214be04793d909c9ef756cf2047d3fb4fcc0ba2367f1dd841e,2,264072,outputs/segregated_results/open-source-base/correctness/qwen25_1_5b_instruct_P1_one_shot_python_300_v1_correctness.json_detailed.jsonl
535,0c0cac73bd44aa3d1a0449f2236b39a8f6c79c090cabfeaa24f1d5bce00120ae,2,265635,outputs/evaluations/qwen25_1_5b_instruct_P1_one_shot_python_300_v1_detailed.jsonl
535,0c0cac73bd44aa3d1a0449f2236b39a8f6c79c090cabfeaa24f1d5bce00120ae,2,265635,outputs/segregated_results/open-source-base/eval/qwen25_1_5b_instruct_P1_one_shot_python_300_v1_detailed.jsonl
536,0c1a2ad67a6a0133e3bbd2f000ff44463b851494346ae4dc1e10adc0ad7d4d36,2,1228,outputs/correctness/deepseek_reasoner_P1_zero_shot_python_400_v1_correctness.json_summary.json
536,0c1a2ad67a6a0133e3bbd2f000ff44463b851494346ae4dc1e10adc0ad7d4d36,2,1228,outputs/segregated_results/commercial-base/correctness/deepseek_reasoner_P1_zero_shot_python_400_v1_correctness.json_summary.json
537,0c48d893c05367f4936f6493a9a221a7f3b6b01826a811ccd5e83a4f693dc1a5,2,109922,outputs/evaluation-and-correctness-may2026/final-results-tables-and-plots/plots/family_language_prompt/javascript_bertscore_by_family_prompt.png
537,0c48d893c05367f4936f6493a9a221a7f3b6b01826a811ccd5e83a4f693dc1a5,2,109922,outputs/segregated_results/shared-aggregate/may2026/final-results-tables-and-plots/plots/family_language_prompt/javascript_bertscore_by_family_prompt.png
538,0cfc5076ec41780c00ef898585559f965949b2eb1944e46d739f0ff3415777fc,2,2845802,outputs/raw_generations/gpt_5_1_codex_P1_few_shot_java_400_v1.jsonl
538,0cfc5076ec41780c00ef898585559f965949b2eb1944e46d739f0ff3415777fc,2,2845802,outputs/segregated_results/commercial-base/raw/gpt_5_1_codex_P1_few_shot_java_400_v1.jsonl
539,0d2e1dab68e7ec4765bcdb37931c8c73844a44d4b0752e2d10c6d8f9ae126b91,2,370660,outputs/evaluations/qwen25_coder_1_5b_instruct_lora_multilang_P1_zero_shot_javascript_400_v1_eval.json_detailed.jsonl
539,0d2e1dab68e7ec4765bcdb37931c8c73844a44d4b0752e2d10c6d8f9ae126b91,2,370660,outputs/segregated_results/open-source-lora/eval/qwen25_coder_1_5b_instruct_lora_multilang_P1_zero_shot_javascript_400_v1_eval.json_detailed.jsonl
540,0d41ee9d2443f25defef0893ddf99b001b27377bacc48c6db9eea72b554aa2a4,2,1091,outputs/evaluation-and-correctness-may2026/open-source/qwen25_1_5b_instruct_P1_zero_shot_java_400_v1_summary.json
540,0d41ee9d2443f25defef0893ddf99b001b27377bacc48c6db9eea72b554aa2a4,2,1091,outputs/segregated_results/open-source-base/may2026/open-source/qwen25_1_5b_instruct_P1_zero_shot_java_400_v1_summary.json
541,0dac1573fe33cf4228e88c8e6f1388629fffb8455d89bbd07d6394c330b9682f,2,331552,outputs/evaluation-and-correctness-may2026/open-source-fine-tuned/codegemma_2b_lora_multilang/codegemma_2b_lora_multilang_P1_one_shot_java_400_v1_code_grounded_detailed.jsonl
541,0dac1573fe33cf4228e88c8e6f1388629fffb8455d89bbd07d6394c330b9682f,2,331552,outputs/segregated_results/open-source-lora/_long_paths/a52c42120b30_codegemma_2b_lora_multilang_P1_one_shot_java_400_v1_code_grounded_detailed.jsonl
542,0dd4dc0084fbf5bed711ecf2a8d94c5111e3b804ab806d118e35d1c7743ed1d6,2,1106,outputs/evaluation-and-correctness-may2026/open-source/gemma_2_2b_it_P1_zero_shot_javascript_400_v2_summary.json
542,0dd4dc0084fbf5bed711ecf2a8d94c5111e3b804ab806d118e35d1c7743ed1d6,2,1106,outputs/segregated_results/open-source-base/may2026/open-source/gemma_2_2b_it_P1_zero_shot_javascript_400_v2_summary.json
543,0e7a82823030e0053364c97ae835286c42b196835a3ed2c2cab96e0ec122fc1e,2,249788,outputs/evaluations/codegemma_2b_P1_zero_shot_python_300_ZS_v3_eval.json_detailed.jsonl
543,0e7a82823030e0053364c97ae835286c42b196835a3ed2c2cab96e0ec122fc1e,2,249788,outputs/segregated_results/open-source-base/eval/codegemma_2b_P1_zero_shot_python_300_ZS_v3_eval.json_detailed.jsonl
544,0e8893a1ab1ebae45b72cf72a1e96dc0470bb4fa445b618bcf868693b8e180a0,2,1097,outputs/evaluations/deepseek_reasoner_P1_zero_shot_python_400_v1_eval.json_summary.json
544,0e8893a1ab1ebae45b72cf72a1e96dc0470bb4fa445b618bcf868693b8e180a0,2,1097,outputs/segregated_results/commercial-base/eval/deepseek_reasoner_P1_zero_shot_python_400_v1_eval.json_summary.json
545,0e8967b20158f1f5c3468c9b06ae608722b2e05c673465179d20f40e65fbe660,2,1097,outputs/evaluation-and-correctness-may2026/open-source/gemma_2_2b_it_P1_one_shot_java_400_v1_summary.json
545,0e8967b20158f1f5c3468c9b06ae608722b2e05c673465179d20f40e65fbe660,2,1097,outputs/segregated_results/open-source-base/may2026/open-source/gemma_2_2b_it_P1_one_shot_java_400_v1_summary.json
546,0ea015a372b26f8601aeb817f1d0f589748e1fc005e1371600d2b2c560c465cc,2,1121,outputs/evaluation-and-correctness-may2026/open-source-fine-tuned/gemma_2_2b_it_lora_multilang/gemma_2_2b_it_lora_smoke_test_summary.json
546,0ea015a372b26f8601aeb817f1d0f589748e1fc005e1371600d2b2c560c465cc,2,1121,outputs/segregated_results/open-source-lora/may2026/open-source-fine-tuned/gemma_2_2b_it_lora_multilang/gemma_2_2b_it_lora_smoke_test_summary.json
547,0ee800ebf004f88429216e48aa981b3ed617e0aa54552ed551a27d717cf8bb2c,2,282833,outputs/raw_generations/qwen25_1_5b_instruct_P1_zero_shot_javascript_400_v1.jsonl
547,0ee800ebf004f88429216e48aa981b3ed617e0aa54552ed551a27d717cf8bb2c,2,282833,outputs/segregated_results/open-source-base/raw/qwen25_1_5b_instruct_P1_zero_shot_javascript_400_v1.jsonl
548,0eea19696d6e3fac1d23e623053c73127cfec50cd0a70dd6a33e9b204f6fd67c,2,155660,outputs/evaluation-and-correctness-may2026/final-results-tables-and-plots/plots/family_language_prompt/java_return_coverage_by_family_prompt.png
548,0eea19696d6e3fac1d23e623053c73127cfec50cd0a70dd6a33e9b204f6fd67c,2,155660,outputs/segregated_results/shared-aggregate/may2026/final-results-tables-and-plots/plots/family_language_prompt/java_return_coverage_by_family_prompt.png
549,0ef646bf37dc7c49f4748294b8f4ea03991341dae85edce1999bc6db72ba3cef,2,748,outputs/batches/gpt_5_1_P1_few_shot_java_400_v1/state.json
549,0ef646bf37dc7c49f4748294b8f4ea03991341dae85edce1999bc6db72ba3cef,2,748,outputs/segregated_results/commercial-base/batches/gpt_5_1_P1_few_shot_java_400_v1/state.json
550,0ef9866a49ca53c48e07cf27be1384edddc852316e6128a89e254c8f268a145b,2,639,outputs/responses/gpt_5_1_codex_P1_few_shot_python_400_v1/state.json
550,0ef9866a49ca53c48e07cf27be1384edddc852316e6128a89e254c8f268a145b,2,639,outputs/segregated_results/commercial-base/responses/gpt_5_1_codex_P1_few_shot_python_400_v1/state.json
551,0f1784a2271a44521edaed0b970585cfd197605db4d50b54595564ef2b9cdf94,2,394626,outputs/evaluations/qwen25_coder_1_5b_instruct_P1_zero_shot_balanced_300_ZS_eval.json_detailed.jsonl
551,0f1784a2271a44521edaed0b970585cfd197605db4d50b54595564ef2b9cdf94,2,394626,outputs/segregated_results/open-source-base/eval/qwen25_coder_1_5b_instruct_P1_zero_shot_balanced_300_ZS_eval.json_detailed.jsonl
552,0f5859187bcba40516b6d920f732df0306f30f7bc61ec8b51262ba3527acfd3f,2,348915,outputs/evaluations/qwen25_coder_1_5b_instruct_P1_one_shot_python_400_v1_detailed.jsonl
552,0f5859187bcba40516b6d920f732df0306f30f7bc61ec8b51262ba3527acfd3f,2,348915,outputs/segregated_results/open-source-base/eval/qwen25_coder_1_5b_instruct_P1_one_shot_python_400_v1_detailed.jsonl
553,0fb0cc36f35c59b879df4cfb26077f1d84a596608049e88171ffc88979851091,2,1100,outputs/evaluations/qwen25_1_5b_instruct_P1_few_shot_python_400_v1_eval.json_summary.json
553,0fb0cc36f35c59b879df4cfb26077f1d84a596608049e88171ffc88979851091,2,1100,outputs/segregated_results/open-source-base/eval/qwen25_1_5b_instruct_P1_few_shot_python_400_v1_eval.json_summary.json
554,0fd8b3cf2c90d8ea85f295654bd6a2eb5f374b08d495f455f98f2984ae624889,2,1080,outputs/evaluations/deepseek_chat_P1_one_shot_python_400_v1_eval.json_summary.json
554,0fd8b3cf2c90d8ea85f295654bd6a2eb5f374b08d495f455f98f2984ae624889,2,1080,outputs/segregated_results/commercial-base/eval/deepseek_chat_P1_one_shot_python_400_v1_eval.json_summary.json
555,0fe0f5f0c2d96d7ffa5a4b32fa942b0f2ac0a9f61b96c4909cab66ee0125f1a7,2,281005,outputs/evaluations/gemma_2_2b_it_P1_zero_shot_python_300_ZS_v3_detailed.jsonl
555,0fe0f5f0c2d96d7ffa5a4b32fa942b0f2ac0a9f61b96c4909cab66ee0125f1a7,2,281005,outputs/segregated_results/open-source-base/eval/gemma_2_2b_it_P1_zero_shot_python_300_ZS_v3_detailed.jsonl
556,0ff6597ee7cac1a07207cf1e84a6de2dcc3bdfe0719d538d7cda49c30ea71af7,2,175540,outputs/evaluations/qwen25_coder_1_5b_instruct_P1_one_shot_python_200_t05_p09_k50_v1_detailed.jsonl
556,0ff6597ee7cac1a07207cf1e84a6de2dcc3bdfe0719d538d7cda49c30ea71af7,2,175540,outputs/segregated_results/open-source-base/eval/qwen25_coder_1_5b_instruct_P1_one_shot_python_200_t05_p09_k50_v1_detailed.jsonl
557,0ffc6bee9cbf8b10bfdc6499d97d2568897a71acea5bd631a3de3dde602cd803,2,539517,outputs/evaluation-and-correctness-may2026/open-source/qwen25_coder_1_5b_instruct_P1_one_shot_python_600_v1_detailed.jsonl
557,0ffc6bee9cbf8b10bfdc6499d97d2568897a71acea5bd631a3de3dde602cd803,2,539517,outputs/segregated_results/open-source-base/may2026/open-source/qwen25_coder_1_5b_instruct_P1_one_shot_python_600_v1_detailed.jsonl
558,1022998d7e66b9e835b1e17135c8c2f727849371d32269ab9699666418d7f232,2,1303,outputs/correctness/qwen25_coder_1_5b_instruct_P1_one_shot_javascript_400_v1_correctness.json_summary.json
558,1022998d7e66b9e835b1e17135c8c2f727849371d32269ab9699666418d7f232,2,1303,outputs/segregated_results/open-source-base/correctness/qwen25_coder_1_5b_instruct_P1_one_shot_javascript_400_v1_correctness.json_summary.json
559,103ff01ae4787e7b8b6333a361cfff7bff52b12cbc056b068120fdc837d1897b,2,1169,outputs/evaluation-and-correctness-may2026/open-source/qwen25_coder_1_5b_instruct_P1_zero_shot_balanced_300_ZS_smoke_summary.json
559,103ff01ae4787e7b8b6333a361cfff7bff52b12cbc056b068120fdc837d1897b,2,1169,outputs/segregated_results/open-source-base/may2026/open-source/qwen25_coder_1_5b_instruct_P1_zero_shot_balanced_300_ZS_smoke_summary.json
560,10ab0ce719cb211277e4ac6d75a98edaa741e935b5c2bfff77af51d17bd505ec,2,1289,outputs/correctness/qwen25_1_5b_instruct_P1_few_shot_python_300_v1_correctness.json_summary.json
560,10ab0ce719cb211277e4ac6d75a98edaa741e935b5c2bfff77af51d17bd505ec,2,1289,outputs/segregated_results/open-source-base/correctness/qwen25_1_5b_instruct_P1_few_shot_python_300_v1_correctness.json_summary.json
561,10c616651406541a5803c258eec0692733c9a8886ca7925d81adcd9f6d87716b,2,545492,outputs/evaluations/qwen25_coder_1_5b_instruct_P1_few_shot_python_600_v1_eval.json_detailed.jsonl
561,10c616651406541a5803c258eec0692733c9a8886ca7925d81adcd9f6d87716b,2,545492,outputs/segregated_results/open-source-base/eval/qwen25_coder_1_5b_instruct_P1_few_shot_python_600_v1_eval.json_detailed.jsonl
562,10dab9b64846f4d94bfb41a076b1cc20d02805934c1fe2f132bebf7a3d1b1865,2,974,outputs/evaluations/commercial/gemini25flash_test3_summary.json
562,10dab9b64846f4d94bfb41a076b1cc20d02805934c1fe2f132bebf7a3d1b1865,2,974,outputs/segregated_results/commercial-base/eval/commercial/gemini25flash_test3_summary.json
563,110969bc04d81bd31e9c4b92b8d982319451c0323e87856726dd806f46378134,2,1119,outputs/evaluation-and-correctness-may2026/open-source/qwen25_coder_1_5b_instruct_P1_zero_shot_python_400_v1_summary.json
563,110969bc04d81bd31e9c4b92b8d982319451c0323e87856726dd806f46378134,2,1119,outputs/segregated_results/open-source-base/may2026/open-source/qwen25_coder_1_5b_instruct_P1_zero_shot_python_400_v1_summary.json
564,113d9d8b17f2c1988474ab2c13f46f0621e0fc857a73704a56403fceddcb73f0,2,1166,outputs/evaluation-and-correctness-may2026/open-source/qwen25_coder_1_5b_instruct_P1_one_shot_javascript_400_v1_summary.json
564,113d9d8b17f2c1988474ab2c13f46f0621e0fc857a73704a56403fceddcb73f0,2,1166,outputs/segregated_results/open-source-base/may2026/open-source/qwen25_coder_1_5b_instruct_P1_one_shot_javascript_400_v1_summary.json
565,115a108b1f3ec71367c97172bd334037ae8b00c9b800b8d5071005636adef56e,2,2104,outputs/evaluation-and-correctness-may2026/open-source/qwen25_coder_1_5b_instruct_P1_zero_shot_balanced_300_ZS_summary.json
565,115a108b1f3ec71367c97172bd334037ae8b00c9b800b8d5071005636adef56e,2,2104,outputs/segregated_results/open-source-base/may2026/open-source/qwen25_coder_1_5b_instruct_P1_zero_shot_balanced_300_ZS_summary.json
566,118b4376316b037a56816403933feebbaebcdddaf82fbf42144a506bcf8c26e3,2,162382,outputs/evaluation-and-correctness-may2026/open-source/qwen25_coder_1_5b_instruct_P1_few_shot_python_200_t02_p09_k50_v1_detailed.jsonl
566,118b4376316b037a56816403933feebbaebcdddaf82fbf42144a506bcf8c26e3,2,162382,outputs/segregated_results/open-source-base/may2026/open-source/qwen25_coder_1_5b_instruct_P1_few_shot_python_200_t02_p09_k50_v1_detailed.jsonl
567,11ece64a4f16230fbced7d5ecfd67e03c6db8a11b34b92599917369472b1e9b0,2,1139,outputs/evaluation-and-correctness-may2026/open-source/qwen25_coder_1_5b_instruct_P1_one_shot_python_200_t07_p095_k50_v1_summary.json
567,11ece64a4f16230fbced7d5ecfd67e03c6db8a11b34b92599917369472b1e9b0,2,1139,outputs/segregated_results/open-source-base/may2026/open-source/qwen25_coder_1_5b_instruct_P1_one_shot_python_200_t07_p095_k50_v1_summary.json
568,11ef1f150eeff0fd079e01dbe5d81859b37282e1a9f097baa792667ca93d77b5,2,1021,outputs/evaluation-and-correctness-may2026/open-source/codegemma_2b_P1_zero_shot_20_summary.json
568,11ef1f150eeff0fd079e01dbe5d81859b37282e1a9f097baa792667ca93d77b5,2,1021,outputs/segregated_results/open-source-base/may2026/open-source/codegemma_2b_P1_zero_shot_20_summary.json
569,1259b4c583b9ba45b9f6ec6a961c662b676f117d0e04ff6efcbe8f501b7c5b26,2,133446,outputs/evaluation-and-correctness-may2026/final-results-tables-and-plots/plots/model_language_structural/gpt-5.1-codex_javascript_structural.png
569,1259b4c583b9ba45b9f6ec6a961c662b676f117d0e04ff6efcbe8f501b7c5b26,2,133446,outputs/segregated_results/commercial-base/may2026/final-results-tables-and-plots/plots/model_language_structural/gpt-5.1-codex_javascript_structural.png
570,126950f7a08a26cc3795678c56f2c3b6f40639c37796a672bca48540b8374643,2,221,scripts/run_smoke_finetune.sh
570,126950f7a08a26cc3795678c56f2c3b6f40639c37796a672bca48540b8374643,2,221,transfer_bundle/run_smoke_finetune.sh
571,12dbe033103591cee6f1fc5c01ca9f6e853732e4aedd81e8a3c45d5930325d7d,2,1266,outputs/evaluation-and-correctness-may2026/open-source/codegemma_2b_P1_one_shot_python_400_v1_code_grounded_summary.json
571,12dbe033103591cee6f1fc5c01ca9f6e853732e4aedd81e8a3c45d5930325d7d,2,1266,outputs/segregated_results/open-source-base/may2026/open-source/codegemma_2b_P1_one_shot_python_400_v1_code_grounded_summary.json
572,131f6415860a349f320a39d9395c64e6e14475b641e6c5fe052070751752a24f,2,493008,outputs/evaluation-and-correctness-may2026/open-source/qwen25_coder_1_5b_instruct_P1_zero_shot_python_500_ZS_v3_detailed.jsonl
572,131f6415860a349f320a39d9395c64e6e14475b641e6c5fe052070751752a24f,2,493008,outputs/segregated_results/open-source-base/may2026/open-source/qwen25_coder_1_5b_instruct_P1_zero_shot_python_500_ZS_v3_detailed.jsonl
573,134fbed31534b7fdee129992dfb2b096b5720274265a3e7a0327ac770ec9241b,2,1128,outputs/evaluation_And_corrctness_may2026_1/saturation_experiment/qwen25_coder_1_5b_instruct_P1_zero_shot_python_500_ZS_v3_summary.json
573,134fbed31534b7fdee129992dfb2b096b5720274265a3e7a0327ac770ec9241b,2,1128,outputs/segregated_results/open-source-base/may2026_legacy/saturation_experiment/qwen25_coder_1_5b_instruct_P1_zero_shot_python_500_ZS_v3_summary.json
574,13846b1433d20704a534c89bd2658668da09cbfb19a261a981a0214cb8e8cbe9,2,1299,outputs/evaluation-and-correctness-may2026/open-source/qwen25_1_5b_instruct_P1_one_shot_java_400_v1_code_grounded_summary.json
574,13846b1433d20704a534c89bd2658668da09cbfb19a261a981a0214cb8e8cbe9,2,1299,outputs/segregated_results/open-source-base/may2026/open-source/qwen25_1_5b_instruct_P1_one_shot_java_400_v1_code_grounded_summary.json
575,148c3e3d401047426949a75f7309fd3e5a4a8768fc5e659bf07d0a57d89cb6a7,2,1097,outputs/evaluation-and-correctness-may2026/open-source/codegemma_2b_P1_one_shot_python_400_v1_summary.json
575,148c3e3d401047426949a75f7309fd3e5a4a8768fc5e659bf07d0a57d89cb6a7,2,1097,outputs/segregated_results/open-source-base/may2026/open-source/codegemma_2b_P1_one_shot_python_400_v1_summary.json
576,14d3cf6e8785dc5ba976e24a2e15d58cb77f36e6c06853e98be998f44d4b2434,2,130321,outputs/evaluations/qwen25_coder_1_5b_instruct_P1_zero_shot_100_eval.json_detailed.jsonl
576,14d3cf6e8785dc5ba976e24a2e15d58cb77f36e6c06853e98be998f44d4b2434,2,130321,outputs/segregated_results/open-source-base/eval/qwen25_coder_1_5b_instruct_P1_zero_shot_100_eval.json_detailed.jsonl
577,14e2c9055c1c8cc84454fdcbfdf65abc3cac5a01fadb3d67c1c260aaf0b497ad,2,392738,outputs/evaluations/qwen25_coder_1_5b_instruct_P1_zero_shot_balanced_300_detailed.jsonl
577,14e2c9055c1c8cc84454fdcbfdf65abc3cac5a01fadb3d67c1c260aaf0b497ad,2,392738,outputs/segregated_results/open-source-base/eval/qwen25_coder_1_5b_instruct_P1_zero_shot_balanced_300_detailed.jsonl
578,14f14fa4155cf49cab5b1f208c1cb3cb0a24f1d0e16cbb1bbbdb71877f6ce062,2,1125,outputs/evaluation-and-correctness-may2026/open-source-fine-tuned/codegemma_2b_lora_multilang/codegemma_2b_lora_smoke_test_python_summary.json
578,14f14fa4155cf49cab5b1f208c1cb3cb0a24f1d0e16cbb1bbbdb71877f6ce062,2,1125,outputs/segregated_results/open-source-lora/may2026/open-source-fine-tuned/codegemma_2b_lora_multilang/codegemma_2b_lora_smoke_test_python_summary.json
579,15d97b59ed49aff0f1268048e731d27acea5854c769dac8e81f8f418d5792dc1,2,1090,outputs/evaluation-and-correctness-may2026/open-source/qwen25_1_5b_instruct_P1_few_shot_java_400_v1_summary.json
579,15d97b59ed49aff0f1268048e731d27acea5854c769dac8e81f8f418d5792dc1,2,1090,outputs/segregated_results/open-source-base/may2026/open-source/qwen25_1_5b_instruct_P1_few_shot_java_400_v1_summary.json
580,163a08e3ea528b74f71bb26ef3f23c5922b7e534f6d7d1705a2d809f91cadac2,2,363069,outputs/correctness/qwen25_1_5b_instruct_lora_multilang_P1_zero_shot_javascript_400_v1_correctness_detailed.jsonl
580,163a08e3ea528b74f71bb26ef3f23c5922b7e534f6d7d1705a2d809f91cadac2,2,363069,outputs/segregated_results/open-source-lora/correctness/qwen25_1_5b_instruct_lora_multilang_P1_zero_shot_javascript_400_v1_correctness_detailed.jsonl
581,163dfe4ec26733ede6a9036172aace0587982a79b77e2098cb044774e259e6bc,2,331707,outputs/correctness/gemma_2_2b_it_lora_multilang_P1_one_shot_javascript_400_v1_correctness_detailed.jsonl
581,163dfe4ec26733ede6a9036172aace0587982a79b77e2098cb044774e259e6bc,2,331707,outputs/segregated_results/open-source-lora/correctness/gemma_2_2b_it_lora_multilang_P1_one_shot_javascript_400_v1_correctness_detailed.jsonl
582,16c0bc0b8b75de8a1befd5c5c19776e1a748786af9648b8d710e3fb611b0df1a,2,23468,outputs/evaluations/qwen25_coder_1_5b_instruct_P1_zero_shot_20_detailed.jsonl
582,16c0bc0b8b75de8a1befd5c5c19776e1a748786af9648b8d710e3fb611b0df1a,2,23468,outputs/segregated_results/open-source-base/eval/qwen25_coder_1_5b_instruct_P1_zero_shot_20_detailed.jsonl
583,16ee413ddf947795f23e6f50c0386dbc40fa7abc828601a0f5cdfae2a8547e19,2,1414159,outputs/batches/gpt_5_1_P1_few_shot_java_400_v1/batch_requests.jsonl
583,16ee413ddf947795f23e6f50c0386dbc40fa7abc828601a0f5cdfae2a8547e19,2,1414159,outputs/segregated_results/commercial-base/batches/gpt_5_1_P1_few_shot_java_400_v1/batch_requests.jsonl
584,17e859e664541de4e31a7cbd783bc1acdcd230d1fe0c23ab202c9e52869c7d48,2,270211,outputs/evaluation-and-correctness-may2026/open-source/qwen25_1_5b_instruct_P1_few_shot_python_300_v1_detailed.jsonl
584,17e859e664541de4e31a7cbd783bc1acdcd230d1fe0c23ab202c9e52869c7d48,2,270211,outputs/segregated_results/open-source-base/may2026/open-source/qwen25_1_5b_instruct_P1_few_shot_python_300_v1_detailed.jsonl
585,182977b11544749712791efd3aefb6f761f08e21b0018da2059b0e76d01b4ec3,2,376488,outputs/evaluations/qwen25_1_5b_instruct_lora_multilang_P1_zero_shot_javascript_400_v1_eval.json_detailed.jsonl
585,182977b11544749712791efd3aefb6f761f08e21b0018da2059b0e76d01b4ec3,2,376488,outputs/segregated_results/open-source-lora/eval/qwen25_1_5b_instruct_lora_multilang_P1_zero_shot_javascript_400_v1_eval.json_detailed.jsonl
586,1836156c6f465afab55ed278ef4d4463b8a2f77aa0571f58ee5682f32820a031,2,1169,outputs/correctness/gpt_5_3_codex_P1_zero_shot_python_10_smoke_v2_correctness.json_summary.json
586,1836156c6f465afab55ed278ef4d4463b8a2f77aa0571f58ee5682f32820a031,2,1169,outputs/segregated_results/commercial-base/correctness/gpt_5_3_codex_P1_zero_shot_python_10_smoke_v2_correctness.json_summary.json
587,19107e10c8cfb7a6adb8df418ea5279ecd5b5485b658ad57856dd225ed9b44d6,2,1317,outputs/correctness/qwen25_1_5b_instruct_P1_one_shot_python_300_v1_correctness.json_summary.json
587,19107e10c8cfb7a6adb8df418ea5279ecd5b5485b658ad57856dd225ed9b44d6,2,1317,outputs/segregated_results/open-source-base/correctness/qwen25_1_5b_instruct_P1_one_shot_python_300_v1_correctness.json_summary.json
588,19760bcc59e6d342c50417f34fd54244e91b2526a0c1fe98954f7978d8d74a28,2,237883,outputs/raw_generations/open-source-fine-tuned/qwen25_coder_1_5b_lora_multilang/qwen25_coder_1_5b_instruct_lora_multilang_P1_few_shot_javascript_400_v1.jsonl
588,19760bcc59e6d342c50417f34fd54244e91b2526a0c1fe98954f7978d8d74a28,2,237883,outputs/segregated_results/open-source-lora/_long_paths/46b7b479ea96_qwen25_coder_1_5b_instruct_lora_multilang_P1_few_shot_javascript_400_v1.jsonl
589,19953ceb1325ca150f923b5fa43bcaf8c92106e12240bcc0c7804ca2e5a1121d,2,157370,outputs/evaluation-and-correctness-may2026/final-results-tables-and-plots/plots/model_language_structural/google_codegemma-2b_python_structural.png
589,19953ceb1325ca150f923b5fa43bcaf8c92106e12240bcc0c7804ca2e5a1121d,2,157370,outputs/segregated_results/open-source-base/may2026/final-results-tables-and-plots/plots/model_language_structural/google_codegemma-2b_python_structural.png
590,1a15a8843d07ac38f5215b0f78d8d579c095460f087295e256d7f70f1114106c,2,325146,outputs/evaluation-and-correctness-may2026/open-source-fine-tuned/codegemma_2b_lora_multilang/codegemma_2b_lora_multilang_P1_zero_shot_java_400_v1_code_grounded_detailed.jsonl
590,1a15a8843d07ac38f5215b0f78d8d579c095460f087295e256d7f70f1114106c,2,325146,outputs/segregated_results/open-source-lora/_long_paths/4540f2b9759a_codegemma_2b_lora_multilang_P1_zero_shot_java_400_v1_code_grounded_detailed.jsonl
591,1a4e1a2459fc64711719f3ac9f58598fca0dd55e267482b21e9652bab5bffc1f,2,224256,outputs/raw_generations/open-source-fine-tuned/codegemma_2b_lora_multilang/codegemma_2b_lora_multilang_P1_few_shot_python_400_v1.jsonl
591,1a4e1a2459fc64711719f3ac9f58598fca0dd55e267482b21e9652bab5bffc1f,2,224256,outputs/segregated_results/open-source-lora/raw/open-source-fine-tuned/codegemma_2b_lora_multilang/codegemma_2b_lora_multilang_P1_few_shot_python_400_v1.jsonl
592,1ab24f6aa521b58a1776d12ed2c6e2c84380efec77864a9f582bfacfa8c8cdb6,2,286040,outputs/raw_generations/qwen25_1_5b_instruct_P1_zero_shot_java_400_v1.jsonl
592,1ab24f6aa521b58a1776d12ed2c6e2c84380efec77864a9f582bfacfa8c8cdb6,2,286040,outputs/segregated_results/open-source-base/raw/qwen25_1_5b_instruct_P1_zero_shot_java_400_v1.jsonl
593,1ac572703c2819f7f87b86fc8655e43bcbb36ce957eb32a8b5f13d1cdd62955d,2,326885,outputs/evaluation-and-correctness-may2026/open-source/gemma_2_2b_it_P1_few_shot_javascript_400_v1_detailed.jsonl
593,1ac572703c2819f7f87b86fc8655e43bcbb36ce957eb32a8b5f13d1cdd62955d,2,326885,outputs/segregated_results/open-source-base/may2026/open-source/gemma_2_2b_it_P1_few_shot_javascript_400_v1_detailed.jsonl
594,1b00f23955d3c04c37e6ab5bf7862a94e2cff48a1e299e0e3fa021f659c25517,2,150038,outputs/evaluation-and-correctness-may2026/final-results-tables-and-plots/plots/family_language_prompt/python_parameter_coverage_by_family_prompt.png
594,1b00f23955d3c04c37e6ab5bf7862a94e2cff48a1e299e0e3fa021f659c25517,2,150038,outputs/segregated_results/shared-aggregate/may2026/final-results-tables-and-plots/plots/family_language_prompt/python_parameter_coverage_by_family_prompt.png
595,1c38ac9e4a866d53137452da856c836b72f3acf07d5317fd5ab863e8e655c6e6,2,1200,outputs/correctness/qwen25_coder_1_5b_instruct_P1_one_shot_python_10_t02_p09_k50_v1_correctness.json_summary.json
595,1c38ac9e4a866d53137452da856c836b72f3acf07d5317fd5ab863e8e655c6e6,2,1200,outputs/segregated_results/open-source-base/correctness/qwen25_coder_1_5b_instruct_P1_one_shot_python_10_t02_p09_k50_v1_correctness.json_summary.json
596,1cceb1a61056e5644557c844f3c39976202f5e3d013865567db1fd0b8b83ee7d,2,468,outputs/evaluations/gemma_2_2b_it_P1_zero_shot_20_summary.json
596,1cceb1a61056e5644557c844f3c39976202f5e3d013865567db1fd0b8b83ee7d,2,468,outputs/segregated_results/open-source-base/eval/gemma_2_2b_it_P1_zero_shot_20_summary.json
597,1cf58eba555342b9e5f9b1d97d4888a50ce397a2ef9dcb51f4ece61590aaa456,2,1094,outputs/evaluations/gpt_5_3_codex_P1_zero_shot_python_10_smoke_v2_eval.json_summary.json
597,1cf58eba555342b9e5f9b1d97d4888a50ce397a2ef9dcb51f4ece61590aaa456,2,1094,outputs/segregated_results/commercial-base/eval/gpt_5_3_codex_P1_zero_shot_python_10_smoke_v2_eval.json_summary.json
598,1d41e4be89434acd6bbb33d811153d970c45127b6cdc47bac22fe3707d983ebc,2,1121,outputs/evaluation-and-correctness-may2026/open-source/qwen25_coder_1_5b_instruct_P1_zero_shot_python_200_v1_summary.json
598,1d41e4be89434acd6bbb33d811153d970c45127b6cdc47bac22fe3707d983ebc,2,1121,outputs/segregated_results/open-source-base/may2026/open-source/qwen25_coder_1_5b_instruct_P1_zero_shot_python_200_v1_summary.json
599,1d59dfa7f1e013f77df4c673bf74b3b8b9ca520b75085c9cc2b98025a75318fd,2,325615,outputs/evaluation-and-correctness-may2026/open-source-fine-tuned/codegemma_2b_lora_multilang/codegemma_2b_lora_multilang_P1_one_shot_python_400_v1_code_grounded_detailed.jsonl
599,1d59dfa7f1e013f77df4c673bf74b3b8b9ca520b75085c9cc2b98025a75318fd,2,325615,outputs/segregated_results/open-source-lora/_long_paths/ef3b2778e498_codegemma_2b_lora_multilang_P1_one_shot_python_400_v1_code_grounded_detailed.jsonl
600,1e1fd722a65622dac0cfa9ac3a3e28cd5d1a8f0dee433bf888556c4b7c28330c,2,330666,outputs/evaluation-and-correctness-may2026/open-source/gemma_2_2b_it_P1_zero_shot_java_400_v2_code_grounded_detailed.jsonl
600,1e1fd722a65622dac0cfa9ac3a3e28cd5d1a8f0dee433bf888556c4b7c28330c,2,330666,outputs/segregated_results/open-source-base/may2026/open-source/gemma_2_2b_it_P1_zero_shot_java_400_v2_code_grounded_detailed.jsonl
601,1ebbfc356843d3efcadea33c438e800c6ca4970d917906e1ddab2e3dedbf9e23,2,280190,outputs/correctness/gemma_2_2b_it_P1_zero_shot_python_300_ZS_v3_correctness.json_detailed.jsonl
601,1ebbfc356843d3efcadea33c438e800c6ca4970d917906e1ddab2e3dedbf9e23,2,280190,outputs/segregated_results/open-source-base/correctness/gemma_2_2b_it_P1_zero_shot_python_300_ZS_v3_correctness.json_detailed.jsonl
602,1f7cee1ce5cc73a8c54c3ccfbc1db664aa4ea6c78924c816a7fbd6cba3db619a,2,5617,outputs/evaluations/gemma_2_2b_it_P1_zero_shot_5_detailed.jsonl
602,1f7cee1ce5cc73a8c54c3ccfbc1db664aa4ea6c78924c816a7fbd6cba3db619a,2,5617,outputs/segregated_results/open-source-base/eval/gemma_2_2b_it_P1_zero_shot_5_detailed.jsonl
603,1f9ab04322ab06a4d9a89260966d0ef291c4d847fdba75063f592d9ab4b148b2,2,219129,outputs/evaluation-and-correctness-may2026/final-results-tables-and-plots/plots/per_language_prompt_trends/bertscore/python_bertscore_prompt_trend.png
603,1f9ab04322ab06a4d9a89260966d0ef291c4d847fdba75063f592d9ab4b148b2,2,219129,outputs/segregated_results/shared-aggregate/may2026/final-results-tables-and-plots/plots/per_language_prompt_trends/bertscore/python_bertscore_prompt_trend.png
604,208e55ca4ead8302c9fba0b414671e70fad7418fb079cd165202a5a85323eaf0,2,315728,outputs/evaluation-and-correctness-may2026/open-source/codegemma_2b_P1_one_shot_java_400_v1_detailed.jsonl
604,208e55ca4ead8302c9fba0b414671e70fad7418fb079cd165202a5a85323eaf0,2,315728,outputs/segregated_results/open-source-base/may2026/open-source/codegemma_2b_P1_one_shot_java_400_v1_detailed.jsonl
605,210f125308a9d53baac943f4ef20942351ce342f061f16bd148442f500de5e31,2,1121,outputs/evaluation-and-correctness-may2026/open-source/qwen25_coder_1_5b_instruct_P1_one_shot_python_10_t02_p09_k50_v1_summary.json
605,210f125308a9d53baac943f4ef20942351ce342f061f16bd148442f500de5e31,2,1121,outputs/segregated_results/open-source-base/may2026/open-source/qwen25_coder_1_5b_instruct_P1_one_shot_python_10_t02_p09_k50_v1_summary.json
606,21d91315c170e499baa5fd2f8d8db4e2de90beab6def296932aac1c1e233ee78,2,2883,outputs/final_results/thesis_tables_completed_qwen/final_report_run_details.md
606,21d91315c170e499baa5fd2f8d8db4e2de90beab6def296932aac1c1e233ee78,2,2883,outputs/segregated_results/index/final_report_run_details.md
607,220a6d3b02fc285d78d490b0b94eafc88b49456d10e5daf3ab96febfe880ea6b,2,290468,outputs/evaluations/qwen25_1_5b_instruct_P1_zero_shot_python_300_ZS_v3_eval.json_detailed.jsonl
607,220a6d3b02fc285d78d490b0b94eafc88b49456d10e5daf3ab96febfe880ea6b,2,290468,outputs/segregated_results/open-source-base/eval/qwen25_1_5b_instruct_P1_zero_shot_python_300_ZS_v3_eval.json_detailed.jsonl
608,227e5d74f23a271c51b4ae53bdfad34f9998399693f5ab797a58b6095fff158d,2,641898,outputs/batches/gpt_5_4_P1_zero_shot_python_400_v1/batch_output.jsonl
608,227e5d74f23a271c51b4ae53bdfad34f9998399693f5ab797a58b6095fff158d,2,641898,outputs/segregated_results/commercial-base/batches/gpt_5_4_P1_zero_shot_python_400_v1/batch_output.jsonl
609,22e4a543be5c62a2c4c960dad5e6bd5f74b098183fb8f5b664d67d2d273de900,2,262760,outputs/evaluations/qwen25_coder_1_5b_instruct_P1_one_shot_python_300_v1_detailed.jsonl
609,22e4a543be5c62a2c4c960dad5e6bd5f74b098183fb8f5b664d67d2d273de900,2,262760,outputs/segregated_results/open-source-base/eval/qwen25_coder_1_5b_instruct_P1_one_shot_python_300_v1_detailed.jsonl
610,2307f80e67992ecb3163db5081e674beb4bb77a89874314429c2f1286a2ddbf3,2,759,outputs/batches/gpt_5_4_P1_zero_shot_python_10_smoke_v1/state.json
610,2307f80e67992ecb3163db5081e674beb4bb77a89874314429c2f1286a2ddbf3,2,759,outputs/segregated_results/commercial-base/batches/gpt_5_4_P1_zero_shot_python_10_smoke_v1/state.json
611,235b284294ffaeca6480127d76011ac4c4e5564ba71e042d9d6433704a64d30f,2,1136406,outputs/batches/gpt_5_1_P1_few_shot_javascript_400_v1/batch_requests.jsonl
611,235b284294ffaeca6480127d76011ac4c4e5564ba71e042d9d6433704a64d30f,2,1136406,outputs/segregated_results/commercial-base/batches/gpt_5_1_P1_few_shot_javascript_400_v1/batch_requests.jsonl
612,235d613b513a02ade0a0ba686d3cd521b542c6894adf46d7289253384aba4224,2,409862,outputs/evaluations/qwen25_coder_1_5b_instruct_P1_zero_shot_java_400_v1_eval.json_detailed.jsonl
612,235d613b513a02ade0a0ba686d3cd521b542c6894adf46d7289253384aba4224,2,409862,outputs/segregated_results/open-source-base/eval/qwen25_coder_1_5b_instruct_P1_zero_shot_java_400_v1_eval.json_detailed.jsonl
613,23a2128a7f252507c10cc3bd36cf62115149e179a14dabcab4f3d276f3b6b321,2,335357,outputs/evaluations/gemini_3_flash_preview_P1_zero_shot_java_400_v1_eval.json_detailed.jsonl
613,23a2128a7f252507c10cc3bd36cf62115149e179a14dabcab4f3d276f3b6b321,2,335357,outputs/segregated_results/commercial-base/eval/gemini_3_flash_preview_P1_zero_shot_java_400_v1_eval.json_detailed.jsonl
614,240567efda8d15205f7bfb2339dff421e062fa8357431a837bf8df677e636cb6,2,16293,outputs/responses/gpt_5_3_codex_P1_zero_shot_python_10_smoke_v1/raw_responses.jsonl
614,240567efda8d15205f7bfb2339dff421e062fa8357431a837bf8df677e636cb6,2,16293,outputs/segregated_results/commercial-base/responses/gpt_5_3_codex_P1_zero_shot_python_10_smoke_v1/raw_responses.jsonl
615,24306988a407a365b83a6d6bf491c389c2aebb1aac6f7655ee24645db88a0f42,2,131757,outputs/evaluation_And_corrctness_may2026_1/saturation_experiment/saturation_publication_fixed_axis/saturation_rougel_f1_fixed_axis.png
615,24306988a407a365b83a6d6bf491c389c2aebb1aac6f7655ee24645db88a0f42,2,131757,outputs/segregated_results/shared-aggregate/may2026_legacy/saturation_experiment/saturation_publication_fixed_axis/saturation_rougel_f1_fixed_axis.png
616,2467a4422d99f4f7631acf766cdb2a8cc81009f76937751c5e7e184d252890cb,2,334977,outputs/evaluation-and-correctness-may2026/open-source/codegemma_2b_P1_one_shot_python_400_v1_detailed.jsonl
616,2467a4422d99f4f7631acf766cdb2a8cc81009f76937751c5e7e184d252890cb,2,334977,outputs/segregated_results/open-source-base/may2026/open-source/codegemma_2b_P1_one_shot_python_400_v1_detailed.jsonl
617,249f96b737e492a2cd15e5a19590a1b4f38361efd08ca3b89a7a160b9fa5c885,2,2107,outputs/evaluation-and-correctness-may2026/open-source/qwen25_coder_1_5b_instruct_P1_zero_shot_balanced_300_summary.json
617,249f96b737e492a2cd15e5a19590a1b4f38361efd08ca3b89a7a160b9fa5c885,2,2107,outputs/segregated_results/open-source-base/may2026/open-source/qwen25_coder_1_5b_instruct_P1_zero_shot_balanced_300_summary.json
618,251c8acf9f59921dd3123fb4c869676614925959986a3bf102de027b8be91060,2,1109,outputs/evaluations/gpt_5_1_codex_P1_zero_shot_javascript_400_v1_eval.json_summary.json
618,251c8acf9f59921dd3123fb4c869676614925959986a3bf102de027b8be91060,2,1109,outputs/segregated_results/commercial-base/eval/gpt_5_1_codex_P1_zero_shot_javascript_400_v1_eval.json_summary.json
619,251e94c16ccac2dc137cf9e51d7bfcc104ebcd0984285e768f3c066116cc8e31,2,2116,outputs/evaluation-and-correctness-may2026/open-source/qwen25_1_5b_instruct_P1_zero_shot_balanced_300_summary.json
619,251e94c16ccac2dc137cf9e51d7bfcc104ebcd0984285e768f3c066116cc8e31,2,2116,outputs/segregated_results/open-source-base/may2026/open-source/qwen25_1_5b_instruct_P1_zero_shot_balanced_300_summary.json
620,2526a7bdd6b127829ad50e6b792855806ea6b0f62e8d7d5902b4c648b63e9a9e,2,161231,outputs/evaluation_And_corrctness_may2026_1/saturation_experiment/saturation_smoothed_publication/bertscore_smoothed.png
620,2526a7bdd6b127829ad50e6b792855806ea6b0f62e8d7d5902b4c648b63e9a9e,2,161231,outputs/segregated_results/shared-aggregate/may2026_legacy/saturation_experiment/saturation_smoothed_publication/bertscore_smoothed.png
621,253dd31a4739dc25c9b92e47e6952ae2ec9d5ac70c2fca8210b58881dda53bb9,2,1321,outputs/correctness/qwen25_coder_1_5b_instruct_P1_few_shot_python_600_v1_correctness.json_summary.json
621,253dd31a4739dc25c9b92e47e6952ae2ec9d5ac70c2fca8210b58881dda53bb9,2,1321,outputs/segregated_results/open-source-base/correctness/qwen25_coder_1_5b_instruct_P1_few_shot_python_600_v1_correctness.json_summary.json
622,2554177923ef1541eebf5d68e13db747e39471fbb522b2fb22cbe098c356fc0f,2,764959,outputs/batches/gpt_5_4_P1_one_shot_java_400_v1/batch_requests.jsonl
622,2554177923ef1541eebf5d68e13db747e39471fbb522b2fb22cbe098c356fc0f,2,764959,outputs/segregated_results/commercial-base/batches/gpt_5_4_P1_one_shot_java_400_v1/batch_requests.jsonl
623,25862ce6bc2f8c0eadb02419e655cbe0ba9ca2df6419bb50e1861f3799803fc8,2,396008,outputs/evaluation_And_corrctness_may2026_1/saturation_experiment/qwen25_coder_1_5b_instruct_P1_zero_shot_python_400_v1_detailed.jsonl
623,25862ce6bc2f8c0eadb02419e655cbe0ba9ca2df6419bb50e1861f3799803fc8,2,396008,outputs/segregated_results/open-source-base/may2026_legacy/saturation_experiment/qwen25_coder_1_5b_instruct_P1_zero_shot_python_400_v1_detailed.jsonl
624,25ea1af044422510486a8bf151b082d435df64477cb7e8899bea638e7b794383,2,765,outputs/batches/gpt_5_4_P1_zero_shot_javascript_400_v1/state.json
624,25ea1af044422510486a8bf151b082d435df64477cb7e8899bea638e7b794383,2,765,outputs/segregated_results/commercial-base/batches/gpt_5_4_P1_zero_shot_javascript_400_v1/state.json
625,261514ced6abac8ae84134b8f32c020c16701b2222414a8d157e60351f742c87,2,1079,outputs/evaluations/deepseek_chat_P1_zero_shot_java_400_v1_eval.json_summary.json
625,261514ced6abac8ae84134b8f32c020c16701b2222414a8d157e60351f742c87,2,1079,outputs/segregated_results/commercial-base/eval/deepseek_chat_P1_zero_shot_java_400_v1_eval.json_summary.json
626,262424655f92976c853f377c4c63eab99ef7c1b3c0872a0b9adf81cb258b45aa,2,753,outputs/batches/gpt_5_1_P1_zero_shot_java_400_v1/state.json
626,262424655f92976c853f377c4c63eab99ef7c1b3c0872a0b9adf81cb258b45aa,2,753,outputs/segregated_results/commercial-base/batches/gpt_5_1_P1_zero_shot_java_400_v1/state.json
627,266e22148e0cfc982d2a8b45c8b2ebe663d844a594316f287f398d021cf98f48,2,196842,outputs/evaluation_And_corrctness_may2026_1/saturation_experiment/qwen25_coder_1_5b_instruct_P1_zero_shot_python_200_v1_detailed.jsonl
627,266e22148e0cfc982d2a8b45c8b2ebe663d844a594316f287f398d021cf98f48,2,196842,outputs/segregated_results/open-source-base/may2026_legacy/saturation_experiment/qwen25_coder_1_5b_instruct_P1_zero_shot_python_200_v1_detailed.jsonl
628,26b2b34e51663c02f15e88e5536f273f21f6df0a4337d955b4e542d41b1982d1,2,195102,outputs/evaluation_And_corrctness_may2026_1/decoding_sensitivity/plots/decoding_sensitivity_parameter-coverage.png
628,26b2b34e51663c02f15e88e5536f273f21f6df0a4337d955b4e542d41b1982d1,2,195102,outputs/segregated_results/shared-aggregate/may2026_legacy/decoding_sensitivity/plots/decoding_sensitivity_parameter-coverage.png
629,27492b329648ebb6449057024800fe7298627f88bb3d67612f77ab90e1e11cef,2,1032,outputs/evaluations/qwen25_coder_1_5b_instruct_P1_few_shot_python_600_v1_summary.json
629,27492b329648ebb6449057024800fe7298627f88bb3d67612f77ab90e1e11cef,2,1032,outputs/segregated_results/open-source-base/eval/qwen25_coder_1_5b_instruct_P1_few_shot_python_600_v1_summary.json
630,276396be7ec9a65facd13f190a2ce80b58cb103567f4431519b60bcdbf8fc213,2,1057,outputs/evaluations/gpt_5_1_P1_zero_shot_java_400_v1_eval.json_summary.json
630,276396be7ec9a65facd13f190a2ce80b58cb103567f4431519b60bcdbf8fc213,2,1057,outputs/segregated_results/commercial-base/eval/gpt_5_1_P1_zero_shot_java_400_v1_eval.json_summary.json
631,281f65d309529f4a28c4ed91e4daf3fd941561b5edd1af685b46abd0f32c90b5,2,1145,outputs/evaluation-and-correctness-may2026/open-source/qwen25_coder_1_5b_instruct_P1_zero_shot_python_600_v1_summary.json
631,281f65d309529f4a28c4ed91e4daf3fd941561b5edd1af685b46abd0f32c90b5,2,1145,outputs/segregated_results/open-source-base/may2026/open-source/qwen25_coder_1_5b_instruct_P1_zero_shot_python_600_v1_summary.json
632,283d861cd71b2a99957f65a57bfa754ecf9869db46ca249a7a0c7bfd63841004,2,343556,outputs/correctness/qwen25_1_5b_instruct_P1_one_shot_python_400_v1_correctness.json_detailed.jsonl
632,283d861cd71b2a99957f65a57bfa754ecf9869db46ca249a7a0c7bfd63841004,2,343556,outputs/segregated_results/open-source-base/correctness/qwen25_1_5b_instruct_P1_one_shot_python_400_v1_correctness.json_detailed.jsonl
633,28a53dee9e53b13ca34edc0751d70f661e2a45fcc5c83cec2b43ef9f8a1fd4fb,2,427222,outputs/raw_generations/qwen25_coder_1_5b_instruct_P1_zero_shot_java_400_v1.jsonl
633,28a53dee9e53b13ca34edc0751d70f661e2a45fcc5c83cec2b43ef9f8a1fd4fb,2,427222,outputs/segregated_results/open-source-base/raw/qwen25_coder_1_5b_instruct_P1_zero_shot_java_400_v1.jsonl
634,28cb413417e573e22409d1022efaf9db82d50f6f1e50cde31457c91711d64c60,2,4463,outputs/correctness/qwen25_coder_1_5b_instruct_P1_one_shot_python_10_t02_p09_k50_v1_correctness.json_detailed.jsonl
634,28cb413417e573e22409d1022efaf9db82d50f6f1e50cde31457c91711d64c60,2,4463,outputs/segregated_results/open-source-base/correctness/qwen25_coder_1_5b_instruct_P1_one_shot_python_10_t02_p09_k50_v1_correctness.json_detailed.jsonl
635,290ae1c8978994345983bd798f29ac1780c2b822ff67445491eaca4337922992,2,343594,outputs/evaluations/gpt_5_1_codex_P1_zero_shot_python_400_v1_eval.json_detailed.jsonl
635,290ae1c8978994345983bd798f29ac1780c2b822ff67445491eaca4337922992,2,343594,outputs/segregated_results/commercial-base/eval/gpt_5_1_codex_P1_zero_shot_python_400_v1_eval.json_detailed.jsonl
636,29a382b07a2c559d7b378a81f72a4ca7e1391c9f04b338295da5b156059efa41,2,102431,outputs/evaluation-and-correctness-may2026/final-results-tables-and-plots/plots/model_language_structural/gpt-5.3-codex_python_structural.png
636,29a382b07a2c559d7b378a81f72a4ca7e1391c9f04b338295da5b156059efa41,2,102431,outputs/segregated_results/commercial-base/may2026/final-results-tables-and-plots/plots/model_language_structural/gpt-5.3-codex_python_structural.png
637,2a3309f5f2e8eb83c8eef8647a3312091a045b5ec63206a30fa2f5ecbed77e09,2,759,outputs/batches/gpt_5_1_P1_zero_shot_python_10_smoke_v3/state.json
637,2a3309f5f2e8eb83c8eef8647a3312091a045b5ec63206a30fa2f5ecbed77e09,2,759,outputs/segregated_results/commercial-base/batches/gpt_5_1_P1_zero_shot_python_10_smoke_v3/state.json
638,2a363f5258983a4c03991751c9b65632269a3b524794615a486d022946ac8b1b,2,1151,outputs/evaluation-and-correctness-may2026/open-source/qwen25_coder_1_5b_instruct_P1_one_shot_javascript_10_smoke_v2_summary.json
638,2a363f5258983a4c03991751c9b65632269a3b524794615a486d022946ac8b1b,2,1151,outputs/segregated_results/open-source-base/may2026/open-source/qwen25_coder_1_5b_instruct_P1_one_shot_javascript_10_smoke_v2_summary.json
639,2a3674174d8e5e9131b2c763bb3d687dc36372d1b990d1b470b2b79b1ab77fe2,2,1103,outputs/evaluations/gemini_3_flash_preview_P1_zero_shot_python_400_v1_eval.json_summary.json
639,2a3674174d8e5e9131b2c763bb3d687dc36372d1b990d1b470b2b79b1ab77fe2,2,1103,outputs/segregated_results/commercial-base/eval/gemini_3_flash_preview_P1_zero_shot_python_400_v1_eval.json_summary.json
640,2a618829e0c3a8273af71b4b6c0dfad0e2c82439bc8bc7d9f19a06f356385f3f,2,1092,outputs/evaluation-and-correctness-may2026/open-source/gemma_2_2b_it_P1_zero_shot_java_400_v2_summary.json
640,2a618829e0c3a8273af71b4b6c0dfad0e2c82439bc8bc7d9f19a06f356385f3f,2,1092,outputs/segregated_results/open-source-base/may2026/open-source/gemma_2_2b_it_P1_zero_shot_java_400_v2_summary.json
641,2a674c4ca5b2579e33e6418bcb3edebd406561f844238efa19b8a2c30600af5f,2,1098,outputs/evaluations/gpt_5_1_codex_P1_zero_shot_python_10_smoke_v1_eval.json_summary.json
641,2a674c4ca5b2579e33e6418bcb3edebd406561f844238efa19b8a2c30600af5f,2,1098,outputs/segregated_results/commercial-base/eval/gpt_5_1_codex_P1_zero_shot_python_10_smoke_v1_eval.json_summary.json
642,2ad601b66827211333e3afcdec433b9d5bd38e9ed532d30d48bb0a30a96742b8,2,7077308,data/finetune/train_3000_multilang.jsonl
642,2ad601b66827211333e3afcdec433b9d5bd38e9ed532d30d48bb0a30a96742b8,2,7077308,transfer_bundle/data/finetune/train_3000_multilang.jsonl
643,2b55ebb58bce0e265ba71497c01a4e06df766fd49f482ba04a76ebd71477487d,2,348643,outputs/evaluation-and-correctness-may2026/open-source-fine-tuned/qwen25_1_5b_instruct_lora_multilang/qwen25_1_5b_instruct_lora_multilang_P1_few_shot_python_400_v1_detailed.jsonl
643,2b55ebb58bce0e265ba71497c01a4e06df766fd49f482ba04a76ebd71477487d,2,348643,outputs/segregated_results/open-source-lora/_long_paths/33ebecd20a80_qwen25_1_5b_instruct_lora_multilang_P1_few_shot_python_400_v1_detailed.jsonl
644,2b668f13e67a2529a0a2b52276b684dc5a9ec8410d6b5a8ad52b30bcd3522aca,2,1109,outputs/evaluation-and-correctness-may2026/open-source/codegemma_2b_P1_few_shot_javascript_400_v1_summary.json
644,2b668f13e67a2529a0a2b52276b684dc5a9ec8410d6b5a8ad52b30bcd3522aca,2,1109,outputs/segregated_results/open-source-base/may2026/open-source/codegemma_2b_P1_few_shot_javascript_400_v1_summary.json
645,2bfdb5070c21278d0546e14be692c44b7f2f2e2d2ca9c79ed4c98666ed90e427,2,426518,outputs/raw_generations/qwen25_coder_1_5b_instruct_P1_few_shot_java_400_v1.jsonl
645,2bfdb5070c21278d0546e14be692c44b7f2f2e2d2ca9c79ed4c98666ed90e427,2,426518,outputs/segregated_results/open-source-base/raw/qwen25_coder_1_5b_instruct_P1_few_shot_java_400_v1.jsonl
646,2c213bb18be05f377a9a2392a5964765f59a3a27fe5ceb58cbdf0d89692e4e05,2,749388,outputs/evaluation_And_corrctness_may2026_1/decoding_sensitivity/plots/decoding_sensitivity_combined_metrics.png
646,2c213bb18be05f377a9a2392a5964765f59a3a27fe5ceb58cbdf0d89692e4e05,2,749388,outputs/segregated_results/shared-aggregate/may2026_legacy/decoding_sensitivity/plots/decoding_sensitivity_combined_metrics.png
647,2d109e258deaff62f120f8f4705dd8868eae09768dc5b285b488203da61e98f1,2,1269,outputs/correctness/deepseek_chat_P1_one_shot_java_400_v1_correctness.json_summary.json
647,2d109e258deaff62f120f8f4705dd8868eae09768dc5b285b488203da61e98f1,2,1269,outputs/segregated_results/commercial-base/correctness/deepseek_chat_P1_one_shot_java_400_v1_correctness.json_summary.json
648,2d51df433cbd5fb7215d9433226a70d3035b74a997e8d42d2099a08a4c7e8835,2,1091,outputs/evaluations/gpt_5_1_codex_P1_zero_shot_java_400_v1_eval.json_summary.json
648,2d51df433cbd5fb7215d9433226a70d3035b74a997e8d42d2099a08a4c7e8835,2,1091,outputs/segregated_results/commercial-base/eval/gpt_5_1_codex_P1_zero_shot_java_400_v1_eval.json_summary.json
649,2dc8ea66e1f1b9ebd5620b3f5557289e2d2d2501acbea435579ad650ef084494,2,1095,outputs/evaluations/codegemma_2b_P1_one_shot_javascript_400_v1_eval.json_summary.json
649,2dc8ea66e1f1b9ebd5620b3f5557289e2d2d2501acbea435579ad650ef084494,2,1095,outputs/segregated_results/open-source-base/eval/codegemma_2b_P1_one_shot_javascript_400_v1_eval.json_summary.json
650,2e2fee577a395e660e6956a6e1ec5818376752aaa5f164cfe7e88611fba5e58d,2,2976,outputs/raw_generations/commercial_old/gpt54_python_10_ZS_output.json
650,2e2fee577a395e660e6956a6e1ec5818376752aaa5f164cfe7e88611fba5e58d,2,2976,outputs/segregated_results/commercial-base/raw/commercial_old/gpt54_python_10_ZS_output.json
651,2e3123cc718fe79219a5c993755454dd2dc531296d428b8c20000eda15186868,2,1110,outputs/evaluations/qwen25_1_5b_instruct_P1_one_shot_javascript_400_v1_eval.json_summary.json
651,2e3123cc718fe79219a5c993755454dd2dc531296d428b8c20000eda15186868,2,1110,outputs/segregated_results/open-source-base/eval/qwen25_1_5b_instruct_P1_one_shot_javascript_400_v1_eval.json_summary.json
652,2e3960d53488639737b6ac84b6341802ac3cb23d799d95c25fe0ee52a5d2d31a,2,545490,outputs/evaluation-and-correctness-may2026/open-source/qwen25_coder_1_5b_instruct_P1_few_shot_python_600_v1_detailed.jsonl
652,2e3960d53488639737b6ac84b6341802ac3cb23d799d95c25fe0ee52a5d2d31a,2,545490,outputs/segregated_results/open-source-base/may2026/open-source/qwen25_coder_1_5b_instruct_P1_few_shot_python_600_v1_detailed.jsonl
653,2e9bdfae519d1a92e0a13ed8c5d6b48167c7ebce6d7c0a798f0aa1c037b43525,2,1341,outputs/correctness/qwen25_coder_1_5b_instruct_P1_few_shot_python_200_t02_p09_k50_v1_correctness.json_summary.json
653,2e9bdfae519d1a92e0a13ed8c5d6b48167c7ebce6d7c0a798f0aa1c037b43525,2,1341,outputs/segregated_results/open-source-base/correctness/qwen25_coder_1_5b_instruct_P1_few_shot_python_200_t02_p09_k50_v1_correctness.json_summary.json
654,2edcbc44ed360f07d9bb82f6e8a3faa631d9554715d00ffa22f4662aa9fe48d9,2,990431,outputs/evaluation_And_corrctness_may2026_1/saturation_experiment/qwen25_coder_1_5b_instruct_P1_zero_shot_python_1000_ZS_v3_detailed.jsonl
654,2edcbc44ed360f07d9bb82f6e8a3faa631d9554715d00ffa22f4662aa9fe48d9,2,990431,outputs/segregated_results/open-source-base/may2026_legacy/saturation_experiment/qwen25_coder_1_5b_instruct_P1_zero_shot_python_1000_ZS_v3_detailed.jsonl
655,2f31b199613cd582eac9fc0f10cd1ae5f7b1112a8bcbcd9a5abdf036f47a2045,2,107532,outputs/evaluation-and-correctness-may2026/final-results-tables-and-plots/plots/family_language_prompt/python_bertscore_by_family_prompt.png
655,2f31b199613cd582eac9fc0f10cd1ae5f7b1112a8bcbcd9a5abdf036f47a2045,2,107532,outputs/segregated_results/shared-aggregate/may2026/final-results-tables-and-plots/plots/family_language_prompt/python_bertscore_by_family_prompt.png
656,2f44fb17fd8fda8109e31285b80bce157e8a1447e44e1df9580963a7ad32b421,2,522379,outputs/evaluations/qwen25_coder_1_5b_instruct_P1_one_shot_python_600_v1_detailed.jsonl
656,2f44fb17fd8fda8109e31285b80bce157e8a1447e44e1df9580963a7ad32b421,2,522379,outputs/segregated_results/open-source-base/eval/qwen25_coder_1_5b_instruct_P1_one_shot_python_600_v1_detailed.jsonl
657,2f6edc85c4f335f5bcf8c9a4686ab9bb5d3490fefe911328e7cf66ebcbecbee0,2,1148,outputs/evaluation-and-correctness-may2026/open-source/qwen25_1_5b_instruct_P1_one_shot_python_300_v1_summary.json
657,2f6edc85c4f335f5bcf8c9a4686ab9bb5d3490fefe911328e7cf66ebcbecbee0,2,1148,outputs/segregated_results/open-source-base/may2026/open-source/qwen25_1_5b_instruct_P1_one_shot_python_300_v1_summary.json
658,2fb236d22c9cd3dfaa0c0c987e9318ae92d5e730f998137b95c5e13d75278658,2,1192,outputs/evaluation-and-correctness-may2026/open-source-fine-tuned/qwen25_coder_1_5b_lora_multilang/qwen25_coder_1_5b_instruct_lora_multilang_P1_one_shot_python_400_v1_summary.json
658,2fb236d22c9cd3dfaa0c0c987e9318ae92d5e730f998137b95c5e13d75278658,2,1192,outputs/segregated_results/open-source-lora/_long_paths/f6996898f5ad_qwen25_coder_1_5b_instruct_lora_multilang_P1_one_shot_python_400_v1_summary.json
659,2fb98a1a4e9dd9de2c534a09cd2ebe61052886f600c8bb1dd327fa5a532dc993,2,1260,outputs/correctness/gpt_5_3_codex_P1_zero_shot_python_400_v1_correctness.json_summary.json
659,2fb98a1a4e9dd9de2c534a09cd2ebe61052886f600c8bb1dd327fa5a532dc993,2,1260,outputs/segregated_results/commercial-base/correctness/gpt_5_3_codex_P1_zero_shot_python_400_v1_correctness.json_summary.json
660,2fdf12a87e948277f90560e98d3d78c737b925143dee8b4f3822bb54c9b5796b,2,1279,outputs/correctness/qwen25_coder_1_5b_instruct_P1_zero_shot_python_300_ZS_v3_correctness.json_summary.json
660,2fdf12a87e948277f90560e98d3d78c737b925143dee8b4f3822bb54c9b5796b,2,1279,outputs/segregated_results/open-source-base/correctness/qwen25_coder_1_5b_instruct_P1_zero_shot_python_300_ZS_v3_correctness.json_summary.json
661,3009c66b8c1b70ee9b2e934f572fb9a775ca849536b9e864cb256b988b10f122,2,366861,outputs/evaluations/gpt_5_3_codex_P1_zero_shot_java_400_v1_eval.json_detailed.jsonl
661,3009c66b8c1b70ee9b2e934f572fb9a775ca849536b9e864cb256b988b10f122,2,366861,outputs/segregated_results/commercial-base/eval/gpt_5_3_codex_P1_zero_shot_java_400_v1_eval.json_detailed.jsonl
662,30aba56bb8e1d5358525f5bca24dc5740996371bbc6346a5aed6980ba1423231,2,372909,outputs/evaluations/gpt_5_3_codex_P1_zero_shot_javascript_400_v1_eval.json_detailed.jsonl
662,30aba56bb8e1d5358525f5bca24dc5740996371bbc6346a5aed6980ba1423231,2,372909,outputs/segregated_results/commercial-base/eval/gpt_5_3_codex_P1_zero_shot_javascript_400_v1_eval.json_detailed.jsonl
663,3128bdf28bfca441ffdc7973e6eb138ffd948dd8588facf3fbb7f97b437e05f4,2,1120,outputs/evaluation-and-correctness-may2026/open-source/qwen25_coder_1_5b_instruct_P1_few_shot_python_600_v1_summary.json
663,3128bdf28bfca441ffdc7973e6eb138ffd948dd8588facf3fbb7f97b437e05f4,2,1120,outputs/segregated_results/open-source-base/may2026/open-source/qwen25_coder_1_5b_instruct_P1_few_shot_python_600_v1_summary.json
664,314b0e66d784085af9bb3039306901a9e587b9e33468487df84e0894eb756ef5,2,1157,outputs/correctness/gpt_5_1_P1_zero_shot_python_10_smoke_v3_correctness.json_summary.json
664,314b0e66d784085af9bb3039306901a9e587b9e33468487df84e0894eb756ef5,2,1157,outputs/segregated_results/commercial-base/correctness/gpt_5_1_P1_zero_shot_python_10_smoke_v3_correctness.json_summary.json
665,316a1680e5b1bef66464acdf8e3dae6cd2abc91600a438430384ea7aebb86a43,2,1080,outputs/evaluations/deepseek_chat_P1_few_shot_python_400_v1_eval.json_summary.json
665,316a1680e5b1bef66464acdf8e3dae6cd2abc91600a438430384ea7aebb86a43,2,1080,outputs/segregated_results/commercial-base/eval/deepseek_chat_P1_few_shot_python_400_v1_eval.json_summary.json
666,3175f5fd33bfdf63d6dc6307ee58e6f857408990e865dd33c54ee4643f0834bc,2,1114,outputs/evaluation-and-correctness-may2026/open-source/qwen25_coder_1_5b_instruct_P1_zero_shot_20_summary.json
666,3175f5fd33bfdf63d6dc6307ee58e6f857408990e865dd33c54ee4643f0834bc,2,1114,outputs/segregated_results/open-source-base/may2026/open-source/qwen25_coder_1_5b_instruct_P1_zero_shot_20_summary.json
667,317c4aef6c64706b694587720e1a035d81e57d9d71b67f2a8661904adf87b904,2,1044,outputs/evaluations/qwen25_1_5b_instruct_P1_zero_shot_python_300_ZS_v3_summary.json
667,317c4aef6c64706b694587720e1a035d81e57d9d71b67f2a8661904adf87b904,2,1044,outputs/segregated_results/open-source-base/eval/qwen25_1_5b_instruct_P1_zero_shot_python_300_ZS_v3_summary.json
668,3227c42510f0c2a2f4200dda0c2a3228864fd3a1a312118b855e7e7a200fc9f7,2,320691,outputs/evaluation-and-correctness-may2026/open-source-fine-tuned/codegemma_2b_lora_multilang/codegemma_2b_lora_multilang_P1_few_shot_python_400_v1_code_grounded_detailed.jsonl
668,3227c42510f0c2a2f4200dda0c2a3228864fd3a1a312118b855e7e7a200fc9f7,2,320691,outputs/segregated_results/open-source-lora/_long_paths/3e7e9eaf03ce_codegemma_2b_lora_multilang_P1_few_shot_python_400_v1_code_grounded_detailed.jsonl
669,32abf68f6358cf3c8931ae14a4a795db5359557f69f0e4a79eafda4728f54f4e,2,1210,outputs/correctness/qwen25_coder_1_5b_instruct_P1_one_shot_javascript_400_v2_repaired_correctness.json_summary.json
669,32abf68f6358cf3c8931ae14a4a795db5359557f69f0e4a79eafda4728f54f4e,2,1210,outputs/segregated_results/open-source-base/correctness/qwen25_coder_1_5b_instruct_P1_one_shot_javascript_400_v2_repaired_correctness.json_summary.json
670,32cf22cc5c980238213f56e3003babb0034a957d1a190ba82dcfccf370e5fcb9,2,363674,outputs/raw_generations/qwen25_coder_1_5b_instruct_P1_few_shot_javascript_400_v1.jsonl
670,32cf22cc5c980238213f56e3003babb0034a957d1a190ba82dcfccf370e5fcb9,2,363674,outputs/segregated_results/open-source-base/raw/qwen25_coder_1_5b_instruct_P1_few_shot_javascript_400_v1.jsonl
671,340af4a7f3b5af946de18745853a4120b7413d0058acde3bf256af8e29df5d29,2,1122,outputs/evaluation-and-correctness-may2026/open-source/qwen25_1_5b_instruct_P1_one_shot_javascript_400_v1_summary.json
671,340af4a7f3b5af946de18745853a4120b7413d0058acde3bf256af8e29df5d29,2,1122,outputs/segregated_results/open-source-base/may2026/open-source/qwen25_1_5b_instruct_P1_one_shot_javascript_400_v1_summary.json
672,341d33abf491edcee40983243195f9c339c16092faa0deb994b1b25d9cf200a3,2,329906,outputs/evaluations/deepseek_chat_P1_one_shot_python_400_v1_eval.json_detailed.jsonl
672,341d33abf491edcee40983243195f9c339c16092faa0deb994b1b25d9cf200a3,2,329906,outputs/segregated_results/commercial-base/eval/deepseek_chat_P1_one_shot_python_400_v1_eval.json_detailed.jsonl
673,342faa9c2482ff461f696bdec63ab20d7a713d38b762dd8b0b0769a5bf4bbe2c,2,340074,outputs/correctness/qwen25_1_5b_instruct_lora_multilang_P1_one_shot_java_400_v1_correctness_detailed.jsonl
673,342faa9c2482ff461f696bdec63ab20d7a713d38b762dd8b0b0769a5bf4bbe2c,2,340074,outputs/segregated_results/open-source-lora/correctness/qwen25_1_5b_instruct_lora_multilang_P1_one_shot_java_400_v1_correctness_detailed.jsonl
674,346f1ff5408566d83fb874f1c3210d4e2a07fd0e54eee8555a07ad76d753721a,2,1042,outputs/evaluations/qwen25_coder_1_5b_instruct_P1_few_shot_python_200_t02_p09_k50_v1_summary.json
674,346f1ff5408566d83fb874f1c3210d4e2a07fd0e54eee8555a07ad76d753721a,2,1042,outputs/segregated_results/open-source-base/eval/qwen25_coder_1_5b_instruct_P1_few_shot_python_200_t02_p09_k50_v1_summary.json
675,34ae172770c052c04eb78746f59a03edd5d63f9eceb5929d823b943a2937146e,2,290475,outputs/evaluation-and-correctness-may2026/open-source/qwen25_1_5b_instruct_P1_zero_shot_python_300_ZS_v3_detailed.jsonl
675,34ae172770c052c04eb78746f59a03edd5d63f9eceb5929d823b943a2937146e,2,290475,outputs/segregated_results/open-source-base/may2026/open-source/qwen25_1_5b_instruct_P1_zero_shot_python_300_ZS_v3_detailed.jsonl
676,34b82b1597ad1c92d22305bd14d186da1f6ad0a2ca5c13c9d120da66b7a6f9d6,2,889,outputs/evaluations/qwen25_coder_1_5b_instruct_P1_zero_shot_balanced_300_ZS_smoke_summary.json
676,34b82b1597ad1c92d22305bd14d186da1f6ad0a2ca5c13c9d120da66b7a6f9d6,2,889,outputs/segregated_results/open-source-base/eval/qwen25_coder_1_5b_instruct_P1_zero_shot_balanced_300_ZS_smoke_summary.json
677,34c1a8ff0b23fc871e32eb99bdb93f6ce5fb1765f1a06b24d5c0d13b66a88e70,2,493009,outputs/evaluations/qwen25_coder_1_5b_instruct_P1_zero_shot_python_500_ZS_v3_eval.json_detailed.jsonl
677,34c1a8ff0b23fc871e32eb99bdb93f6ce5fb1765f1a06b24d5c0d13b66a88e70,2,493009,outputs/segregated_results/open-source-base/eval/qwen25_coder_1_5b_instruct_P1_zero_shot_python_500_ZS_v3_eval.json_detailed.jsonl
678,35b5bf0e157d95551bde136ef2671490ee2f2ac1e6cd651de3d703ab8b5ab31e,2,335484,outputs/evaluations/deepseek_chat_P1_few_shot_python_400_v1_eval.json_detailed.jsonl
678,35b5bf0e157d95551bde136ef2671490ee2f2ac1e6cd651de3d703ab8b5ab31e,2,335484,outputs/segregated_results/commercial-base/eval/deepseek_chat_P1_few_shot_python_400_v1_eval.json_detailed.jsonl
679,35cc11353143fa5d6d048fce9338be686c14b46ef3df1a2def8a6478d1bb847c,2,1292,outputs/correctness/codegemma_2b_P1_one_shot_javascript_400_v1_correctness.json_summary.json
679,35cc11353143fa5d6d048fce9338be686c14b46ef3df1a2def8a6478d1bb847c,2,1292,outputs/segregated_results/open-source-base/correctness/codegemma_2b_P1_one_shot_javascript_400_v1_correctness.json_summary.json
680,35e022c6e764621f4294c5fbc1d2cc30fdc87c5abb5d8363bf959cc8157c94f1,2,295379,outputs/evaluation-and-correctness-may2026/open-source/qwen25_coder_1_5b_instruct_P1_zero_shot_python_300_ZS_v3_detailed.jsonl
680,35e022c6e764621f4294c5fbc1d2cc30fdc87c5abb5d8363bf959cc8157c94f1,2,295379,outputs/segregated_results/open-source-base/may2026/open-source/qwen25_coder_1_5b_instruct_P1_zero_shot_python_300_ZS_v3_detailed.jsonl
681,36559f6ad4e3a6ce12b6bc25b5f53e8b06ec458ec295de285743c99e587ad5b4,2,360312,outputs/evaluation-and-correctness-may2026/open-source/codegemma_2b_P1_few_shot_javascript_400_v1_detailed.jsonl
681,36559f6ad4e3a6ce12b6bc25b5f53e8b06ec458ec295de285743c99e587ad5b4,2,360312,outputs/segregated_results/open-source-base/may2026/open-source/codegemma_2b_P1_few_shot_javascript_400_v1_detailed.jsonl
682,3685607591d41444bd8e9fdc896fd076adaeda77ecdd0e369fe3647d548f2d3d,2,358729,outputs/evaluation-and-correctness-may2026/final-results-tables-and-plots/plots/tradeoff_plots/java_coverage_vs_bertscore.png
682,3685607591d41444bd8e9fdc896fd076adaeda77ecdd0e369fe3647d548f2d3d,2,358729,outputs/segregated_results/shared-aggregate/may2026/final-results-tables-and-plots/plots/tradeoff_plots/java_coverage_vs_bertscore.png
683,368875c107ce09c8b0b212295260a88f5c77700fd6f4a51d99615d0849de9470,2,348376,outputs/evaluation-and-correctness-may2026/open-source/gemma_2_2b_it_P1_zero_shot_java_400_v2_detailed.jsonl
683,368875c107ce09c8b0b212295260a88f5c77700fd6f4a51d99615d0849de9470,2,348376,outputs/segregated_results/open-source-base/may2026/open-source/gemma_2_2b_it_P1_zero_shot_java_400_v2_detailed.jsonl
684,368acb32d1c5e4a4708023db530bc953c9fb43f9d146466efe525da444b8790b,2,98939,outputs/evaluation-and-correctness-may2026/final-results-tables-and-plots/plots/model_language_structural/gpt-5.4_python_structural.png
684,368acb32d1c5e4a4708023db530bc953c9fb43f9d146466efe525da444b8790b,2,98939,outputs/segregated_results/commercial-base/may2026/final-results-tables-and-plots/plots/model_language_structural/gpt-5.4_python_structural.png
685,36a5d56449a5505e4f075acfc4e3ff765bc9b1d896a78f4ce2cc65d6a882e0b2,2,644,outputs/responses/gpt_5_1_codex_P1_zero_shot_python_10_smoke_v3/state.json
685,36a5d56449a5505e4f075acfc4e3ff765bc9b1d896a78f4ce2cc65d6a882e0b2,2,644,outputs/segregated_results/commercial-base/responses/gpt_5_1_codex_P1_zero_shot_python_10_smoke_v3/state.json
686,36be55dd882e3b695fc7228f1e47cde2f6305e094a8c27e5021678960e6fa3c3,2,1302,outputs/correctness/qwen25_coder_1_5b_instruct_P1_zero_shot_python_800_v1_correctness.json_summary.json
686,36be55dd882e3b695fc7228f1e47cde2f6305e094a8c27e5021678960e6fa3c3,2,1302,outputs/segregated_results/open-source-base/correctness/qwen25_coder_1_5b_instruct_P1_zero_shot_python_800_v1_correctness.json_summary.json
687,371c5e82c2f3279dd022d7eee9a44f1ed312890393be67331c538bc8baacba6a,2,990425,outputs/evaluations/qwen25_coder_1_5b_instruct_P1_zero_shot_python_1000_ZS_v3_eval.json_detailed.jsonl
687,371c5e82c2f3279dd022d7eee9a44f1ed312890393be67331c538bc8baacba6a,2,990425,outputs/segregated_results/open-source-base/eval/qwen25_coder_1_5b_instruct_P1_zero_shot_python_1000_ZS_v3_eval.json_detailed.jsonl
688,3723ec334552584ff4ea91ba64421ad2dce99b7f1095da970ea7f4f495e6d9f7,2,180453,outputs/evaluation-and-correctness-may2026/open-source/qwen25_coder_1_5b_instruct_P1_one_shot_python_200_greedy_v1_detailed.jsonl
688,3723ec334552584ff4ea91ba64421ad2dce99b7f1095da970ea7f4f495e6d9f7,2,180453,outputs/segregated_results/open-source-base/may2026/open-source/qwen25_coder_1_5b_instruct_P1_one_shot_python_200_greedy_v1_detailed.jsonl
689,380e4157e048c8818c1be59169a57a7a706e43ceaf8dcf713a74bc81fd55ee6d,2,290483,outputs/evaluation-and-correctness-may2026/final-results-tables-and-plots/plots/rankings/ranking_omission_rate.png
689,380e4157e048c8818c1be59169a57a7a706e43ceaf8dcf713a74bc81fd55ee6d,2,290483,outputs/segregated_results/shared-aggregate/may2026/final-results-tables-and-plots/plots/rankings/ranking_omission_rate.png
690,38307f778185fa5d26c8d7fd99d9c8d0dcb55cdff78eef37ca0917ae9032d08f,2,365416,outputs/evaluation-and-correctness-may2026/open-source/qwen25_1_5b_instruct_P1_one_shot_java_400_v1_detailed.jsonl
690,38307f778185fa5d26c8d7fd99d9c8d0dcb55cdff78eef37ca0917ae9032d08f,2,365416,outputs/segregated_results/open-source-base/may2026/open-source/qwen25_1_5b_instruct_P1_one_shot_java_400_v1_detailed.jsonl
691,383670e2bde9be26684b855535cbe01ed704def0df934a27b0051d07d79951ed,2,1279,outputs/correctness/qwen25_coder_1_5b_instruct_P1_zero_shot_python_500_ZS_v3_correctness.json_summary.json
691,383670e2bde9be26684b855535cbe01ed704def0df934a27b0051d07d79951ed,2,1279,outputs/segregated_results/open-source-base/correctness/qwen25_coder_1_5b_instruct_P1_zero_shot_python_500_ZS_v3_correctness.json_summary.json
692,3844012d1e4212c16bbcda20522c5f752b3e4f0eee30db6d2820e9ac2a692e46,2,142338,outputs/evaluation-and-correctness-may2026/final-results-tables-and-plots/plots/family_language_prompt/python_bleu_by_family_prompt.png
692,3844012d1e4212c16bbcda20522c5f752b3e4f0eee30db6d2820e9ac2a692e46,2,142338,outputs/segregated_results/shared-aggregate/may2026/final-results-tables-and-plots/plots/family_language_prompt/python_bleu_by_family_prompt.png
693,393d3c42267d1ecf59656cb56d6f1e26a95912dfd4c73b7f8a89a05323ae1875,2,1096,outputs/evaluations/gpt_5_1_codex_P1_zero_shot_python_10_smoke_v3_eval.json_summary.json
693,393d3c42267d1ecf59656cb56d6f1e26a95912dfd4c73b7f8a89a05323ae1875,2,1096,outputs/segregated_results/commercial-base/eval/gpt_5_1_codex_P1_zero_shot_python_10_smoke_v3_eval.json_summary.json
694,396dc77da7df4e48cb52fe87c908b9a4b52174670072eef1918c3ac9f2d6bfee,2,223844,outputs/raw_generations/open-source-fine-tuned/codegemma_2b_lora_multilang/codegemma_2b_lora_multilang_P1_zero_shot_python_400_v1.jsonl
694,396dc77da7df4e48cb52fe87c908b9a4b52174670072eef1918c3ac9f2d6bfee,2,223844,outputs/segregated_results/open-source-lora/raw/open-source-fine-tuned/codegemma_2b_lora_multilang/codegemma_2b_lora_multilang_P1_zero_shot_python_400_v1.jsonl
695,39a50fc390091d49ed135202f386b895444aeaeabeb4340c69d7a75827189c32,2,1039,outputs/evaluations/qwen25_coder_1_5b_instruct_P1_zero_shot_python_1000_ZS_v3_summary.json
695,39a50fc390091d49ed135202f386b895444aeaeabeb4340c69d7a75827189c32,2,1039,outputs/segregated_results/open-source-base/eval/qwen25_coder_1_5b_instruct_P1_zero_shot_python_1000_ZS_v3_summary.json
696,39e192ada340884c1101a7b848f4859eb3f44dd83348c040f7084ab73e25be65,2,162383,outputs/evaluations/qwen25_coder_1_5b_instruct_P1_few_shot_python_200_t02_p09_k50_v1_eval.json_detailed.jsonl
696,39e192ada340884c1101a7b848f4859eb3f44dd83348c040f7084ab73e25be65,2,162383,outputs/segregated_results/open-source-base/eval/qwen25_coder_1_5b_instruct_P1_few_shot_python_200_t02_p09_k50_v1_eval.json_detailed.jsonl
697,3a95431de2137d6e4a22072134b517d506942e8e3a6436d196239334f3083ae1,2,1313,outputs/evaluation-and-correctness-may2026/open-source/codegemma_2b_P1_zero_shot_javascript_400_v1_code_grounded_summary.json
697,3a95431de2137d6e4a22072134b517d506942e8e3a6436d196239334f3083ae1,2,1313,outputs/segregated_results/open-source-base/may2026/open-source/codegemma_2b_P1_zero_shot_javascript_400_v1_code_grounded_summary.json
698,3ac935b104b69766ce8e451bc61a9e551245b39b1129118f8b02a121bd122aeb,2,28527,outputs/evaluations/qwen25_1_5b_instruct_P1_zero_shot_20_detailed.jsonl
698,3ac935b104b69766ce8e451bc61a9e551245b39b1129118f8b02a121bd122aeb,2,28527,outputs/segregated_results/open-source-base/eval/qwen25_1_5b_instruct_P1_zero_shot_20_detailed.jsonl
699,3ad091445e391990ba8b21136e644bd921b7692acb397e4d3b3f0f2a91f2b408,2,467,outputs/evaluations/qwen25_coder_1_5b_instruct_P1_zero_shot_100_summary.json
699,3ad091445e391990ba8b21136e644bd921b7692acb397e4d3b3f0f2a91f2b408,2,467,outputs/segregated_results/open-source-base/eval/qwen25_coder_1_5b_instruct_P1_zero_shot_100_summary.json
700,3adc67125d4960d79feef3585b3cd7144e2d9edcbc99b8ce6e2d04987a86732f,2,224268,outputs/raw_generations/open-source-fine-tuned/gemma_2_2b_it_lora_multilang/gemma_2_2b_it_lora_multilang_P1_few_shot_python_400_v1.jsonl
700,3adc67125d4960d79feef3585b3cd7144e2d9edcbc99b8ce6e2d04987a86732f,2,224268,outputs/segregated_results/open-source-lora/raw/open-source-fine-tuned/gemma_2_2b_it_lora_multilang/gemma_2_2b_it_lora_multilang_P1_few_shot_python_400_v1.jsonl
701,3b2024298c8c0f603fed74decb11e1f369ddd59fabcb540c986b1c5da7aeaa9b,2,1034,outputs/evaluations/qwen25_1_5b_instruct_P1_few_shot_python_300_v1_summary.json
701,3b2024298c8c0f603fed74decb11e1f369ddd59fabcb540c986b1c5da7aeaa9b,2,1034,outputs/segregated_results/open-source-base/eval/qwen25_1_5b_instruct_P1_few_shot_python_300_v1_summary.json
702,3b7ea43043adca81049bae9dd78bb8824120a04ba3348d2312561ae3e0c95b6e,2,286893,outputs/evaluations/qwen25_coder_1_5b_instruct_P1_zero_shot_python_300_ZS_v3_detailed.jsonl
702,3b7ea43043adca81049bae9dd78bb8824120a04ba3348d2312561ae3e0c95b6e,2,286893,outputs/segregated_results/open-source-base/eval/qwen25_coder_1_5b_instruct_P1_zero_shot_python_300_ZS_v3_detailed.jsonl
703,3ba89883478772214a6ad056e39154271129c7a1e5e65f6f7c07dad2ab3c6828,2,1323,outputs/evaluation-and-correctness-may2026/open-source/qwen25_1_5b_instruct_P1_one_shot_javascript_400_v1_code_grounded_summary.json
703,3ba89883478772214a6ad056e39154271129c7a1e5e65f6f7c07dad2ab3c6828,2,1323,outputs/segregated_results/open-source-base/may2026/open-source/qwen25_1_5b_instruct_P1_one_shot_javascript_400_v1_code_grounded_summary.json
704,3bbc50ae7e6f4cc5d5767aac5a13194e743800745f4ef26eb84397b851243004,2,1110,outputs/evaluation-and-correctness-may2026/open-source/qwen25_1_5b_instruct_P1_few_shot_javascript_400_v1_summary.json
704,3bbc50ae7e6f4cc5d5767aac5a13194e743800745f4ef26eb84397b851243004,2,1110,outputs/segregated_results/open-source-base/may2026/open-source/qwen25_1_5b_instruct_P1_few_shot_javascript_400_v1_summary.json
705,3bbf5765b871a814538fe29d6a8f4e89fa196d867ee6f7952eb2a6c84d2619cc,2,321050,outputs/evaluation-and-correctness-may2026/open-source-fine-tuned/gemma_2_2b_it_lora_multilang/gemma_2_2b_it_lora_multilang_P1_one_shot_python_400_v1_code_grounded_detailed.jsonl
705,3bbf5765b871a814538fe29d6a8f4e89fa196d867ee6f7952eb2a6c84d2619cc,2,321050,outputs/segregated_results/open-source-lora/_long_paths/f72808e905b9_gemma_2_2b_it_lora_multilang_P1_one_shot_python_400_v1_code_grounded_detailed.jsonl
706,3bd899ff984ddf1e31fd04d24bfd0cb120c334805b20e487efafe5430c8e3508,2,641555,outputs/responses/gpt_5_3_codex_P1_zero_shot_java_400_v1/raw_responses.jsonl
706,3bd899ff984ddf1e31fd04d24bfd0cb120c334805b20e487efafe5430c8e3508,2,641555,outputs/segregated_results/commercial-base/responses/gpt_5_3_codex_P1_zero_shot_java_400_v1/raw_responses.jsonl
707,3c90a02d761c17e817c1e98cce306a88173161f1e430130b4d6334cf81cdf5d5,2,1279,outputs/evaluation-and-correctness-may2026/open-source/gemma_2_2b_it_P1_zero_shot_python_400_v2_code_grounded_summary.json
707,3c90a02d761c17e817c1e98cce306a88173161f1e430130b4d6334cf81cdf5d5,2,1279,outputs/segregated_results/open-source-base/may2026/open-source/gemma_2_2b_it_P1_zero_shot_python_400_v2_code_grounded_summary.json
708,3d0905d5fd0f36f2c2eb3fdeb05af55a1589a7a4cfca615e738249370f73a118,2,1297,outputs/correctness/qwen25_1_5b_instruct_P1_zero_shot_python_300_ZS_v3_correctness.json_summary.json
708,3d0905d5fd0f36f2c2eb3fdeb05af55a1589a7a4cfca615e738249370f73a118,2,1297,outputs/segregated_results/open-source-base/correctness/qwen25_1_5b_instruct_P1_zero_shot_python_300_ZS_v3_correctness.json_summary.json
709,3d0c9c57827cb8ab5db23707a9127b8e22f93000b5ec7362281afa963c2c328a,2,336045,outputs/correctness/qwen25_coder_1_5b_instruct_lora_multilang_P1_one_shot_python_400_v1_correctness_detailed.jsonl
709,3d0c9c57827cb8ab5db23707a9127b8e22f93000b5ec7362281afa963c2c328a,2,336045,outputs/segregated_results/open-source-lora/correctness/qwen25_coder_1_5b_instruct_lora_multilang_P1_one_shot_python_400_v1_correctness_detailed.jsonl
710,3d92996302245eef8c701f3c11d9ddf72ce35ac6a8a12e471ccfea74be326a43,2,130321,outputs/evaluation-and-correctness-may2026/open-source/qwen25_coder_1_5b_instruct_P1_zero_shot_100_detailed.jsonl
710,3d92996302245eef8c701f3c11d9ddf72ce35ac6a8a12e471ccfea74be326a43,2,130321,outputs/segregated_results/open-source-base/may2026/open-source/qwen25_coder_1_5b_instruct_P1_zero_shot_100_detailed.jsonl
711,3e67496c64996f90f3de6633bd8526373ff2379c33bdf789477259293c32ce5e,2,354676,outputs/evaluation-and-correctness-may2026/open-source-fine-tuned/qwen25_coder_1_5b_lora_multilang/qwen25_coder_1_5b_instruct_lora_multilang_P1_one_shot_java_400_v1_detailed.jsonl
711,3e67496c64996f90f3de6633bd8526373ff2379c33bdf789477259293c32ce5e,2,354676,outputs/segregated_results/open-source-lora/_long_paths/14355b534339_qwen25_coder_1_5b_instruct_lora_multilang_P1_one_shot_java_400_v1_detailed.jsonl
712,3e8674874f1098d97cc258c8bd81ee659b905b4369ef0b4a169cea45547feacd,2,132646,outputs/evaluation_And_corrctness_may2026_1/decoding_sensitivity/plots/publication_bar_plots/decoding_sensitivity_hallucination_rate_bar.png
712,3e8674874f1098d97cc258c8bd81ee659b905b4369ef0b4a169cea45547feacd,2,132646,outputs/segregated_results/shared-aggregate/may2026_legacy/decoding_sensitivity/plots/publication_bar_plots/decoding_sensitivity_hallucination_rate_bar.png
713,3ea2ed7287af992ce81dd4a52260fc07dae5d145b06746f522509eb1363c0dc0,2,1610,outputs/correctness/qwen25_1_5b_instruct_lora_multilang_P1_one_shot_javascript_400_v1_correctness_summary.json
713,3ea2ed7287af992ce81dd4a52260fc07dae5d145b06746f522509eb1363c0dc0,2,1610,outputs/segregated_results/open-source-lora/correctness/qwen25_1_5b_instruct_lora_multilang_P1_one_shot_javascript_400_v1_correctness_summary.json
714,3ea3154ac34b495ed19735a0ed94be899d71ba778ada7404450c758424adcc48,2,177445,outputs/correctness/qwen25_coder_1_5b_instruct_P1_one_shot_python_200_t07_p095_k50_v1_correctness.json_detailed.jsonl
714,3ea3154ac34b495ed19735a0ed94be899d71ba778ada7404450c758424adcc48,2,177445,outputs/segregated_results/open-source-base/correctness/qwen25_coder_1_5b_instruct_P1_one_shot_python_200_t07_p095_k50_v1_correctness.json_detailed.jsonl
715,3fc37e6cef22d1b855ce308e0846fe677a648805afd8f488407983f850bb4810,2,730697,outputs/evaluations/qwen25_coder_1_5b_instruct_P1_zero_shot_balanced_3000_ZS_eval.json_detailed.jsonl
715,3fc37e6cef22d1b855ce308e0846fe677a648805afd8f488407983f850bb4810,2,730697,outputs/segregated_results/open-source-base/eval/qwen25_coder_1_5b_instruct_P1_zero_shot_balanced_3000_ZS_eval.json_detailed.jsonl
716,4084180e182570326f0d869a1cc6100ce56daf30ca05f080761ddfbaaec5ed05,2,1009,outputs/evaluations/codegemma_2b_P1_zero_shot_python_300_ZS_v3_summary.json
716,4084180e182570326f0d869a1cc6100ce56daf30ca05f080761ddfbaaec5ed05,2,1009,outputs/segregated_results/open-source-base/eval/codegemma_2b_P1_zero_shot_python_300_ZS_v3_summary.json
717,4087ad941523e89c17564e8a77c8764009bd0f2f7fd278c0cdb19ea06cde33bd,2,1115,outputs/evaluations/qwen25_coder_1_5b_instruct_P1_zero_shot_python_1000_ZS_v3_eval.json_summary.json
717,4087ad941523e89c17564e8a77c8764009bd0f2f7fd278c0cdb19ea06cde33bd,2,1115,outputs/segregated_results/open-source-base/eval/qwen25_coder_1_5b_instruct_P1_zero_shot_python_1000_ZS_v3_eval.json_summary.json
718,40af4ba327aa5d0753e7598f59f59ffc010759473a5f13765b7a7a8f836b8bc9,2,647,outputs/responses/gpt_5_1_codex_P1_few_shot_javascript_400_v1/state.json
718,40af4ba327aa5d0753e7598f59f59ffc010759473a5f13765b7a7a8f836b8bc9,2,647,outputs/segregated_results/commercial-base/responses/gpt_5_1_codex_P1_few_shot_javascript_400_v1/state.json
719,414b962e46ba77c9ebc482647bbbf0e935c61d4e314073d71c7796bf622b410d,2,753136,outputs/batches/gpt_5_1_P1_one_shot_python_400_v1/batch_requests.jsonl
719,414b962e46ba77c9ebc482647bbbf0e935c61d4e314073d71c7796bf622b410d,2,753136,outputs/segregated_results/commercial-base/batches/gpt_5_1_P1_one_shot_python_400_v1/batch_requests.jsonl
720,416c7e41230b0812210472364dd7354836b2a50a96e6fc95abed32d46769fd18,2,1117,outputs/evaluation-and-correctness-may2026/open-source/qwen25_coder_1_5b_instruct_P1_zero_shot_100_summary.json
720,416c7e41230b0812210472364dd7354836b2a50a96e6fc95abed32d46769fd18,2,1117,outputs/segregated_results/open-source-base/may2026/open-source/qwen25_coder_1_5b_instruct_P1_zero_shot_100_summary.json
721,417783ef619ba20f429aa4c03193d3954a635a502faa9e56fa1423a02709051f,2,1134,outputs/evaluation-and-correctness-may2026/open-source/qwen25_coder_1_5b_instruct_P1_one_shot_python_200_t02_p09_k50_v1_summary.json
721,417783ef619ba20f429aa4c03193d3954a635a502faa9e56fa1423a02709051f,2,1134,outputs/segregated_results/open-source-base/may2026/open-source/qwen25_coder_1_5b_instruct_P1_one_shot_python_200_t02_p09_k50_v1_summary.json
722,417de1a3125f88a2c7f2d70e3b3dff1e3b8b64ba2f9b7c8645c851e11e89daf9,2,644170,outputs/batches/gpt_5_1_P1_few_shot_python_400_v1/batch_output.jsonl
722,417de1a3125f88a2c7f2d70e3b3dff1e3b8b64ba2f9b7c8645c851e11e89daf9,2,644170,outputs/segregated_results/commercial-base/batches/gpt_5_1_P1_few_shot_python_400_v1/batch_output.jsonl
723,4190fe623fe3e55924df1da975edb49771cfc18eeddc7354ea9519f99afaf39f,2,339625,outputs/evaluations/gpt_5_4_P1_zero_shot_python_400_v1_eval.json_detailed.jsonl
723,4190fe623fe3e55924df1da975edb49771cfc18eeddc7354ea9519f99afaf39f,2,339625,outputs/segregated_results/commercial-base/eval/gpt_5_4_P1_zero_shot_python_400_v1_eval.json_detailed.jsonl
724,41e287ec7466c99e982b8ca154f40783031aa0df9bb528fe0693d36c8b3bffe5,2,280087,outputs/correctness/qwen25_1_5b_instruct_P1_zero_shot_python_300_ZS_v3_correctness.json_detailed.jsonl
724,41e287ec7466c99e982b8ca154f40783031aa0df9bb528fe0693d36c8b3bffe5,2,280087,outputs/segregated_results/open-source-base/correctness/qwen25_1_5b_instruct_P1_zero_shot_python_300_ZS_v3_correctness.json_detailed.jsonl
725,42886a979dc5858b1d7006c67dc65234e0529bf2f5cac4101aaa0e87b5c969ee,2,322830,outputs/evaluation-and-correctness-may2026/open-source/gemma_2_2b_it_P1_few_shot_python_400_v1_code_grounded_detailed.jsonl
725,42886a979dc5858b1d7006c67dc65234e0529bf2f5cac4101aaa0e87b5c969ee,2,322830,outputs/segregated_results/open-source-base/may2026/open-source/gemma_2_2b_it_P1_few_shot_python_400_v1_code_grounded_detailed.jsonl
726,42d3018bab38709bd5a4483f649724afe354d0653ad3d21bab25c90a96aef636,2,1293,outputs/evaluation-and-correctness-may2026/open-source/codegemma_2b_P1_zero_shot_java_400_v1_code_grounded_summary.json
726,42d3018bab38709bd5a4483f649724afe354d0653ad3d21bab25c90a96aef636,2,1293,outputs/segregated_results/open-source-base/may2026/open-source/codegemma_2b_P1_zero_shot_java_400_v1_code_grounded_summary.json
727,43162ab8b71092676dd9e8490d0183299d88641501ba42dff651a7c38fa30238,2,314209,outputs/evaluations/gemma_2_2b_it_P1_one_shot_javascript_400_v1_eval.json_detailed.jsonl
727,43162ab8b71092676dd9e8490d0183299d88641501ba42dff651a7c38fa30238,2,314209,outputs/segregated_results/open-source-base/eval/gemma_2_2b_it_P1_one_shot_javascript_400_v1_eval.json_detailed.jsonl
728,4350b1fdfaeb4dff7982db10a34eff929558858af87a742cd393852662a75f80,2,1309,outputs/correctness/qwen25_coder_1_5b_instruct_P1_few_shot_java_400_v1_correctness_summary.json
728,4350b1fdfaeb4dff7982db10a34eff929558858af87a742cd393852662a75f80,2,1309,outputs/segregated_results/open-source-base/correctness/qwen25_coder_1_5b_instruct_P1_few_shot_java_400_v1_correctness_summary.json
729,4381242e9c0e34daefb0b1d3071a794ac7b1949513529ab51f250e5ef2d99076,2,1319,outputs/evaluation-and-correctness-may2026/open-source/qwen25_coder_1_5b_instruct_P1_one_shot_java_400_v2_rerun_code_grounded_summary.json
729,4381242e9c0e34daefb0b1d3071a794ac7b1949513529ab51f250e5ef2d99076,2,1319,outputs/segregated_results/open-source-base/may2026/open-source/qwen25_coder_1_5b_instruct_P1_one_shot_java_400_v2_rerun_code_grounded_summary.json
730,438aff5beea050d716ff969d966d16eb0358747b193497fa61a0c92c8e854c33,2,175861,outputs/correctness/qwen25_coder_1_5b_instruct_P1_few_shot_python_200_resumed_v1_correctness.json_detailed.jsonl
730,438aff5beea050d716ff969d966d16eb0358747b193497fa61a0c92c8e854c33,2,175861,outputs/segregated_results/open-source-base/correctness/qwen25_coder_1_5b_instruct_P1_few_shot_python_200_resumed_v1_correctness.json_detailed.jsonl
731,43cf27dbd28a83f11319a3e0e46bfde1937472ef75ad915f03507b5d353bcf9a,2,1310,outputs/evaluations/qwen25_1_5b_instruct_lora_multilang_P1_few_shot_javascript_400_v1_eval.json_summary.json
731,43cf27dbd28a83f11319a3e0e46bfde1937472ef75ad915f03507b5d353bcf9a,2,1310,outputs/segregated_results/open-source-lora/eval/qwen25_1_5b_instruct_lora_multilang_P1_few_shot_javascript_400_v1_eval.json_summary.json
732,44abb11f81ca89252b7fabd72bfccac108dc776fc6ba143d94783e49ce0f1315,2,1247,outputs/evaluations/deepseek_chat_P1_few_shot_java_400_v1_code_grounded_summary.json
732,44abb11f81ca89252b7fabd72bfccac108dc776fc6ba143d94783e49ce0f1315,2,1247,outputs/segregated_results/commercial-base/eval/deepseek_chat_P1_few_shot_java_400_v1_code_grounded_summary.json
733,44d83adf257412ce1e57871f10462f543267523539f9fd99afe5ec03cebd064d,2,1053,outputs/evaluations/gemma_2_2b_it_P1_zero_shot_python_300_ZS_v3_summary.json
733,44d83adf257412ce1e57871f10462f543267523539f9fd99afe5ec03cebd064d,2,1053,outputs/segregated_results/open-source-base/eval/gemma_2_2b_it_P1_zero_shot_python_300_ZS_v3_summary.json
734,458968b2e53f33bfe219d23f2f63f682e0d77d9d9638be4e448dcf2d50088f12,2,1341,outputs/evaluation-and-correctness-may2026/open-source-fine-tuned/gemma_2_2b_it_lora_multilang/gemma_2_2b_it_lora_multilang_P1_few_shot_python_400_v1_code_grounded_summary.json
734,458968b2e53f33bfe219d23f2f63f682e0d77d9d9638be4e448dcf2d50088f12,2,1341,outputs/segregated_results/open-source-lora/_long_paths/592b1872a60d_gemma_2_2b_it_lora_multilang_P1_few_shot_python_400_v1_code_grounded_summary.json
735,45a4cbddddf1d5876748c51aa82147a5a82024992c4cb815c2e11b71ec0100b3,2,167755,outputs/evaluation_And_corrctness_may2026_1/saturation_experiment/saturation_smoothed_publication/rouge_l_smoothed.png
735,45a4cbddddf1d5876748c51aa82147a5a82024992c4cb815c2e11b71ec0100b3,2,167755,outputs/segregated_results/shared-aggregate/may2026_legacy/saturation_experiment/saturation_smoothed_publication/rouge_l_smoothed.png
736,45db4d1f9e42559e6b2c897e51e090af64cb5bdde7fd14282d66f5299fe74f59,2,335863,outputs/evaluation-and-correctness-may2026/open-source/qwen25_1_5b_instruct_P1_few_shot_python_400_v1_detailed.jsonl
736,45db4d1f9e42559e6b2c897e51e090af64cb5bdde7fd14282d66f5299fe74f59,2,335863,outputs/segregated_results/open-source-base/may2026/open-source/qwen25_1_5b_instruct_P1_few_shot_python_400_v1_detailed.jsonl
737,4612fc399e7e8b10d371aac7bf006cae2bba06966eb69b7490888a7620e862c6,2,1124,outputs/evaluations/qwen25_1_5b_instruct_P1_zero_shot_python_300_ZS_v3_eval.json_summary.json
737,4612fc399e7e8b10d371aac7bf006cae2bba06966eb69b7490888a7620e862c6,2,1124,outputs/segregated_results/open-source-base/eval/qwen25_1_5b_instruct_P1_zero_shot_python_300_ZS_v3_eval.json_summary.json
738,4654351184864309fdae11a579a0e03419aee1cabed72d84dc933d8298b304ec,2,1590,outputs/correctness/gemma_2_2b_it_lora_multilang_P1_zero_shot_javascript_400_v1_correctness_summary.json
738,4654351184864309fdae11a579a0e03419aee1cabed72d84dc933d8298b304ec,2,1590,outputs/segregated_results/open-source-lora/correctness/gemma_2_2b_it_lora_multilang_P1_zero_shot_javascript_400_v1_correctness_summary.json
739,4681358330749125d309b0b71f05375191f6ed9438c565090f152ca800deb256,2,99420,outputs/evaluation-and-correctness-may2026/final-results-tables-and-plots/plots/model_language_structural/gpt-5.4_java_structural.png
739,4681358330749125d309b0b71f05375191f6ed9438c565090f152ca800deb256,2,99420,outputs/segregated_results/commercial-base/may2026/final-results-tables-and-plots/plots/model_language_structural/gpt-5.4_java_structural.png
740,469c04725ef71241dffe9c8ff6eefd1fb91ebbd5d94bc3ac05b273235b241813,2,129462,outputs/evaluation-and-correctness-may2026/final-results-tables-and-plots/plots/model_language_structural/gpt-5.1_javascript_structural.png
740,469c04725ef71241dffe9c8ff6eefd1fb91ebbd5d94bc3ac05b273235b241813,2,129462,outputs/segregated_results/commercial-base/may2026/final-results-tables-and-plots/plots/model_language_structural/gpt-5.1_javascript_structural.png
741,46a8f7b1e23f668a953b54348ab436601ac11ff2a4bad16f839dd75e28e31507,2,448,outputs/evaluations/qwen25_1_5b_instruct_P1_zero_shot_summary.json
741,46a8f7b1e23f668a953b54348ab436601ac11ff2a4bad16f839dd75e28e31507,2,448,outputs/segregated_results/open-source-base/eval/qwen25_1_5b_instruct_P1_zero_shot_summary.json
742,46bf3c053dd45609dec5e7aa686d2d6ffef8ee7350e9d877114f027e5c6c5c15,2,288491,outputs/evaluation-and-correctness-may2026/open-source/gemma_2_2b_it_P1_zero_shot_python_300_ZS_v3_detailed.jsonl
742,46bf3c053dd45609dec5e7aa686d2d6ffef8ee7350e9d877114f027e5c6c5c15,2,288491,outputs/segregated_results/open-source-base/may2026/open-source/gemma_2_2b_it_P1_zero_shot_python_300_ZS_v3_detailed.jsonl
743,47230fc7c57175dc34cfdc1e97bfe254b4215b8989da84e8c7a19a72871badcc,2,1133,outputs/evaluations/qwen25_coder_1_5b_instruct_P1_zero_shot_python_600_v1_eval.json_summary.json
743,47230fc7c57175dc34cfdc1e97bfe254b4215b8989da84e8c7a19a72871badcc,2,1133,outputs/segregated_results/open-source-base/eval/qwen25_coder_1_5b_instruct_P1_zero_shot_python_600_v1_eval.json_summary.json
744,47293bffbb229be41b90017d6699ed6fd1296e8f0ba0ba92c72037f1322e0253,2,1260,outputs/correctness/deepseek_chat_P1_zero_shot_python_400_v1_correctness.json_summary.json
744,47293bffbb229be41b90017d6699ed6fd1296e8f0ba0ba92c72037f1322e0253,2,1260,outputs/segregated_results/commercial-base/correctness/deepseek_chat_P1_zero_shot_python_400_v1_correctness.json_summary.json
745,476758da37ed16633bc5faa1cc1a8e137c0631c249f9656faf7eca511c2a5d18,2,1280,outputs/correctness/qwen25_coder_1_5b_instruct_P1_one_shot_python_200_t07_p095_k50_v1_correctness.json_summary.json
745,476758da37ed16633bc5faa1cc1a8e137c0631c249f9656faf7eca511c2a5d18,2,1280,outputs/segregated_results/open-source-base/correctness/qwen25_coder_1_5b_instruct_P1_one_shot_python_200_t07_p095_k50_v1_correctness.json_summary.json
746,476a831f298ac47ae8901458328c62db5d09fea29028010d0d375563073d5df0,2,460,outputs/evaluations/codegemma_2b_P1_zero_shot_20_summary.json
746,476a831f298ac47ae8901458328c62db5d09fea29028010d0d375563073d5df0,2,460,outputs/segregated_results/open-source-base/eval/codegemma_2b_P1_zero_shot_20_summary.json
747,47f6756115069fb6b76a9c72159b95cc93ddee3c599502dbb230582ac1e03fe6,2,1052,outputs/evaluations/qwen25_coder_1_5b_instruct_P1_zero_shot_balanced_300_ZS_20_summary.json
747,47f6756115069fb6b76a9c72159b95cc93ddee3c599502dbb230582ac1e03fe6,2,1052,outputs/segregated_results/open-source-base/eval/qwen25_coder_1_5b_instruct_P1_zero_shot_balanced_300_ZS_20_summary.json
748,4804706072a8bfd498fdea10e3172dca930c7856a1246c4e454f63bb490a1782,2,1048,outputs/evaluations/qwen25_coder_1_5b_instruct_P1_few_shot_python_400_v1_summary.json
748,4804706072a8bfd498fdea10e3172dca930c7856a1246c4e454f63bb490a1782,2,1048,outputs/segregated_results/open-source-base/eval/qwen25_coder_1_5b_instruct_P1_few_shot_python_400_v1_summary.json
749,485f5f768f87c61f45caa26a4aca4b38fd40c0decb36eae65b1a6bcd6d25393c,2,2092,outputs/evaluations/qwen25_coder_1_5b_instruct_P1_zero_shot_balanced_300_ZS_eval.json_summary.json
749,485f5f768f87c61f45caa26a4aca4b38fd40c0decb36eae65b1a6bcd6d25393c,2,2092,outputs/segregated_results/open-source-base/eval/qwen25_coder_1_5b_instruct_P1_zero_shot_balanced_300_ZS_eval.json_summary.json
750,48ed3d249eacbffd248d4181447835848368757822e8bfd0d21cb6954f6f5333,2,1169,outputs/correctness/gpt_5_1_codex_P1_zero_shot_python_10_smoke_v3_correctness.json_summary.json
750,48ed3d249eacbffd248d4181447835848368757822e8bfd0d21cb6954f6f5333,2,1169,outputs/segregated_results/commercial-base/correctness/gpt_5_1_codex_P1_zero_shot_python_10_smoke_v3_correctness.json_summary.json
751,4997e67f502c32411cab2450633daf132e2470bf061cfc2b80d8561ab2ab4e67,2,1264,outputs/correctness/gpt_5_1_P1_zero_shot_java_400_v1_correctness.json_summary.json
751,4997e67f502c32411cab2450633daf132e2470bf061cfc2b80d8561ab2ab4e67,2,1264,outputs/segregated_results/commercial-base/correctness/gpt_5_1_P1_zero_shot_java_400_v1_correctness.json_summary.json
752,49e3b92e2a9b06703593c7acf8c32f5af59fdeba55c5be2f8930daa5b970e913,2,342503,outputs/evaluations/qwen25_1_5b_instruct_P1_zero_shot_javascript_400_v1_eval.json_detailed.jsonl
752,49e3b92e2a9b06703593c7acf8c32f5af59fdeba55c5be2f8930daa5b970e913,2,342503,outputs/segregated_results/open-source-base/eval/qwen25_1_5b_instruct_P1_zero_shot_javascript_400_v1_eval.json_detailed.jsonl
753,4a19d4a254fabbbf81c190738734e32b8823735bd20a961f2d1dc70c45c4c4f9,2,366979,outputs/evaluation-and-correctness-may2026/open-source-fine-tuned/qwen25_1_5b_instruct_lora_multilang/qwen25_1_5b_instruct_lora_multilang_P1_zero_shot_java_400_v1_detailed.jsonl
753,4a19d4a254fabbbf81c190738734e32b8823735bd20a961f2d1dc70c45c4c4f9,2,366979,outputs/segregated_results/open-source-lora/_long_paths/9762da604375_qwen25_1_5b_instruct_lora_multilang_P1_zero_shot_java_400_v1_detailed.jsonl
754,4a214eeec85db5911a0fdcf068564bd1b38f538117f0893b2791a27cfe50a006,2,1341,outputs/evaluation-and-correctness-may2026/open-source-fine-tuned/gemma_2_2b_it_lora_multilang/gemma_2_2b_it_lora_multilang_P1_one_shot_python_400_v1_code_grounded_summary.json
754,4a214eeec85db5911a0fdcf068564bd1b38f538117f0893b2791a27cfe50a006,2,1341,outputs/segregated_results/open-source-lora/_long_paths/83406dbe4444_gemma_2_2b_it_lora_multilang_P1_one_shot_python_400_v1_code_grounded_summary.json
755,4aa61fa57dab35ef29f2a59530cd743408144e5323202fc3e14e981dcdc67f0c,2,1102,outputs/evaluations/qwen25_coder_1_5b_instruct_P1_few_shot_java_400_v1_eval.json_summary.json
755,4aa61fa57dab35ef29f2a59530cd743408144e5323202fc3e14e981dcdc67f0c,2,1102,outputs/segregated_results/open-source-base/eval/qwen25_coder_1_5b_instruct_P1_few_shot_java_400_v1_eval.json_summary.json
756,4af000fc7c34d8f7cb43298748b2045c5f09bc90569b56328534a4f807ffcb1a,2,1091,outputs/evaluations/deepseek_chat_P1_zero_shot_javascript_400_v1_eval.json_summary.json
756,4af000fc7c34d8f7cb43298748b2045c5f09bc90569b56328534a4f807ffcb1a,2,1091,outputs/segregated_results/commercial-base/eval/deepseek_chat_P1_zero_shot_javascript_400_v1_eval.json_summary.json
757,4bbc547dffaf836cf0e3259076153a99ea056e7c211da0b21b87ff728890d44f,2,410812,outputs/evaluation-and-correctness-may2026/open-source/codegemma_2b_P1_zero_shot_javascript_400_v1_detailed.jsonl
757,4bbc547dffaf836cf0e3259076153a99ea056e7c211da0b21b87ff728890d44f,2,410812,outputs/segregated_results/open-source-base/may2026/open-source/codegemma_2b_P1_zero_shot_javascript_400_v1_detailed.jsonl
758,4bf429d02a4ca29c192cf489e8c90e8fd5f55b54ec58adbdf201ab409e7ac022,2,261018,outputs/correctness/qwen25_coder_1_5b_instruct_P1_one_shot_python_300_v1_correctness.json_detailed.jsonl
758,4bf429d02a4ca29c192cf489e8c90e8fd5f55b54ec58adbdf201ab409e7ac022,2,261018,outputs/segregated_results/open-source-base/correctness/qwen25_coder_1_5b_instruct_P1_one_shot_python_300_v1_correctness.json_detailed.jsonl
759,4c1286699324867bff061a873c466d8db7b1b94f23a1ab7cabd85dcc2fdda7ed,2,1107,outputs/evaluation-and-correctness-may2026/open-source/qwen25_1_5b_instruct_P1_zero_shot_100_summary.json
759,4c1286699324867bff061a873c466d8db7b1b94f23a1ab7cabd85dcc2fdda7ed,2,1107,outputs/segregated_results/open-source-base/may2026/open-source/qwen25_1_5b_instruct_P1_zero_shot_100_summary.json
760,4c15bbbb8dfbe8d75363192cb0a6706593f9e8095fa997886ea57f6b8f799023,2,339773,outputs/correctness/qwen25_coder_1_5b_instruct_lora_multilang_P1_zero_shot_java_400_v1_correctness_detailed.jsonl
760,4c15bbbb8dfbe8d75363192cb0a6706593f9e8095fa997886ea57f6b8f799023,2,339773,outputs/segregated_results/open-source-lora/correctness/qwen25_coder_1_5b_instruct_lora_multilang_P1_zero_shot_java_400_v1_correctness_detailed.jsonl
761,4c19a9a2a6e3ae7e260c10773898148bc9d69be29d3fb4a02e97bddad8442172,2,5763,outputs/raw_generations/open-source-fine-tuned/codegemma_2b_lora_multilang/codegemma_2b_lora_smoke_test_python.jsonl
761,4c19a9a2a6e3ae7e260c10773898148bc9d69be29d3fb4a02e97bddad8442172,2,5763,outputs/segregated_results/open-source-lora/raw/open-source-fine-tuned/codegemma_2b_lora_multilang/codegemma_2b_lora_smoke_test_python.jsonl
762,4c2e67ddd8540f21f42dcf95f29586f6124c8f938b968b9ab84201a3fd42b774,2,270216,outputs/evaluations/qwen25_1_5b_instruct_P1_few_shot_python_300_v1_eval.json_detailed.jsonl
762,4c2e67ddd8540f21f42dcf95f29586f6124c8f938b968b9ab84201a3fd42b774,2,270216,outputs/segregated_results/open-source-base/eval/qwen25_1_5b_instruct_P1_few_shot_python_300_v1_eval.json_detailed.jsonl
763,4c34f128a66e0cea9b86874b309130de9b6f927bf3e25f97b1ddaf4ac4bfe76f,2,17272,outputs/responses/gpt_5_1_codex_P1_zero_shot_python_10_smoke_v1/raw_responses.jsonl
763,4c34f128a66e0cea9b86874b309130de9b6f927bf3e25f97b1ddaf4ac4bfe76f,2,17272,outputs/segregated_results/commercial-base/responses/gpt_5_1_codex_P1_zero_shot_python_10_smoke_v1/raw_responses.jsonl
764,4c6b59d7e40b39d8c82d123d11a83f44c86acc48925cac48cab003cedd62ea18,2,340793,outputs/evaluations/deepseek_chat_P1_few_shot_java_400_v1_eval.json_detailed.jsonl
764,4c6b59d7e40b39d8c82d123d11a83f44c86acc48925cac48cab003cedd62ea18,2,340793,outputs/segregated_results/commercial-base/eval/deepseek_chat_P1_few_shot_java_400_v1_eval.json_detailed.jsonl
765,4ceb393b71866e60915e3775383fa028a28c965b94397f52c51ab881653c87fd,2,1583,outputs/correctness/qwen25_coder_1_5b_instruct_lora_multilang_P1_few_shot_python_400_v1_correctness_summary.json
765,4ceb393b71866e60915e3775383fa028a28c965b94397f52c51ab881653c87fd,2,1583,outputs/segregated_results/open-source-lora/correctness/qwen25_coder_1_5b_instruct_lora_multilang_P1_few_shot_python_400_v1_correctness_summary.json
766,4d3b8b6752e14e0cb195d2eb650490515a042410f2b7cb3d34963feffd56b601,2,1302,outputs/correctness/gemma_2_2b_it_P1_one_shot_javascript_400_v1_correctness.json_summary.json
766,4d3b8b6752e14e0cb195d2eb650490515a042410f2b7cb3d34963feffd56b601,2,1302,outputs/segregated_results/open-source-base/correctness/gemma_2_2b_it_P1_one_shot_javascript_400_v1_correctness.json_summary.json
767,4e0b0ec1c1b7fc684580823a8e56e40c193c0d788cb35b37bd935892a3e75dcb,2,1314,outputs/evaluation-and-correctness-may2026/open-source/gemma_2_2b_it_P1_one_shot_javascript_400_v1_code_grounded_summary.json
767,4e0b0ec1c1b7fc684580823a8e56e40c193c0d788cb35b37bd935892a3e75dcb,2,1314,outputs/segregated_results/open-source-base/may2026/open-source/gemma_2_2b_it_P1_one_shot_javascript_400_v1_code_grounded_summary.json
768,4eae724a010fa6dd44e9b76f3ac844ebd652e58a1f23cb16bb991f79e1db37ff,2,123377,outputs/evaluation-and-correctness-may2026/final-results-tables-and-plots/plots/family_language_prompt/python_rougeL_by_family_prompt.png
768,4eae724a010fa6dd44e9b76f3ac844ebd652e58a1f23cb16bb991f79e1db37ff,2,123377,outputs/segregated_results/shared-aggregate/may2026/final-results-tables-and-plots/plots/family_language_prompt/python_rougeL_by_family_prompt.png
769,4ef393dd942be5f591141a3f820650d3493cd502e5031ac34cad89590fa632ab,2,1075,outputs/evaluations/deepseek_chat_P1_zero_shot_python_400_v1_eval.json_summary.json
769,4ef393dd942be5f591141a3f820650d3493cd502e5031ac34cad89590fa632ab,2,1075,outputs/segregated_results/commercial-base/eval/deepseek_chat_P1_zero_shot_python_400_v1_eval.json_summary.json
770,4f5d3b3b26dafd865e158d48b8929a812fa7b657450104360f175d29ac4bf53e,2,173209,outputs/evaluation_And_corrctness_may2026_1/decoding_sensitivity/plots/publication_highlighted/return_coverage_highlighted.png
770,4f5d3b3b26dafd865e158d48b8929a812fa7b657450104360f175d29ac4bf53e,2,173209,outputs/segregated_results/shared-aggregate/may2026_legacy/decoding_sensitivity/plots/publication_highlighted/return_coverage_highlighted.png
771,4fc52c629ec0edc3cc3500b0ef6aeaa04c9e554065affa2f791c92b280b0949c,2,348396,outputs/evaluation-and-correctness-may2026/open-source/gemma_2_2b_it_P1_zero_shot_python_400_v2_detailed.jsonl
771,4fc52c629ec0edc3cc3500b0ef6aeaa04c9e554065affa2f791c92b280b0949c,2,348396,outputs/segregated_results/open-source-base/may2026/open-source/gemma_2_2b_it_P1_zero_shot_python_400_v2_detailed.jsonl
772,4fd6a2f891f7e94ebcad8bd65fc02e8fc9e95c296776e6351ca6fdb2f4f7741f,2,1122,outputs/evaluation-and-correctness-may2026/open-source/qwen25_coder_1_5b_instruct_P1_one_shot_java_400_v2_rerun_summary.json
772,4fd6a2f891f7e94ebcad8bd65fc02e8fc9e95c296776e6351ca6fdb2f4f7741f,2,1122,outputs/segregated_results/open-source-base/may2026/open-source/qwen25_coder_1_5b_instruct_P1_one_shot_java_400_v2_rerun_summary.json
773,4fddec22e3c1d6e08825bee9c5d430ec95471ed3a7c580e7acb7a0cc80479f1b,2,1190,outputs/evaluation-and-correctness-may2026/open-source-fine-tuned/qwen25_1_5b_instruct_lora_multilang/qwen25_1_5b_instruct_lora_multilang_P1_zero_shot_python_400_v1_summary.json
773,4fddec22e3c1d6e08825bee9c5d430ec95471ed3a7c580e7acb7a0cc80479f1b,2,1190,outputs/segregated_results/open-source-lora/_long_paths/cc7dab0b70c4_qwen25_1_5b_instruct_lora_multilang_P1_zero_shot_python_400_v1_summary.json
774,50b0d7001ff86dabf9a6a51d491777e9293896f30914017eceb71d2e81bef26f,2,372596,outputs/correctness/qwen25_coder_1_5b_instruct_P1_few_shot_javascript_400_v1_correctness_detailed.jsonl
774,50b0d7001ff86dabf9a6a51d491777e9293896f30914017eceb71d2e81bef26f,2,372596,outputs/segregated_results/open-source-base/correctness/qwen25_coder_1_5b_instruct_P1_few_shot_javascript_400_v1_correctness_detailed.jsonl
775,50c230d868d8bce9584f40a3fa03bc79d9e8fe79006f15b586a04ca19e6c0d99,2,1120,outputs/evaluations/qwen25_coder_1_5b_instruct_P1_few_shot_python_200_resumed_v1_eval.json_summary.json
775,50c230d868d8bce9584f40a3fa03bc79d9e8fe79006f15b586a04ca19e6c0d99,2,1120,outputs/segregated_results/open-source-base/eval/qwen25_coder_1_5b_instruct_P1_few_shot_python_200_resumed_v1_eval.json_summary.json
776,50e337a8cae41544ed302ea72bfa7e8def93da9dbd997ab125aa6100e41e93df,2,396011,outputs/evaluations/qwen25_coder_1_5b_instruct_P1_zero_shot_python_400_v1_eval.json_detailed.jsonl
776,50e337a8cae41544ed302ea72bfa7e8def93da9dbd997ab125aa6100e41e93df,2,396011,outputs/segregated_results/open-source-base/eval/qwen25_coder_1_5b_instruct_P1_zero_shot_python_400_v1_eval.json_detailed.jsonl
777,5155b324387a7f94ebf49dbae617c038d2003287305f1974ba4cab0a412ad4e1,2,1315,outputs/evaluation-and-correctness-may2026/open-source/qwen25_coder_1_5b_instruct_P1_one_shot_javascript_400_v1_code_grounded_summary.json
777,5155b324387a7f94ebf49dbae617c038d2003287305f1974ba4cab0a412ad4e1,2,1315,outputs/segregated_results/open-source-base/may2026/open-source/qwen25_coder_1_5b_instruct_P1_one_shot_javascript_400_v1_code_grounded_summary.json
778,518cf944cf67b98214e125316ce6fc904ca95d769d400cf95b7aeaaa5b466d8a,2,1130,outputs/evaluation-and-correctness-may2026/open-source/qwen25_coder_1_5b_instruct_P1_few_shot_python_300_v1_summary.json
778,518cf944cf67b98214e125316ce6fc904ca95d769d400cf95b7aeaaa5b466d8a,2,1130,outputs/segregated_results/open-source-base/may2026/open-source/qwen25_coder_1_5b_instruct_P1_few_shot_python_300_v1_summary.json
779,51ae1068dcb821b4e7ec7e0803e68d6a597e3473eb7bfb032cd766bdeba5656a,2,1274,outputs/correctness/qwen25_coder_1_5b_instruct_P1_one_shot_python_200_greedy_v1_correctness.json_summary.json
779,51ae1068dcb821b4e7ec7e0803e68d6a597e3473eb7bfb032cd766bdeba5656a,2,1274,outputs/segregated_results/open-source-base/correctness/qwen25_coder_1_5b_instruct_P1_one_shot_python_200_greedy_v1_correctness.json_summary.json
780,51fa1ee4aeb4d5c52f7446dd27d86c9141b67934b6e26334876b138667c8dbdb,2,6932,outputs/correctness/gpt_5_1_codex_P1_zero_shot_python_10_smoke_v2_correctness.json_detailed.jsonl
780,51fa1ee4aeb4d5c52f7446dd27d86c9141b67934b6e26334876b138667c8dbdb,2,6932,outputs/segregated_results/commercial-base/correctness/gpt_5_1_codex_P1_zero_shot_python_10_smoke_v2_correctness.json_detailed.jsonl
781,5202b469bb21cd34b0c237287d128e742fe339daff8304f9baecbc4b37ec3b84,2,1068,outputs/evaluations/gemma_2_2b_it_P1_zero_shot_5_eval.json_summary.json
781,5202b469bb21cd34b0c237287d128e742fe339daff8304f9baecbc4b37ec3b84,2,1068,outputs/segregated_results/open-source-base/eval/gemma_2_2b_it_P1_zero_shot_5_eval.json_summary.json
782,523016cca923877d8528d5bbebebfcc13f3773e79d4ae58337b5eea6dd8426e1,2,1351,outputs/evaluation-and-correctness-may2026/open-source-fine-tuned/gemma_2_2b_it_lora_multilang/gemma_2_2b_it_lora_multilang_P1_one_shot_java_400_v1_code_grounded_summary.json
782,523016cca923877d8528d5bbebebfcc13f3773e79d4ae58337b5eea6dd8426e1,2,1351,outputs/segregated_results/open-source-lora/_long_paths/fe63a138ddea_gemma_2_2b_it_lora_multilang_P1_one_shot_java_400_v1_code_grounded_summary.json
783,52461b08ca6b284cad69e26b779d5a6a21d1b7dcdc9a4d799dc2359a1d315b74,2,1144,outputs/evaluation_And_corrctness_may2026_1/decoding_sensitivity/qwen25_coder_1_5b_instruct_P1_zero_shot_python_400_t07_p095_k50_v1_summary.json
783,52461b08ca6b284cad69e26b779d5a6a21d1b7dcdc9a4d799dc2359a1d315b74,2,1144,outputs/segregated_results/open-source-base/may2026_legacy/decoding_sensitivity/qwen25_coder_1_5b_instruct_P1_zero_shot_python_400_t07_p095_k50_v1_summary.json
784,52543f80964170308e3cef268bf40caa1758f036fd2bd8a1a3162630949869e6,2,1135,outputs/evaluation-and-correctness-may2026/open-source/qwen25_coder_1_5b_instruct_P1_one_shot_javascript_400_v2_repaired_summary.json
784,52543f80964170308e3cef268bf40caa1758f036fd2bd8a1a3162630949869e6,2,1135,outputs/segregated_results/open-source-base/may2026/open-source/qwen25_coder_1_5b_instruct_P1_one_shot_javascript_400_v2_repaired_summary.json
785,52f6fee3120f75409036a8fc5a384fbb0bbaf8f763eb1ec077861f1bb0644d9e,2,350667,outputs/evaluation-and-correctness-may2026/open-source/gemma_2_2b_it_P1_zero_shot_javascript_400_v2_detailed.jsonl
785,52f6fee3120f75409036a8fc5a384fbb0bbaf8f763eb1ec077861f1bb0644d9e,2,350667,outputs/segregated_results/open-source-base/may2026/open-source/gemma_2_2b_it_P1_zero_shot_javascript_400_v2_detailed.jsonl
786,533b7058f76562f9d17596dd41e4d77b6ada527ff876f283222e35ea876515fa,2,668530,data/finetune/valid_300_multilang.jsonl
786,533b7058f76562f9d17596dd41e4d77b6ada527ff876f283222e35ea876515fa,2,668530,transfer_bundle/data/finetune/valid_300_multilang.jsonl
787,5355e03a8c5f1e4e033a796a0520e9983c76df96666681b2fc8b23fecab7fb5d,2,175193,outputs/evaluations/qwen25_coder_1_5b_instruct_P1_one_shot_python_200_t02_p09_k50_v1_detailed.jsonl
787,5355e03a8c5f1e4e033a796a0520e9983c76df96666681b2fc8b23fecab7fb5d,2,175193,outputs/segregated_results/open-source-base/eval/qwen25_coder_1_5b_instruct_P1_one_shot_python_200_t02_p09_k50_v1_detailed.jsonl
788,53ca2b2964c7eb8d5422bb161c92a8ff7b2bd89d9922327b3ae3811f9f51fe8d,2,196851,outputs/evaluation-and-correctness-may2026/open-source/qwen25_coder_1_5b_instruct_P1_zero_shot_python_200_v1_detailed.jsonl
788,53ca2b2964c7eb8d5422bb161c92a8ff7b2bd89d9922327b3ae3811f9f51fe8d,2,196851,outputs/segregated_results/open-source-base/may2026/open-source/qwen25_coder_1_5b_instruct_P1_zero_shot_python_200_v1_detailed.jsonl
789,53da3d4735d431c4145a6f14d3fed153bbff9dd3b1b82663bf7e4f21df850a84,2,1123,outputs/evaluations/qwen25_coder_1_5b_instruct_P1_one_shot_javascript_400_v2_repaired_eval.json_summary.json
789,53da3d4735d431c4145a6f14d3fed153bbff9dd3b1b82663bf7e4f21df850a84,2,1123,outputs/segregated_results/open-source-base/eval/qwen25_coder_1_5b_instruct_P1_one_shot_javascript_400_v2_repaired_eval.json_summary.json
790,53e90abbc3b53bdf75121b6de73a2393c5aef8fe0e1a7dba6414a312efd0375b,2,1153878,outputs/evaluations/qwen25_coder_1_5b_instruct_P1_zero_shot_python_1200_v1_detailed.jsonl
790,53e90abbc3b53bdf75121b6de73a2393c5aef8fe0e1a7dba6414a312efd0375b,2,1153878,outputs/segregated_results/open-source-base/eval/qwen25_coder_1_5b_instruct_P1_zero_shot_python_1200_v1_detailed.jsonl
791,53f648476f7b785cc5204f7f942fc989f55e909ce108880902f4086f35df30f3,2,105089,outputs/evaluation-and-correctness-may2026/final-results-tables-and-plots/plots/model_language_structural/gpt-5.3-codex_javascript_structural.png
791,53f648476f7b785cc5204f7f942fc989f55e909ce108880902f4086f35df30f3,2,105089,outputs/segregated_results/commercial-base/may2026/final-results-tables-and-plots/plots/model_language_structural/gpt-5.3-codex_javascript_structural.png
792,5485e196f1f0f7e28dba0405801be20c057584d54e9cb505c478f2f806345ac3,2,1164,outputs/evaluation-and-correctness-may2026/open-source/qwen25_coder_1_5b_instruct_P1_one_shot_python_600_v1_summary.json
792,5485e196f1f0f7e28dba0405801be20c057584d54e9cb505c478f2f806345ac3,2,1164,outputs/segregated_results/open-source-base/may2026/open-source/qwen25_coder_1_5b_instruct_P1_one_shot_python_600_v1_summary.json
793,54dd58d794e2a9b5ec120c5057517fbe6331b015ef5e9dca89be0f2d90d13453,2,17179,outputs/responses/gpt_5_1_codex_P1_zero_shot_python_10_smoke_v3/raw_responses.jsonl
793,54dd58d794e2a9b5ec120c5057517fbe6331b015ef5e9dca89be0f2d90d13453,2,17179,outputs/segregated_results/commercial-base/responses/gpt_5_1_codex_P1_zero_shot_python_10_smoke_v3/raw_responses.jsonl
794,54ee16fe383e48dacdef5106cf2ddc1e9aeeec8c6b9a798cef03a455e4c2bb4d,2,266195,outputs/evaluations/qwen25_coder_1_5b_instruct_P1_few_shot_python_300_v1_detailed.jsonl
794,54ee16fe383e48dacdef5106cf2ddc1e9aeeec8c6b9a798cef03a455e4c2bb4d,2,266195,outputs/segregated_results/open-source-base/eval/qwen25_coder_1_5b_instruct_P1_few_shot_python_300_v1_detailed.jsonl
795,5501b9acdd8f9d3dcc206fe8c60621667f316d0ab6d96b6ef79b0ee8923b4c92,2,1102,outputs/evaluation-and-correctness-may2026/open-source/qwen25_1_5b_instruct_P1_zero_shot_20_summary.json
795,5501b9acdd8f9d3dcc206fe8c60621667f316d0ab6d96b6ef79b0ee8923b4c92,2,1102,outputs/segregated_results/open-source-base/may2026/open-source/qwen25_1_5b_instruct_P1_zero_shot_20_summary.json
796,55c1e70b42b5f3730655abbd01a1e8de6f5e2b6fb030bf7873c6bf2cfdd16fc0,2,335755,outputs/evaluations/deepseek_chat_P1_one_shot_java_400_v1_eval.json_detailed.jsonl
796,55c1e70b42b5f3730655abbd01a1e8de6f5e2b6fb030bf7873c6bf2cfdd16fc0,2,335755,outputs/segregated_results/commercial-base/eval/deepseek_chat_P1_one_shot_java_400_v1_eval.json_detailed.jsonl
797,5624eb65a5942ce956ddece3365e6928ac27e991e79191a30950b247743485f1,2,412268,outputs/evaluation_And_corrctness_may2026_1/decoding_sensitivity/qwen25_coder_1_5b_instruct_P1_zero_shot_python_400_t02_p09_k50_v1_detailed.jsonl
797,5624eb65a5942ce956ddece3365e6928ac27e991e79191a30950b247743485f1,2,412268,outputs/segregated_results/open-source-base/may2026_legacy/decoding_sensitivity/qwen25_coder_1_5b_instruct_P1_zero_shot_python_400_t02_p09_k50_v1_detailed.jsonl
798,56c44baccaee2496ad3fd9aa0d368e9b43e517d2c8b94653f7050707edeab29b,2,345081,outputs/evaluations/gpt_5_1_codex_P1_zero_shot_java_400_v1_eval.json_detailed.jsonl
798,56c44baccaee2496ad3fd9aa0d368e9b43e517d2c8b94653f7050707edeab29b,2,345081,outputs/segregated_results/commercial-base/eval/gpt_5_1_codex_P1_zero_shot_java_400_v1_eval.json_detailed.jsonl
799,57149106f19183bdbecc564734722b9d2a6a5687b24b612e5b084fbfecf4f7f9,2,191134,outputs/evaluations/qwen25_coder_1_5b_instruct_P1_zero_shot_python_200_v1_detailed.jsonl
799,57149106f19183bdbecc564734722b9d2a6a5687b24b612e5b084fbfecf4f7f9,2,191134,outputs/segregated_results/open-source-base/eval/qwen25_coder_1_5b_instruct_P1_zero_shot_python_200_v1_detailed.jsonl
800,57243be2c389b103bd4dc8a3da1191cdf44426fa8b8149d90c430fa27b719b03,2,1128,outputs/evaluation-and-correctness-may2026/open-source-fine-tuned/gemma_2_2b_it_lora_multilang/gemma_2_2b_it_lora_smoke_test_strict_summary.json
800,57243be2c389b103bd4dc8a3da1191cdf44426fa8b8149d90c430fa27b719b03,2,1128,outputs/segregated_results/open-source-lora/may2026/open-source-fine-tuned/gemma_2_2b_it_lora_multilang/gemma_2_2b_it_lora_smoke_test_strict_summary.json
801,57668eff8e2247cf1d9f8fda5173cf3af7ba5a63ee93236d0b28578b3831f54a,2,1283,outputs/raw_generations/commercial_old/gpt54_codex_cli_test3.jsonl
801,57668eff8e2247cf1d9f8fda5173cf3af7ba5a63ee93236d0b28578b3831f54a,2,1283,outputs/segregated_results/commercial-base/raw/commercial_old/gpt54_codex_cli_test3.jsonl
802,576697ea64735b158f4a4e5674ef1b645b5192646ece5df2b35ae5e6c252e29d,2,1206,outputs/correctness/qwen25_coder_1_5b_instruct_P1_one_shot_javascript_10_smoke_v2_correctness.json_summary.json
802,576697ea64735b158f4a4e5674ef1b645b5192646ece5df2b35ae5e6c252e29d,2,1206,outputs/segregated_results/open-source-base/correctness/qwen25_coder_1_5b_instruct_P1_one_shot_javascript_10_smoke_v2_correctness.json_summary.json
803,57a17449fa90872f826d52c85ba31df35f7ac6a5549c7d80d0c40695bdd18acf,2,391279,outputs/correctness/qwen25_coder_1_5b_instruct_P1_few_shot_java_400_v1_correctness_detailed.jsonl
803,57a17449fa90872f826d52c85ba31df35f7ac6a5549c7d80d0c40695bdd18acf,2,391279,outputs/segregated_results/open-source-base/correctness/qwen25_coder_1_5b_instruct_P1_few_shot_java_400_v1_correctness_detailed.jsonl
804,57b5c1fe9e95be5967132d2013e81b47fcd0e834377d13c9aa07dff9b1a5afb2,2,1128,outputs/evaluation-and-correctness-may2026/open-source/qwen25_coder_1_5b_instruct_P1_one_shot_python_400_v1_summary.json
804,57b5c1fe9e95be5967132d2013e81b47fcd0e834377d13c9aa07dff9b1a5afb2,2,1128,outputs/segregated_results/open-source-base/may2026/open-source/qwen25_coder_1_5b_instruct_P1_one_shot_python_400_v1_summary.json
805,586b61ec22dd734a28638853b1fd772ce43840584f8241dcee1201b999107a79,2,458,outputs/evaluations/qwen25_1_5b_instruct_P2_structured_summary.json
805,586b61ec22dd734a28638853b1fd772ce43840584f8241dcee1201b999107a79,2,458,outputs/segregated_results/open-source-base/eval/qwen25_1_5b_instruct_P2_structured_summary.json
806,58bc55e058d5dd13057262062cef8e7c8a843d779b3263acc5ced996af62c193,2,360297,outputs/evaluations/qwen25_coder_1_5b_instruct_P1_one_shot_python_400_v1_eval.json_detailed.jsonl
806,58bc55e058d5dd13057262062cef8e7c8a843d779b3263acc5ced996af62c193,2,360297,outputs/segregated_results/open-source-base/eval/qwen25_coder_1_5b_instruct_P1_one_shot_python_400_v1_eval.json_detailed.jsonl
807,58bdb8719eeccf0ba5fbac3e5942eabf9ae1124f860005304d00df11e8c7ec1c,2,1130,outputs/evaluations/qwen25_coder_1_5b_instruct_P1_zero_shot_balanced_300_ZS_20_eval.json_summary.json
807,58bdb8719eeccf0ba5fbac3e5942eabf9ae1124f860005304d00df11e8c7ec1c,2,1130,outputs/segregated_results/open-source-base/eval/qwen25_coder_1_5b_instruct_P1_zero_shot_balanced_300_ZS_20_eval.json_summary.json
808,5914ad0a6f6e6665725971598b10088dd085615305d3f1e6013fe10000c12ea5,2,352107,outputs/evaluation-and-correctness-may2026/open-source-fine-tuned/qwen25_1_5b_instruct_lora_multilang/qwen25_1_5b_instruct_lora_multilang_P1_zero_shot_python_400_v1_detailed.jsonl
808,5914ad0a6f6e6665725971598b10088dd085615305d3f1e6013fe10000c12ea5,2,352107,outputs/segregated_results/open-source-lora/_long_paths/071f4061ff9a_qwen25_1_5b_instruct_lora_multilang_P1_zero_shot_python_400_v1_detailed.jsonl
809,59383e39f2377183bd07e6a16538240feb09e879a1d26bc59d34fda74e444e36,2,1373,outputs/evaluation-and-correctness-may2026/open-source-fine-tuned/codegemma_2b_lora_multilang/codegemma_2b_lora_multilang_P1_zero_shot_javascript_400_v1_code_grounded_summary.json
809,59383e39f2377183bd07e6a16538240feb09e879a1d26bc59d34fda74e444e36,2,1373,outputs/segregated_results/open-source-lora/_long_paths/2fe56860627b_codegemma_2b_lora_multilang_P1_zero_shot_javascript_400_v1_code_grounded_summary.json
810,59ba00086121d9034f7191ebad084240a6bac657ed093be3770984241ab07de2,2,309365,outputs/evaluations/codegemma_2b_P1_one_shot_javascript_400_v1_eval.json_detailed.jsonl
810,59ba00086121d9034f7191ebad084240a6bac657ed093be3770984241ab07de2,2,309365,outputs/segregated_results/open-source-base/eval/codegemma_2b_P1_one_shot_javascript_400_v1_eval.json_detailed.jsonl
811,59c3629bc9821d270b6b1cf5eb6fd3b839da57bf1d2ceb567fa4618f7f5d9263,2,335866,outputs/evaluations/qwen25_1_5b_instruct_P1_few_shot_python_400_v1_eval.json_detailed.jsonl
811,59c3629bc9821d270b6b1cf5eb6fd3b839da57bf1d2ceb567fa4618f7f5d9263,2,335866,outputs/segregated_results/open-source-base/eval/qwen25_1_5b_instruct_P1_few_shot_python_400_v1_eval.json_detailed.jsonl
812,59e40641395c89bb3f9ab31a8cb4f490b1d46d343142153977cab196edbae120,2,1132,outputs/evaluations/qwen25_coder_1_5b_instruct_P1_zero_shot_python_300_ZS_v3_eval.json_summary.json
812,59e40641395c89bb3f9ab31a8cb4f490b1d46d343142153977cab196edbae120,2,1132,outputs/segregated_results/open-source-base/eval/qwen25_coder_1_5b_instruct_P1_zero_shot_python_300_ZS_v3_eval.json_summary.json
813,5a19f67efe270a6e0d995e46adddd62d67c9cc263e58c6342df26628d34b8884,2,1319,outputs/correctness/qwen25_coder_1_5b_instruct_P1_zero_shot_python_1200_v1_correctness.json_summary.json
813,5a19f67efe270a6e0d995e46adddd62d67c9cc263e58c6342df26628d34b8884,2,1319,outputs/segregated_results/open-source-base/correctness/qwen25_coder_1_5b_instruct_P1_zero_shot_python_1200_v1_correctness.json_summary.json
814,5a590ae4eed4e8b09483ed00ac9a2804c8d0fe09e0c4af6d00b7c4e910a6264c,2,1296,outputs/correctness/gemini_3_flash_preview_P1_zero_shot_java_400_v1_correctness.json_summary.json
814,5a590ae4eed4e8b09483ed00ac9a2804c8d0fe09e0c4af6d00b7c4e910a6264c,2,1296,outputs/segregated_results/commercial-base/correctness/gemini_3_flash_preview_P1_zero_shot_java_400_v1_correctness.json_summary.json
815,5a77c4888b254a86388a944ab2ef46bea9f2110329acbacf5132463c096ec102,2,103097,outputs/evaluation-and-correctness-may2026/final-results-tables-and-plots/plots/model_language_structural/gpt-5.3-codex_java_structural.png
815,5a77c4888b254a86388a944ab2ef46bea9f2110329acbacf5132463c096ec102,2,103097,outputs/segregated_results/commercial-base/may2026/final-results-tables-and-plots/plots/model_language_structural/gpt-5.3-codex_java_structural.png
816,5ac5e998031bb1ed8f967923cc70328441077f95760e13c70ee5cc1740b5f3af,2,1251,outputs/evaluations/deepseek_chat_P1_few_shot_python_400_v1_code_grounded_summary.json
816,5ac5e998031bb1ed8f967923cc70328441077f95760e13c70ee5cc1740b5f3af,2,1251,outputs/segregated_results/commercial-base/eval/deepseek_chat_P1_few_shot_python_400_v1_code_grounded_summary.json
817,5ae9f18dc249843a7e4bf2e1a45bf652bc616335af0f41624bf83d9cb0cd6011,2,1185,outputs/evaluation-and-correctness-may2026/open-source-fine-tuned/qwen25_1_5b_instruct_lora_multilang/qwen25_1_5b_instruct_lora_multilang_P1_one_shot_java_400_v1_summary.json
817,5ae9f18dc249843a7e4bf2e1a45bf652bc616335af0f41624bf83d9cb0cd6011,2,1185,outputs/segregated_results/open-source-lora/_long_paths/44a4931de7af_qwen25_1_5b_instruct_lora_multilang_P1_one_shot_java_400_v1_summary.json
818,5b61c4a96569d63c85c2ae83cb6fe4c267f82ffbc11fdb13149e5352d69285ec,2,363949,outputs/evaluations/qwen25_coder_1_5b_instruct_P1_few_shot_python_400_v1_eval.json_detailed.jsonl
818,5b61c4a96569d63c85c2ae83cb6fe4c267f82ffbc11fdb13149e5352d69285ec,2,363949,outputs/segregated_results/open-source-base/eval/qwen25_coder_1_5b_instruct_P1_few_shot_python_400_v1_eval.json_detailed.jsonl
819,5bb9f73ca021d16df44a2db5cd629681bda1a472438e9f3af6328c1edf58ab9e,2,1248,outputs/correctness/codegemma_2b_P1_zero_shot_python_300_ZS_v3_correctness.json_summary.json
819,5bb9f73ca021d16df44a2db5cd629681bda1a472438e9f3af6328c1edf58ab9e,2,1248,outputs/segregated_results/open-source-base/correctness/codegemma_2b_P1_zero_shot_python_300_ZS_v3_correctness.json_summary.json
820,5bd90157d3cfd11336944b33390ee461649772fbae13948df50976b6b1a18013,2,1093,outputs/evaluations/gpt_5_3_codex_P1_zero_shot_python_400_v1_eval.json_summary.json
820,5bd90157d3cfd11336944b33390ee461649772fbae13948df50976b6b1a18013,2,1093,outputs/segregated_results/commercial-base/eval/gpt_5_3_codex_P1_zero_shot_python_400_v1_eval.json_summary.json
821,5c80dc8cce8ec18d94d2481a99b7664dffc252ebfecf24b4d4ccabbe6ce84910,2,1051,outputs/evaluations/gpt_5_4_P1_zero_shot_java_400_v1_eval.json_summary.json
821,5c80dc8cce8ec18d94d2481a99b7664dffc252ebfecf24b4d4ccabbe6ce84910,2,1051,outputs/segregated_results/commercial-base/eval/gpt_5_4_P1_zero_shot_java_400_v1_eval.json_summary.json
822,5c8545bd67d97011a1addfa29d8d6639642879a09711a0dfc0102fb617eac6b4,2,339688,outputs/evaluation-and-correctness-may2026/open-source/gemma_2_2b_it_P1_one_shot_python_400_v1_detailed.jsonl
822,5c8545bd67d97011a1addfa29d8d6639642879a09711a0dfc0102fb617eac6b4,2,339688,outputs/segregated_results/open-source-base/may2026/open-source/gemma_2_2b_it_P1_one_shot_python_400_v1_detailed.jsonl
823,5c8e875634534414c40410613e55cc0f7e2a4caa121e0654b7ab5b5bef2f3e23,2,1046,outputs/evaluations/qwen25_coder_1_5b_instruct_P1_one_shot_python_200_t05_p09_k50_v1_summary.json
823,5c8e875634534414c40410613e55cc0f7e2a4caa121e0654b7ab5b5bef2f3e23,2,1046,outputs/segregated_results/open-source-base/eval/qwen25_coder_1_5b_instruct_P1_one_shot_python_200_t05_p09_k50_v1_summary.json
824,5d2075e45bc8cc1bbbbdaa7b5c0a4f7e3744094b6c785d47dfa275bd5dada095,2,146954,outputs/evaluation_And_corrctness_may2026_1/decoding_sensitivity/plots/publication_highlighted/rougeL_highlighted.png
824,5d2075e45bc8cc1bbbbdaa7b5c0a4f7e3744094b6c785d47dfa275bd5dada095,2,146954,outputs/segregated_results/shared-aggregate/may2026_legacy/decoding_sensitivity/plots/publication_highlighted/rougeL_highlighted.png
825,5db95660f027e8e5213a509dae8907dd1229c2b526ea193d22d1229f1b5045e3,2,1358,outputs/evaluation-and-correctness-may2026/open-source-fine-tuned/codegemma_2b_lora_multilang/codegemma_2b_lora_multilang_P1_few_shot_java_400_v1_code_grounded_summary.json
825,5db95660f027e8e5213a509dae8907dd1229c2b526ea193d22d1229f1b5045e3,2,1358,outputs/segregated_results/open-source-lora/_long_paths/0964db02192c_codegemma_2b_lora_multilang_P1_few_shot_java_400_v1_code_grounded_summary.json
826,5e6bba94d6a89850b4dd38b3aae12e309d306f8b6f4e0989a501436e6ff70583,2,427160,outputs/raw_generations/open-source/qwen25_coder_1_5b_instruct_P1_zero_shot_python_400_t05_p09_k50_v1.jsonl
826,5e6bba94d6a89850b4dd38b3aae12e309d306f8b6f4e0989a501436e6ff70583,2,427160,outputs/segregated_results/open-source-base/raw/open-source/qwen25_coder_1_5b_instruct_P1_zero_shot_python_400_t05_p09_k50_v1.jsonl
827,5ed9b452fe75f0d0e6cc3e93e033ca9d8af7f3f47dd12ad9139e3477342e04a8,2,246792,outputs/raw_generations/open-source-fine-tuned/gemma_2_2b_it_lora_multilang/gemma_2_2b_it_lora_multilang_P1_few_shot_java_400_v1.jsonl
827,5ed9b452fe75f0d0e6cc3e93e033ca9d8af7f3f47dd12ad9139e3477342e04a8,2,246792,outputs/segregated_results/open-source-lora/raw/open-source-fine-tuned/gemma_2_2b_it_lora_multilang/gemma_2_2b_it_lora_multilang_P1_few_shot_java_400_v1.jsonl
828,5f0b90f30e5dc8b98613bae69674d74d320206c42cbace7a2daa599c10dda960,2,793608,outputs/evaluations/qwen25_coder_1_5b_instruct_P1_zero_shot_python_800_v1_eval.json_detailed.jsonl
828,5f0b90f30e5dc8b98613bae69674d74d320206c42cbace7a2daa599c10dda960,2,793608,outputs/segregated_results/open-source-base/eval/qwen25_coder_1_5b_instruct_P1_zero_shot_python_800_v1_eval.json_detailed.jsonl
829,5f228d688040c9c0ee2e272504a57ed1291214141c11da464da3474137c636e2,2,157630,outputs/correctness/qwen25_coder_1_5b_instruct_P1_few_shot_python_200_t02_p09_k50_v1_correctness.json_detailed.jsonl
829,5f228d688040c9c0ee2e272504a57ed1291214141c11da464da3474137c636e2,2,157630,outputs/segregated_results/open-source-base/correctness/qwen25_coder_1_5b_instruct_P1_few_shot_python_200_t02_p09_k50_v1_correctness.json_detailed.jsonl
830,5fa04218a3d0ed262711e80fa50558602be243f67ad40ab85bb01b7303ecfd87,2,1131,outputs/evaluations/gemma_2_2b_it_P1_zero_shot_python_300_ZS_v3_eval.json_summary.json
830,5fa04218a3d0ed262711e80fa50558602be243f67ad40ab85bb01b7303ecfd87,2,1131,outputs/segregated_results/open-source-base/eval/gemma_2_2b_it_P1_zero_shot_python_300_ZS_v3_eval.json_summary.json
831,5ffe299eda8c782835efed34462ca87ae26313c98c8e8ae7d9e22963232f7307,2,741,outputs/batches/gpt_5_4_P1_one_shot_javascript_400_v1/state.json
831,5ffe299eda8c782835efed34462ca87ae26313c98c8e8ae7d9e22963232f7307,2,741,outputs/segregated_results/commercial-base/batches/gpt_5_4_P1_one_shot_javascript_400_v1/state.json
832,6007dbf5bb3acd6931cdcbb572478d7c092791ce39d78a9ebde1d605437b4760,2,194354,outputs/evaluation-and-correctness-may2026/final-results-tables-and-plots/plots/model_language_structural/qwen25_coder_1_5b_instruct_lora_multilang_javascript_structural.png
832,6007dbf5bb3acd6931cdcbb572478d7c092791ce39d78a9ebde1d605437b4760,2,194354,outputs/segregated_results/open-source-lora/_long_paths/ca0fac3a7166_qwen25_coder_1_5b_instruct_lora_multilang_javascript_structural.png
833,600e6a3b16ca05ba83f6c7db326afd879be3bda8fb7318d7359c90c52551be32,2,1599,outputs/correctness/qwen25_1_5b_instruct_lora_multilang_P1_zero_shot_java_400_v1_correctness_summary.json
833,600e6a3b16ca05ba83f6c7db326afd879be3bda8fb7318d7359c90c52551be32,2,1599,outputs/segregated_results/open-source-lora/correctness/qwen25_1_5b_instruct_lora_multilang_P1_zero_shot_java_400_v1_correctness_summary.json
834,60c52637dba5db8b7a9f7bc71d0e8d11717caa85118f262bcbce84e6c94f3b43,2,331186,outputs/evaluation-and-correctness-may2026/open-source-fine-tuned/gemma_2_2b_it_lora_multilang/gemma_2_2b_it_lora_multilang_P1_zero_shot_java_400_v1_code_grounded_detailed.jsonl
834,60c52637dba5db8b7a9f7bc71d0e8d11717caa85118f262bcbce84e6c94f3b43,2,331186,outputs/segregated_results/open-source-lora/_long_paths/750317c8fd74_gemma_2_2b_it_lora_multilang_P1_zero_shot_java_400_v1_code_grounded_detailed.jsonl
835,60c79cda14c7238de5dbae4442008652a0a41feb68728a2a2e27c2e9a6693814,2,577217,outputs/evaluations/qwen25_coder_1_5b_instruct_P1_zero_shot_python_600_v1_detailed.jsonl
835,60c79cda14c7238de5dbae4442008652a0a41feb68728a2a2e27c2e9a6693814,2,577217,outputs/segregated_results/open-source-base/eval/qwen25_coder_1_5b_instruct_P1_zero_shot_python_600_v1_detailed.jsonl
836,6103b9a24036744d431e1e60514e6fc30d2b40079eb304aac2014aa8f9d82a45,2,339603,outputs/evaluations/gemini_3_flash_preview_P1_zero_shot_javascript_400_v1_eval.json_detailed.jsonl
836,6103b9a24036744d431e1e60514e6fc30d2b40079eb304aac2014aa8f9d82a45,2,339603,outputs/segregated_results/commercial-base/eval/gemini_3_flash_preview_P1_zero_shot_javascript_400_v1_eval.json_detailed.jsonl
837,61069a4cb1607e44fe814a01e0f74455f162429294cdf3166c352ca7985ba38e,2,961650,outputs/evaluations/qwen25_coder_1_5b_instruct_P1_zero_shot_python_1000_ZS_v3_detailed.jsonl
837,61069a4cb1607e44fe814a01e0f74455f162429294cdf3166c352ca7985ba38e,2,961650,outputs/segregated_results/open-source-base/eval/qwen25_coder_1_5b_instruct_P1_zero_shot_python_1000_ZS_v3_detailed.jsonl
838,61a4b53172da6aabf0010a121987cbb69544791047c5a0a42d565f2596e0e0e1,2,645,outputs/evaluation_And_corrctness_may2026_1/decoding_sensitivity/plots/decoding_sensitivity_metrics.csv
838,61a4b53172da6aabf0010a121987cbb69544791047c5a0a42d565f2596e0e0e1,2,645,outputs/segregated_results/shared-aggregate/may2026_legacy/decoding_sensitivity/plots/decoding_sensitivity_metrics.csv
839,61bb99c3e1bc2ce7a3b4ae56543de27906f721409f742b13da56f26919032a30,2,1269,outputs/correctness/qwen25_coder_1_5b_instruct_P1_one_shot_python_300_v1_correctness.json_summary.json
839,61bb99c3e1bc2ce7a3b4ae56543de27906f721409f742b13da56f26919032a30,2,1269,outputs/segregated_results/open-source-base/correctness/qwen25_coder_1_5b_instruct_P1_one_shot_python_300_v1_correctness.json_summary.json
840,62a4c661409ecdc2cbd9b1aba4fcd6e39e84a50a1a2970e29ea9c1fbf9256eb8,2,335882,outputs/evaluation-and-correctness-may2026/open-source/qwen25_1_5b_instruct_P1_zero_shot_java_400_v1_detailed.jsonl
840,62a4c661409ecdc2cbd9b1aba4fcd6e39e84a50a1a2970e29ea9c1fbf9256eb8,2,335882,outputs/segregated_results/open-source-base/may2026/open-source/qwen25_1_5b_instruct_P1_zero_shot_java_400_v1_detailed.jsonl
841,62a5b69436345f91acead5eb22008487c71dc22eb9df7dd48f2580973f962272,2,1139,outputs/evaluations/qwen25_coder_1_5b_instruct_P1_one_shot_javascript_10_smoke_v2_eval.json_summary.json
841,62a5b69436345f91acead5eb22008487c71dc22eb9df7dd48f2580973f962272,2,1139,outputs/segregated_results/open-source-base/eval/qwen25_coder_1_5b_instruct_P1_one_shot_javascript_10_smoke_v2_eval.json_summary.json
842,62a5ff6cbaa85d0b5c90e7d2f9efc534c6b659d60a6b241f466656dfb36d2f0f,2,1074,outputs/evaluations/qwen25_coder_1_5b_instruct_P1_one_shot_python_600_v1_summary.json
842,62a5ff6cbaa85d0b5c90e7d2f9efc534c6b659d60a6b241f466656dfb36d2f0f,2,1074,outputs/segregated_results/open-source-base/eval/qwen25_coder_1_5b_instruct_P1_one_shot_python_600_v1_summary.json
843,634d3216609f4dcf9a691f54484bc1480551fb9b7516c1acc0e265fa0ee741e4,2,184000,outputs/batches/gpt_5_1_P1_zero_shot_python_400_v1/batch_errors.jsonl
843,634d3216609f4dcf9a691f54484bc1480551fb9b7516c1acc0e265fa0ee741e4,2,184000,outputs/segregated_results/commercial-base/batches/gpt_5_1_P1_zero_shot_python_400_v1/batch_errors.jsonl
844,6396d710eb205146d2d275e302c9f4e43ecda623ab9a843528f6c365b7eb0871,2,1126,outputs/evaluations/qwen25_coder_1_5b_instruct_P1_zero_shot_python_1200_v1_eval.json_summary.json
844,6396d710eb205146d2d275e302c9f4e43ecda623ab9a843528f6c365b7eb0871,2,1126,outputs/segregated_results/open-source-base/eval/qwen25_coder_1_5b_instruct_P1_zero_shot_python_1200_v1_eval.json_summary.json
845,642d82a44e86cdfdfd3c70962257d8a57eaf0298af0354b23416120a17d04297,2,1222,outputs/evaluation-and-correctness-may2026/open-source/qwen25_coder_1_5b_instruct_P1_one_shot_javascript_400_v2_repaired_code_grounded_summary.json
845,642d82a44e86cdfdfd3c70962257d8a57eaf0298af0354b23416120a17d04297,2,1222,outputs/segregated_results/open-source-base/may2026/open-source/qwen25_coder_1_5b_instruct_P1_one_shot_javascript_400_v2_repaired_code_grounded_summary.json
846,64ad42d0b0ee6d7acd34002ce91fbd4a04d71597886726a5923017a30f10917f,2,1602,outputs/correctness/qwen25_coder_1_5b_instruct_lora_multilang_P1_zero_shot_java_400_v1_correctness_summary.json
846,64ad42d0b0ee6d7acd34002ce91fbd4a04d71597886726a5923017a30f10917f,2,1602,outputs/segregated_results/open-source-lora/correctness/qwen25_coder_1_5b_instruct_lora_multilang_P1_zero_shot_java_400_v1_correctness_summary.json
847,651f1bb3e1a32614cb848b0e4e85ac28f9451f52c74522e1cb17d4cb29a6f8e3,2,1070,outputs/evaluations/deepseek_chat_P1_one_shot_java_400_v1_eval.json_summary.json
847,651f1bb3e1a32614cb848b0e4e85ac28f9451f52c74522e1cb17d4cb29a6f8e3,2,1070,outputs/segregated_results/commercial-base/eval/deepseek_chat_P1_one_shot_java_400_v1_eval.json_summary.json
848,6527b2e289c2ba3d4d460b1bb758edb5651dbb0bc49dea223c688b1012437b03,2,321640,outputs/evaluation-and-correctness-may2026/open-source-fine-tuned/codegemma_2b_lora_multilang/codegemma_2b_lora_multilang_P1_few_shot_java_400_v1_code_grounded_detailed.jsonl
848,6527b2e289c2ba3d4d460b1bb758edb5651dbb0bc49dea223c688b1012437b03,2,321640,outputs/segregated_results/open-source-lora/_long_paths/d150c88262dc_codegemma_2b_lora_multilang_P1_few_shot_java_400_v1_code_grounded_detailed.jsonl
849,655673ad20ee47004f53013efa61bd307bfceb45b0dfdde01484e67e0a6b3c71,2,1302,outputs/correctness/qwen25_coder_1_5b_instruct_P1_zero_shot_python_1000_ZS_v3_correctness.json_summary.json
849,655673ad20ee47004f53013efa61bd307bfceb45b0dfdde01484e67e0a6b3c71,2,1302,outputs/segregated_results/open-source-base/correctness/qwen25_coder_1_5b_instruct_P1_zero_shot_python_1000_ZS_v3_correctness.json_summary.json
850,657ab128c2a5efc0adc4de326d0ebb275c97534e265d16b58a8b1530198c1561,2,2095,outputs/evaluations/qwen25_coder_1_5b_instruct_P1_zero_shot_balanced_300_eval.json_summary.json
850,657ab128c2a5efc0adc4de326d0ebb275c97534e265d16b58a8b1530198c1561,2,2095,outputs/segregated_results/open-source-base/eval/qwen25_coder_1_5b_instruct_P1_zero_shot_balanced_300_eval.json_summary.json
851,658a7165a02e6ae805822692871c3d9fe8630828ae73adc1467cccb129d8f1c9,2,149460,outputs/evaluation-and-correctness-may2026/final-results-tables-and-plots/plots/family_language_prompt/javascript_omission_rate_by_family_prompt.png
851,658a7165a02e6ae805822692871c3d9fe8630828ae73adc1467cccb129d8f1c9,2,149460,outputs/segregated_results/shared-aggregate/may2026/final-results-tables-and-plots/plots/family_language_prompt/javascript_omission_rate_by_family_prompt.png
852,65be89fbfb1fd3f7ac79ace5ad895ccf0a101aceab5b0b32480e6488e3870ac9,2,339348,outputs/correctness/qwen25_1_5b_instruct_lora_multilang_P1_few_shot_java_400_v1_correctness_detailed.jsonl
852,65be89fbfb1fd3f7ac79ace5ad895ccf0a101aceab5b0b32480e6488e3870ac9,2,339348,outputs/segregated_results/open-source-lora/correctness/qwen25_1_5b_instruct_lora_multilang_P1_few_shot_java_400_v1_correctness_detailed.jsonl
853,661f165f91e6eb3f729ec6e895ecd68f7b660f8d8d28295abebc1ff3eae5e99f,2,1009,outputs/evaluations/codegemma_2b_P1_zero_shot_20_eval.json_summary.json
853,661f165f91e6eb3f729ec6e895ecd68f7b660f8d8d28295abebc1ff3eae5e99f,2,1009,outputs/segregated_results/open-source-base/eval/codegemma_2b_P1_zero_shot_20_eval.json_summary.json
854,667516dc4a45fc190e85d66ec8584e381f42779c16ecb8c0724d9d52ade21892,2,332768,outputs/evaluations/qwen25_1_5b_instruct_P1_zero_shot_python_400_v1_eval.json_detailed.jsonl
854,667516dc4a45fc190e85d66ec8584e381f42779c16ecb8c0724d9d52ade21892,2,332768,outputs/segregated_results/open-source-base/eval/qwen25_1_5b_instruct_P1_zero_shot_python_400_v1_eval.json_detailed.jsonl
855,669c63683d806232d4c33a049ca86671f0b244982a1b2b2e0c2c0475af229e0e,2,1038,outputs/evaluations/qwen25_coder_1_5b_instruct_P1_zero_shot_python_500_ZS_v3_summary.json
855,669c63683d806232d4c33a049ca86671f0b244982a1b2b2e0c2c0475af229e0e,2,1038,outputs/segregated_results/open-source-base/eval/qwen25_coder_1_5b_instruct_P1_zero_shot_python_500_ZS_v3_summary.json
856,66a4ae597d26b5a8c69feef73af3519f66cb1399b218c0a818f62176041af104,2,1085,outputs/evaluations/gemma_2_2b_it_P1_one_shot_java_400_v1_eval.json_summary.json
856,66a4ae597d26b5a8c69feef73af3519f66cb1399b218c0a818f62176041af104,2,1085,outputs/segregated_results/open-source-base/eval/gemma_2_2b_it_P1_one_shot_java_400_v1_eval.json_summary.json
857,66b63abeb57b640bee1fa3e8e395877e766da14a00cbd6aadeb7fcef6c95c204,2,1099,outputs/evaluation-and-correctness-may2026/open-source/gemma_2_2b_it_P1_few_shot_python_400_v1_summary.json
857,66b63abeb57b640bee1fa3e8e395877e766da14a00cbd6aadeb7fcef6c95c204,2,1099,outputs/segregated_results/open-source-base/may2026/open-source/gemma_2_2b_it_P1_few_shot_python_400_v1_summary.json
858,66ba2700d6bcf99f5f3e1a033bd22dc8865ab0d5d404f40eebc80fd8506f86bd,2,1033,outputs/evaluations/qwen25_coder_1_5b_instruct_P1_zero_shot_python_100_v1_summary.json
858,66ba2700d6bcf99f5f3e1a033bd22dc8865ab0d5d404f40eebc80fd8506f86bd,2,1033,outputs/segregated_results/open-source-base/eval/qwen25_coder_1_5b_instruct_P1_zero_shot_python_100_v1_summary.json
859,66ccfac879f81686222f700ffb2f6a3b0f8d87992aef3a901293fb35a30426f3,2,1103,outputs/evaluations/qwen25_1_5b_instruct_P1_zero_shot_python_400_v1_eval.json_summary.json
859,66ccfac879f81686222f700ffb2f6a3b0f8d87992aef3a901293fb35a30426f3,2,1103,outputs/segregated_results/open-source-base/eval/qwen25_1_5b_instruct_P1_zero_shot_python_400_v1_eval.json_summary.json
860,6752467bce063cc99a2f1533868ed145c8f2e720b31ebca2c8cf727c356d9c89,2,1031,outputs/evaluations/qwen25_coder_1_5b_instruct_P1_zero_shot_python_400_v1_summary.json
860,6752467bce063cc99a2f1533868ed145c8f2e720b31ebca2c8cf727c356d9c89,2,1031,outputs/segregated_results/open-source-base/eval/qwen25_coder_1_5b_instruct_P1_zero_shot_python_400_v1_summary.json
861,675afcf2667df43173b956421dfa50fb2c5cff741c56305a2764139e4b9887af,2,184180,outputs/evaluation-and-correctness-may2026/open-source/qwen25_coder_1_5b_instruct_P1_one_shot_python_200_t07_p095_k50_v1_detailed.jsonl
861,675afcf2667df43173b956421dfa50fb2c5cff741c56305a2764139e4b9887af,2,184180,outputs/segregated_results/open-source-base/may2026/open-source/qwen25_coder_1_5b_instruct_P1_one_shot_python_200_t07_p095_k50_v1_detailed.jsonl
862,67b477566e8334e430715b26aca7cfddb8381d09f024d481c3c63e76f3f6dc2d,2,1617,outputs/correctness/qwen25_coder_1_5b_instruct_lora_multilang_P1_few_shot_javascript_400_v1_correctness_summary.json
862,67b477566e8334e430715b26aca7cfddb8381d09f024d481c3c63e76f3f6dc2d,2,1617,outputs/segregated_results/open-source-lora/correctness/qwen25_coder_1_5b_instruct_lora_multilang_P1_few_shot_javascript_400_v1_correctness_summary.json
863,67b5bccec1faa3b48c1e92d00f47a2a24569b34b2a7316e118c3977383eaedf3,2,1283,outputs/correctness/qwen25_coder_1_5b_instruct_P1_one_shot_python_200_t05_p09_k50_v1_correctness.json_summary.json
863,67b5bccec1faa3b48c1e92d00f47a2a24569b34b2a7316e118c3977383eaedf3,2,1283,outputs/segregated_results/open-source-base/correctness/qwen25_coder_1_5b_instruct_P1_one_shot_python_200_t05_p09_k50_v1_correctness.json_summary.json
864,681c51dd3f20b642598231bf35c21b65eb2bd81a87877ec7915f5d4e975939fe,2,1351,outputs/evaluation-and-correctness-may2026/open-source-fine-tuned/gemma_2_2b_it_lora_multilang/gemma_2_2b_it_lora_multilang_P1_few_shot_java_400_v1_code_grounded_summary.json
864,681c51dd3f20b642598231bf35c21b65eb2bd81a87877ec7915f5d4e975939fe,2,1351,outputs/segregated_results/open-source-lora/_long_paths/0feca74d7094_gemma_2_2b_it_lora_multilang_P1_few_shot_java_400_v1_code_grounded_summary.json
865,68411ec50cb15de89c537830097d1d4187d3e71a539a06c7afacb4de2a74b03c,2,1048,outputs/evaluations/qwen25_coder_1_5b_instruct_P1_one_shot_python_300_v1_summary.json
865,68411ec50cb15de89c537830097d1d4187d3e71a539a06c7afacb4de2a74b03c,2,1048,outputs/segregated_results/open-source-base/eval/qwen25_coder_1_5b_instruct_P1_one_shot_python_300_v1_summary.json
866,684144caae159e29877b7cfdd20247aaaaa0f8c22698427631be517c61f321c3,2,1107,outputs/evaluations/qwen25_coder_1_5b_instruct_P1_zero_shot_python_200_v1_eval.json_summary.json
866,684144caae159e29877b7cfdd20247aaaaa0f8c22698427631be517c61f321c3,2,1107,outputs/segregated_results/open-source-base/eval/qwen25_coder_1_5b_instruct_P1_zero_shot_python_200_v1_eval.json_summary.json
867,68b66b59ba790a7eb7548ce530439fbd40e71dc711cc592f96bc55a677231df8,2,644,outputs/responses/gpt_5_3_codex_P1_zero_shot_python_10_smoke_v2/state.json
867,68b66b59ba790a7eb7548ce530439fbd40e71dc711cc592f96bc55a677231df8,2,644,outputs/segregated_results/commercial-base/responses/gpt_5_3_codex_P1_zero_shot_python_10_smoke_v2/state.json
868,692ccf6a116fc2727b206f0eb6d64bf17b1606ab07e1a656d136c27d884e79fd,2,730699,outputs/evaluation-and-correctness-may2026/open-source/qwen25_coder_1_5b_instruct_P1_zero_shot_balanced_3000_ZS_detailed.jsonl
868,692ccf6a116fc2727b206f0eb6d64bf17b1606ab07e1a656d136c27d884e79fd,2,730699,outputs/segregated_results/open-source-base/may2026/open-source/qwen25_coder_1_5b_instruct_P1_zero_shot_balanced_3000_ZS_detailed.jsonl
869,69432bd46e0d3fbd1b6ca7b68b540d16b28ce4a56c7da2ee9d9159b19192d799,2,324161,outputs/evaluation-and-correctness-may2026/open-source/qwen25_1_5b_instruct_P1_few_shot_javascript_400_v1_detailed.jsonl
869,69432bd46e0d3fbd1b6ca7b68b540d16b28ce4a56c7da2ee9d9159b19192d799,2,324161,outputs/segregated_results/open-source-base/may2026/open-source/qwen25_1_5b_instruct_P1_few_shot_javascript_400_v1_detailed.jsonl
870,6951743e87ede193ee02ea8a0a9ded3634338ea061ec8545999ae3623e3d80f8,2,1139,outputs/evaluation_And_corrctness_may2026_1/decoding_sensitivity/qwen25_coder_1_5b_instruct_P1_zero_shot_python_400_t05_p09_k50_v1_summary.json
870,6951743e87ede193ee02ea8a0a9ded3634338ea061ec8545999ae3623e3d80f8,2,1139,outputs/segregated_results/open-source-base/may2026_legacy/decoding_sensitivity/qwen25_coder_1_5b_instruct_P1_zero_shot_python_400_t05_p09_k50_v1_summary.json
871,697df158d19843f37730a5d2d8bc4fd137c81e586850ee1908aad498c6a05243,2,1289,outputs/evaluation-and-correctness-may2026/open-source/qwen25_coder_1_5b_instruct_P1_one_shot_python_400_v1_code_grounded_summary.json
871,697df158d19843f37730a5d2d8bc4fd137c81e586850ee1908aad498c6a05243,2,1289,outputs/segregated_results/open-source-base/may2026/open-source/qwen25_coder_1_5b_instruct_P1_one_shot_python_400_v1_code_grounded_summary.json
872,69c264c5b26d70a2252f0720fc1a25c9be1b332d2106d63fa65071d12628c78e,2,184178,outputs/evaluations/qwen25_coder_1_5b_instruct_P1_one_shot_python_200_t07_p095_k50_v1_eval.json_detailed.jsonl
872,69c264c5b26d70a2252f0720fc1a25c9be1b332d2106d63fa65071d12628c78e,2,184178,outputs/segregated_results/open-source-base/eval/qwen25_coder_1_5b_instruct_P1_one_shot_python_200_t07_p095_k50_v1_eval.json_detailed.jsonl
873,69f92c7e7beb5a859f1c509b291168cbea49e9d1128ca45d342b83abdc81ad4d,2,181257,outputs/evaluation-and-correctness-may2026/open-source/qwen25_coder_1_5b_instruct_P1_one_shot_python_200_t05_p09_k50_v1_detailed.jsonl
873,69f92c7e7beb5a859f1c509b291168cbea49e9d1128ca45d342b83abdc81ad4d,2,181257,outputs/segregated_results/open-source-base/may2026/open-source/qwen25_coder_1_5b_instruct_P1_one_shot_python_200_t05_p09_k50_v1_detailed.jsonl
874,6a1d3493ed46082710c18ba6b6f89e4422a646e3ac67ef5c4698d140b0353f8c,2,1298,outputs/correctness/gpt_5_1_codex_P1_zero_shot_javascript_400_v1_correctness.json_summary.json
874,6a1d3493ed46082710c18ba6b6f89e4422a646e3ac67ef5c4698d140b0353f8c,2,1298,outputs/segregated_results/commercial-base/correctness/gpt_5_1_codex_P1_zero_shot_javascript_400_v1_correctness.json_summary.json
875,6a275636f0127c924bf62da9fa9532bf6aeb8e1d26fee4724a9c1208d15cdc2e,2,160717,outputs/evaluation-and-correctness-may2026/final-results-tables-and-plots/plots/family_language_prompt/java_parameter_coverage_by_family_prompt.png
875,6a275636f0127c924bf62da9fa9532bf6aeb8e1d26fee4724a9c1208d15cdc2e,2,160717,outputs/segregated_results/shared-aggregate/may2026/final-results-tables-and-plots/plots/family_language_prompt/java_parameter_coverage_by_family_prompt.png
876,6a868f3c67d5d7dd71905ac8137fdb5be4ed66f9b4f42d0322694056cec32653,2,331822,outputs/evaluations/deepseek_chat_P1_few_shot_javascript_400_v1_eval.json_detailed.jsonl
876,6a868f3c67d5d7dd71905ac8137fdb5be4ed66f9b4f42d0322694056cec32653,2,331822,outputs/segregated_results/commercial-base/eval/deepseek_chat_P1_few_shot_javascript_400_v1_eval.json_detailed.jsonl
877,6ada758756cf82fa1b08939abcad9f57a9f46ae5af15d31f3f864936b9cca52d,2,391344,outputs/evaluation-and-correctness-may2026/final-results-tables-and-plots/plots/tradeoff_plots/python_coverage_vs_bertscore.png
877,6ada758756cf82fa1b08939abcad9f57a9f46ae5af15d31f3f864936b9cca52d,2,391344,outputs/segregated_results/shared-aggregate/may2026/final-results-tables-and-plots/plots/tradeoff_plots/python_coverage_vs_bertscore.png
878,6b61eb4fcd59092784744774de666b212dc87d6acad67e46a4beeca731aff568,2,38841,outputs/final_results/automatic_metrics/all_evaluation_summaries_clean.csv
878,6b61eb4fcd59092784744774de666b212dc87d6acad67e46a4beeca731aff568,2,38841,outputs/segregated_results/shared-aggregate/eval/all_evaluation_summaries_clean.csv
879,6b8239579e83478cd2863fd5851fbc380e1bb20e3ac35c265edd0ab58f997387,2,121065,outputs/evaluation-and-correctness-may2026/final-results-tables-and-plots/plots/model_language_structural/gpt-5.1-codex_java_structural.png
879,6b8239579e83478cd2863fd5851fbc380e1bb20e3ac35c265edd0ab58f997387,2,121065,outputs/segregated_results/commercial-base/may2026/final-results-tables-and-plots/plots/model_language_structural/gpt-5.1-codex_java_structural.png
880,6b8f393aa42a6ff0df997ee027e7556b07dd9526c6e06c99550584c03c750b9b,2,338019,outputs/correctness/qwen25_coder_1_5b_instruct_lora_multilang_P1_few_shot_java_400_v1_correctness_detailed.jsonl
880,6b8f393aa42a6ff0df997ee027e7556b07dd9526c6e06c99550584c03c750b9b,2,338019,outputs/segregated_results/open-source-lora/correctness/qwen25_coder_1_5b_instruct_lora_multilang_P1_few_shot_java_400_v1_correctness_detailed.jsonl
881,6c0026befda6f3f5a78e223905eb90acb561daa902478e00ba4e1b2b50994c62,2,168654,outputs/evaluation_And_corrctness_may2026_1/decoding_sensitivity/plots/publication_highlighted/parameter_coverage_highlighted.png
881,6c0026befda6f3f5a78e223905eb90acb561daa902478e00ba4e1b2b50994c62,2,168654,outputs/segregated_results/shared-aggregate/may2026_legacy/decoding_sensitivity/plots/publication_highlighted/parameter_coverage_highlighted.png
882,6c3cd6c4d37da4d00b9cd087ff859fdc0b355bf5f90cae88cffdc7e3424d1cd0,2,334400,outputs/correctness/qwen25_1_5b_instruct_lora_multilang_P1_few_shot_javascript_400_v1_correctness_detailed.jsonl
882,6c3cd6c4d37da4d00b9cd087ff859fdc0b355bf5f90cae88cffdc7e3424d1cd0,2,334400,outputs/segregated_results/open-source-lora/correctness/qwen25_1_5b_instruct_lora_multilang_P1_few_shot_javascript_400_v1_correctness_detailed.jsonl
883,6c90d63332f3ac351694dd11dc2a94819759df679fd890ab1ac0a4147b9de994,2,1387,outputs/raw_generations/commercial_old/codex_cli_test3.jsonl
883,6c90d63332f3ac351694dd11dc2a94819759df679fd890ab1ac0a4147b9de994,2,1387,outputs/segregated_results/commercial-base/raw/commercial_old/codex_cli_test3.jsonl
884,6ce3e849fc580cc61e787866911ca4121a6240081abbdb8fca82e632036a9df9,2,728,outputs/batches/gpt_5_4_P1_one_shot_java_400_v1/state.json
884,6ce3e849fc580cc61e787866911ca4121a6240081abbdb8fca82e632036a9df9,2,728,outputs/segregated_results/commercial-base/batches/gpt_5_4_P1_one_shot_java_400_v1/state.json
885,6ce9ea510ac9d85092eef277a06163f82a10c70d728150af30f79be7c276cced,2,645679,outputs/batches/gpt_5_1_P1_one_shot_javascript_400_v1/batch_output.jsonl
885,6ce9ea510ac9d85092eef277a06163f82a10c70d728150af30f79be7c276cced,2,645679,outputs/segregated_results/commercial-base/batches/gpt_5_1_P1_one_shot_javascript_400_v1/batch_output.jsonl
886,6cf388edd8e485eaf9e98c0ae6d72bb56a6cad621d506d674b4d68e515cd61ca,2,682425,outputs/responses/gpt_5_1_codex_P1_zero_shot_python_400_v1/raw_responses.jsonl
886,6cf388edd8e485eaf9e98c0ae6d72bb56a6cad621d506d674b4d68e515cd61ca,2,682425,outputs/segregated_results/commercial-base/responses/gpt_5_1_codex_P1_zero_shot_python_400_v1/raw_responses.jsonl
887,6cfd12868a377d3dbf7fee026afec72e779babee6549c56bced179bf262d402c,2,26909,outputs/evaluation_And_corrctness_may2026_1/saturation_experiment/saturation_results_combined.json
887,6cfd12868a377d3dbf7fee026afec72e779babee6549c56bced179bf262d402c,2,26909,outputs/segregated_results/shared-aggregate/may2026_legacy/saturation_experiment/saturation_results_combined.json
888,6d8c858c86e8bced64da6fc65ab5f92c8600d05032f484cc20819f815ff1bbb2,2,1246,outputs/correctness/gpt_5_1_P1_zero_shot_python_400_v2_correctness.json_summary.json
888,6d8c858c86e8bced64da6fc65ab5f92c8600d05032f484cc20819f815ff1bbb2,2,1246,outputs/segregated_results/commercial-base/correctness/gpt_5_1_P1_zero_shot_python_400_v2_correctness.json_summary.json
889,6da5c7930a65e23f7de0e770c13788dbade54f5c5cb8a979d170cc59587742e7,2,1262,outputs/evaluation-and-correctness-may2026/open-source/codegemma_2b_P1_few_shot_python_400_v1_code_grounded_summary.json
889,6da5c7930a65e23f7de0e770c13788dbade54f5c5cb8a979d170cc59587742e7,2,1262,outputs/segregated_results/open-source-base/may2026/open-source/codegemma_2b_P1_few_shot_python_400_v1_code_grounded_summary.json
890,6dcb5a4791531a97d85454402e67b2eedd616f9445b2e626d1ade5b444ec5868,2,136430,outputs/evaluation_And_corrctness_may2026_1/saturation_experiment/saturation_publication_fixed_axis/saturation_rouge1_f1_fixed_axis.png
890,6dcb5a4791531a97d85454402e67b2eedd616f9445b2e626d1ade5b444ec5868,2,136430,outputs/segregated_results/shared-aggregate/may2026_legacy/saturation_experiment/saturation_publication_fixed_axis/saturation_rouge1_f1_fixed_axis.png
891,6e36e9f9f3f5702c496290e60570ab55dd8873f58e66a201bfabab4b4c002d50,2,1933,outputs/evaluations/qwen25_coder_1_5b_instruct_P1_zero_shot_balanced_300_ZS_summary.json
891,6e36e9f9f3f5702c496290e60570ab55dd8873f58e66a201bfabab4b4c002d50,2,1933,outputs/segregated_results/open-source-base/eval/qwen25_coder_1_5b_instruct_P1_zero_shot_balanced_300_ZS_summary.json
892,6e73c68b3a0a001b604de2508cb2723462e20f3a306e4cdcce04f8b6c560f490,2,409777,outputs/evaluations/qwen25_coder_1_5b_instruct_P1_few_shot_java_400_v1_eval.json_detailed.jsonl
892,6e73c68b3a0a001b604de2508cb2723462e20f3a306e4cdcce04f8b6c560f490,2,409777,outputs/segregated_results/open-source-base/eval/qwen25_coder_1_5b_instruct_P1_few_shot_java_400_v1_eval.json_detailed.jsonl
893,6ed1e662b5feeeee658f68ae00aa1c1c44a43e79c386d78553f3dedd469243bb,2,345590,outputs/evaluations/qwen25_1_5b_instruct_lora_multilang_P1_few_shot_javascript_400_v1_eval.json_detailed.jsonl
893,6ed1e662b5feeeee658f68ae00aa1c1c44a43e79c386d78553f3dedd469243bb,2,345590,outputs/segregated_results/open-source-lora/eval/qwen25_1_5b_instruct_lora_multilang_P1_few_shot_javascript_400_v1_eval.json_detailed.jsonl
894,6eea779eec57f01076e8a7e86a5cb2d0faeb409b671c4171a8d079b835e0f6cb,2,1274,outputs/correctness/gemma_2_2b_it_P1_one_shot_java_400_v1_correctness.json_summary.json
894,6eea779eec57f01076e8a7e86a5cb2d0faeb409b671c4171a8d079b835e0f6cb,2,1274,outputs/segregated_results/open-source-base/correctness/gemma_2_2b_it_P1_one_shot_java_400_v1_correctness.json_summary.json
895,6f36ef28c6a76abed5b000ecd51c165b1ba4505204af5d8cc3e83a5ef27cb5d9,2,1069,outputs/evaluations/qwen25_coder_1_5b_instruct_P1_zero_shot_python_2000_ZS_v3_eval.json_summary.json
895,6f36ef28c6a76abed5b000ecd51c165b1ba4505204af5d8cc3e83a5ef27cb5d9,2,1069,outputs/segregated_results/open-source-base/eval/qwen25_coder_1_5b_instruct_P1_zero_shot_python_2000_ZS_v3_eval.json_summary.json
896,6f8a65b60e962ba81bb5f8e29f0dc0d473d8b7dc491973beee65ca43cdbe1993,2,8203,outputs/evaluation-and-correctness-may2026/open-source-fine-tuned/gemma_2_2b_it_lora_multilang/gemma_2_2b_it_lora_smoke_test_detailed.jsonl
896,6f8a65b60e962ba81bb5f8e29f0dc0d473d8b7dc491973beee65ca43cdbe1993,2,8203,outputs/segregated_results/open-source-lora/may2026/open-source-fine-tuned/gemma_2_2b_it_lora_multilang/gemma_2_2b_it_lora_smoke_test_detailed.jsonl
897,6fabe27b685091b77e6dd6e6921ab625ea9f5551184124f91f10ca658745e3f6,2,1194,outputs/evaluation-and-correctness-may2026/open-source-fine-tuned/qwen25_coder_1_5b_lora_multilang/qwen25_coder_1_5b_instruct_lora_multilang_P1_few_shot_python_400_v1_summary.json
897,6fabe27b685091b77e6dd6e6921ab625ea9f5551184124f91f10ca658745e3f6,2,1194,outputs/segregated_results/open-source-lora/_long_paths/4bf3ff8b1b15_qwen25_coder_1_5b_instruct_lora_multilang_P1_few_shot_python_400_v1_summary.json
898,6fff10b78c5c421d42fbdfb9e61eee7724bf6b70bd839ccb4351b038237eda8b,2,2492,outputs/raw_generations/commercial_old/gemini25flash_P1_zero_shot_python_50_v1.jsonl
898,6fff10b78c5c421d42fbdfb9e61eee7724bf6b70bd839ccb4351b038237eda8b,2,2492,outputs/segregated_results/commercial-base/raw/commercial_old/gemini25flash_P1_zero_shot_python_50_v1.jsonl
899,70117cd7e388edfd148273b6a5b48f8f389993a1bea8176f66322c6349c47825,2,1116,outputs/evaluations/qwen25_coder_1_5b_instruct_P1_zero_shot_python_500_ZS_v3_eval.json_summary.json
899,70117cd7e388edfd148273b6a5b48f8f389993a1bea8176f66322c6349c47825,2,1116,outputs/segregated_results/open-source-base/eval/qwen25_coder_1_5b_instruct_P1_zero_shot_python_500_ZS_v3_eval.json_summary.json
900,705ad59a16959d9d90062c03c76fa0125c8fa1f937c9005adad31d92db21f30a,2,414502,outputs/evaluation_And_corrctness_may2026_1/decoding_sensitivity/qwen25_coder_1_5b_instruct_P1_zero_shot_python_400_greedy_v1_detailed.jsonl
900,705ad59a16959d9d90062c03c76fa0125c8fa1f937c9005adad31d92db21f30a,2,414502,outputs/segregated_results/open-source-base/may2026_legacy/decoding_sensitivity/qwen25_coder_1_5b_instruct_P1_zero_shot_python_400_greedy_v1_detailed.jsonl
901,70bc4267f1c3c85241e041995e16e211dd2d18a729cae36d854d2551cbfb5ffc,2,628275,outputs/batches/gpt_5_1_P1_zero_shot_java_400_v1/batch_output.jsonl
901,70bc4267f1c3c85241e041995e16e211dd2d18a729cae36d854d2551cbfb5ffc,2,628275,outputs/segregated_results/commercial-base/batches/gpt_5_1_P1_zero_shot_java_400_v1/batch_output.jsonl
902,714593e14c4e57dcfedeadac17466c2421ed1b1377d6f2c9959634c7822f4c58,2,640,outputs/responses/gpt_5_3_codex_P1_zero_shot_java_400_v1/state.json
902,714593e14c4e57dcfedeadac17466c2421ed1b1377d6f2c9959634c7822f4c58,2,640,outputs/segregated_results/commercial-base/responses/gpt_5_3_codex_P1_zero_shot_java_400_v1/state.json
903,717a294d250dce3e086624ce0f09a717a65c79e0863f68842ee3b2cefcffdc9f,2,1108,outputs/evaluation-and-correctness-may2026/open-source/codegemma_2b_P1_zero_shot_javascript_400_v1_summary.json
903,717a294d250dce3e086624ce0f09a717a65c79e0863f68842ee3b2cefcffdc9f,2,1108,outputs/segregated_results/open-source-base/may2026/open-source/codegemma_2b_P1_zero_shot_javascript_400_v1_summary.json
904,72507278b9099930be6db597d940d6a912bf697e1111d2270817932e620f60ce,2,519976,outputs/correctness/qwen25_coder_1_5b_instruct_P1_one_shot_python_600_v1_correctness.json_detailed.jsonl
904,72507278b9099930be6db597d940d6a912bf697e1111d2270817932e620f60ce,2,519976,outputs/segregated_results/open-source-base/correctness/qwen25_coder_1_5b_instruct_P1_one_shot_python_600_v1_correctness.json_detailed.jsonl
905,72698cc46b05daef986b890a30bb1d5031beb54143c2616059f402d00b8fbe0b,2,1087,outputs/evaluations/qwen25_coder_1_5b_instruct_test5_t02_p09_k50_v1_eval.json_summary.json
905,72698cc46b05daef986b890a30bb1d5031beb54143c2616059f402d00b8fbe0b,2,1087,outputs/segregated_results/open-source-base/eval/qwen25_coder_1_5b_instruct_test5_t02_p09_k50_v1_eval.json_summary.json
906,72faf1ede475abbe51defd222acb73ce7f45c4849933a5498d3c09bbdef15a81,2,645,outputs/responses/gpt_5_1_codex_P1_zero_shot_python_10_smoke_v1/state.json
906,72faf1ede475abbe51defd222acb73ce7f45c4849933a5498d3c09bbdef15a81,2,645,outputs/segregated_results/commercial-base/responses/gpt_5_1_codex_P1_zero_shot_python_10_smoke_v1/state.json
907,73340efbb43270cf5becfdc42eb02c471d62fd1e9cbcb93fca9a54bd3c043cb7,2,1121,outputs/evaluation_And_corrctness_may2026_1/saturation_experiment/qwen25_coder_1_5b_instruct_P1_zero_shot_python_400_v1_summary.json
907,73340efbb43270cf5becfdc42eb02c471d62fd1e9cbcb93fca9a54bd3c043cb7,2,1121,outputs/segregated_results/open-source-base/may2026_legacy/saturation_experiment/qwen25_coder_1_5b_instruct_P1_zero_shot_python_400_v1_summary.json
908,7391238b65d98cca827a4f5e8be9845b7bfe4e4f57de20b91c0bf60a87a1313e,2,682446,outputs/responses/gpt_5_1_codex_P1_zero_shot_java_400_v1/raw_responses.jsonl
908,7391238b65d98cca827a4f5e8be9845b7bfe4e4f57de20b91c0bf60a87a1313e,2,682446,outputs/segregated_results/commercial-base/responses/gpt_5_1_codex_P1_zero_shot_java_400_v1/raw_responses.jsonl
909,73d7564c456f710dd9a0186cb41ba5cec9dd34c71e67c83feefe4e0f14d64d40,2,120456,outputs/evaluation_And_corrctness_may2026_1/decoding_sensitivity/plots/publication_bar_plots/decoding_sensitivity_rougeL_bar.png
909,73d7564c456f710dd9a0186cb41ba5cec9dd34c71e67c83feefe4e0f14d64d40,2,120456,outputs/segregated_results/shared-aggregate/may2026_legacy/decoding_sensitivity/plots/publication_bar_plots/decoding_sensitivity_rougeL_bar.png
910,7424aa23902a1a4517af46aa146f33da10a786c9a9503ee11066e3c2905ae543,2,1131,outputs/evaluation_And_corrctness_may2026_1/saturation_experiment/qwen25_coder_1_5b_instruct_P1_zero_shot_python_800_v1_summary.json
910,7424aa23902a1a4517af46aa146f33da10a786c9a9503ee11066e3c2905ae543,2,1131,outputs/segregated_results/open-source-base/may2026_legacy/saturation_experiment/qwen25_coder_1_5b_instruct_P1_zero_shot_python_800_v1_summary.json
911,742bfa13ee0bf30315f5a966a6e66610c54610d73247cac6a17071255f418c9c,2,1113,outputs/evaluations/gemini_3_flash_preview_P1_one_shot_python_400_smoke_eval.json_summary.json
911,742bfa13ee0bf30315f5a966a6e66610c54610d73247cac6a17071255f418c9c,2,1113,outputs/segregated_results/commercial-base/eval/gemini_3_flash_preview_P1_one_shot_python_400_smoke_eval.json_summary.json
912,74ac0e564536e363ba4e9916e38731e465961e9c7fbc56b7e47915edc554fc9a,2,386135,outputs/evaluations/qwen25_coder_1_5b_instruct_P1_zero_shot_balanced_300_ZS_detailed.jsonl
912,74ac0e564536e363ba4e9916e38731e465961e9c7fbc56b7e47915edc554fc9a,2,386135,outputs/segregated_results/open-source-base/eval/qwen25_coder_1_5b_instruct_P1_zero_shot_balanced_300_ZS_detailed.jsonl
913,752daa52b533ca7a8fe44b6501cacc86a188c5ceef37374473b325f30b0e8cff,2,325855,outputs/evaluation-and-correctness-may2026/open-source/qwen25_coder_1_5b_instruct_P1_one_shot_javascript_400_v3_repaired_detailed.jsonl
913,752daa52b533ca7a8fe44b6501cacc86a188c5ceef37374473b325f30b0e8cff,2,325855,outputs/segregated_results/open-source-base/may2026/open-source/qwen25_coder_1_5b_instruct_P1_one_shot_javascript_400_v3_repaired_detailed.jsonl
914,75499c6ead80038f60c1277e59bd3e0765be85bc847c5fd33f0967e495cc5bd2,2,128201,outputs/evaluation-and-correctness-may2026/final-results-tables-and-plots/plots/model_language_structural/gpt-5.1-codex_python_structural.png
914,75499c6ead80038f60c1277e59bd3e0765be85bc847c5fd33f0967e495cc5bd2,2,128201,outputs/segregated_results/commercial-base/may2026/final-results-tables-and-plots/plots/model_language_structural/gpt-5.1-codex_python_structural.png
915,7594322fc2186c6d5a30c9eb3833ef19c853809857a0c4f6437414caacaad063,2,274611,outputs/evaluations/qwen25_coder_1_5b_instruct_P1_few_shot_python_300_v1_eval.json_detailed.jsonl
915,7594322fc2186c6d5a30c9eb3833ef19c853809857a0c4f6437414caacaad063,2,274611,outputs/segregated_results/open-source-base/eval/qwen25_coder_1_5b_instruct_P1_few_shot_python_300_v1_eval.json_detailed.jsonl
916,75b125ab3cd7ebb78a1969a7446bc1944f00cc38c19a2c85f724710270b047e1,2,1190,outputs/evaluation-and-correctness-may2026/open-source-fine-tuned/qwen25_coder_1_5b_lora_multilang/qwen25_coder_1_5b_instruct_lora_multilang_P1_one_shot_java_400_v1_summary.json
916,75b125ab3cd7ebb78a1969a7446bc1944f00cc38c19a2c85f724710270b047e1,2,1190,outputs/segregated_results/open-source-lora/_long_paths/484a82a3a6e0_qwen25_coder_1_5b_instruct_lora_multilang_P1_one_shot_java_400_v1_summary.json
917,75cfc1598d43fbcf8c8ee75df28f91dc6e0c0354d488f02f08e9bc87a568f26f,2,379439,outputs/evaluation-and-correctness-may2026/final-results-tables-and-plots/plots/tradeoff_plots/javascript_coverage_vs_bertscore.png
917,75cfc1598d43fbcf8c8ee75df28f91dc6e0c0354d488f02f08e9bc87a568f26f,2,379439,outputs/segregated_results/shared-aggregate/may2026/final-results-tables-and-plots/plots/tradeoff_plots/javascript_coverage_vs_bertscore.png
918,75f059773c47ed282f87c374eda931d10e27422bea7e922bd04d9e4eee681446,2,1115,outputs/evaluations/qwen25_coder_1_5b_instruct_P1_one_shot_python_200_greedy_v1_eval.json_summary.json
918,75f059773c47ed282f87c374eda931d10e27422bea7e922bd04d9e4eee681446,2,1115,outputs/segregated_results/open-source-base/eval/qwen25_coder_1_5b_instruct_P1_one_shot_python_200_greedy_v1_eval.json_summary.json
919,75f6ad3696f0c3daafeffc3e48f103f9d9649a76d9d217ba1cbb339e1c5a75d3,2,333876,outputs/evaluations/deepseek_chat_P1_zero_shot_java_400_v1_eval.json_detailed.jsonl
919,75f6ad3696f0c3daafeffc3e48f103f9d9649a76d9d217ba1cbb339e1c5a75d3,2,333876,outputs/segregated_results/commercial-base/eval/deepseek_chat_P1_zero_shot_java_400_v1_eval.json_detailed.jsonl
920,763dfec769551e80a9b79dcdb0ce052a1d78e8d2eb283723f8345015b83df3cc,2,1272,outputs/correctness/gpt_5_1_codex_P1_zero_shot_java_400_v1_correctness.json_summary.json
920,763dfec769551e80a9b79dcdb0ce052a1d78e8d2eb283723f8345015b83df3cc,2,1272,outputs/segregated_results/commercial-base/correctness/gpt_5_1_codex_P1_zero_shot_java_400_v1_correctness.json_summary.json
921,77185f7eb3a69c72f4ea0725962f3a52d0d89dd4d502485e958038d35bc0851e,2,1314,outputs/evaluations/qwen25_1_5b_instruct_lora_multilang_P1_one_shot_javascript_400_v1_eval.json_summary.json
921,77185f7eb3a69c72f4ea0725962f3a52d0d89dd4d502485e958038d35bc0851e,2,1314,outputs/segregated_results/open-source-lora/eval/qwen25_1_5b_instruct_lora_multilang_P1_one_shot_javascript_400_v1_eval.json_summary.json
922,77263b03ca67f6111dc19e933a88bb6e64072093c991c0e92d646f0a68b2a2ea,2,224269,outputs/raw_generations/open-source-fine-tuned/gemma_2_2b_it_lora_multilang/gemma_2_2b_it_lora_multilang_P1_one_shot_python_400_v1.jsonl
922,77263b03ca67f6111dc19e933a88bb6e64072093c991c0e92d646f0a68b2a2ea,2,224269,outputs/segregated_results/open-source-lora/raw/open-source-fine-tuned/gemma_2_2b_it_lora_multilang/gemma_2_2b_it_lora_multilang_P1_one_shot_python_400_v1.jsonl
923,77a4a4acbd82782f0d9682f256cdde04487d836fdefb4ff3fda20cd1d980b112,2,1156,outputs/evaluations/qwen25_coder_1_5b_instruct_P1_few_shot_python_200_part2_v1_eval.json_summary.json
923,77a4a4acbd82782f0d9682f256cdde04487d836fdefb4ff3fda20cd1d980b112,2,1156,outputs/segregated_results/open-source-base/eval/qwen25_coder_1_5b_instruct_P1_few_shot_python_200_part2_v1_eval.json_summary.json
924,77f8b32b5e7a4af7cda88151d2d28d2edbff1225cd42634b6f09193ad8adb5fa,2,30537,outputs/evaluations/qwen25_1_5b_instruct_P2_structured_20_detailed.jsonl
924,77f8b32b5e7a4af7cda88151d2d28d2edbff1225cd42634b6f09193ad8adb5fa,2,30537,outputs/segregated_results/open-source-base/eval/qwen25_1_5b_instruct_P2_structured_20_detailed.jsonl
925,7943df1dd98288acd5a3b6396b92dbe8eecec0126b2690b11312083e11fe9bbc,2,178435,outputs/evaluations/qwen25_coder_1_5b_instruct_P1_one_shot_python_200_t07_p095_k50_v1_detailed.jsonl
925,7943df1dd98288acd5a3b6396b92dbe8eecec0126b2690b11312083e11fe9bbc,2,178435,outputs/segregated_results/open-source-base/eval/qwen25_coder_1_5b_instruct_P1_one_shot_python_200_t07_p095_k50_v1_detailed.jsonl
926,7968b1001183f40ddae91ccf9e031c644c83346905efc687170a21049a155493,2,334979,outputs/evaluations/codegemma_2b_P1_one_shot_python_400_v1_eval.json_detailed.jsonl
926,7968b1001183f40ddae91ccf9e031c644c83346905efc687170a21049a155493,2,334979,outputs/segregated_results/open-source-base/eval/codegemma_2b_P1_one_shot_python_400_v1_eval.json_detailed.jsonl
927,7974e224b564076570cf614e02fa84e7f173880157ccdd32525a3d95c42ff5f4,2,1585,outputs/correctness/gemma_2_2b_it_lora_multilang_P1_few_shot_javascript_400_v1_correctness_summary.json
927,7974e224b564076570cf614e02fa84e7f173880157ccdd32525a3d95c42ff5f4,2,1585,outputs/segregated_results/open-source-lora/correctness/gemma_2_2b_it_lora_multilang_P1_few_shot_javascript_400_v1_correctness_summary.json
928,79c362933e09573a081af1bb73483c4c076e4557ee678b9cc974955d842fd1ae,2,314198,outputs/evaluation-and-correctness-may2026/open-source/gemma_2_2b_it_P1_one_shot_javascript_400_v1_detailed.jsonl
928,79c362933e09573a081af1bb73483c4c076e4557ee678b9cc974955d842fd1ae,2,314198,outputs/segregated_results/open-source-base/may2026/open-source/gemma_2_2b_it_P1_one_shot_javascript_400_v1_detailed.jsonl
929,79f3808b78a7c86783d3f43e587a717454093c2bb4a29ab829c7b15ad823552e,2,155896,outputs/evaluation-and-correctness-may2026/final-results-tables-and-plots/plots/model_language_structural/google_gemma-2-2b-it_python_structural.png
929,79f3808b78a7c86783d3f43e587a717454093c2bb4a29ab829c7b15ad823552e,2,155896,outputs/segregated_results/open-source-base/may2026/final-results-tables-and-plots/plots/model_language_structural/google_gemma-2-2b-it_python_structural.png
930,7a05acc76f39c4989e020c56699d1aa16241506dd61f751d4af1478456f1c006,2,222196,outputs/evaluation-and-correctness-may2026/final-results-tables-and-plots/plots/per_language_prompt_trends/bertscore/java_bertscore_prompt_trend.png
930,7a05acc76f39c4989e020c56699d1aa16241506dd61f751d4af1478456f1c006,2,222196,outputs/segregated_results/shared-aggregate/may2026/final-results-tables-and-plots/plots/per_language_prompt_trends/bertscore/java_bertscore_prompt_trend.png
931,7a080881482dd6babb04ba8450b4344b11b9b348533c17ef74763b020e54c79b,2,11800,outputs/correctness/codegemma_2b_P1_zero_shot_20_correctness.json_detailed.jsonl
931,7a080881482dd6babb04ba8450b4344b11b9b348533c17ef74763b020e54c79b,2,11800,outputs/segregated_results/open-source-base/correctness/codegemma_2b_P1_zero_shot_20_correctness.json_detailed.jsonl
932,7a30cc2d0e5210d7f10336a4bda7f83008366948a641f4a557b8f9d5fa460d1d,2,765,outputs/batches/gpt_5_1_P1_zero_shot_javascript_400_v1/state.json
932,7a30cc2d0e5210d7f10336a4bda7f83008366948a641f4a557b8f9d5fa460d1d,2,765,outputs/segregated_results/commercial-base/batches/gpt_5_1_P1_zero_shot_javascript_400_v1/state.json
933,7a415b56211bc968082cd237e05081a559fb526cfe7d317911921988ee55a751,2,1098,outputs/evaluation-and-correctness-may2026/open-source/gemma_2_2b_it_P1_zero_shot_python_400_v2_summary.json
933,7a415b56211bc968082cd237e05081a559fb526cfe7d317911921988ee55a751,2,1098,outputs/segregated_results/open-source-base/may2026/open-source/gemma_2_2b_it_P1_zero_shot_python_400_v2_summary.json
934,7a8a3f20d2a4f866fd1296af91f3405ae6ec4aac3543bd33578dc3c0dcff34ca,2,1313,outputs/evaluation-and-correctness-may2026/open-source/gemma_2_2b_it_P1_zero_shot_javascript_400_v2_code_grounded_summary.json
934,7a8a3f20d2a4f866fd1296af91f3405ae6ec4aac3543bd33578dc3c0dcff34ca,2,1313,outputs/segregated_results/open-source-base/may2026/open-source/gemma_2_2b_it_P1_zero_shot_javascript_400_v2_code_grounded_summary.json
935,7ab3bf6e3c7cec46dc46f00f34fce9777781d258e7b9740bb089f157f057d533,2,1115,outputs/evaluations/qwen25_coder_1_5b_instruct_P1_zero_shot_java_400_v1_eval.json_summary.json
935,7ab3bf6e3c7cec46dc46f00f34fce9777781d258e7b9740bb089f157f057d533,2,1115,outputs/segregated_results/open-source-base/eval/qwen25_coder_1_5b_instruct_P1_zero_shot_java_400_v1_eval.json_summary.json
936,7ad8fc1ad5ebf771ad092e4db834a61d2ba8dc1aad1dfc1f138cbb5a76defb57,2,2160,outputs/evaluation-and-correctness-may2026/open-source/qwen25_coder_1_5b_instruct_P1_zero_shot_balanced_3000_ZS_summary.json
936,7ad8fc1ad5ebf771ad092e4db834a61d2ba8dc1aad1dfc1f138cbb5a76defb57,2,2160,outputs/segregated_results/open-source-base/may2026/open-source/qwen25_coder_1_5b_instruct_P1_zero_shot_balanced_3000_ZS_summary.json
937,7aed408c7186bbdfa4f9036b6b220949c3574627ac4c91d3d596a6921fa7ee95,2,1095,outputs/evaluations/qwen25_1_5b_instruct_P1_zero_shot_100_eval.json_summary.json
937,7aed408c7186bbdfa4f9036b6b220949c3574627ac4c91d3d596a6921fa7ee95,2,1095,outputs/segregated_results/open-source-base/eval/qwen25_1_5b_instruct_P1_zero_shot_100_eval.json_summary.json
938,7b4fe41c541034358c0407c2d1641c03e5da34e01cf5003040f1336d74ad396b,2,927,outputs/correctness/qwen25_coder_1_5b_instruct_P1_one_shot_java_10_smoke_v2_correctness.json_detailed.jsonl
938,7b4fe41c541034358c0407c2d1641c03e5da34e01cf5003040f1336d74ad396b,2,927,outputs/segregated_results/open-source-base/correctness/qwen25_coder_1_5b_instruct_P1_one_shot_java_10_smoke_v2_correctness.json_detailed.jsonl
939,7c07ac3eb3b77febfc9386605150b3b1d610016cc26d81abc0943f47c9b09235,2,1277,outputs/correctness/qwen25_1_5b_instruct_P1_one_shot_python_400_v1_correctness.json_summary.json
939,7c07ac3eb3b77febfc9386605150b3b1d610016cc26d81abc0943f47c9b09235,2,1277,outputs/segregated_results/open-source-base/correctness/qwen25_1_5b_instruct_P1_one_shot_python_400_v1_correctness.json_summary.json
940,7c0ecdea827fe4d8a8c9959ce5baf33f536934dd8f92fb08e8729de3dfc86050,2,129226,outputs/evaluation_And_corrctness_may2026_1/decoding_sensitivity/plots/publication_bar_plots/decoding_sensitivity_return_coverage_bar.png
940,7c0ecdea827fe4d8a8c9959ce5baf33f536934dd8f92fb08e8729de3dfc86050,2,129226,outputs/segregated_results/shared-aggregate/may2026_legacy/decoding_sensitivity/plots/publication_bar_plots/decoding_sensitivity_return_coverage_bar.png
941,7c48f2e76ebce4a994542714c907bc57e0cc2c1989ffc8fc2d771782f930ce10,2,1126,outputs/evaluations/qwen25_coder_1_5b_instruct_P1_few_shot_python_400_v1_eval.json_summary.json
941,7c48f2e76ebce4a994542714c907bc57e0cc2c1989ffc8fc2d771782f930ce10,2,1126,outputs/segregated_results/open-source-base/eval/qwen25_coder_1_5b_instruct_P1_few_shot_python_400_v1_eval.json_summary.json
942,7c68c10f4625d540b660ba3a02e3e54b28c5f309672d17e0de6adb1a51b7f00c,2,1338,outputs/raw_generations/commercial_old/gemini3flash_preview_test3.jsonl
942,7c68c10f4625d540b660ba3a02e3e54b28c5f309672d17e0de6adb1a51b7f00c,2,1338,outputs/segregated_results/commercial-base/raw/commercial_old/gemini3flash_preview_test3.jsonl
943,7c9330c306ea096cd5adb7ba2daf6f791a50439021c8379ac40362eeafb326e6,2,692730,outputs/responses/gpt_5_1_codex_P1_one_shot_python_400_v1/raw_responses.jsonl
943,7c9330c306ea096cd5adb7ba2daf6f791a50439021c8379ac40362eeafb326e6,2,692730,outputs/segregated_results/commercial-base/responses/gpt_5_1_codex_P1_one_shot_python_400_v1/raw_responses.jsonl
944,7d331d34ffe4bce85c97efedeef68d277a890fb551e2b998c0eb5fe89c62ba96,2,524970,outputs/correctness/qwen25_coder_1_5b_instruct_P1_few_shot_python_600_v1_correctness.json_detailed.jsonl
944,7d331d34ffe4bce85c97efedeef68d277a890fb551e2b998c0eb5fe89c62ba96,2,524970,outputs/segregated_results/open-source-base/correctness/qwen25_coder_1_5b_instruct_P1_few_shot_python_600_v1_correctness.json_detailed.jsonl
945,7d638962a60da9d6d76a2d71b5a2c6bded6e688d5a933fbfdff95418ac82ada1,2,1256,outputs/correctness/gpt_5_1_codex_P1_zero_shot_python_400_v1_correctness.json_summary.json
945,7d638962a60da9d6d76a2d71b5a2c6bded6e688d5a933fbfdff95418ac82ada1,2,1256,outputs/segregated_results/commercial-base/correctness/gpt_5_1_codex_P1_zero_shot_python_400_v1_correctness.json_summary.json
946,7db58081a184755c70337b880cefa3877b9728a02c7911fe495a3a6770013670,2,1104,outputs/evaluation-and-correctness-may2026/open-source/qwen25_1_5b_instruct_P1_one_shot_java_400_v1_summary.json
946,7db58081a184755c70337b880cefa3877b9728a02c7911fe495a3a6770013670,2,1104,outputs/segregated_results/open-source-base/may2026/open-source/qwen25_1_5b_instruct_P1_one_shot_java_400_v1_summary.json
947,7db8ffaf0fff4563c549925108807f975caa13a99fc737a27bc8bbd19f9d51db,2,1107,outputs/evaluation-and-correctness-may2026/open-source/codegemma_2b_P1_one_shot_javascript_400_v1_summary.json
947,7db8ffaf0fff4563c549925108807f975caa13a99fc737a27bc8bbd19f9d51db,2,1107,outputs/segregated_results/open-source-base/may2026/open-source/codegemma_2b_P1_one_shot_javascript_400_v1_summary.json
948,7de84a1e3854b323c2c285718660b53ee7234a749204fd1d7e59d991eb508f08,2,1143,outputs/evaluation-and-correctness-may2026/open-source/gemma_2_2b_it_P1_zero_shot_python_300_ZS_v3_summary.json
948,7de84a1e3854b323c2c285718660b53ee7234a749204fd1d7e59d991eb508f08,2,1143,outputs/segregated_results/open-source-base/may2026/open-source/gemma_2_2b_it_P1_zero_shot_python_300_ZS_v3_summary.json
949,7dfb2fabed7ed3904fd0ce34dd9a82432afdc0609d32a50ceb1147f631ad661e,2,150572,outputs/evaluations/qwen25_1_5b_instruct_P1_zero_shot_100_eval.json_detailed.jsonl
949,7dfb2fabed7ed3904fd0ce34dd9a82432afdc0609d32a50ceb1147f631ad661e,2,150572,outputs/segregated_results/open-source-base/eval/qwen25_1_5b_instruct_P1_zero_shot_100_eval.json_detailed.jsonl
950,7e22345c2a88372779ae69a6064fe08b00ebcb29208961d1fefa19c06302acea,2,424593,outputs/raw_generations/open-source/qwen25_coder_1_5b_instruct_P1_zero_shot_python_400_t02_p09_k50_v1.jsonl
950,7e22345c2a88372779ae69a6064fe08b00ebcb29208961d1fefa19c06302acea,2,424593,outputs/segregated_results/open-source-base/raw/open-source/qwen25_coder_1_5b_instruct_P1_zero_shot_python_400_t02_p09_k50_v1.jsonl
951,7e920d23382ce800f152512ca79299ed34c6bc9541849095baf8b15648644fbc,2,319988,outputs/evaluation-and-correctness-may2026/open-source/gemma_2_2b_it_P1_one_shot_java_400_v1_detailed.jsonl
951,7e920d23382ce800f152512ca79299ed34c6bc9541849095baf8b15648644fbc,2,319988,outputs/segregated_results/open-source-base/may2026/open-source/gemma_2_2b_it_P1_one_shot_java_400_v1_detailed.jsonl
952,7ea2605c200226507d7ba24a53d2f6856789a011b4d2e5ad6fc6b051fce4fd4e,2,124030,outputs/evaluation-and-correctness-may2026/final-results-tables-and-plots/plots/model_language_structural/gpt-5.1_python_structural.png
952,7ea2605c200226507d7ba24a53d2f6856789a011b4d2e5ad6fc6b051fce4fd4e,2,124030,outputs/segregated_results/commercial-base/may2026/final-results-tables-and-plots/plots/model_language_structural/gpt-5.1_python_structural.png
953,7f057d356be44ff2fb5badd9bd67667b5bf838df07ed49c0fd1fc59714f19bee,2,355524,outputs/evaluations/qwen25_coder_1_5b_instruct_lora_multilang_P1_few_shot_javascript_400_v1_eval.json_detailed.jsonl
953,7f057d356be44ff2fb5badd9bd67667b5bf838df07ed49c0fd1fc59714f19bee,2,355524,outputs/segregated_results/open-source-lora/eval/qwen25_coder_1_5b_instruct_lora_multilang_P1_few_shot_javascript_400_v1_eval.json_detailed.jsonl
954,7f18e57a423b22fced74a025b540320ff72e5691d4a688a22c481e0f41754123,2,181255,outputs/evaluations/qwen25_coder_1_5b_instruct_P1_one_shot_python_200_t05_p09_k50_v1_eval.json_detailed.jsonl
954,7f18e57a423b22fced74a025b540320ff72e5691d4a688a22c481e0f41754123,2,181255,outputs/segregated_results/open-source-base/eval/qwen25_coder_1_5b_instruct_P1_one_shot_python_200_t05_p09_k50_v1_eval.json_detailed.jsonl
955,7f61278d00bcc874bf941bfb1bb72db3011e514abf388b9070c1d1f4bdbb4619,2,1207,outputs/correctness/gemini_3_flash_preview_P1_one_shot_python_400_v1_correctness.json_summary.json
955,7f61278d00bcc874bf941bfb1bb72db3011e514abf388b9070c1d1f4bdbb4619,2,1207,outputs/segregated_results/commercial-base/correctness/gemini_3_flash_preview_P1_one_shot_python_400_v1_correctness.json_summary.json
956,7f791b1e18f075fa203dc51a8f41ed9551fe5210001e022422cf02748d9ecb5f,2,104135,outputs/evaluation_And_corrctness_may2026_1/saturation_experiment/saturation_publication_fixed_axis/saturation_bleu_fixed_axis.png
956,7f791b1e18f075fa203dc51a8f41ed9551fe5210001e022422cf02748d9ecb5f,2,104135,outputs/segregated_results/shared-aggregate/may2026_legacy/saturation_experiment/saturation_publication_fixed_axis/saturation_bleu_fixed_axis.png
957,7ff22ac939bd094e643d310470472dbcf051e9dfdd12642d2556987af1302291,2,264592,outputs/correctness/qwen25_coder_1_5b_instruct_P1_few_shot_python_300_v1_correctness.json_detailed.jsonl
957,7ff22ac939bd094e643d310470472dbcf051e9dfdd12642d2556987af1302291,2,264592,outputs/segregated_results/open-source-base/correctness/qwen25_coder_1_5b_instruct_P1_few_shot_python_300_v1_correctness.json_detailed.jsonl
958,800df4e6831bcb2b12ef75077077c11a6a9645440e7761ebfceb15e8e33dba4d,2,334922,outputs/evaluations/gemini_3_flash_preview_P1_zero_shot_python_400_v1_eval.json_detailed.jsonl
958,800df4e6831bcb2b12ef75077077c11a6a9645440e7761ebfceb15e8e33dba4d,2,334922,outputs/segregated_results/commercial-base/eval/gemini_3_flash_preview_P1_zero_shot_python_400_v1_eval.json_detailed.jsonl
959,804d207c61f1cdf9f742c29e91b6e56c6eac59c9e69b3a1ea28f4904bf25b525,2,1292,outputs/correctness/deepseek_chat_P1_zero_shot_javascript_400_v1_correctness.json_summary.json
959,804d207c61f1cdf9f742c29e91b6e56c6eac59c9e69b3a1ea28f4904bf25b525,2,1292,outputs/segregated_results/commercial-base/correctness/deepseek_chat_P1_zero_shot_javascript_400_v1_correctness.json_summary.json
960,80810e4a4b7a3914c77f039218e76de265d104d1ea5ebb9af89f425b83b912ac,2,691607,outputs/responses/gpt_5_1_codex_P1_few_shot_java_400_v1/raw_responses.jsonl
960,80810e4a4b7a3914c77f039218e76de265d104d1ea5ebb9af89f425b83b912ac,2,691607,outputs/segregated_results/commercial-base/responses/gpt_5_1_codex_P1_few_shot_java_400_v1/raw_responses.jsonl
961,80d30f1a2016b09362071d5cf7a161496e2c55b79b198f050c95cb661943fd05,2,8493,outputs/evaluation-and-correctness-may2026/open-source-fine-tuned/codegemma_2b_lora_multilang/codegemma_2b_lora_smoke_test_python_detailed.jsonl
961,80d30f1a2016b09362071d5cf7a161496e2c55b79b198f050c95cb661943fd05,2,8493,outputs/segregated_results/open-source-lora/may2026/open-source-fine-tuned/codegemma_2b_lora_multilang/codegemma_2b_lora_smoke_test_python_detailed.jsonl
962,8162377258166b894d5b087512b5a4d90b3e3649ceafa201358ac5b49ae381f2,2,757,outputs/batches/gpt_5_1_codex_mini_P1_zero_shot_python_10_smoke_v1/state.json
962,8162377258166b894d5b087512b5a4d90b3e3649ceafa201358ac5b49ae381f2,2,757,outputs/segregated_results/commercial-base/batches/gpt_5_1_codex_mini_P1_zero_shot_python_10_smoke_v1/state.json
963,8162c87cfda8de5ca2bdde64d6790787d331df101a54995f6d72abe00d4b6152,2,172220,outputs/evaluation-and-correctness-may2026/final-results-tables-and-plots/plots/model_language_structural/gemini-3-flash-preview_java_structural.png
963,8162c87cfda8de5ca2bdde64d6790787d331df101a54995f6d72abe00d4b6152,2,172220,outputs/segregated_results/commercial-base/may2026/final-results-tables-and-plots/plots/model_language_structural/gemini-3-flash-preview_java_structural.png
964,81d56c8ebc3f4d74b6abe55ce8c2735b1891a3b2eb136c67389af19eb2a384f8,2,1268,outputs/correctness/qwen25_coder_1_5b_instruct_P1_zero_shot_python_100_v1_correctness.json_summary.json
964,81d56c8ebc3f4d74b6abe55ce8c2735b1891a3b2eb136c67389af19eb2a384f8,2,1268,outputs/segregated_results/open-source-base/correctness/qwen25_coder_1_5b_instruct_P1_zero_shot_python_100_v1_correctness.json_summary.json
965,825d0a07a9eb635f98d23eee434a1d662184ca99cc67827477a8e57ce59abd4a,2,249789,outputs/evaluation-and-correctness-may2026/open-source/codegemma_2b_P1_zero_shot_python_300_ZS_v3_detailed.jsonl
965,825d0a07a9eb635f98d23eee434a1d662184ca99cc67827477a8e57ce59abd4a,2,249789,outputs/segregated_results/open-source-base/may2026/open-source/codegemma_2b_P1_zero_shot_python_300_ZS_v3_detailed.jsonl
966,825d3df82c69dd8478a6b3192a691d0655ca269c1b1aba124f31392f402300ce,2,292585,outputs/evaluation-and-correctness-may2026/final-results-tables-and-plots/plots/rankings/ranking_return_coverage.png
966,825d3df82c69dd8478a6b3192a691d0655ca269c1b1aba124f31392f402300ce,2,292585,outputs/segregated_results/shared-aggregate/may2026/final-results-tables-and-plots/plots/rankings/ranking_return_coverage.png
967,8317456341915159178d095531e570f5318f8f54ce23c68e89d68a13c9d4963a,2,793614,outputs/evaluation-and-correctness-may2026/open-source/qwen25_coder_1_5b_instruct_P1_zero_shot_python_800_v1_detailed.jsonl
967,8317456341915159178d095531e570f5318f8f54ce23c68e89d68a13c9d4963a,2,793614,outputs/segregated_results/open-source-base/may2026/open-source/qwen25_coder_1_5b_instruct_P1_zero_shot_python_800_v1_detailed.jsonl
968,8368019733109c4b13149aa53e401e8fa291a68258d75ec7a29574b1632f41ea,2,356066,outputs/evaluation-and-correctness-may2026/open-source-fine-tuned/qwen25_1_5b_instruct_lora_multilang/qwen25_1_5b_instruct_lora_multilang_P1_few_shot_java_400_v1_detailed.jsonl
968,8368019733109c4b13149aa53e401e8fa291a68258d75ec7a29574b1632f41ea,2,356066,outputs/segregated_results/open-source-lora/_long_paths/549b42690914_qwen25_1_5b_instruct_lora_multilang_P1_few_shot_java_400_v1_detailed.jsonl
969,836df9e835c66442fd7217a27aaf5a70d362f65c81684d4c0ad303b751a08819,2,643576,outputs/batches/gpt_5_1_P1_one_shot_java_400_v1/batch_output.jsonl
969,836df9e835c66442fd7217a27aaf5a70d362f65c81684d4c0ad303b751a08819,2,643576,outputs/segregated_results/commercial-base/batches/gpt_5_1_P1_one_shot_java_400_v1/batch_output.jsonl
970,8377ad295273d65ada8e6ca49dbca6660648330439671fbff0af7e95a326733b,2,1061,outputs/evaluations/gpt_5_1_P1_zero_shot_javascript_400_v1_eval.json_summary.json
970,8377ad295273d65ada8e6ca49dbca6660648330439671fbff0af7e95a326733b,2,1061,outputs/segregated_results/commercial-base/eval/gpt_5_1_P1_zero_shot_javascript_400_v1_eval.json_summary.json
971,83bfc11217b1212e46ae8f3220e64ca3d34d041d22482a40902c6f2c1043fc8f,2,331707,outputs/correctness/gemma_2_2b_it_lora_multilang_P1_zero_shot_javascript_400_v1_correctness_detailed.jsonl
971,83bfc11217b1212e46ae8f3220e64ca3d34d041d22482a40902c6f2c1043fc8f,2,331707,outputs/segregated_results/open-source-lora/correctness/gemma_2_2b_it_lora_multilang_P1_zero_shot_javascript_400_v1_correctness_detailed.jsonl
972,843a4d5ced7a9c2dc3ed5de92c90613fee7dce03124083aa1b3b70d3d1d61bed,2,1138,outputs/evaluations/qwen25_1_5b_instruct_P1_one_shot_python_300_v1_eval.json_summary.json
972,843a4d5ced7a9c2dc3ed5de92c90613fee7dce03124083aa1b3b70d3d1d61bed,2,1138,outputs/segregated_results/open-source-base/eval/qwen25_1_5b_instruct_P1_one_shot_python_300_v1_eval.json_summary.json
973,856a1f32e0fdf43782db973bc8697694abcc519b86fda84d2275f64f4f201e52,2,1324,outputs/evaluations/qwen25_coder_1_5b_instruct_lora_multilang_P1_zero_shot_javascript_400_v1_eval.json_summary.json
973,856a1f32e0fdf43782db973bc8697694abcc519b86fda84d2275f64f4f201e52,2,1324,outputs/segregated_results/open-source-lora/eval/qwen25_coder_1_5b_instruct_lora_multilang_P1_zero_shot_javascript_400_v1_eval.json_summary.json
974,8590339755a5649b2cab45ab6fcc300b243110bcc873554e14f096f8fb7638c1,2,1316,outputs/correctness/gemini_3_flash_preview_P1_zero_shot_javascript_400_v1_correctness.json_summary.json
974,8590339755a5649b2cab45ab6fcc300b243110bcc873554e14f096f8fb7638c1,2,1316,outputs/segregated_results/commercial-base/correctness/gemini_3_flash_preview_P1_zero_shot_javascript_400_v1_correctness.json_summary.json
975,85eb544627c1fc5e94023bb5c2075dc99a443ab73384b7c7c34de312186ee597,2,332762,outputs/evaluation-and-correctness-may2026/open-source/qwen25_1_5b_instruct_P1_zero_shot_python_400_v1_detailed.jsonl
975,85eb544627c1fc5e94023bb5c2075dc99a443ab73384b7c7c34de312186ee597,2,332762,outputs/segregated_results/open-source-base/may2026/open-source/qwen25_1_5b_instruct_P1_zero_shot_python_400_v1_detailed.jsonl
976,868539ea751a39fa284afdb09fae7c627b3227a81381b7b71776d5317c53a724,2,652,outputs/responses/gpt_5_3_codex_P1_zero_shot_javascript_400_v1/state.json
976,868539ea751a39fa284afdb09fae7c627b3227a81381b7b71776d5317c53a724,2,652,outputs/segregated_results/commercial-base/responses/gpt_5_3_codex_P1_zero_shot_javascript_400_v1/state.json
977,86cf3e62d5a0b100833ad0ee359d79f5d49e477758b15130f6d4f28724cfe047,2,1093,outputs/evaluations/gpt_5_1_codex_P1_zero_shot_python_400_v1_eval.json_summary.json
977,86cf3e62d5a0b100833ad0ee359d79f5d49e477758b15130f6d4f28724cfe047,2,1093,outputs/segregated_results/commercial-base/eval/gpt_5_1_codex_P1_zero_shot_python_400_v1_eval.json_summary.json
978,8709caf393601cdf816392cc399e84c522fca8d89d33053be7074662d87b5b2a,2,1292,outputs/evaluation-and-correctness-may2026/open-source/gemma_2_2b_it_P1_few_shot_java_400_v1_code_grounded_summary.json
978,8709caf393601cdf816392cc399e84c522fca8d89d33053be7074662d87b5b2a,2,1292,outputs/segregated_results/open-source-base/may2026/open-source/gemma_2_2b_it_P1_few_shot_java_400_v1_code_grounded_summary.json
979,875837c990cf8b84a5c001e27be7bd0cc7d51e92c964cbae2b7b93c50fe6b58c,2,386056,outputs/evaluations/qwen25_coder_1_5b_instruct_P1_few_shot_javascript_400_v1_eval.json_detailed.jsonl
979,875837c990cf8b84a5c001e27be7bd0cc7d51e92c964cbae2b7b93c50fe6b58c,2,386056,outputs/segregated_results/open-source-base/eval/qwen25_coder_1_5b_instruct_P1_few_shot_javascript_400_v1_eval.json_detailed.jsonl
980,87dd7a0da6646356cd43c015bd03801ef8941862ad15709120231c1b52a508ea,2,763,outputs/batches/gpt_5_1_P1_zero_shot_python_400_v1/state.json
980,87dd7a0da6646356cd43c015bd03801ef8941862ad15709120231c1b52a508ea,2,763,outputs/segregated_results/commercial-base/batches/gpt_5_1_P1_zero_shot_python_400_v1/state.json
981,8802f26e101130897e33797fac236eb44dd9747d92f27ac607a91f4c40358da7,2,1101,outputs/evaluations/gemini_3_flash_preview_P1_zero_shot_javascript_400_v1_eval.json_summary.json
981,8802f26e101130897e33797fac236eb44dd9747d92f27ac607a91f4c40358da7,2,1101,outputs/segregated_results/commercial-base/eval/gemini_3_flash_preview_P1_zero_shot_javascript_400_v1_eval.json_summary.json
982,88e61b910009bd4d8b10f7fb27593429bb15b6253d79075ee4427bad6783f730,2,97660,outputs/evaluation_And_corrctness_may2026_1/saturation_experiment/qwen25_coder_1_5b_instruct_P1_zero_shot_python_100_v1_detailed.jsonl
982,88e61b910009bd4d8b10f7fb27593429bb15b6253d79075ee4427bad6783f730,2,97660,outputs/segregated_results/open-source-base/may2026_legacy/saturation_experiment/qwen25_coder_1_5b_instruct_P1_zero_shot_python_100_v1_detailed.jsonl
983,898ea202af8ead5ef697fc5aedac1bf024718d3693ec0d5e541d2caaa5c5b5f8,2,140158,outputs/evaluations/qwen25_1_5b_instruct_P1_zero_shot_100_detailed.jsonl
983,898ea202af8ead5ef697fc5aedac1bf024718d3693ec0d5e541d2caaa5c5b5f8,2,140158,outputs/segregated_results/open-source-base/eval/qwen25_1_5b_instruct_P1_zero_shot_100_detailed.jsonl
984,89bf33abc4492f3ac536b1e1a79b71e5bc56d572fb7eb59c763df3b7fa35d678,2,770534,outputs/evaluations/qwen25_coder_1_5b_instruct_P1_zero_shot_python_800_v1_detailed.jsonl
984,89bf33abc4492f3ac536b1e1a79b71e5bc56d572fb7eb59c763df3b7fa35d678,2,770534,outputs/segregated_results/open-source-base/eval/qwen25_coder_1_5b_instruct_P1_zero_shot_python_800_v1_detailed.jsonl
985,8a23106ad165622847b36678fdab946927224b5639588b3bcee15a8f0560a548,2,8396,outputs/correctness/gpt_5_1_codex_P1_zero_shot_python_10_smoke_v1_correctness.json_detailed.jsonl
985,8a23106ad165622847b36678fdab946927224b5639588b3bcee15a8f0560a548,2,8396,outputs/segregated_results/commercial-base/correctness/gpt_5_1_codex_P1_zero_shot_python_10_smoke_v1_correctness.json_detailed.jsonl
986,8a385f3a4d0443995c077a665a9656e12fe3cc425baa115fc073f45c0083b2e4,2,1160,outputs/correctness/qwen25_coder_1_5b_instruct_P1_zero_shot_python_2000_ZS_v3_correctness.json_summary.json
986,8a385f3a4d0443995c077a665a9656e12fe3cc425baa115fc073f45c0083b2e4,2,1160,outputs/segregated_results/open-source-base/correctness/qwen25_coder_1_5b_instruct_P1_zero_shot_python_2000_ZS_v3_correctness.json_summary.json
987,8a3a822478a168652e17ad35ed77a141379ebe5a1a89d7875c916f0e89ee8f69,2,1154,outputs/evaluations/qwen25_coder_1_5b_instruct_P1_one_shot_javascript_400_v1_eval.json_summary.json
987,8a3a822478a168652e17ad35ed77a141379ebe5a1a89d7875c916f0e89ee8f69,2,1154,outputs/segregated_results/open-source-base/eval/qwen25_coder_1_5b_instruct_P1_one_shot_javascript_400_v1_eval.json_summary.json
988,8a7da9bdf85abbfd5e253115e7290079bb08b59f1629d74b26ce48fa1521aaf0,2,196838,outputs/evaluations/qwen25_coder_1_5b_instruct_P1_zero_shot_python_200_v1_eval.json_detailed.jsonl
988,8a7da9bdf85abbfd5e253115e7290079bb08b59f1629d74b26ce48fa1521aaf0,2,196838,outputs/segregated_results/open-source-base/eval/qwen25_coder_1_5b_instruct_P1_zero_shot_python_200_v1_eval.json_detailed.jsonl
989,8a8d6052a8f8aa26366be19f55b14c636f98f571c7e2dc3e3d816bb8e3c61627,2,1306,outputs/evaluation-and-correctness-may2026/open-source/gemma_2_2b_it_P1_few_shot_javascript_400_v1_code_grounded_summary.json
989,8a8d6052a8f8aa26366be19f55b14c636f98f571c7e2dc3e3d816bb8e3c61627,2,1306,outputs/segregated_results/open-source-base/may2026/open-source/gemma_2_2b_it_P1_few_shot_javascript_400_v1_code_grounded_summary.json
990,8ad4e6fb5bcd73cad2d0f606ea8e6f8722fc1613e2102e8a00c7a2731f903182,2,1135,outputs/evaluation-and-correctness-may2026/open-source-fine-tuned/gemma_2_2b_it_lora_multilang/gemma_2_2b_it_lora_multilang_SMOKE_python_summary.json
990,8ad4e6fb5bcd73cad2d0f606ea8e6f8722fc1613e2102e8a00c7a2731f903182,2,1135,outputs/segregated_results/open-source-lora/may2026/open-source-fine-tuned/gemma_2_2b_it_lora_multilang/gemma_2_2b_it_lora_multilang_SMOKE_python_summary.json
991,8b157f7e443229340306c73c8fb2d82a66cc1b5e015947c78df510583c242187,2,1581,outputs/correctness/qwen25_1_5b_instruct_lora_multilang_P1_zero_shot_python_400_v1_correctness_summary.json
991,8b157f7e443229340306c73c8fb2d82a66cc1b5e015947c78df510583c242187,2,1581,outputs/segregated_results/open-source-lora/correctness/qwen25_1_5b_instruct_lora_multilang_P1_zero_shot_python_400_v1_correctness_summary.json
992,8b45712ec926ee7a555940bc0ba8b69b06f20b3bf8a4b8848460e6bebc36996d,2,1356,outputs/evaluation-and-correctness-may2026/open-source-fine-tuned/gemma_2_2b_it_lora_multilang/gemma_2_2b_it_lora_multilang_P1_zero_shot_java_400_v1_code_grounded_summary.json
992,8b45712ec926ee7a555940bc0ba8b69b06f20b3bf8a4b8848460e6bebc36996d,2,1356,outputs/segregated_results/open-source-lora/_long_paths/e959266be815_gemma_2_2b_it_lora_multilang_P1_zero_shot_java_400_v1_code_grounded_summary.json
993,8b8aa24226dd482108b5e25750b3a0e3f5df17fac7476f991bdfdf195ce2f4db,2,1121,outputs/evaluation_And_corrctness_may2026_1/saturation_experiment/qwen25_coder_1_5b_instruct_P1_zero_shot_python_200_v1_summary.json
993,8b8aa24226dd482108b5e25750b3a0e3f5df17fac7476f991bdfdf195ce2f4db,2,1121,outputs/segregated_results/open-source-base/may2026_legacy/saturation_experiment/qwen25_coder_1_5b_instruct_P1_zero_shot_python_200_v1_summary.json
994,8bf39d36b561faf2dc40b35cf4876a39e346a89f5ec92949996fc08fbbab7886,2,647,outputs/responses/gpt_5_1_codex_P1_one_shot_javascript_400_v1/state.json
994,8bf39d36b561faf2dc40b35cf4876a39e346a89f5ec92949996fc08fbbab7886,2,647,outputs/segregated_results/commercial-base/responses/gpt_5_1_codex_P1_one_shot_javascript_400_v1/state.json
995,8bffacf8dfbc3d60277ece305e295a0a6f094e427c5f425c4f1205b6d91d36ce,2,337281,outputs/evaluations/gpt_5_1_P1_zero_shot_python_400_v2_eval.json_detailed.jsonl
995,8bffacf8dfbc3d60277ece305e295a0a6f094e427c5f425c4f1205b6d91d36ce,2,337281,outputs/segregated_results/commercial-base/eval/gpt_5_1_P1_zero_shot_python_400_v2_eval.json_detailed.jsonl
996,8c216eb9b6c318537430b823af1a90dca78edda6cf1ba6a7c805c37a21ce4df6,2,102431,outputs/evaluation_And_corrctness_may2026_1/decoding_sensitivity/plots/publication_bar_plots/decoding_sensitivity_bleu_bar.png
996,8c216eb9b6c318537430b823af1a90dca78edda6cf1ba6a7c805c37a21ce4df6,2,102431,outputs/segregated_results/shared-aggregate/may2026_legacy/decoding_sensitivity/plots/publication_bar_plots/decoding_sensitivity_bleu_bar.png
997,8c48c0a6d90ad8380204c39b84bd87dd279154ee534304fd7e3d97a17750a753,2,1100,outputs/evaluations/qwen25_1_5b_instruct_P2_structured_20_eval.json_summary.json
997,8c48c0a6d90ad8380204c39b84bd87dd279154ee534304fd7e3d97a17750a753,2,1100,outputs/segregated_results/open-source-base/eval/qwen25_1_5b_instruct_P2_structured_20_eval.json_summary.json
998,8c741349bf2d9048c797a40c6a58c0caf647b126fbc38724bc340e2c0e443e0f,2,342504,outputs/evaluation-and-correctness-may2026/open-source/qwen25_1_5b_instruct_P1_zero_shot_javascript_400_v1_detailed.jsonl
998,8c741349bf2d9048c797a40c6a58c0caf647b126fbc38724bc340e2c0e443e0f,2,342504,outputs/segregated_results/open-source-base/may2026/open-source/qwen25_1_5b_instruct_P1_zero_shot_javascript_400_v1_detailed.jsonl
999,8c79693969b8dd0884805399f371dcdbc91ab3ef1f218fbefcfe65e933e59644,2,339692,outputs/evaluations/gemma_2_2b_it_P1_one_shot_python_400_v1_eval.json_detailed.jsonl
999,8c79693969b8dd0884805399f371dcdbc91ab3ef1f218fbefcfe65e933e59644,2,339692,outputs/segregated_results/open-source-base/eval/gemma_2_2b_it_P1_one_shot_python_400_v1_eval.json_detailed.jsonl
1000,8cdb18445fbaeb244de1a7f6d4d5b3146e3957a9df9cdebe50974d18814770fe,2,244646,outputs/correctness/codegemma_2b_P1_zero_shot_python_300_ZS_v3_correctness.json_detailed.jsonl
1000,8cdb18445fbaeb244de1a7f6d4d5b3146e3957a9df9cdebe50974d18814770fe,2,244646,outputs/segregated_results/open-source-base/correctness/codegemma_2b_P1_zero_shot_python_300_ZS_v3_correctness.json_detailed.jsonl
1001,8d286a972d66d922a320f4b78be2cd0b99ea972e1663b22d5475b72e8439a9c4,2,40779,outputs/evaluations/commercial/codex_cli_P1_zero_shot_python_50_v1_detailed.jsonl
1001,8d286a972d66d922a320f4b78be2cd0b99ea972e1663b22d5475b72e8439a9c4,2,40779,outputs/segregated_results/commercial-base/eval/commercial/codex_cli_P1_zero_shot_python_50_v1_detailed.jsonl
1002,8e738d836388d33af8e85469aeb9b610235c6b44a5a037cf3a705a862d55b6b9,2,28377,outputs/human_eval/human_eval_validation_report_60.json
1002,8e738d836388d33af8e85469aeb9b610235c6b44a5a037cf3a705a862d55b6b9,2,28377,outputs/segregated_results/shared-aggregate/human_eval/human_eval_validation_report_60.json
1003,8eb1c3666d25ef702cfe88f54efdd84ff38dc08ba00383609b89ea070123910f,2,249826,outputs/raw_generations/qwen25_1_5b_instruct_P1_few_shot_javascript_400_v1.jsonl
1003,8eb1c3666d25ef702cfe88f54efdd84ff38dc08ba00383609b89ea070123910f,2,249826,outputs/segregated_results/open-source-base/raw/qwen25_1_5b_instruct_P1_few_shot_javascript_400_v1.jsonl
1004,8edc0eba53c9b8016a650a7d90c3ab1d59d1f6220b84a30f2e185bb378dc9026,2,1115,outputs/evaluations/qwen25_coder_1_5b_instruct_P1_zero_shot_python_800_v1_eval.json_summary.json
1004,8edc0eba53c9b8016a650a7d90c3ab1d59d1f6220b84a30f2e185bb378dc9026,2,1115,outputs/segregated_results/open-source-base/eval/qwen25_coder_1_5b_instruct_P1_zero_shot_python_800_v1_eval.json_summary.json
1005,8f2478f41657cf0d7eb8c1a16d531134b057178762ef2884343f85981059f464,2,1272,outputs/correctness/deepseek_chat_P1_zero_shot_java_400_v1_correctness.json_summary.json
1005,8f2478f41657cf0d7eb8c1a16d531134b057178762ef2884343f85981059f464,2,1272,outputs/segregated_results/commercial-base/correctness/deepseek_chat_P1_zero_shot_java_400_v1_correctness.json_summary.json
1006,8f2ad6a892d434b73bcbdaca14c6e2ff96222c7a5d3547984c537e7eb8ea5181,2,1041,outputs/evaluations/qwen25_coder_1_5b_instruct_P1_zero_shot_python_800_v1_summary.json
1006,8f2ad6a892d434b73bcbdaca14c6e2ff96222c7a5d3547984c537e7eb8ea5181,2,1041,outputs/segregated_results/open-source-base/eval/qwen25_coder_1_5b_instruct_P1_zero_shot_python_800_v1_summary.json
1007,8fd909c02d86d6e22993f90042b9c7ad35da04ec58b9a864f40d871d7762df28,2,478735,outputs/evaluations/qwen25_coder_1_5b_instruct_P1_zero_shot_python_500_ZS_v3_detailed.jsonl
1007,8fd909c02d86d6e22993f90042b9c7ad35da04ec58b9a864f40d871d7762df28,2,478735,outputs/segregated_results/open-source-base/eval/qwen25_coder_1_5b_instruct_P1_zero_shot_python_500_ZS_v3_detailed.jsonl
1008,8ffb260c4757339d90245f89fd8682a610f8006debef145a5618e5023e07138c,2,318981,outputs/evaluation-and-correctness-may2026/final-results-tables-and-plots/plots/per_language_prompt_trends/rougeL/python_rougeL_prompt_trend.png
1008,8ffb260c4757339d90245f89fd8682a610f8006debef145a5618e5023e07138c,2,318981,outputs/segregated_results/shared-aggregate/may2026/final-results-tables-and-plots/plots/per_language_prompt_trends/rougeL/python_rougeL_prompt_trend.png
1009,901d72ddcf70b26275c3724897b04df1265d679aea95bcbaf1f82a4452841767,2,142637,outputs/evaluation_And_corrctness_may2026_1/decoding_sensitivity/plots/publication_bar_plots/decoding_sensitivity_bertscore_bar.png
1009,901d72ddcf70b26275c3724897b04df1265d679aea95bcbaf1f82a4452841767,2,142637,outputs/segregated_results/shared-aggregate/may2026_legacy/decoding_sensitivity/plots/publication_bar_plots/decoding_sensitivity_bertscore_bar.png
1010,905c96d139f177671a5d4fe6690258955e3b35f06f5076ce5da3351bf8ce0886,2,8266,outputs/evaluation-and-correctness-may2026/open-source-fine-tuned/gemma_2_2b_it_lora_multilang/gemma_2_2b_it_lora_multilang_SMOKE_python_detailed.jsonl
1010,905c96d139f177671a5d4fe6690258955e3b35f06f5076ce5da3351bf8ce0886,2,8266,outputs/segregated_results/open-source-lora/may2026/open-source-fine-tuned/gemma_2_2b_it_lora_multilang/gemma_2_2b_it_lora_multilang_SMOKE_python_detailed.jsonl
1011,908011f757d4a4dc664d596c8c5a463dac68faac737968cc52ce53d5fa2ac2fc,2,1087,outputs/evaluation-and-correctness-may2026/open-source/gemma_2_2b_it_P1_zero_shot_20_summary.json
1011,908011f757d4a4dc664d596c8c5a463dac68faac737968cc52ce53d5fa2ac2fc,2,1087,outputs/segregated_results/open-source-base/may2026/open-source/gemma_2_2b_it_P1_zero_shot_20_summary.json
1012,9121474a151d2cb33e65ad29f7b190e9fd0655b45bc0ded452715ecf14a4e95a,2,135534,outputs/evaluation-and-correctness-may2026/final-results-tables-and-plots/plots/family_language_prompt/java_rougeL_by_family_prompt.png
1012,9121474a151d2cb33e65ad29f7b190e9fd0655b45bc0ded452715ecf14a4e95a,2,135534,outputs/segregated_results/shared-aggregate/may2026/final-results-tables-and-plots/plots/family_language_prompt/java_rougeL_by_family_prompt.png
1013,91508b2aa1d389ecba398f6182e0793c11f1c94740564ff1159d7e04df349b21,2,1188181,outputs/evaluation_And_corrctness_may2026_1/saturation_experiment/qwen25_coder_1_5b_instruct_P1_zero_shot_python_1200_v1_detailed.jsonl
1013,91508b2aa1d389ecba398f6182e0793c11f1c94740564ff1159d7e04df349b21,2,1188181,outputs/segregated_results/open-source-base/may2026_legacy/saturation_experiment/qwen25_coder_1_5b_instruct_P1_zero_shot_python_1200_v1_detailed.jsonl
1014,915385d761ac609149d27ddcf472955a20014cb6654cedc15d4d3218706b5786,2,315727,outputs/evaluations/codegemma_2b_P1_one_shot_java_400_v1_eval.json_detailed.jsonl
1014,915385d761ac609149d27ddcf472955a20014cb6654cedc15d4d3218706b5786,2,315727,outputs/segregated_results/open-source-base/eval/codegemma_2b_P1_one_shot_java_400_v1_eval.json_detailed.jsonl
1015,915ab025cce8657b9993c563ef84ae22b56d07fe5e937afdb164c7f1c6b20101,2,1143,outputs/evaluation_And_corrctness_may2026_1/saturation_experiment/qwen25_coder_1_5b_instruct_P1_zero_shot_python_600_v1_summary.json
1015,915ab025cce8657b9993c563ef84ae22b56d07fe5e937afdb164c7f1c6b20101,2,1143,outputs/segregated_results/open-source-base/may2026_legacy/saturation_experiment/qwen25_coder_1_5b_instruct_P1_zero_shot_python_600_v1_summary.json
1016,91685ffcd58a86493b839bcbec6d73809060e52eca0fc042c06bfe2012ff9791,2,1283,outputs/evaluation-and-correctness-may2026/open-source/codegemma_2b_P1_zero_shot_python_400_v1_code_grounded_summary.json
1016,91685ffcd58a86493b839bcbec6d73809060e52eca0fc042c06bfe2012ff9791,2,1283,outputs/segregated_results/open-source-base/may2026/open-source/codegemma_2b_P1_zero_shot_python_400_v1_code_grounded_summary.json
1017,9176b5a44b207a4239457c3e995b4010b9f71848ea934a1c4efb77600d60435f,2,539529,outputs/evaluations/qwen25_coder_1_5b_instruct_P1_one_shot_python_600_v1_eval.json_detailed.jsonl
1017,9176b5a44b207a4239457c3e995b4010b9f71848ea934a1c4efb77600d60435f,2,539529,outputs/segregated_results/open-source-base/eval/qwen25_coder_1_5b_instruct_P1_one_shot_python_600_v1_eval.json_detailed.jsonl
1018,9222b80bac8b537fca0d2743a1e199e71c42d680f99b1b0e40499a8454607373,2,1105,outputs/evaluations/gpt_5_3_codex_P1_zero_shot_javascript_400_v1_eval.json_summary.json
1018,9222b80bac8b537fca0d2743a1e199e71c42d680f99b1b0e40499a8454607373,2,1105,outputs/segregated_results/commercial-base/eval/gpt_5_3_codex_P1_zero_shot_javascript_400_v1_eval.json_summary.json
1019,9227c86f2bcadb62e6db2e8e4ac54c28ab807aa23a11eed5f04e0cc421a5e62d,2,423800,outputs/evaluation-and-correctness-may2026/open-source/qwen25_coder_1_5b_instruct_P1_zero_shot_balanced_300_detailed.jsonl
1019,9227c86f2bcadb62e6db2e8e4ac54c28ab807aa23a11eed5f04e0cc421a5e62d,2,423800,outputs/segregated_results/open-source-base/may2026/open-source/qwen25_coder_1_5b_instruct_P1_zero_shot_balanced_300_detailed.jsonl
1020,92e4daa4309c93a74a7537938aa69550b3e230e1cee7c76c491d4646690a5cda,2,1596,outputs/correctness/qwen25_1_5b_instruct_lora_multilang_P1_one_shot_java_400_v1_correctness_summary.json
1020,92e4daa4309c93a74a7537938aa69550b3e230e1cee7c76c491d4646690a5cda,2,1596,outputs/segregated_results/open-source-lora/correctness/qwen25_1_5b_instruct_lora_multilang_P1_one_shot_java_400_v1_correctness_summary.json
1021,92f1414e9cd179745ab67b0739dc8365fa5754e8f293c7726ec1daeadfd77482,2,1118,outputs/evaluations/qwen25_coder_1_5b_instruct_P1_few_shot_python_300_v1_eval.json_summary.json
1021,92f1414e9cd179745ab67b0739dc8365fa5754e8f293c7726ec1daeadfd77482,2,1118,outputs/segregated_results/open-source-base/eval/qwen25_coder_1_5b_instruct_P1_few_shot_python_300_v1_eval.json_summary.json
1022,930a0c5ba0cf65dda595ce53826950e2f5bcb4409641de2d3c64f5b601c5977a,2,1301,outputs/correctness/qwen25_coder_1_5b_instruct_P1_few_shot_python_300_v1_correctness.json_summary.json
1022,930a0c5ba0cf65dda595ce53826950e2f5bcb4409641de2d3c64f5b601c5977a,2,1301,outputs/segregated_results/open-source-base/correctness/qwen25_coder_1_5b_instruct_P1_few_shot_python_300_v1_correctness.json_summary.json
1023,938b81774d21eabefb496c241cae0e1c777e72240504cb76354e87c3674608c6,2,640914,outputs/batches/gpt_5_1_P1_few_shot_javascript_400_v1/batch_output.jsonl
1023,938b81774d21eabefb496c241cae0e1c777e72240504cb76354e87c3674608c6,2,640914,outputs/segregated_results/commercial-base/batches/gpt_5_1_P1_few_shot_javascript_400_v1/batch_output.jsonl
1024,9392f4a6b0d8b78fc8d69ad49bd2711341605464b2eec466fc861d1b9737fb64,2,1112,outputs/evaluation-and-correctness-may2026/open-source/qwen25_1_5b_instruct_P1_one_shot_python_400_v1_summary.json
1024,9392f4a6b0d8b78fc8d69ad49bd2711341605464b2eec466fc861d1b9737fb64,2,1112,outputs/segregated_results/open-source-base/may2026/open-source/qwen25_1_5b_instruct_P1_one_shot_python_400_v1_summary.json
1025,940e8221d4ad0ceb4d2d841296a7ffab6659ac8ef13289a33c13442eda8e8e3a,2,271170,outputs/evaluation-and-correctness-may2026/open-source/qwen25_coder_1_5b_instruct_P1_one_shot_python_300_v1_detailed.jsonl
1025,940e8221d4ad0ceb4d2d841296a7ffab6659ac8ef13289a33c13442eda8e8e3a,2,271170,outputs/segregated_results/open-source-base/may2026/open-source/qwen25_coder_1_5b_instruct_P1_one_shot_python_300_v1_detailed.jsonl
1026,9412f2b0e8f2a62311b8bc40cde1d2e61ff45bd133aa7879bd166c2268c594ed,2,40347,outputs/evaluations/commercial/gpt54_codex_cli_P1_zero_shot_python_50_v1_detailed.jsonl
1026,9412f2b0e8f2a62311b8bc40cde1d2e61ff45bd133aa7879bd166c2268c594ed,2,40347,outputs/segregated_results/commercial-base/eval/commercial/gpt54_codex_cli_P1_zero_shot_python_50_v1_detailed.jsonl
1027,941e9f7c0fcb345413d0303c26f9171ffa6303f91537e581cdb9d4b16482cf8c,2,8980,outputs/correctness/gpt_5_3_codex_P1_zero_shot_python_10_smoke_v1_correctness.json_detailed.jsonl
1027,941e9f7c0fcb345413d0303c26f9171ffa6303f91537e581cdb9d4b16482cf8c,2,8980,outputs/segregated_results/commercial-base/correctness/gpt_5_3_codex_P1_zero_shot_python_10_smoke_v1_correctness.json_detailed.jsonl
1028,949caa1fce7ad21332edb1f7a50ef0643caf7f054ef14aca6ffdba1a16177d92,2,365408,outputs/evaluations/qwen25_1_5b_instruct_P1_one_shot_java_400_v1_eval.json_detailed.jsonl
1028,949caa1fce7ad21332edb1f7a50ef0643caf7f054ef14aca6ffdba1a16177d92,2,365408,outputs/segregated_results/open-source-base/eval/qwen25_1_5b_instruct_P1_one_shot_java_400_v1_eval.json_detailed.jsonl
1029,949d99652f6bf7424dc6e6ae96453d0c5dfac820c3075d6e44ddd4e20bc808c1,2,1092,outputs/evaluations/qwen25_1_5b_instruct_P1_one_shot_java_400_v1_eval.json_summary.json
1029,949d99652f6bf7424dc6e6ae96453d0c5dfac820c3075d6e44ddd4e20bc808c1,2,1092,outputs/segregated_results/open-source-base/eval/qwen25_1_5b_instruct_P1_one_shot_java_400_v1_eval.json_summary.json
1030,958803cac4d812b6f0d99b0d0052df55c2ab4040ebd981e810305087706bb1e7,2,1105,outputs/evaluation-and-correctness-may2026/open-source/gemma_2_2b_it_P1_few_shot_javascript_400_v1_summary.json
1030,958803cac4d812b6f0d99b0d0052df55c2ab4040ebd981e810305087706bb1e7,2,1105,outputs/segregated_results/open-source-base/may2026/open-source/gemma_2_2b_it_P1_few_shot_javascript_400_v1_summary.json
1031,96454c4df1b31ad28cc7ff36c18415b562adadf5e55d3f8610a9d1d37e5c43ca,2,425760,outputs/raw_generations/open-source/qwen25_coder_1_5b_instruct_P1_zero_shot_python_400_t07_p095_k50_v1.jsonl
1031,96454c4df1b31ad28cc7ff36c18415b562adadf5e55d3f8610a9d1d37e5c43ca,2,425760,outputs/segregated_results/open-source-base/raw/open-source/qwen25_coder_1_5b_instruct_P1_zero_shot_python_400_t07_p095_k50_v1.jsonl
1032,9681eea06d5c41d80c738e1eed37b89df13f723fb1e94999cb2468456770806a,2,1169,outputs/correctness/gpt_5_3_codex_P1_zero_shot_python_10_smoke_v1_correctness.json_summary.json
1032,9681eea06d5c41d80c738e1eed37b89df13f723fb1e94999cb2468456770806a,2,1169,outputs/segregated_results/commercial-base/correctness/gpt_5_3_codex_P1_zero_shot_python_10_smoke_v1_correctness.json_summary.json
1033,969738726d55fb66d5e44dd02d2bafe526125baa087ba3825c9db1a8db14f5be,2,282050,outputs/evaluations/qwen25_1_5b_instruct_P1_zero_shot_python_300_ZS_v3_detailed.jsonl
1033,969738726d55fb66d5e44dd02d2bafe526125baa087ba3825c9db1a8db14f5be,2,282050,outputs/segregated_results/open-source-base/eval/qwen25_1_5b_instruct_P1_zero_shot_python_300_ZS_v3_detailed.jsonl
1034,96b9d7f0d6e2ed7130883e714dea11c339b96d75eb932c30b4d424ca0e31d0c0,2,184015,outputs/evaluation-and-correctness-may2026/final-results-tables-and-plots/plots/model_language_structural/google_gemma-2-2b-it_java_structural.png
1034,96b9d7f0d6e2ed7130883e714dea11c339b96d75eb932c30b4d424ca0e31d0c0,2,184015,outputs/segregated_results/open-source-base/may2026/final-results-tables-and-plots/plots/model_language_structural/google_gemma-2-2b-it_java_structural.png
1035,96f9ce5aa86f7fda1f36d77d069b6c29fb34cade4f956a9d58bbaf43d2337a08,2,335797,outputs/correctness/qwen25_1_5b_instruct_lora_multilang_P1_few_shot_python_400_v1_correctness_detailed.jsonl
1035,96f9ce5aa86f7fda1f36d77d069b6c29fb34cade4f956a9d58bbaf43d2337a08,2,335797,outputs/segregated_results/open-source-lora/correctness/qwen25_1_5b_instruct_lora_multilang_P1_few_shot_python_400_v1_correctness_detailed.jsonl
1036,97a0e9223a945ad40aca47a51594b46e6bdd5d3401b6499abceb5627ff1bfa60,2,399797,outputs/evaluation-and-correctness-may2026/open-source/codegemma_2b_P1_zero_shot_java_400_v1_code_grounded_detailed.jsonl
1036,97a0e9223a945ad40aca47a51594b46e6bdd5d3401b6499abceb5627ff1bfa60,2,399797,outputs/segregated_results/open-source-base/may2026/open-source/codegemma_2b_P1_zero_shot_java_400_v1_code_grounded_detailed.jsonl
1037,97bf3774eb80049c8301eb46ed52f123d9d0f241339077123e4145eb5f26bb22,2,192629,outputs/evaluation-and-correctness-may2026/final-results-tables-and-plots/plots/model_language_structural/google_codegemma-2b_javascript_structural.png
1037,97bf3774eb80049c8301eb46ed52f123d9d0f241339077123e4145eb5f26bb22,2,192629,outputs/segregated_results/open-source-base/may2026/final-results-tables-and-plots/plots/model_language_structural/google_codegemma-2b_javascript_structural.png
1038,97fc0371e8bb23fe7b5e426c4cf140aaa37320a3e7dac388f75a32fac6849c69,2,1337,outputs/evaluation-and-correctness-may2026/open-source-fine-tuned/codegemma_2b_lora_multilang/codegemma_2b_lora_multilang_P1_zero_shot_python_400_v1_code_grounded_summary.json
1038,97fc0371e8bb23fe7b5e426c4cf140aaa37320a3e7dac388f75a32fac6849c69,2,1337,outputs/segregated_results/open-source-lora/_long_paths/e11cabe07d49_codegemma_2b_lora_multilang_P1_zero_shot_python_400_v1_code_grounded_summary.json
1039,99a672f07d5c904f10534c29f428450ba1a4bec40176d146017069fa8c7d0e25,2,1043,outputs/evaluation-and-correctness-may2026/open-source/qwen25_coder_1_5b_instruct_P1_one_shot_java_10_smoke_v2_summary.json
1039,99a672f07d5c904f10534c29f428450ba1a4bec40176d146017069fa8c7d0e25,2,1043,outputs/segregated_results/open-source-base/may2026/open-source/qwen25_coder_1_5b_instruct_P1_one_shot_java_10_smoke_v2_summary.json
1040,99e285b49ecec20d53ddbde94743b3d73b17c6e22855014a58a848d952d9ccff,2,1112,outputs/evaluation-and-correctness-may2026/open-source/qwen25_1_5b_instruct_P2_structured_20_summary.json
1040,99e285b49ecec20d53ddbde94743b3d73b17c6e22855014a58a848d952d9ccff,2,1112,outputs/segregated_results/open-source-base/may2026/open-source/qwen25_1_5b_instruct_P2_structured_20_summary.json
1041,9a19faf23e4f9e87207d4ea9bb463575b1fdcc2cddf9ce1721911c5e762440fb,2,1338,outputs/evaluation-and-correctness-may2026/open-source-fine-tuned/codegemma_2b_lora_multilang/codegemma_2b_lora_multilang_P1_one_shot_python_400_v1_code_grounded_summary.json
1041,9a19faf23e4f9e87207d4ea9bb463575b1fdcc2cddf9ce1721911c5e762440fb,2,1338,outputs/segregated_results/open-source-lora/_long_paths/adfde55fd9fa_codegemma_2b_lora_multilang_P1_one_shot_python_400_v1_code_grounded_summary.json
1042,9a240c7c01a54534f62700817570a695e19eac38e026f31c0533407e723ad658,2,357964,outputs/evaluations/qwen25_coder_1_5b_instruct_lora_multilang_P1_one_shot_javascript_400_v1_eval.json_detailed.jsonl
1042,9a240c7c01a54534f62700817570a695e19eac38e026f31c0533407e723ad658,2,357964,outputs/segregated_results/open-source-lora/eval/qwen25_coder_1_5b_instruct_lora_multilang_P1_one_shot_javascript_400_v1_eval.json_detailed.jsonl
1043,9adcb6556e9e2657b62846de21155120cbbb94bf50e6cd7624844b845efe5cbd,2,24018,outputs/raw_generations/commercial_old/gpt54_codex_cli_P1_zero_shot_python_50_v1.jsonl
1043,9adcb6556e9e2657b62846de21155120cbbb94bf50e6cd7624844b845efe5cbd,2,24018,outputs/segregated_results/commercial-base/raw/commercial_old/gpt54_codex_cli_P1_zero_shot_python_50_v1.jsonl
1044,9b0f072583acbdbfcc63b9009b185c1650ff284eac29a04661e86cb9c1c91079,2,358643,outputs/evaluation-and-correctness-may2026/open-source/codegemma_2b_P1_few_shot_java_400_v1_code_grounded_detailed.jsonl
1044,9b0f072583acbdbfcc63b9009b185c1650ff284eac29a04661e86cb9c1c91079,2,358643,outputs/segregated_results/open-source-base/may2026/open-source/codegemma_2b_P1_few_shot_java_400_v1_code_grounded_detailed.jsonl
1045,9b4975b68b2267763c0cd1a63c1d2ce9fc159c488c0eaf0aff2be6125b3f468c,2,1124,outputs/evaluations/qwen25_coder_1_5b_instruct_P1_one_shot_python_200_t05_p09_k50_v1_eval.json_summary.json
1045,9b4975b68b2267763c0cd1a63c1d2ce9fc159c488c0eaf0aff2be6125b3f468c,2,1124,outputs/segregated_results/open-source-base/eval/qwen25_coder_1_5b_instruct_P1_one_shot_python_200_t05_p09_k50_v1_eval.json_summary.json
1046,9b79dd5479ec06b18beb7d585eb873383f839fa93f4a54f47cddce939aa28233,2,1205,outputs/evaluation-and-correctness-may2026/open-source-fine-tuned/qwen25_coder_1_5b_lora_multilang/qwen25_coder_1_5b_instruct_lora_multilang_P1_zero_shot_java_400_v1_summary.json
1046,9b79dd5479ec06b18beb7d585eb873383f839fa93f4a54f47cddce939aa28233,2,1205,outputs/segregated_results/open-source-lora/_long_paths/90cdffc2d3f5_qwen25_coder_1_5b_instruct_lora_multilang_P1_zero_shot_java_400_v1_summary.json
1047,9b8714081b73932f56da371b13c79fe345daf5934639ad0b610cb3f283551616,2,1124,outputs/evaluations/qwen25_coder_1_5b_instruct_P1_few_shot_javascript_400_v1_eval.json_summary.json
1047,9b8714081b73932f56da371b13c79fe345daf5934639ad0b610cb3f283551616,2,1124,outputs/segregated_results/open-source-base/eval/qwen25_coder_1_5b_instruct_P1_few_shot_javascript_400_v1_eval.json_summary.json
1048,9be900dd892991ebf044d2f8a834103dbe6c9b51e770dcb06eed1d543e74dcb8,2,327825,outputs/evaluation-and-correctness-may2026/open-source/codegemma_2b_P1_zero_shot_python_400_v1_detailed.jsonl
1048,9be900dd892991ebf044d2f8a834103dbe6c9b51e770dcb06eed1d543e74dcb8,2,327825,outputs/segregated_results/open-source-base/may2026/open-source/codegemma_2b_P1_zero_shot_python_400_v1_detailed.jsonl
1049,9c299b480968601453b9cd925c88bf80dc836bb1da6b654ec47488f436c94eaf,2,524806,outputs/batches/gpt_5_4_P1_zero_shot_javascript_400_v1/batch_requests.jsonl
1049,9c299b480968601453b9cd925c88bf80dc836bb1da6b654ec47488f436c94eaf,2,524806,outputs/segregated_results/commercial-base/batches/gpt_5_4_P1_zero_shot_javascript_400_v1/batch_requests.jsonl
1050,9cade998abc0f7ab0dfa40783db3e16dc96ea0e3e4e7057aad7d1c5c2f6bd62e,2,1141,outputs/evaluation-and-correctness-may2026/open-source/qwen25_coder_1_5b_instruct_P1_one_shot_javascript_400_v3_repaired_summary.json
1050,9cade998abc0f7ab0dfa40783db3e16dc96ea0e3e4e7057aad7d1c5c2f6bd62e,2,1141,outputs/segregated_results/open-source-base/may2026/open-source/qwen25_coder_1_5b_instruct_P1_one_shot_javascript_400_v3_repaired_summary.json
1051,9d1adb3441527009db0bd2aaca8ee88f859bb95241b635145ebcb62148143861,2,757,outputs/batches/gpt_5_4_P1_zero_shot_python_400_v1/state.json
1051,9d1adb3441527009db0bd2aaca8ee88f859bb95241b635145ebcb62148143861,2,757,outputs/segregated_results/commercial-base/batches/gpt_5_4_P1_zero_shot_python_400_v1/state.json
1052,9d436b7623c5e6acb60ac63e64f444e2fca9b0d6fbc58f42bbd1c1a01f3ba668,2,396010,outputs/evaluation-and-correctness-may2026/open-source/qwen25_coder_1_5b_instruct_P1_zero_shot_python_400_v1_detailed.jsonl
1052,9d436b7623c5e6acb60ac63e64f444e2fca9b0d6fbc58f42bbd1c1a01f3ba668,2,396010,outputs/segregated_results/open-source-base/may2026/open-source/qwen25_coder_1_5b_instruct_P1_zero_shot_python_400_v1_detailed.jsonl
1053,9dedb5ac4ddf46dd7a155996b31ad1d04d988f1590ba874a48ca22dc7ad9877d,2,420685,outputs/evaluations/qwen25_coder_1_5b_instruct_P1_zero_shot_javascript_400_v1_eval.json_detailed.jsonl
1053,9dedb5ac4ddf46dd7a155996b31ad1d04d988f1590ba874a48ca22dc7ad9877d,2,420685,outputs/segregated_results/open-source-base/eval/qwen25_coder_1_5b_instruct_P1_zero_shot_javascript_400_v1_eval.json_detailed.jsonl
1054,9e0ce5976a434921d19cff0ffc3015ebba416ff1d33a29d0b5d73d1e70c2109d,2,644,outputs/responses/gpt_5_3_codex_P1_zero_shot_python_400_v1/state.json
1054,9e0ce5976a434921d19cff0ffc3015ebba416ff1d33a29d0b5d73d1e70c2109d,2,644,outputs/segregated_results/commercial-base/responses/gpt_5_3_codex_P1_zero_shot_python_400_v1/state.json
1055,9e0f72698ec2aeddd880f48edffc17cf71e3ecfc233bf8c95964faf2f28e6bf7,2,2104,outputs/evaluations/qwen25_1_5b_instruct_P1_zero_shot_balanced_300_eval.json_summary.json
1055,9e0f72698ec2aeddd880f48edffc17cf71e3ecfc233bf8c95964faf2f28e6bf7,2,2104,outputs/segregated_results/open-source-base/eval/qwen25_1_5b_instruct_P1_zero_shot_balanced_300_eval.json_summary.json
1056,9e5cc95faed7f55535cd56753452d4b77d76db5ae170148374437b21cf5f1393,2,1619,outputs/correctness/qwen25_coder_1_5b_instruct_lora_multilang_P1_one_shot_javascript_400_v1_correctness_summary.json
1056,9e5cc95faed7f55535cd56753452d4b77d76db5ae170148374437b21cf5f1393,2,1619,outputs/segregated_results/open-source-lora/correctness/qwen25_coder_1_5b_instruct_lora_multilang_P1_one_shot_javascript_400_v1_correctness_summary.json
1057,9ed967c20ab6d3e9d2b57546169946a33105a438b0a7c72da7f912a1cb65b8ea,2,997,outputs/evaluations/commercial/gpt54_codex_cli_P1_zero_shot_python_50_v1_summary.json
1057,9ed967c20ab6d3e9d2b57546169946a33105a438b0a7c72da7f912a1cb65b8ea,2,997,outputs/segregated_results/commercial-base/eval/commercial/gpt54_codex_cli_P1_zero_shot_python_50_v1_summary.json
1058,9f1283c4f19f14e4f62a3a63ba2e266014fee36dee6286e3baf3a23301a4c40b,2,2958,outputs/evaluation_And_corrctness_may2026_1/saturation_experiment/saturation_eval_log.txt
1058,9f1283c4f19f14e4f62a3a63ba2e266014fee36dee6286e3baf3a23301a4c40b,2,2958,outputs/segregated_results/shared-aggregate/may2026_legacy/saturation_experiment/saturation_eval_log.txt
1059,9f8c09d1f06060b4291c6bfe3a6a82ae265a01ed047578987365220ca1763cc8,2,260784,outputs/correctness/qwen25_1_5b_instruct_P1_few_shot_python_300_v1_correctness.json_detailed.jsonl
1059,9f8c09d1f06060b4291c6bfe3a6a82ae265a01ed047578987365220ca1763cc8,2,260784,outputs/segregated_results/open-source-base/correctness/qwen25_1_5b_instruct_P1_few_shot_python_300_v1_correctness.json_detailed.jsonl
1060,9f95835a028a19f4a794ac8d852b6dd6a8f341b28aceca7a82da07e97863335f,2,343862,outputs/evaluations/gpt_5_1_P1_zero_shot_javascript_400_v1_eval.json_detailed.jsonl
1060,9f95835a028a19f4a794ac8d852b6dd6a8f341b28aceca7a82da07e97863335f,2,343862,outputs/segregated_results/commercial-base/eval/gpt_5_1_P1_zero_shot_javascript_400_v1_eval.json_detailed.jsonl
1061,9fdb956cc8851a04fffc40cfbecdef8b4026ab2e8b4d2e8c2d715aa610a17e6d,2,1584,outputs/correctness/qwen25_1_5b_instruct_lora_multilang_P1_few_shot_python_400_v1_correctness_summary.json
1061,9fdb956cc8851a04fffc40cfbecdef8b4026ab2e8b4d2e8c2d715aa610a17e6d,2,1584,outputs/segregated_results/open-source-lora/correctness/qwen25_1_5b_instruct_lora_multilang_P1_few_shot_python_400_v1_correctness_summary.json
1062,a09e04d7abc36d668a9a7ca4cdb486d411923deb629b1172d70587d68f9e953b,2,1127,outputs/evaluations/qwen25_coder_1_5b_instruct_P1_one_shot_python_200_t07_p095_k50_v1_eval.json_summary.json
1062,a09e04d7abc36d668a9a7ca4cdb486d411923deb629b1172d70587d68f9e953b,2,1127,outputs/segregated_results/open-source-base/eval/qwen25_coder_1_5b_instruct_P1_one_shot_python_200_t07_p095_k50_v1_eval.json_summary.json
1063,a0a4ebfbec7e4a5fa70d9fe79f56f47fda0aef098e37980f8b687f6f6ec770fc,2,94799,outputs/evaluations/qwen25_coder_1_5b_instruct_P1_zero_shot_python_100_v1_detailed.jsonl
1063,a0a4ebfbec7e4a5fa70d9fe79f56f47fda0aef098e37980f8b687f6f6ec770fc,2,94799,outputs/segregated_results/open-source-base/eval/qwen25_coder_1_5b_instruct_P1_zero_shot_python_100_v1_detailed.jsonl
1064,a147ace0b2588514db0b4b8630a12974747449c2297d3ae699e30d2ae766f561,2,1044,outputs/evaluations/qwen25_coder_1_5b_instruct_P1_few_shot_python_300_v1_summary.json
1064,a147ace0b2588514db0b4b8630a12974747449c2297d3ae699e30d2ae766f561,2,1044,outputs/segregated_results/open-source-base/eval/qwen25_coder_1_5b_instruct_P1_few_shot_python_300_v1_summary.json
1065,a162685ca463199425aa02c5def9bfebc75cb5e6a13a8cca280b815ae61b4aea,2,354539,outputs/evaluations/qwen25_1_5b_instruct_P1_one_shot_python_400_v1_eval.json_detailed.jsonl
1065,a162685ca463199425aa02c5def9bfebc75cb5e6a13a8cca280b815ae61b4aea,2,354539,outputs/segregated_results/open-source-base/eval/qwen25_1_5b_instruct_P1_one_shot_python_400_v1_eval.json_detailed.jsonl
1066,a1b8ba649144ec5c8945f29b2a864c1e6cbb3c1d9d65862cf4d36185e3accde3,2,1182,outputs/correctness/deepseek_chat_P1_one_shot_python_400_smoke_correctness.json_summary.json
1066,a1b8ba649144ec5c8945f29b2a864c1e6cbb3c1d9d65862cf4d36185e3accde3,2,1182,outputs/segregated_results/commercial-base/correctness/deepseek_chat_P1_one_shot_python_400_smoke_correctness.json_summary.json
1067,a1cd631fbe67c51bab3b2c4e59ada270236b50a0a9ec47ae23157b820c107cef,2,1107,outputs/evaluations/qwen25_coder_1_5b_instruct_P1_zero_shot_100_eval.json_summary.json
1067,a1cd631fbe67c51bab3b2c4e59ada270236b50a0a9ec47ae23157b820c107cef,2,1107,outputs/segregated_results/open-source-base/eval/qwen25_coder_1_5b_instruct_P1_zero_shot_100_eval.json_summary.json
1068,a1d95a700a9d2f522fc9788b1a7d99b0e4f88258f3fede65666744b78801b17a,2,288493,outputs/evaluations/gemma_2_2b_it_P1_zero_shot_python_300_ZS_v3_eval.json_detailed.jsonl
1068,a1d95a700a9d2f522fc9788b1a7d99b0e4f88258f3fede65666744b78801b17a,2,288493,outputs/segregated_results/open-source-base/eval/gemma_2_2b_it_P1_zero_shot_python_300_ZS_v3_eval.json_detailed.jsonl
1069,a1dd417992c2460ef990e67926e950e4c76788aa3100076ce713fbfc7febde35,2,528295,outputs/evaluations/qwen25_coder_1_5b_instruct_P1_few_shot_python_600_v1_detailed.jsonl
1069,a1dd417992c2460ef990e67926e950e4c76788aa3100076ce713fbfc7febde35,2,528295,outputs/segregated_results/open-source-base/eval/qwen25_coder_1_5b_instruct_P1_few_shot_python_600_v1_detailed.jsonl
1070,a22c036768c48369dfcf34120eb8a1a2e6b8339e94256700305d160d2bf21111,2,753,outputs/batches/gpt_5_4_P1_zero_shot_java_400_v1/state.json
1070,a22c036768c48369dfcf34120eb8a1a2e6b8339e94256700305d160d2bf21111,2,753,outputs/segregated_results/commercial-base/batches/gpt_5_4_P1_zero_shot_java_400_v1/state.json
1071,a236c8c20a690e2ec57d958bad8ce37bee401186537ef0a873c2f6084a1ebb04,2,190025,outputs/evaluation_And_corrctness_may2026_1/decoding_sensitivity/plots/decoding_sensitivity_bertscore.png
1071,a236c8c20a690e2ec57d958bad8ce37bee401186537ef0a873c2f6084a1ebb04,2,190025,outputs/segregated_results/shared-aggregate/may2026_legacy/decoding_sensitivity/plots/decoding_sensitivity_bertscore.png
1072,a25c78df909814722619f9fc4ec79d2f33243c35b3db33c715a90ce5f4c8be63,2,252149,outputs/raw_generations/open-source-fine-tuned/qwen25_coder_1_5b_lora_multilang/qwen25_coder_1_5b_instruct_lora_multilang_P1_zero_shot_javascript_400_v1.jsonl
1072,a25c78df909814722619f9fc4ec79d2f33243c35b3db33c715a90ce5f4c8be63,2,252149,outputs/segregated_results/open-source-lora/_long_paths/67ba25550d0b_qwen25_coder_1_5b_instruct_lora_multilang_P1_zero_shot_javascript_400_v1.jsonl
1073,a268c4ec0687644ba83ceed059c239e342acb9df816f9483f09fccfdeb0bc4f7,2,320429,outputs/evaluation-and-correctness-may2026/open-source-fine-tuned/codegemma_2b_lora_multilang/codegemma_2b_lora_multilang_P1_zero_shot_python_400_v1_code_grounded_detailed.jsonl
1073,a268c4ec0687644ba83ceed059c239e342acb9df816f9483f09fccfdeb0bc4f7,2,320429,outputs/segregated_results/open-source-lora/_long_paths/300a156093a9_codegemma_2b_lora_multilang_P1_zero_shot_python_400_v1_code_grounded_detailed.jsonl
1074,a2a9b8ff42706589e567db0bb466bd04994a94277c8255a504eea46d44319062,2,261792,outputs/evaluations/qwen25_1_5b_instruct_P1_few_shot_python_300_v1_detailed.jsonl
1074,a2a9b8ff42706589e567db0bb466bd04994a94277c8255a504eea46d44319062,2,261792,outputs/segregated_results/open-source-base/eval/qwen25_1_5b_instruct_P1_few_shot_python_300_v1_detailed.jsonl
1075,a2d26f497c5ff1515be3d5503c9f73259d1e80e18a9ce241eb1acf7dd6d74497,2,1112,outputs/evaluations/qwen25_1_5b_instruct_P1_few_shot_python_300_v1_eval.json_summary.json
1075,a2d26f497c5ff1515be3d5503c9f73259d1e80e18a9ce241eb1acf7dd6d74497,2,1112,outputs/segregated_results/open-source-base/eval/qwen25_1_5b_instruct_P1_few_shot_python_300_v1_eval.json_summary.json
1076,a34e94e798efa815f186711de8b3bca66bc3b6efa8f331364dc7c13407793216,2,1138,outputs/evaluation_And_corrctness_may2026_1/saturation_experiment/qwen25_coder_1_5b_instruct_P1_zero_shot_python_1200_v1_summary.json
1076,a34e94e798efa815f186711de8b3bca66bc3b6efa8f331364dc7c13407793216,2,1138,outputs/segregated_results/open-source-base/may2026_legacy/saturation_experiment/qwen25_coder_1_5b_instruct_P1_zero_shot_python_1200_v1_summary.json
1077,a40cc36802fbffc5407e4fb9ee83cf487b93234104f7afe5dde36c3c64f56f89,2,2413,outputs/correctness/gemini_3_flash_preview_P1_one_shot_python_400_smoke_correctness.json_detailed.jsonl
1077,a40cc36802fbffc5407e4fb9ee83cf487b93234104f7afe5dde36c3c64f56f89,2,2413,outputs/segregated_results/commercial-base/correctness/gemini_3_flash_preview_P1_one_shot_python_400_smoke_correctness.json_detailed.jsonl
1078,a416e2b98d635bc8bfd47fabc909b4b7859532c57aca2d8dafb47285b216d4bb,2,1288,outputs/evaluation-and-correctness-may2026/open-source/codegemma_2b_P1_few_shot_java_400_v1_code_grounded_summary.json
1078,a416e2b98d635bc8bfd47fabc909b4b7859532c57aca2d8dafb47285b216d4bb,2,1288,outputs/segregated_results/open-source-base/may2026/open-source/codegemma_2b_P1_few_shot_java_400_v1_code_grounded_summary.json
1079,a41d3d4dd2e0d7de8eb41ce3c754c22d0e53019ecc8126734162a550077786ab,2,352537,outputs/evaluations/qwen25_coder_1_5b_instruct_P1_few_shot_python_400_v1_detailed.jsonl
1079,a41d3d4dd2e0d7de8eb41ce3c754c22d0e53019ecc8126734162a550077786ab,2,352537,outputs/segregated_results/open-source-base/eval/qwen25_coder_1_5b_instruct_P1_few_shot_python_400_v1_detailed.jsonl
1080,a421c8a74fd5df2afd8cc074ec4fd5bdc90c41676acd20058e5e196880c977b8,2,5905,outputs/raw_generations/open-source-fine-tuned/gemma_2_2b_it_lora_multilang/gemma_2_2b_it_lora_smoke_test_strict.jsonl
1080,a421c8a74fd5df2afd8cc074ec4fd5bdc90c41676acd20058e5e196880c977b8,2,5905,outputs/segregated_results/open-source-lora/raw/open-source-fine-tuned/gemma_2_2b_it_lora_multilang/gemma_2_2b_it_lora_smoke_test_strict.jsonl
1081,a42a479868f04e866e800753cda5f4baed87346a030640d38c1d4b343887ef1e,2,120732,outputs/evaluation-and-correctness-may2026/final-results-tables-and-plots/plots/model_language_structural/gpt-5.1_java_structural.png
1081,a42a479868f04e866e800753cda5f4baed87346a030640d38c1d4b343887ef1e,2,120732,outputs/segregated_results/commercial-base/may2026/final-results-tables-and-plots/plots/model_language_structural/gpt-5.1_java_structural.png
1082,a43d789e923617daf65a0f1d7eb30ff8c7637882c885ad3b288965e8a806c9d6,2,1359,outputs/evaluation-and-correctness-may2026/open-source-fine-tuned/codegemma_2b_lora_multilang/codegemma_2b_lora_multilang_P1_zero_shot_java_400_v1_code_grounded_summary.json
1082,a43d789e923617daf65a0f1d7eb30ff8c7637882c885ad3b288965e8a806c9d6,2,1359,outputs/segregated_results/open-source-lora/_long_paths/3e1aadbf72d2_codegemma_2b_lora_multilang_P1_zero_shot_java_400_v1_code_grounded_summary.json
1083,a448ccee637298492e55d31b70b5d483a849df8e8ecb2193dd0b8531f96de13b,2,1089,outputs/evaluations/gpt_5_3_codex_P1_zero_shot_java_400_v1_eval.json_summary.json
1083,a448ccee637298492e55d31b70b5d483a849df8e8ecb2193dd0b8531f96de13b,2,1089,outputs/segregated_results/commercial-base/eval/gpt_5_3_codex_P1_zero_shot_java_400_v1_eval.json_summary.json
1084,a515935dba248c5e6b667917704a798ba4b58ef013b37b0e833d3312e5ea8ae2,2,1328,outputs/correctness/qwen25_coder_1_5b_instruct_P1_zero_shot_javascript_400_v1_correctness_summary.json
1084,a515935dba248c5e6b667917704a798ba4b58ef013b37b0e833d3312e5ea8ae2,2,1328,outputs/segregated_results/open-source-base/correctness/qwen25_coder_1_5b_instruct_P1_zero_shot_javascript_400_v1_correctness_summary.json
1085,a5378e6ab82f88915edceff035bc3a52d0cc97888d37ddc816af965c151977a7,2,335890,outputs/evaluations/qwen25_1_5b_instruct_P1_zero_shot_java_400_v1_eval.json_detailed.jsonl
1085,a5378e6ab82f88915edceff035bc3a52d0cc97888d37ddc816af965c151977a7,2,335890,outputs/segregated_results/open-source-base/eval/qwen25_1_5b_instruct_P1_zero_shot_java_400_v1_eval.json_detailed.jsonl
1086,a53c64a054384b1ebff25ff1eecb3e549acfc38863ef84f3bf1219b5955aa0c6,2,1063,outputs/evaluations/gpt_5_4_P1_zero_shot_javascript_400_v1_eval.json_summary.json
1086,a53c64a054384b1ebff25ff1eecb3e549acfc38863ef84f3bf1219b5955aa0c6,2,1063,outputs/segregated_results/commercial-base/eval/gpt_5_4_P1_zero_shot_javascript_400_v1_eval.json_summary.json
1087,a58e1198972c7772720c399f613162771c186eb4758840a839ab0bd116925d8d,2,642119,outputs/batches/gpt_5_1_P1_one_shot_python_400_v1/batch_output.jsonl
1087,a58e1198972c7772720c399f613162771c186eb4758840a839ab0bd116925d8d,2,642119,outputs/segregated_results/commercial-base/batches/gpt_5_1_P1_one_shot_python_400_v1/batch_output.jsonl
1088,a5d4ba7de9047a3e4588d1399060884e389156d0c3c4a24ca5c7c787b7a4e423,2,1250,outputs/correctness/gpt_5_4_P1_zero_shot_python_400_v1_correctness.json_summary.json
1088,a5d4ba7de9047a3e4588d1399060884e389156d0c3c4a24ca5c7c787b7a4e423,2,1250,outputs/segregated_results/commercial-base/correctness/gpt_5_4_P1_zero_shot_python_400_v1_correctness.json_summary.json
1089,a5e1e1644280d83d582274c5dad9c4832fcce1d33d2b8542f86b5fb513520d71,2,184198,outputs/evaluation_And_corrctness_may2026_1/decoding_sensitivity/plots/publication_highlighted/omission_rate_highlighted.png
1089,a5e1e1644280d83d582274c5dad9c4832fcce1d33d2b8542f86b5fb513520d71,2,184198,outputs/segregated_results/shared-aggregate/may2026_legacy/decoding_sensitivity/plots/publication_highlighted/omission_rate_highlighted.png
1090,a5ebe73bd32f252d8dea40528e9f904868cf9e5c53f134f8ca49a53771bd0e0a,2,2344,outputs/evaluations/gemini_3_flash_preview_P1_one_shot_python_400_smoke_eval.json_detailed.jsonl
1090,a5ebe73bd32f252d8dea40528e9f904868cf9e5c53f134f8ca49a53771bd0e0a,2,2344,outputs/segregated_results/commercial-base/eval/gemini_3_flash_preview_P1_one_shot_python_400_smoke_eval.json_detailed.jsonl
1091,a5eea4f45e576a412be785a1c311dc2359f5521fbecfb4e0f144e9ede3470b8f,2,465,outputs/evaluations/qwen25_coder_1_5b_instruct_P1_zero_shot_20_summary.json
1091,a5eea4f45e576a412be785a1c311dc2359f5521fbecfb4e0f144e9ede3470b8f,2,465,outputs/segregated_results/open-source-base/eval/qwen25_coder_1_5b_instruct_P1_zero_shot_20_summary.json
1092,a60ad962fd0586fa756aa59795b2d6679f505b0dc9503879d99e00a143b5962d,2,360291,outputs/evaluation-and-correctness-may2026/open-source/qwen25_coder_1_5b_instruct_P1_one_shot_python_400_v1_detailed.jsonl
1092,a60ad962fd0586fa756aa59795b2d6679f505b0dc9503879d99e00a143b5962d,2,360291,outputs/segregated_results/open-source-base/may2026/open-source/qwen25_coder_1_5b_instruct_P1_one_shot_python_400_v1_detailed.jsonl
1093,a640b522d2e68f8b34c1b5be54ba4cc3cb15feb82ee2f06e07be252486cd14fd,2,1138,outputs/evaluation-and-correctness-may2026/open-source/qwen25_coder_1_5b_instruct_P1_zero_shot_python_1200_v1_summary.json
1093,a640b522d2e68f8b34c1b5be54ba4cc3cb15feb82ee2f06e07be252486cd14fd,2,1138,outputs/segregated_results/open-source-base/may2026/open-source/qwen25_coder_1_5b_instruct_P1_zero_shot_python_1200_v1_summary.json
1094,a69040faff7cb9b290f56591140b7fdad83d45de850b2150cf90f6094e00c017,2,15865,outputs/batches/gpt_5_1_P1_zero_shot_python_10_smoke_v3/batch_output.jsonl
1094,a69040faff7cb9b290f56591140b7fdad83d45de850b2150cf90f6094e00c017,2,15865,outputs/segregated_results/commercial-base/batches/gpt_5_1_P1_zero_shot_python_10_smoke_v3/batch_output.jsonl
1095,a6a2f25f7d33ef2fdb0156a34444d776535f5568f44c56ad58fbeb948393db9d,2,294,outputs/evaluation_And_corrctness_may2026_1/saturation_experiment/saturation_publication_fixed_axis/saturation_metrics_fixed_axis_used.csv
1095,a6a2f25f7d33ef2fdb0156a34444d776535f5568f44c56ad58fbeb948393db9d,2,294,outputs/segregated_results/shared-aggregate/may2026_legacy/saturation_experiment/saturation_publication_fixed_axis/saturation_metrics_fixed_axis_used.csv
1096,a7686018abc9f4db64f9e83b14a070eb1ea76abd19046b2ff4394d98f6fd4b5b,2,379722,outputs/evaluation-and-correctness-may2026/final-results-tables-and-plots/plots/tradeoff_plots/python_coverage_vs_omission.png
1096,a7686018abc9f4db64f9e83b14a070eb1ea76abd19046b2ff4394d98f6fd4b5b,2,379722,outputs/segregated_results/shared-aggregate/may2026/final-results-tables-and-plots/plots/tradeoff_plots/python_coverage_vs_omission.png
1097,a7901dcd7b002211d2dd56279219f5ccf339cefd62b2c411247c80a20a131a91,2,7408,outputs/evaluations/qwen25_1_5b_instruct_P2_structured_detailed.jsonl
1097,a7901dcd7b002211d2dd56279219f5ccf339cefd62b2c411247c80a20a131a91,2,7408,outputs/segregated_results/open-source-base/eval/qwen25_1_5b_instruct_P2_structured_detailed.jsonl
1098,a7b8f272da765d4ee923ea56e91e8710645ecd426fd4a13bf16011f71b59bb01,2,1091,outputs/evaluation-and-correctness-may2026/open-source/codegemma_2b_P1_few_shot_java_400_v1_summary.json
1098,a7b8f272da765d4ee923ea56e91e8710645ecd426fd4a13bf16011f71b59bb01,2,1091,outputs/segregated_results/open-source-base/may2026/open-source/codegemma_2b_P1_few_shot_java_400_v1_summary.json
1099,a7d30decac5be2d03dc153af7e079ac05f131f5eaa82d060416cc3e68729a1a4,2,246814,outputs/raw_generations/open-source-fine-tuned/codegemma_2b_lora_multilang/codegemma_2b_lora_multilang_P1_one_shot_java_400_v1.jsonl
1099,a7d30decac5be2d03dc153af7e079ac05f131f5eaa82d060416cc3e68729a1a4,2,246814,outputs/segregated_results/open-source-lora/raw/open-source-fine-tuned/codegemma_2b_lora_multilang/codegemma_2b_lora_multilang_P1_one_shot_java_400_v1.jsonl
1100,a8408132b7a8b22566d817e34e1fef6deabd668252df7f0440dda168a63943bd,2,1276,outputs/evaluation-and-correctness-may2026/open-source/gemma_2_2b_it_P1_few_shot_python_400_v1_code_grounded_summary.json
1100,a8408132b7a8b22566d817e34e1fef6deabd668252df7f0440dda168a63943bd,2,1276,outputs/segregated_results/open-source-base/may2026/open-source/gemma_2_2b_it_P1_few_shot_python_400_v1_code_grounded_summary.json
1101,a8e06428cb2a91bab67224024b846e480b499b9e60abb58717808262f2163581,2,384464,outputs/evaluations/qwen25_coder_1_5b_instruct_P1_zero_shot_python_400_v1_detailed.jsonl
1101,a8e06428cb2a91bab67224024b846e480b499b9e60abb58717808262f2163581,2,384464,outputs/segregated_results/open-source-base/eval/qwen25_coder_1_5b_instruct_P1_zero_shot_python_400_v1_detailed.jsonl
1102,a8f62fb11576df9f1da1a745d7b85457b571a2e640f132f65fde7a5990127b3f,2,119932,outputs/evaluations/qwen25_coder_1_5b_instruct_P1_zero_shot_100_detailed.jsonl
1102,a8f62fb11576df9f1da1a745d7b85457b571a2e640f132f65fde7a5990127b3f,2,119932,outputs/segregated_results/open-source-base/eval/qwen25_coder_1_5b_instruct_P1_zero_shot_100_detailed.jsonl
1103,a8f8097b0ea25b1877876d749d060fd236e581dcb249698d1299cf5682ad750d,2,367182,outputs/evaluation-and-correctness-may2026/final-results-tables-and-plots/plots/per_language_prompt_trends/bleu/javascript_bleu_prompt_trend.png
1103,a8f8097b0ea25b1877876d749d060fd236e581dcb249698d1299cf5682ad750d,2,367182,outputs/segregated_results/shared-aggregate/may2026/final-results-tables-and-plots/plots/per_language_prompt_trends/bleu/javascript_bleu_prompt_trend.png
1104,a939c95913d85013351b0cca22aa6101b5286d91f70d57c734476e6fe509d8b0,2,1123,outputs/evaluations/qwen25_coder_1_5b_instruct_P1_zero_shot_javascript_400_v1_eval.json_summary.json
1104,a939c95913d85013351b0cca22aa6101b5286d91f70d57c734476e6fe509d8b0,2,1123,outputs/segregated_results/open-source-base/eval/qwen25_coder_1_5b_instruct_P1_zero_shot_javascript_400_v1_eval.json_summary.json
1105,aa016c69f6cfdfc10517dbc17c9ee544e036a362c6fd803732c8ce9464eac567,2,182130,outputs/evaluation-and-correctness-may2026/open-source/qwen25_coder_1_5b_instruct_P1_few_shot_python_200_resumed_v1_detailed.jsonl
1105,aa016c69f6cfdfc10517dbc17c9ee544e036a362c6fd803732c8ce9464eac567,2,182130,outputs/segregated_results/open-source-base/may2026/open-source/qwen25_coder_1_5b_instruct_P1_few_shot_python_200_resumed_v1_detailed.jsonl
1106,aa4cd873eb47def950ab4b850e373fff332e8941e15162ad076b25f8fc0c5515,2,338336,outputs/evaluation-and-correctness-may2026/open-source/gemma_2_2b_it_P1_zero_shot_javascript_400_v2_code_grounded_detailed.jsonl
1106,aa4cd873eb47def950ab4b850e373fff332e8941e15162ad076b25f8fc0c5515,2,338336,outputs/segregated_results/open-source-base/may2026/open-source/gemma_2_2b_it_P1_zero_shot_javascript_400_v2_code_grounded_detailed.jsonl
1107,aa89d11712fda64c4859c2ea7b36a993e263bb302de3d9ca9473dbeaad57a4d2,2,1141,outputs/evaluation_And_corrctness_may2026_1/decoding_sensitivity/qwen25_coder_1_5b_instruct_P1_zero_shot_python_400_t02_p09_k50_v1_summary.json
1107,aa89d11712fda64c4859c2ea7b36a993e263bb302de3d9ca9473dbeaad57a4d2,2,1141,outputs/segregated_results/open-source-base/may2026_legacy/decoding_sensitivity/qwen25_coder_1_5b_instruct_P1_zero_shot_python_400_t02_p09_k50_v1_summary.json
1108,aa8a0098e1f93eed019d2769a4c76053d9c859bd6f12d5add5d16a6b67668ac6,2,488,outputs/evaluations/qwen25_coder_1_5b_instruct_P1_zero_shot_balanced_300_summary.json
1108,aa8a0098e1f93eed019d2769a4c76053d9c859bd6f12d5add5d16a6b67668ac6,2,488,outputs/segregated_results/open-source-base/eval/qwen25_coder_1_5b_instruct_P1_zero_shot_balanced_300_summary.json
1109,aa8b29c928c53f43b34a98c9749aac72b48b3a44cbf356b2026c134f2a76990d,2,237023,outputs/raw_generations/open-source-fine-tuned/codegemma_2b_lora_multilang/codegemma_2b_lora_multilang_P1_few_shot_java_400_v1.jsonl
1109,aa8b29c928c53f43b34a98c9749aac72b48b3a44cbf356b2026c134f2a76990d,2,237023,outputs/segregated_results/open-source-lora/raw/open-source-fine-tuned/codegemma_2b_lora_multilang/codegemma_2b_lora_multilang_P1_few_shot_java_400_v1.jsonl
1110,aa914f23ee18df6c8de166c3a089ce5b73f071f9136f10ba77671e784c3b4524,2,1317,outputs/evaluations/qwen25_coder_1_5b_instruct_lora_multilang_P1_one_shot_javascript_400_v1_eval.json_summary.json
1110,aa914f23ee18df6c8de166c3a089ce5b73f071f9136f10ba77671e784c3b4524,2,1317,outputs/segregated_results/open-source-lora/eval/qwen25_coder_1_5b_instruct_lora_multilang_P1_one_shot_javascript_400_v1_eval.json_summary.json
1111,ab33aa4d9e3c3ff1d1ef1a2bf1c7415d8328890a29a6438f5149c19d2c386cb5,2,8340,outputs/correctness/gpt_5_1_codex_P1_zero_shot_python_10_smoke_v3_correctness.json_detailed.jsonl
1111,ab33aa4d9e3c3ff1d1ef1a2bf1c7415d8328890a29a6438f5149c19d2c386cb5,2,8340,outputs/segregated_results/commercial-base/correctness/gpt_5_1_codex_P1_zero_shot_python_10_smoke_v3_correctness.json_detailed.jsonl
1112,ab66c8795f17086b27820ee58eedd745c377dd3790a3dd33011b59288c687d46,2,346930,outputs/evaluation-and-correctness-may2026/final-results-tables-and-plots/plots/per_language_prompt_trends/bleu/java_bleu_prompt_trend.png
1112,ab66c8795f17086b27820ee58eedd745c377dd3790a3dd33011b59288c687d46,2,346930,outputs/segregated_results/shared-aggregate/may2026/final-results-tables-and-plots/plots/per_language_prompt_trends/bleu/java_bleu_prompt_trend.png
1113,abeaa11e25116daff3b92f709c9210e11f9a9244b1f86f5333a9f94a23227c15,2,1098,outputs/evaluation-and-correctness-may2026/open-source/codegemma_2b_P1_zero_shot_java_400_v1_summary.json
1113,abeaa11e25116daff3b92f709c9210e11f9a9244b1f86f5333a9f94a23227c15,2,1098,outputs/segregated_results/open-source-base/may2026/open-source/codegemma_2b_P1_zero_shot_java_400_v1_summary.json
1114,ac16597f87d97795b620bef4822527b5e730367ee1139023bc88a9913f9b5e0c,2,431569,outputs/raw_generations/qwen25_coder_1_5b_instruct_P1_zero_shot_javascript_400_v1.jsonl
1114,ac16597f87d97795b620bef4822527b5e730367ee1139023bc88a9913f9b5e0c,2,431569,outputs/segregated_results/open-source-base/raw/qwen25_coder_1_5b_instruct_P1_zero_shot_javascript_400_v1.jsonl
1115,ac6db6d25fc6bb5ea19a0be1657f27e4f7062240e8fb531b405c45aa2333a010,2,1128,outputs/evaluation-and-correctness-may2026/open-source/qwen25_coder_1_5b_instruct_P1_zero_shot_python_500_ZS_v3_summary.json
1115,ac6db6d25fc6bb5ea19a0be1657f27e4f7062240e8fb531b405c45aa2333a010,2,1128,outputs/segregated_results/open-source-base/may2026/open-source/qwen25_coder_1_5b_instruct_P1_zero_shot_python_500_ZS_v3_summary.json
1116,acb00487aae62328d2bb61af8ee9152aadf722846ce339a5d8b9d86c39ce69f2,2,641494,outputs/responses/gpt_5_3_codex_P1_zero_shot_python_400_v1/raw_responses.jsonl
1116,acb00487aae62328d2bb61af8ee9152aadf722846ce339a5d8b9d86c39ce69f2,2,641494,outputs/segregated_results/commercial-base/responses/gpt_5_3_codex_P1_zero_shot_python_400_v1/raw_responses.jsonl
1117,ace8d0b18c2a8b17c4da7241cbc301aead601b4cd024360cd1c43f07d23b7a83,2,1578,outputs/correctness/qwen25_1_5b_instruct_lora_multilang_P1_one_shot_python_400_v1_correctness_summary.json
1117,ace8d0b18c2a8b17c4da7241cbc301aead601b4cd024360cd1c43f07d23b7a83,2,1578,outputs/segregated_results/open-source-lora/correctness/qwen25_1_5b_instruct_lora_multilang_P1_one_shot_python_400_v1_correctness_summary.json
1118,ad03e0895571c9e18d831c88dc0666d1922bfbc59bf0d23e513fed2f47b9bdef,2,1142,outputs/evaluations/qwen25_coder_1_5b_instruct_lora_multilang_P1_zero_shot_python_400_v1_eval.json_summary.json
1118,ad03e0895571c9e18d831c88dc0666d1922bfbc59bf0d23e513fed2f47b9bdef,2,1142,outputs/segregated_results/open-source-lora/eval/qwen25_coder_1_5b_instruct_lora_multilang_P1_zero_shot_python_400_v1_eval.json_summary.json
1119,ad136fc0480d9d65991d26a002f22444f5866e0d6fe56a956c27e60a4415d91b,2,1108,outputs/evaluations/qwen25_1_5b_instruct_P1_few_shot_javascript_400_v1_eval.json_summary.json
1119,ad136fc0480d9d65991d26a002f22444f5866e0d6fe56a956c27e60a4415d91b,2,1108,outputs/segregated_results/open-source-base/eval/qwen25_1_5b_instruct_P1_few_shot_javascript_400_v1_eval.json_summary.json
1120,ad2a5a2fd2e0ad82ce50b6b9313ca4e917a709a598fb1f5c3e0a7824940ef193,2,1142,outputs/evaluation-and-correctness-may2026/open-source/qwen25_coder_1_5b_instruct_P1_zero_shot_balanced_300_ZS_20_summary.json
1120,ad2a5a2fd2e0ad82ce50b6b9313ca4e917a709a598fb1f5c3e0a7824940ef193,2,1142,outputs/segregated_results/open-source-base/may2026/open-source/qwen25_coder_1_5b_instruct_P1_zero_shot_balanced_300_ZS_20_summary.json
1121,ae43c8d41bba8177e1b4bd79178700a9a0068893a6b857efc6dbf55c048ae7ba,2,333805,outputs/evaluation-and-correctness-may2026/open-source/qwen25_1_5b_instruct_P1_one_shot_javascript_400_v1_detailed.jsonl
1121,ae43c8d41bba8177e1b4bd79178700a9a0068893a6b857efc6dbf55c048ae7ba,2,333805,outputs/segregated_results/open-source-base/may2026/open-source/qwen25_1_5b_instruct_P1_one_shot_javascript_400_v1_detailed.jsonl
1122,ae4aaa2af63c9d39107d41fe4c6677d51aefdf70886900e292b93d2518153086,2,186299,outputs/evaluation_And_corrctness_may2026_1/decoding_sensitivity/plots/decoding_sensitivity_return-coverage.png
1122,ae4aaa2af63c9d39107d41fe4c6677d51aefdf70886900e292b93d2518153086,2,186299,outputs/segregated_results/shared-aggregate/may2026_legacy/decoding_sensitivity/plots/decoding_sensitivity_return-coverage.png
1123,ae79218589bc2d8f969636cbcc18a1b571749504dba9d7444272b810028196d1,2,2300,outputs/correctness/deepseek_chat_P1_one_shot_python_400_smoke_correctness.json_detailed.jsonl
1123,ae79218589bc2d8f969636cbcc18a1b571749504dba9d7444272b810028196d1,2,2300,outputs/segregated_results/commercial-base/correctness/deepseek_chat_P1_one_shot_python_400_smoke_correctness.json_detailed.jsonl
1124,ae8880399206234ba48de9228f9e94997bf98fc0c83b495a53475936607336cc,2,319988,outputs/evaluations/gemma_2_2b_it_P1_one_shot_java_400_v1_eval.json_detailed.jsonl
1124,ae8880399206234ba48de9228f9e94997bf98fc0c83b495a53475936607336cc,2,319988,outputs/segregated_results/open-source-base/eval/gemma_2_2b_it_P1_one_shot_java_400_v1_eval.json_detailed.jsonl
1125,aee1ddb38efdd905f69c2aa55dcc342718b8f5c0615534d7cb4b4183be446e26,2,1289,outputs/correctness/deepseek_chat_P1_one_shot_javascript_400_v1_correctness.json_summary.json
1125,aee1ddb38efdd905f69c2aa55dcc342718b8f5c0615534d7cb4b4183be446e26,2,1289,outputs/segregated_results/commercial-base/correctness/deepseek_chat_P1_one_shot_javascript_400_v1_correctness.json_summary.json
1126,af00189ac2ac4419401c873c3da375966cd3273517abbd8e693d72d91bc73c61,2,1121,outputs/evaluation_And_corrctness_may2026_1/saturation_experiment/qwen25_coder_1_5b_instruct_P1_zero_shot_python_100_v1_summary.json
1126,af00189ac2ac4419401c873c3da375966cd3273517abbd8e693d72d91bc73c61,2,1121,outputs/segregated_results/open-source-base/may2026_legacy/saturation_experiment/qwen25_coder_1_5b_instruct_P1_zero_shot_python_100_v1_summary.json
1127,af83f1c4b4f2865ba54778eff7163940e741be45080eb455c45f030e6ed8c72f,2,1614,outputs/correctness/qwen25_1_5b_instruct_lora_multilang_P1_few_shot_javascript_400_v1_correctness_summary.json
1127,af83f1c4b4f2865ba54778eff7163940e741be45080eb455c45f030e6ed8c72f,2,1614,outputs/segregated_results/open-source-lora/correctness/qwen25_1_5b_instruct_lora_multilang_P1_few_shot_javascript_400_v1_correctness_summary.json
1128,afceb369a4cfc3a221f635c0606cf7da673eb66f1a802326345883bac1b7d5b3,2,643195,outputs/batches/gpt_5_1_P1_few_shot_java_400_v1/batch_output.jsonl
1128,afceb369a4cfc3a221f635c0606cf7da673eb66f1a802326345883bac1b7d5b3,2,643195,outputs/segregated_results/commercial-base/batches/gpt_5_1_P1_few_shot_java_400_v1/batch_output.jsonl
1129,b018bde134d646c976e032859fc2609f8f7bbee6c55bfff2122bd6bc3b460275,2,748,outputs/batches/gpt_5_3_codex_P1_zero_shot_python_10_smoke_v1/state.json
1129,b018bde134d646c976e032859fc2609f8f7bbee6c55bfff2122bd6bc3b460275,2,748,outputs/segregated_results/commercial-base/batches/gpt_5_3_codex_P1_zero_shot_python_10_smoke_v1/state.json
1130,b0570349e692341c7cc6e8cb06599aff16bbaf27b733ba36f0946fae79ed6257,2,688232,outputs/responses/gpt_5_1_codex_P1_zero_shot_javascript_400_v1/raw_responses.jsonl
1130,b0570349e692341c7cc6e8cb06599aff16bbaf27b733ba36f0946fae79ed6257,2,688232,outputs/segregated_results/commercial-base/responses/gpt_5_1_codex_P1_zero_shot_javascript_400_v1/raw_responses.jsonl
1131,b05b4fced972b22fc8f8dcd8c78cc974b2f1882c92f7cd0a90c9b2952721ee0d,2,502959,outputs/batches/gpt_5_1_P1_zero_shot_java_400_v1/batch_requests.jsonl
1131,b05b4fced972b22fc8f8dcd8c78cc974b2f1882c92f7cd0a90c9b2952721ee0d,2,502959,outputs/segregated_results/commercial-base/batches/gpt_5_1_P1_zero_shot_java_400_v1/batch_requests.jsonl
1132,b0759cc1f4ef7017a8a0d1060080a63aec3bce1a4f1a9242fb3eb8f26ea0a5e9,2,357413,outputs/correctness/qwen25_coder_1_5b_instruct_lora_multilang_P1_zero_shot_javascript_400_v1_correctness_detailed.jsonl
1132,b0759cc1f4ef7017a8a0d1060080a63aec3bce1a4f1a9242fb3eb8f26ea0a5e9,2,357413,outputs/segregated_results/open-source-lora/correctness/qwen25_coder_1_5b_instruct_lora_multilang_P1_zero_shot_javascript_400_v1_correctness_detailed.jsonl
1133,b0b98723fa5ec3328bc68831842af9190c2f4fe488c9d29076b303db51f096c6,2,1100,outputs/evaluation-and-correctness-may2026/open-source/qwen25_1_5b_instruct_P1_few_shot_python_400_v1_summary.json
1133,b0b98723fa5ec3328bc68831842af9190c2f4fe488c9d29076b303db51f096c6,2,1100,outputs/segregated_results/open-source-base/may2026/open-source/qwen25_1_5b_instruct_P1_few_shot_python_400_v1_summary.json
1134,b0ba02b0f16e93d8697680f2184466b24d1b48159cecd55258d16965a15873e0,2,645827,outputs/batches/gpt_5_4_P1_zero_shot_javascript_400_v1/batch_output.jsonl
1134,b0ba02b0f16e93d8697680f2184466b24d1b48159cecd55258d16965a15873e0,2,645827,outputs/segregated_results/commercial-base/batches/gpt_5_4_P1_zero_shot_javascript_400_v1/batch_output.jsonl
1135,b0d83c79512de814c6abd51ff6c9d4394b99fbca35bdac09fb8b3d4406170ebb,2,1336,outputs/correctness/qwen25_coder_1_5b_instruct_P1_one_shot_javascript_400_v3_repaired_correctness.json_summary.json
1135,b0d83c79512de814c6abd51ff6c9d4394b99fbca35bdac09fb8b3d4406170ebb,2,1336,outputs/segregated_results/open-source-base/correctness/qwen25_coder_1_5b_instruct_P1_one_shot_javascript_400_v3_repaired_correctness.json_summary.json
1136,b0dad5798140fc2f45ae8dd0d741821ff4b33f7df744ddb20b8ce50767f1247e,2,349484,outputs/evaluations/gpt_5_1_codex_P1_zero_shot_javascript_400_v1_eval.json_detailed.jsonl
1136,b0dad5798140fc2f45ae8dd0d741821ff4b33f7df744ddb20b8ce50767f1247e,2,349484,outputs/segregated_results/commercial-base/eval/gpt_5_1_codex_P1_zero_shot_javascript_400_v1_eval.json_detailed.jsonl
1137,b107fa7181a9bae6dfff1941498d4404c1fc6670b2285e038ca3d68f1251ff16,2,8599,outputs/evaluation-and-correctness-may2026/open-source-fine-tuned/gemma_2_2b_it_lora_multilang/gemma_2_2b_it_lora_smoke_test_strict_detailed.jsonl
1137,b107fa7181a9bae6dfff1941498d4404c1fc6670b2285e038ca3d68f1251ff16,2,8599,outputs/segregated_results/open-source-lora/may2026/open-source-fine-tuned/gemma_2_2b_it_lora_multilang/gemma_2_2b_it_lora_smoke_test_strict_detailed.jsonl
1138,b17656a1360ae54933fc6096266d7c23e5a5028bde487eaf5f10493cb9e9904f,2,337960,outputs/evaluations/deepseek_chat_P1_zero_shot_javascript_400_v1_eval.json_detailed.jsonl
1138,b17656a1360ae54933fc6096266d7c23e5a5028bde487eaf5f10493cb9e9904f,2,337960,outputs/segregated_results/commercial-base/eval/deepseek_chat_P1_zero_shot_javascript_400_v1_eval.json_detailed.jsonl
1139,b23a93d34526f5377ebf9fc780cfa931399013e48ef2190271193eac43b720fd,2,279452,outputs/raw_generations/qwen25_1_5b_instruct_P1_few_shot_python_400_v1.jsonl
1139,b23a93d34526f5377ebf9fc780cfa931399013e48ef2190271193eac43b720fd,2,279452,outputs/segregated_results/open-source-base/raw/qwen25_1_5b_instruct_P1_few_shot_python_400_v1.jsonl
1140,b285d9b7e87f53104d647248900216831ea76cf4e6995545ec70b600db4f8117,2,1075,outputs/evaluations/gemma_2_2b_it_P1_zero_shot_20_eval.json_summary.json
1140,b285d9b7e87f53104d647248900216831ea76cf4e6995545ec70b600db4f8117,2,1075,outputs/segregated_results/open-source-base/eval/gemma_2_2b_it_P1_zero_shot_20_eval.json_summary.json
1141,b29ba302aa5d12221b37e15b88c0d57bc1234318bcd0a6bb1461cefb67bf661f,2,340322,outputs/evaluations/gpt_5_4_P1_zero_shot_java_400_v1_eval.json_detailed.jsonl
1141,b29ba302aa5d12221b37e15b88c0d57bc1234318bcd0a6bb1461cefb67bf661f,2,340322,outputs/segregated_results/commercial-base/eval/gpt_5_4_P1_zero_shot_java_400_v1_eval.json_detailed.jsonl
1142,b3d9371313411defe09187bc8afb19fea10442cb9e632f57bc7fe25938b6a52d,2,1294,outputs/evaluation-and-correctness-may2026/open-source/codegemma_2b_P1_one_shot_java_400_v1_code_grounded_summary.json
1142,b3d9371313411defe09187bc8afb19fea10442cb9e632f57bc7fe25938b6a52d,2,1294,outputs/segregated_results/open-source-base/may2026/open-source/codegemma_2b_P1_one_shot_java_400_v1_code_grounded_summary.json
1143,b42ddaa935f4f9852d04ba5c5a861db8199d288763c7f1ead566d82386a5c645,2,325859,outputs/evaluations/qwen25_coder_1_5b_instruct_P1_one_shot_javascript_400_v3_repaired_eval.json_detailed.jsonl
1143,b42ddaa935f4f9852d04ba5c5a861db8199d288763c7f1ead566d82386a5c645,2,325859,outputs/segregated_results/open-source-base/eval/qwen25_coder_1_5b_instruct_P1_one_shot_javascript_400_v3_repaired_eval.json_detailed.jsonl
1144,b4e4f379854e208eacd3209fb44d2da9eecbd59a3a12b499b64e4c7a31886de5,2,173817,outputs/correctness/qwen25_coder_1_5b_instruct_P1_one_shot_python_200_greedy_v1_correctness.json_detailed.jsonl
1144,b4e4f379854e208eacd3209fb44d2da9eecbd59a3a12b499b64e4c7a31886de5,2,173817,outputs/segregated_results/open-source-base/correctness/qwen25_coder_1_5b_instruct_P1_one_shot_python_200_greedy_v1_correctness.json_detailed.jsonl
1145,b504c3837ebabb2c29a0509df2075e31f4f89e9b03ccfa1bca0b46776d60dd95,2,652,outputs/responses/gpt_5_1_codex_P1_zero_shot_javascript_400_v1/state.json
1145,b504c3837ebabb2c29a0509df2075e31f4f89e9b03ccfa1bca0b46776d60dd95,2,652,outputs/segregated_results/commercial-base/responses/gpt_5_1_codex_P1_zero_shot_javascript_400_v1/state.json
1146,b50e2e4ae5db39cfabfb02dd7a9de84d994306110e015ef614ef276dbf86ca0f,2,1094,outputs/evaluations/gpt_5_3_codex_P1_zero_shot_python_10_smoke_v1_eval.json_summary.json
1146,b50e2e4ae5db39cfabfb02dd7a9de84d994306110e015ef614ef276dbf86ca0f,2,1094,outputs/segregated_results/commercial-base/eval/gpt_5_3_codex_P1_zero_shot_python_10_smoke_v1_eval.json_summary.json
1147,b593707051299a78e00c1716b9d9ac3015e8aac5302a7f9641f934218642c2cb,2,13153,outputs/batches/gpt_5_1_P1_zero_shot_python_10_smoke_v3/batch_requests.jsonl
1147,b593707051299a78e00c1716b9d9ac3015e8aac5302a7f9641f934218642c2cb,2,13153,outputs/segregated_results/commercial-base/batches/gpt_5_1_P1_zero_shot_python_10_smoke_v3/batch_requests.jsonl
1148,b59fab93ebff8adcbdb4f0448c344a885333de65a5f6fb70e11447083ee2bb7d,2,3302,scripts/finetune_qwen_lora.py
1148,b59fab93ebff8adcbdb4f0448c344a885333de65a5f6fb70e11447083ee2bb7d,2,3302,transfer_bundle/scripts/finetune_qwen_lora.py
1149,b5a6fa9f6668fa3e99c08e14e2d9ccab3a96049f3edfc2d698a87a7466a85c2f,2,1176,outputs/evaluation-and-correctness-may2026/open-source/qwen25_coder_1_5b_instruct_P1_few_shot_python_200_t02_p09_k50_v1_summary.json
1149,b5a6fa9f6668fa3e99c08e14e2d9ccab3a96049f3edfc2d698a87a7466a85c2f,2,1176,outputs/segregated_results/open-source-base/may2026/open-source/qwen25_coder_1_5b_instruct_P1_few_shot_python_200_t02_p09_k50_v1_summary.json
1150,b5c959b43da0d3429e2d0b6571ada4e86a88dc9b446b39cd85d86dfacb93a6a7,2,594491,outputs/evaluation_And_corrctness_may2026_1/saturation_experiment/qwen25_coder_1_5b_instruct_P1_zero_shot_python_600_v1_detailed.jsonl
1150,b5c959b43da0d3429e2d0b6571ada4e86a88dc9b446b39cd85d86dfacb93a6a7,2,594491,outputs/segregated_results/open-source-base/may2026_legacy/saturation_experiment/qwen25_coder_1_5b_instruct_P1_zero_shot_python_600_v1_detailed.jsonl
1151,b5e5577c3e75edfab682970dc27bd576271fc1f43af64715b4c381c10eaa61a9,2,795295,outputs/responses/gpt_5_1_codex_P1_one_shot_java_400_v1/raw_responses.jsonl
1151,b5e5577c3e75edfab682970dc27bd576271fc1f43af64715b4c381c10eaa61a9,2,795295,outputs/segregated_results/commercial-base/responses/gpt_5_1_codex_P1_one_shot_java_400_v1/raw_responses.jsonl
1152,b5f96be81ce7d2bfef1875bc7f414a7facadc3e8fa82278b69ccf7ac93d5a0ec,2,434,outputs/evaluations/gemma_2_2b_it_P1_zero_shot_5_summary.json
1152,b5f96be81ce7d2bfef1875bc7f414a7facadc3e8fa82278b69ccf7ac93d5a0ec,2,434,outputs/segregated_results/open-source-base/eval/gemma_2_2b_it_P1_zero_shot_5_summary.json
1153,b67940cff676a2961ac2db451704584c9a39ea9d0907d706e8aa570ae7963f19,2,932,outputs/evaluations/gpt_5_1_codex_P1_zero_shot_python_10_smoke_v2_eval.json_summary.json
1153,b67940cff676a2961ac2db451704584c9a39ea9d0907d706e8aa570ae7963f19,2,932,outputs/segregated_results/commercial-base/eval/gpt_5_1_codex_P1_zero_shot_python_10_smoke_v2_eval.json_summary.json
1154,b6bc97207dd5325d83d9ce0ab1e8d5c9c865a570d0cffeebb438703a33f9d9b3,2,1297,outputs/evaluation-and-correctness-may2026/open-source/qwen25_coder_1_5b_instruct_P1_few_shot_python_400_v1_code_grounded_summary.json
1154,b6bc97207dd5325d83d9ce0ab1e8d5c9c865a570d0cffeebb438703a33f9d9b3,2,1297,outputs/segregated_results/open-source-base/may2026/open-source/qwen25_coder_1_5b_instruct_P1_few_shot_python_400_v1_code_grounded_summary.json
1155,b6da38d7eaae309caa1a898311063820716e5230ad097a8ba308ee04966bfb69,2,174308,outputs/evaluation_And_corrctness_may2026_1/decoding_sensitivity/plots/publication_highlighted/hallucination_rate_highlighted.png
1155,b6da38d7eaae309caa1a898311063820716e5230ad097a8ba308ee04966bfb69,2,174308,outputs/segregated_results/shared-aggregate/may2026_legacy/decoding_sensitivity/plots/publication_highlighted/hallucination_rate_highlighted.png
1156,b6f3fc8a4b8f360d70cd270c0ce40999965729411ba18032cac9ddc58777ba06,2,13153,outputs/batches/gpt_5_4_P1_zero_shot_python_10_smoke_v1/batch_requests.jsonl
1156,b6f3fc8a4b8f360d70cd270c0ce40999965729411ba18032cac9ddc58777ba06,2,13153,outputs/segregated_results/commercial-base/batches/gpt_5_4_P1_zero_shot_python_10_smoke_v1/batch_requests.jsonl
1157,b782883879e360b573a0878d8e5d9ed4a858f142965dc2b2576ab8f444f8b231,2,161815,outputs/evaluation-and-correctness-may2026/final-results-tables-and-plots/plots/family_language_prompt/python_return_coverage_by_family_prompt.png
1157,b782883879e360b573a0878d8e5d9ed4a858f142965dc2b2576ab8f444f8b231,2,161815,outputs/segregated_results/shared-aggregate/may2026/final-results-tables-and-plots/plots/family_language_prompt/python_return_coverage_by_family_prompt.png
1158,b7c835b1f8c97c792f15b61467aa0ac9abbd6c1879406531bc2ba983e829ac56,2,1200,outputs/correctness/gemini_3_flash_preview_P1_one_shot_python_400_smoke_correctness.json_summary.json
1158,b7c835b1f8c97c792f15b61467aa0ac9abbd6c1879406531bc2ba983e829ac56,2,1200,outputs/segregated_results/commercial-base/correctness/gemini_3_flash_preview_P1_one_shot_python_400_smoke_correctness.json_summary.json
1159,b80f60a8d759c9d32d33a09811c8b3dd46abcbdb8d4b8c22efbe1497d0b785ca,2,435461,outputs/evaluations/qwen25_1_5b_instruct_P1_zero_shot_balanced_300_detailed.jsonl
1159,b80f60a8d759c9d32d33a09811c8b3dd46abcbdb8d4b8c22efbe1497d0b785ca,2,435461,outputs/segregated_results/open-source-base/eval/qwen25_1_5b_instruct_P1_zero_shot_balanced_300_detailed.jsonl
1160,b88d6ca92e8c4f35b2dbe56d8c2f8c4dd11d7668be67b91b201eddd53b18923d,2,1599,outputs/correctness/qwen25_coder_1_5b_instruct_lora_multilang_P1_one_shot_java_400_v1_correctness_summary.json
1160,b88d6ca92e8c4f35b2dbe56d8c2f8c4dd11d7668be67b91b201eddd53b18923d,2,1599,outputs/segregated_results/open-source-lora/correctness/qwen25_coder_1_5b_instruct_lora_multilang_P1_one_shot_java_400_v1_correctness_summary.json
1161,b93cc572060b06feb70304d694e71b9d0b0f02c6553801429016399b815fc822,2,2148,outputs/evaluations/qwen25_coder_1_5b_instruct_P1_zero_shot_balanced_3000_ZS_eval.json_summary.json
1161,b93cc572060b06feb70304d694e71b9d0b0f02c6553801429016399b815fc822,2,2148,outputs/segregated_results/open-source-base/eval/qwen25_coder_1_5b_instruct_P1_zero_shot_balanced_3000_ZS_eval.json_summary.json
1162,b941bb77fbd9a5a90dd3c41550a171c151c0758a257c3dd6624384f859f12768,2,1031,outputs/evaluations/qwen25_coder_1_5b_instruct_P1_zero_shot_python_200_v1_summary.json
1162,b941bb77fbd9a5a90dd3c41550a171c151c0758a257c3dd6624384f859f12768,2,1031,outputs/segregated_results/open-source-base/eval/qwen25_coder_1_5b_instruct_P1_zero_shot_python_200_v1_summary.json
1163,b95eb020d433912112772760366f0da41d2ae49b3c40fcf4ec6e7fac30251f47,2,1099,outputs/evaluation-and-correctness-may2026/open-source/codegemma_2b_P1_zero_shot_python_300_ZS_v3_summary.json
1163,b95eb020d433912112772760366f0da41d2ae49b3c40fcf4ec6e7fac30251f47,2,1099,outputs/segregated_results/open-source-base/may2026/open-source/codegemma_2b_P1_zero_shot_python_300_ZS_v3_summary.json
1164,b9bf58b1c356a708da4141e389150a390019eea8c89de2923893abc9dcf33978,2,15349,outputs/human_eval/human_eval_selection_report_60.json
1164,b9bf58b1c356a708da4141e389150a390019eea8c89de2923893abc9dcf33978,2,15349,outputs/segregated_results/shared-aggregate/human_eval/human_eval_selection_report_60.json
1165,b9fb3ea1f0a6e149019b5586c6eec75c8f3490cbd781a345c9daa5d515547241,2,453,outputs/evaluations/qwen25_1_5b_instruct_P1_zero_shot_100_summary.json
1165,b9fb3ea1f0a6e149019b5586c6eec75c8f3490cbd781a345c9daa5d515547241,2,453,outputs/segregated_results/open-source-base/eval/qwen25_1_5b_instruct_P1_zero_shot_100_summary.json
1166,ba45db8063b8232aa4cd240e095a45127819af3e8fd6d2d3a8fffa8f5af40483,2,411779,outputs/evaluation-and-correctness-may2026/open-source/codegemma_2b_P1_zero_shot_java_400_v1_detailed.jsonl
1166,ba45db8063b8232aa4cd240e095a45127819af3e8fd6d2d3a8fffa8f5af40483,2,411779,outputs/segregated_results/open-source-base/may2026/open-source/codegemma_2b_P1_zero_shot_java_400_v1_detailed.jsonl
1167,ba52eaba565935e3ce5292696769b13699ac3ba39b8b7703c8f1ff0cf121e30d,2,1307,outputs/correctness/qwen25_coder_1_5b_instruct_P1_one_shot_java_400_v2_rerun_correctness.json_summary.json
1167,ba52eaba565935e3ce5292696769b13699ac3ba39b8b7703c8f1ff0cf121e30d,2,1307,outputs/segregated_results/open-source-base/correctness/qwen25_coder_1_5b_instruct_P1_one_shot_java_400_v2_rerun_correctness.json_summary.json
1168,ba5d37e4de7aa1940250d2f9ccd63da983a412eede819608410f0f1865f64824,2,1124,outputs/evaluation-and-correctness-may2026/open-source/qwen25_1_5b_instruct_P1_few_shot_python_300_v1_summary.json
1168,ba5d37e4de7aa1940250d2f9ccd63da983a412eede819608410f0f1865f64824,2,1124,outputs/segregated_results/open-source-base/may2026/open-source/qwen25_1_5b_instruct_P1_few_shot_python_300_v1_summary.json
1169,baffa982a4da2984b3b30b7c9676be95e378d7184e5cfa096b13871b4d204074,2,317762,outputs/raw_generations/qwen25_1_5b_instruct_P1_few_shot_java_400_v1.jsonl
1169,baffa982a4da2984b3b30b7c9676be95e378d7184e5cfa096b13871b4d204074,2,317762,outputs/segregated_results/open-source-base/raw/qwen25_1_5b_instruct_P1_few_shot_java_400_v1.jsonl
1170,bbb48c42383f718a8edd8fc3d291978317091ff1b2852c48e230f0d926a598fc,2,334856,outputs/evaluations/deepseek_chat_P1_zero_shot_python_400_v1_eval.json_detailed.jsonl
1170,bbb48c42383f718a8edd8fc3d291978317091ff1b2852c48e230f0d926a598fc,2,334856,outputs/segregated_results/commercial-base/eval/deepseek_chat_P1_zero_shot_python_400_v1_eval.json_detailed.jsonl
1171,bbe1462d7aab6833cd39728d5b4aa707fad91fc1b28de3cbac460296d526dfd1,2,1097,outputs/evaluation-and-correctness-may2026/open-source/gemma_2_2b_it_P1_one_shot_python_400_v1_summary.json
1171,bbe1462d7aab6833cd39728d5b4aa707fad91fc1b28de3cbac460296d526dfd1,2,1097,outputs/segregated_results/open-source-base/may2026/open-source/gemma_2_2b_it_P1_one_shot_python_400_v1_summary.json
1172,bc1b86d23e54590cf46e5d3d0c7d72cad9756dd055ac6140e37ffa6b00cbd669,2,1277,outputs/correctness/qwen25_coder_1_5b_instruct_P1_one_shot_python_400_v1_correctness.json_summary.json
1172,bc1b86d23e54590cf46e5d3d0c7d72cad9756dd055ac6140e37ffa6b00cbd669,2,1277,outputs/segregated_results/open-source-base/correctness/qwen25_coder_1_5b_instruct_P1_one_shot_python_400_v1_correctness.json_summary.json
1173,bc218cc4e31e59efbdd6935f3ebedac281c5437625a7239381b9af108f1fea7a,2,1109,outputs/evaluations/qwen25_coder_1_5b_instruct_P1_one_shot_python_10_t02_p09_k50_v1_eval.json_summary.json
1173,bc218cc4e31e59efbdd6935f3ebedac281c5437625a7239381b9af108f1fea7a,2,1109,outputs/segregated_results/open-source-base/eval/qwen25_coder_1_5b_instruct_P1_one_shot_python_10_t02_p09_k50_v1_eval.json_summary.json
1174,bc41308a3a93ea02e536b7f10613830f27f0a22a4878b8f2a7e036bcd67fbd26,2,295380,outputs/evaluations/qwen25_coder_1_5b_instruct_P1_zero_shot_python_300_ZS_v3_eval.json_detailed.jsonl
1174,bc41308a3a93ea02e536b7f10613830f27f0a22a4878b8f2a7e036bcd67fbd26,2,295380,outputs/segregated_results/open-source-base/eval/qwen25_coder_1_5b_instruct_P1_zero_shot_python_300_ZS_v3_eval.json_detailed.jsonl
1175,bc4b96c4fd657b126952de7d047a4a837afa978cde93e67451ea9ebacd90e646,2,127349,outputs/evaluation-and-correctness-may2026/final-results-tables-and-plots/plots/model_language_structural/deepseek-chat_javascript_structural.png
1175,bc4b96c4fd657b126952de7d047a4a837afa978cde93e67451ea9ebacd90e646,2,127349,outputs/segregated_results/commercial-base/may2026/final-results-tables-and-plots/plots/model_language_structural/deepseek-chat_javascript_structural.png
1176,bc93b473489bfc9a102906ae1a4a7dd2bdcca3e8a45ca0976eded8170ed54d7e,2,1103,outputs/evaluation-and-correctness-may2026/open-source/qwen25_1_5b_instruct_P1_zero_shot_python_400_v1_summary.json
1176,bc93b473489bfc9a102906ae1a4a7dd2bdcca3e8a45ca0976eded8170ed54d7e,2,1103,outputs/segregated_results/open-source-base/may2026/open-source/qwen25_1_5b_instruct_P1_zero_shot_python_400_v1_summary.json
1177,bcd0e3af00d1465f6e56631631540f545a6de897615f4b2dd344da200df33473,2,1115,outputs/evaluations/gemini_3_flash_preview_P1_zero_shot_java_400_v1_eval.json_summary.json
1177,bcd0e3af00d1465f6e56631631540f545a6de897615f4b2dd344da200df33473,2,1115,outputs/segregated_results/commercial-base/eval/gemini_3_flash_preview_P1_zero_shot_java_400_v1_eval.json_summary.json
1178,bd4f509754de977486734cfeba244acba21b8fcbfb94b7d0ec03d409ed56d7ae,2,635,outputs/responses/gpt_5_1_codex_P1_few_shot_java_400_v1/state.json
1178,bd4f509754de977486734cfeba244acba21b8fcbfb94b7d0ec03d409ed56d7ae,2,635,outputs/segregated_results/commercial-base/responses/gpt_5_1_codex_P1_few_shot_java_400_v1/state.json
1179,bdd916b276812792fe0ea247bb5e19f29dfde93505c8d5b0f8dd3e502e83b4a6,2,1268,outputs/evaluation-and-correctness-may2026/open-source/gemma_2_2b_it_P1_one_shot_python_400_v1_code_grounded_summary.json
1179,bdd916b276812792fe0ea247bb5e19f29dfde93505c8d5b0f8dd3e502e83b4a6,2,1268,outputs/segregated_results/open-source-base/may2026/open-source/gemma_2_2b_it_P1_one_shot_python_400_v1_code_grounded_summary.json
1180,bde0cfbe591646b2dec7f76f8ab1aa956a66dde3e6a41fd8f5efb3663da010b9,2,1049,outputs/evaluations/qwen25_coder_1_5b_instruct_P1_one_shot_python_200_t07_p095_k50_v1_summary.json
1180,bde0cfbe591646b2dec7f76f8ab1aa956a66dde3e6a41fd8f5efb3663da010b9,2,1049,outputs/segregated_results/open-source-base/eval/qwen25_coder_1_5b_instruct_P1_one_shot_python_200_t07_p095_k50_v1_summary.json
1181,bdebb11d91090d19f1514e509526af60cf47caf9acf8c90a383b311aace822e7,2,1286,outputs/evaluation-and-correctness-may2026/open-source/gemma_2_2b_it_P1_one_shot_java_400_v1_code_grounded_summary.json
1181,bdebb11d91090d19f1514e509526af60cf47caf9acf8c90a383b311aace822e7,2,1286,outputs/segregated_results/open-source-base/may2026/open-source/gemma_2_2b_it_P1_one_shot_java_400_v1_code_grounded_summary.json
1182,be27cad70068a772615687b1d56747bc69a866433bf7247a5cc66b9dd5e22234,2,8033,outputs/evaluations/commercial/gpt54_P1_zero_shot_python_10_chat_v1_detailed.jsonl
1182,be27cad70068a772615687b1d56747bc69a866433bf7247a5cc66b9dd5e22234,2,8033,outputs/segregated_results/commercial-base/eval/commercial/gpt54_P1_zero_shot_python_10_chat_v1_detailed.jsonl
1183,bec92ac11a8abd83e77ff88a72a9eb60078563949c681e50f682425568d00eee,2,374450,outputs/evaluation-and-correctness-may2026/final-results-tables-and-plots/plots/per_language_prompt_trends/bleu/python_bleu_prompt_trend.png
1183,bec92ac11a8abd83e77ff88a72a9eb60078563949c681e50f682425568d00eee,2,374450,outputs/segregated_results/shared-aggregate/may2026/final-results-tables-and-plots/plots/per_language_prompt_trends/bleu/python_bleu_prompt_trend.png
1184,bf460671c73aeffeb9b061e981577ba45c27f88c311b9c68f0ece018e4c8e8e6,2,406835,outputs/correctness/qwen25_coder_1_5b_instruct_P1_zero_shot_javascript_400_v1_correctness_detailed.jsonl
1184,bf460671c73aeffeb9b061e981577ba45c27f88c311b9c68f0ece018e4c8e8e6,2,406835,outputs/segregated_results/open-source-base/correctness/qwen25_coder_1_5b_instruct_P1_zero_shot_javascript_400_v1_correctness_detailed.jsonl
1185,bf9f3a0a3d64a1cbbf37b04e5b30eece55845c5c021f3d8289743565996e51b8,2,331186,outputs/evaluation-and-correctness-may2026/open-source-fine-tuned/gemma_2_2b_it_lora_multilang/gemma_2_2b_it_lora_multilang_P1_one_shot_java_400_v1_code_grounded_detailed.jsonl
1185,bf9f3a0a3d64a1cbbf37b04e5b30eece55845c5c021f3d8289743565996e51b8,2,331186,outputs/segregated_results/open-source-lora/_long_paths/74c2a63f1252_gemma_2_2b_it_lora_multilang_P1_one_shot_java_400_v1_code_grounded_detailed.jsonl
1186,bfbcaf390358347fff48755013102e444e2a9c2f9af6f2b3ed77ef2bf3a867b1,2,629248,outputs/batches/gpt_5_1_P1_zero_shot_python_400_v2/batch_output.jsonl
1186,bfbcaf390358347fff48755013102e444e2a9c2f9af6f2b3ed77ef2bf3a867b1,2,629248,outputs/segregated_results/commercial-base/batches/gpt_5_1_P1_zero_shot_python_400_v2/batch_output.jsonl
1187,bfcf7c5c38a6ac16f373aab1fb6e4999e05c65d31648524ec88f792444e81b29,2,3233,outputs/responses/gpt_5_1_codex_P1_zero_shot_python_10_smoke_v2/raw_responses.jsonl
1187,bfcf7c5c38a6ac16f373aab1fb6e4999e05c65d31648524ec88f792444e81b29,2,3233,outputs/segregated_results/commercial-base/responses/gpt_5_1_codex_P1_zero_shot_python_10_smoke_v2/raw_responses.jsonl
1188,bfd620565479820dfdebfa7e2acfc7778059a71c1a43837adc20cccdc9476536,2,753136,outputs/batches/gpt_5_4_P1_one_shot_python_400_v1/batch_requests.jsonl
1188,bfd620565479820dfdebfa7e2acfc7778059a71c1a43837adc20cccdc9476536,2,753136,outputs/segregated_results/commercial-base/batches/gpt_5_4_P1_one_shot_python_400_v1/batch_requests.jsonl
1189,bfd6ebfcd3df645651c72ed3a67e8e3a27d67e97d34d5566c1f0761a688edfaa,2,1169,outputs/correctness/gpt_5_1_codex_P1_zero_shot_python_10_smoke_v1_correctness.json_summary.json
1189,bfd6ebfcd3df645651c72ed3a67e8e3a27d67e97d34d5566c1f0761a688edfaa,2,1169,outputs/segregated_results/commercial-base/correctness/gpt_5_1_codex_P1_zero_shot_python_10_smoke_v1_correctness.json_summary.json
1190,c00838ff7b0ac47bba6e7bbe64063a5e81a126fd3d83cf262aed6183be135d7a,2,1185,outputs/evaluation-and-correctness-may2026/open-source-fine-tuned/qwen25_1_5b_instruct_lora_multilang/qwen25_1_5b_instruct_lora_multilang_P1_few_shot_java_400_v1_summary.json
1190,c00838ff7b0ac47bba6e7bbe64063a5e81a126fd3d83cf262aed6183be135d7a,2,1185,outputs/segregated_results/open-source-lora/_long_paths/d55b8e9f9b3a_qwen25_1_5b_instruct_lora_multilang_P1_few_shot_java_400_v1_summary.json
1191,c038244aa244fbfa13a537ad91c8fcd5d9ea1d9ee4e49325d1fc384ca792653e,2,1044,outputs/evaluations/qwen25_coder_1_5b_instruct_P1_one_shot_python_200_t02_p09_k50_v1_summary.json
1191,c038244aa244fbfa13a537ad91c8fcd5d9ea1d9ee4e49325d1fc384ca792653e,2,1044,outputs/segregated_results/open-source-base/eval/qwen25_coder_1_5b_instruct_P1_one_shot_python_200_t02_p09_k50_v1_summary.json
1192,c054b9c2d5658f07dfa9ab0bd5de8157f05b97a223ba49aae3cfba484d9989a8,2,1080,outputs/evaluations/deepseek_chat_P1_few_shot_javascript_400_v1_eval.json_summary.json
1192,c054b9c2d5658f07dfa9ab0bd5de8157f05b97a223ba49aae3cfba484d9989a8,2,1080,outputs/segregated_results/commercial-base/eval/deepseek_chat_P1_few_shot_javascript_400_v1_eval.json_summary.json
1193,c08695dbc78e1705747978a725686f5007efdadcb4078af003373b29a12b9bee,2,1278,outputs/correctness/gpt_5_3_codex_P1_zero_shot_java_400_v1_correctness.json_summary.json
1193,c08695dbc78e1705747978a725686f5007efdadcb4078af003373b29a12b9bee,2,1278,outputs/segregated_results/commercial-base/correctness/gpt_5_3_codex_P1_zero_shot_java_400_v1_correctness.json_summary.json
1194,c0a2f1dcb069efadc663f4a80725cf5f724a03cbd3bce9342350f5adea00ed42,2,1325,outputs/correctness/qwen25_coder_1_5b_instruct_lora_multilang_P1_zero_shot_python_400_v1_correctness.json_summary.json
1194,c0a2f1dcb069efadc663f4a80725cf5f724a03cbd3bce9342350f5adea00ed42,2,1325,outputs/segregated_results/open-source-lora/correctness/qwen25_coder_1_5b_instruct_lora_multilang_P1_zero_shot_python_400_v1_correctness.json_summary.json
1195,c0c274a6e24f0759e86ba4f13f88107ed1e14a351b63241c98c21eb8ed214129,2,1138,outputs/evaluations/gemini_3_flash_preview_P1_one_shot_python_400_v1_eval.json_summary.json
1195,c0c274a6e24f0759e86ba4f13f88107ed1e14a351b63241c98c21eb8ed214129,2,1138,outputs/segregated_results/commercial-base/eval/gemini_3_flash_preview_P1_one_shot_python_400_v1_eval.json_summary.json
1196,c0c5bbbb332add6ee06456f3f1e10902cd7b01200c7301a26ecfd3bbb3b24c26,2,13253,outputs/batches/gpt_5_1_codex_max_P1_zero_shot_python_10_smoke_v1/batch_requests.jsonl
1196,c0c5bbbb332add6ee06456f3f1e10902cd7b01200c7301a26ecfd3bbb3b24c26,2,13253,outputs/segregated_results/commercial-base/batches/gpt_5_1_codex_max_P1_zero_shot_python_10_smoke_v1/batch_requests.jsonl
1197,c0d952a43bebfc2ea3f98ae0a15308a5cbea89ae8b6ac6528ba0340e8dd4db8d,2,1131,outputs/evaluation-and-correctness-may2026/open-source/qwen25_coder_1_5b_instruct_P1_zero_shot_python_800_v1_summary.json
1197,c0d952a43bebfc2ea3f98ae0a15308a5cbea89ae8b6ac6528ba0340e8dd4db8d,2,1131,outputs/segregated_results/open-source-base/may2026/open-source/qwen25_coder_1_5b_instruct_P1_zero_shot_python_800_v1_summary.json
1198,c10c2bef3a32fdb69d902a3c446c6bc7b46888b0a4f678f3a7a20b114807a946,2,332162,outputs/evaluations/deepseek_chat_P1_one_shot_javascript_400_v1_eval.json_detailed.jsonl
1198,c10c2bef3a32fdb69d902a3c446c6bc7b46888b0a4f678f3a7a20b114807a946,2,332162,outputs/segregated_results/commercial-base/eval/deepseek_chat_P1_one_shot_javascript_400_v1_eval.json_detailed.jsonl
1199,c116d6a14026dacf6ac6551cbf3aea508b0886847c2a6eefe85eda3465aa1c02,2,118046,outputs/evaluation_And_corrctness_may2026_1/decoding_sensitivity/plots/publication_bar_plots/decoding_sensitivity_omission_rate_bar.png
1199,c116d6a14026dacf6ac6551cbf3aea508b0886847c2a6eefe85eda3465aa1c02,2,118046,outputs/segregated_results/shared-aggregate/may2026_legacy/decoding_sensitivity/plots/publication_bar_plots/decoding_sensitivity_omission_rate_bar.png
1200,c13e8c240432281646d321f58cd42d3ee7861f50634df92c7402300dda932025,2,359381,outputs/evaluation-and-correctness-may2026/final-results-tables-and-plots/plots/tradeoff_plots/java_coverage_vs_omission.png
1200,c13e8c240432281646d321f58cd42d3ee7861f50634df92c7402300dda932025,2,359381,outputs/segregated_results/shared-aggregate/may2026/final-results-tables-and-plots/plots/tradeoff_plots/java_coverage_vs_omission.png
1201,c15158ebc394c2f49830dd1f4600f1a70c277723f862846726fa912f07813069,2,760,outputs/batches/gpt_5_1_P1_few_shot_javascript_400_v1/state.json
1201,c15158ebc394c2f49830dd1f4600f1a70c277723f862846726fa912f07813069,2,760,outputs/segregated_results/commercial-base/batches/gpt_5_1_P1_few_shot_javascript_400_v1/state.json
1202,c28241fe18c31f2a3f2eb9114aa045e3c046c8d1bc0f96f7acb147c365b1f0c7,2,1581,outputs/correctness/qwen25_coder_1_5b_instruct_lora_multilang_P1_one_shot_python_400_v1_correctness_summary.json
1202,c28241fe18c31f2a3f2eb9114aa045e3c046c8d1bc0f96f7acb147c365b1f0c7,2,1581,outputs/segregated_results/open-source-lora/correctness/qwen25_coder_1_5b_instruct_lora_multilang_P1_one_shot_python_400_v1_correctness_summary.json
1203,c2d186f33c94752ae2801cbe09204689e98921971ef917e271e851d2effd1936,2,207002,outputs/evaluation_And_corrctness_may2026_1/decoding_sensitivity/plots/decoding_sensitivity_omission-rate.png
1203,c2d186f33c94752ae2801cbe09204689e98921971ef917e271e851d2effd1936,2,207002,outputs/segregated_results/shared-aggregate/may2026_legacy/decoding_sensitivity/plots/decoding_sensitivity_omission-rate.png
1204,c2e21afdc69b6789bdd788c2cdd8f202b4b5861f34f14ff57881ecb0fd059f84,2,635389,outputs/batches/gpt_5_1_P1_zero_shot_javascript_400_v1/batch_output.jsonl
1204,c2e21afdc69b6789bdd788c2cdd8f202b4b5861f34f14ff57881ecb0fd059f84,2,635389,outputs/segregated_results/commercial-base/batches/gpt_5_1_P1_zero_shot_javascript_400_v1/batch_output.jsonl
1205,c2f34f1458abdc8e4ed4c9024a273d75b70affdc2c241717cc9f9372b0f3e238,2,316629,outputs/evaluation-and-correctness-may2026/final-results-tables-and-plots/plots/per_language_prompt_trends/rougeL/java_rougeL_prompt_trend.png
1205,c2f34f1458abdc8e4ed4c9024a273d75b70affdc2c241717cc9f9372b0f3e238,2,316629,outputs/segregated_results/shared-aggregate/may2026/final-results-tables-and-plots/plots/per_language_prompt_trends/rougeL/java_rougeL_prompt_trend.png
1206,c3242f48067c4e549bcf9d09e7afd74c851d2e066502c9ae1e115c246b82a556,2,180886,outputs/evaluation-and-correctness-may2026/open-source/qwen25_coder_1_5b_instruct_P1_one_shot_python_200_t02_p09_k50_v1_detailed.jsonl
1206,c3242f48067c4e549bcf9d09e7afd74c851d2e066502c9ae1e115c246b82a556,2,180886,outputs/segregated_results/open-source-base/may2026/open-source/qwen25_coder_1_5b_instruct_P1_one_shot_python_200_t02_p09_k50_v1_detailed.jsonl
1207,c4083fe2dddff5c5937376621c2e81940357451a2ba0d1c21df139f3045f626a,2,385508,outputs/evaluation-and-correctness-may2026/final-results-tables-and-plots/plots/per_language_prompt_trends/parameter_coverage/javascript_parameter_coverage_prompt_trend.png
1207,c4083fe2dddff5c5937376621c2e81940357451a2ba0d1c21df139f3045f626a,2,385508,outputs/segregated_results/shared-aggregate/_long_paths/76d9e12bb658_javascript_parameter_coverage_prompt_trend.png
1208,c443f3d6e45d996d162804b2615be44d80057d65c8ba1ac8d994dfaf62e815e6,2,1164,outputs/evaluations/qwen25_coder_1_5b_instruct_P1_few_shot_python_200_t02_p09_k50_v1_eval.json_summary.json
1208,c443f3d6e45d996d162804b2615be44d80057d65c8ba1ac8d994dfaf62e815e6,2,1164,outputs/segregated_results/open-source-base/eval/qwen25_coder_1_5b_instruct_P1_few_shot_python_200_t02_p09_k50_v1_eval.json_summary.json
1209,c4f5a8ddfea5c512b855a6b8c41a8d82fdce993bf26b763e83b1460f05acef6f,2,351183,outputs/correctness/qwen25_1_5b_instruct_lora_multilang_P1_zero_shot_java_400_v1_correctness_detailed.jsonl
1209,c4f5a8ddfea5c512b855a6b8c41a8d82fdce993bf26b763e83b1460f05acef6f,2,351183,outputs/segregated_results/open-source-lora/correctness/qwen25_1_5b_instruct_lora_multilang_P1_zero_shot_java_400_v1_correctness_detailed.jsonl
1210,c54cb96714c84e74671d1a5b116f6c5f7a05006770bde74daa509d97b5d38990,2,246778,outputs/raw_generations/open-source-fine-tuned/gemma_2_2b_it_lora_multilang/gemma_2_2b_it_lora_multilang_P1_zero_shot_java_400_v1.jsonl
1210,c54cb96714c84e74671d1a5b116f6c5f7a05006770bde74daa509d97b5d38990,2,246778,outputs/segregated_results/open-source-lora/raw/open-source-fine-tuned/gemma_2_2b_it_lora_multilang/gemma_2_2b_it_lora_multilang_P1_zero_shot_java_400_v1.jsonl
1211,c552b155e61254ab223a6100a14d026ac86641d3344a78b66ea3cc60e74b00d3,2,1348,outputs/evaluation-and-correctness-may2026/open-source/qwen25_coder_1_5b_instruct_P1_one_shot_javascript_400_v3_repaired_code_grounded_summary.json
1211,c552b155e61254ab223a6100a14d026ac86641d3344a78b66ea3cc60e74b00d3,2,1348,outputs/segregated_results/open-source-base/may2026/open-source/qwen25_coder_1_5b_instruct_P1_one_shot_javascript_400_v3_repaired_code_grounded_summary.json
1212,c576a28bed0088cdc6e7bd616ca91d208001cec335b0e25e065f0dfeadf332ad,2,1287,outputs/correctness/qwen25_1_5b_instruct_P1_one_shot_java_400_v1_correctness.json_summary.json
1212,c576a28bed0088cdc6e7bd616ca91d208001cec335b0e25e065f0dfeadf332ad,2,1287,outputs/segregated_results/open-source-base/correctness/qwen25_1_5b_instruct_P1_one_shot_java_400_v1_correctness.json_summary.json
1213,c58d8069837a5d0037cca56746e00a387407ff6908cbfe5e1b64bdf970da78f8,2,345837,outputs/correctness/qwen25_coder_1_5b_instruct_lora_multilang_P1_one_shot_javascript_400_v1_correctness_detailed.jsonl
1213,c58d8069837a5d0037cca56746e00a387407ff6908cbfe5e1b64bdf970da78f8,2,345837,outputs/segregated_results/open-source-lora/correctness/qwen25_coder_1_5b_instruct_lora_multilang_P1_one_shot_javascript_400_v1_correctness_detailed.jsonl
1214,c5b882c491a0f7c3c6e2f5f8396a740145e919c6bbb870bd9ac795b6d04ba841,2,1065,outputs/evaluation-and-correctness-may2026/open-source/gemma_2_2b_it_test5_summary.json
1214,c5b882c491a0f7c3c6e2f5f8396a740145e919c6bbb870bd9ac795b6d04ba841,2,1065,outputs/segregated_results/open-source-base/may2026/open-source/gemma_2_2b_it_test5_summary.json
1215,c652d75ee5ec5f9fd5b2eb5795f60058bc43277709b61f8a2f2a04c7fa23e61f,2,128585,outputs/evaluation-and-correctness-may2026/final-results-tables-and-plots/plots/family_language_prompt/javascript_rougeL_by_family_prompt.png
1215,c652d75ee5ec5f9fd5b2eb5795f60058bc43277709b61f8a2f2a04c7fa23e61f,2,128585,outputs/segregated_results/shared-aggregate/may2026/final-results-tables-and-plots/plots/family_language_prompt/javascript_rougeL_by_family_prompt.png
1216,c6830a7014d8bf9507c8feb2ac4c998c353e4cb2cf229d84d2faa4c8e354df1a,2,7509,outputs/evaluations/qwen25_coder_1_5b_instruct_P1_zero_shot_balanced_300_ZS_smoke_detailed.jsonl
1216,c6830a7014d8bf9507c8feb2ac4c998c353e4cb2cf229d84d2faa4c8e354df1a,2,7509,outputs/segregated_results/open-source-base/eval/qwen25_coder_1_5b_instruct_P1_zero_shot_balanced_300_ZS_smoke_detailed.jsonl
1217,c691bd1c09c0b9670982a1fc654d14be20ab8900a209423a9116b271d33b45bf,2,1031,outputs/evaluations/qwen25_coder_1_5b_instruct_P1_one_shot_java_10_smoke_v2_eval.json_summary.json
1217,c691bd1c09c0b9670982a1fc654d14be20ab8900a209423a9116b271d33b45bf,2,1031,outputs/segregated_results/open-source-base/eval/qwen25_coder_1_5b_instruct_P1_one_shot_java_10_smoke_v2_eval.json_summary.json
1218,c6b013cee68a51322b7c3bd92d0fb65322142b381aaf766d007ef151d03a03eb,2,1256,outputs/correctness/gemma_2_2b_it_P1_one_shot_python_400_v1_correctness.json_summary.json
1218,c6b013cee68a51322b7c3bd92d0fb65322142b381aaf766d007ef151d03a03eb,2,1256,outputs/segregated_results/open-source-base/correctness/gemma_2_2b_it_P1_one_shot_python_400_v1_correctness.json_summary.json
1219,c6ced8de04de7a0f24fa45e1673fb134ff03c8ca3a6980b506a005a9c65c0dcb,2,182129,outputs/evaluations/qwen25_coder_1_5b_instruct_P1_few_shot_python_200_resumed_v1_eval.json_detailed.jsonl
1219,c6ced8de04de7a0f24fa45e1673fb134ff03c8ca3a6980b506a005a9c65c0dcb,2,182129,outputs/segregated_results/open-source-base/eval/qwen25_coder_1_5b_instruct_P1_few_shot_python_200_resumed_v1_eval.json_detailed.jsonl
1220,c6f2c869f6b8d4d872ca5379a262c599da48f6265c2bd66da1e333d374ea3d30,2,1099,outputs/evaluation-and-correctness-may2026/open-source/qwen25_coder_1_5b_instruct_test5_t02_p09_k50_v1_summary.json
1220,c6f2c869f6b8d4d872ca5379a262c599da48f6265c2bd66da1e333d374ea3d30,2,1099,outputs/segregated_results/open-source-base/may2026/open-source/qwen25_coder_1_5b_instruct_test5_t02_p09_k50_v1_summary.json
1221,c70289aa5fed215e90acf9703bcfd7434a3753a599f14f116191882615373c35,2,1110,outputs/evaluations/qwen25_coder_1_5b_instruct_P1_one_shot_java_400_v2_rerun_eval.json_summary.json
1221,c70289aa5fed215e90acf9703bcfd7434a3753a599f14f116191882615373c35,2,1110,outputs/segregated_results/open-source-base/eval/qwen25_coder_1_5b_instruct_P1_one_shot_java_400_v2_rerun_eval.json_summary.json
1222,c7301992880fe72418325a21f64c617307ac31bca96998f1db5b4497597c7702,2,242706,outputs/evaluations/codegemma_2b_P1_zero_shot_python_300_ZS_v3_detailed.jsonl
1222,c7301992880fe72418325a21f64c617307ac31bca96998f1db5b4497597c7702,2,242706,outputs/segregated_results/open-source-base/eval/codegemma_2b_P1_zero_shot_python_300_ZS_v3_detailed.jsonl
1223,c793106f7987cf972bd250f077e5f3b44b6459eecac84082a560ce0bd19ff289,2,349690,outputs/evaluation-and-correctness-may2026/open-source-fine-tuned/qwen25_1_5b_instruct_lora_multilang/qwen25_1_5b_instruct_lora_multilang_P1_one_shot_python_400_v1_detailed.jsonl
1223,c793106f7987cf972bd250f077e5f3b44b6459eecac84082a560ce0bd19ff289,2,349690,outputs/segregated_results/open-source-lora/_long_paths/2099859b62f6_qwen25_1_5b_instruct_lora_multilang_P1_one_shot_python_400_v1_detailed.jsonl
1224,c7b66d695af90bf726a190319c406f4ee52f85861a06ecd0187b0d990d36afd8,2,394624,outputs/evaluation-and-correctness-may2026/open-source/qwen25_coder_1_5b_instruct_P1_zero_shot_balanced_300_ZS_detailed.jsonl
1224,c7b66d695af90bf726a190319c406f4ee52f85861a06ecd0187b0d990d36afd8,2,394624,outputs/segregated_results/open-source-base/may2026/open-source/qwen25_coder_1_5b_instruct_P1_zero_shot_balanced_300_ZS_detailed.jsonl
1225,c7b793c36f0d74070b53aa5bf2c714d8baa6e6042558b38d00983e9717bf62d1,2,1072,outputs/evaluations/deepseek_chat_P1_few_shot_java_400_v1_eval.json_summary.json
1225,c7b793c36f0d74070b53aa5bf2c714d8baa6e6042558b38d00983e9717bf62d1,2,1072,outputs/segregated_results/commercial-base/eval/deepseek_chat_P1_few_shot_java_400_v1_eval.json_summary.json
1226,c8712b5c1b1410a1fe84b7820fb0c8b8ad83a1ea7c129f64a1ed39b07e2eefab,2,126701,outputs/evaluation-and-correctness-may2026/final-results-tables-and-plots/plots/model_language_structural/deepseek-chat_java_structural.png
1226,c8712b5c1b1410a1fe84b7820fb0c8b8ad83a1ea7c129f64a1ed39b07e2eefab,2,126701,outputs/segregated_results/commercial-base/may2026/final-results-tables-and-plots/plots/model_language_structural/deepseek-chat_java_structural.png
1227,c881dd6f77248e705d5f64d23c919602464cde0c520f62aa504dfe87dd02a576,2,524806,outputs/batches/gpt_5_1_P1_zero_shot_javascript_400_v1/batch_requests.jsonl
1227,c881dd6f77248e705d5f64d23c919602464cde0c520f62aa504dfe87dd02a576,2,524806,outputs/segregated_results/commercial-base/batches/gpt_5_1_P1_zero_shot_javascript_400_v1/batch_requests.jsonl
1228,c908934de47fd5a5b186e0c68acadbb966525a04991ca506dae2fe8be469ad8a,2,344581,outputs/correctness/qwen25_1_5b_instruct_lora_multilang_P1_one_shot_javascript_400_v1_correctness_detailed.jsonl
1228,c908934de47fd5a5b186e0c68acadbb966525a04991ca506dae2fe8be469ad8a,2,344581,outputs/segregated_results/open-source-lora/correctness/qwen25_1_5b_instruct_lora_multilang_P1_one_shot_javascript_400_v1_correctness_detailed.jsonl
1229,c94778b7e96af1156f58993e766275e83d07f178717f4dd4edec243421e645f4,2,688188,outputs/responses/gpt_5_1_codex_P1_few_shot_javascript_400_v1/raw_responses.jsonl
1229,c94778b7e96af1156f58993e766275e83d07f178717f4dd4edec243421e645f4,2,688188,outputs/segregated_results/commercial-base/responses/gpt_5_1_codex_P1_few_shot_javascript_400_v1/raw_responses.jsonl
1230,c952eb2e3bc1c7908bae1b19cf14e067b7cb3dd8b5143d64f896358e8321bffa,2,1344336,outputs/batches/gpt_5_1_P1_few_shot_python_400_v1/batch_requests.jsonl
1230,c952eb2e3bc1c7908bae1b19cf14e067b7cb3dd8b5143d64f896358e8321bffa,2,1344336,outputs/segregated_results/commercial-base/batches/gpt_5_1_P1_few_shot_python_400_v1/batch_requests.jsonl
1231,c98c932f5216fde9e9f4b2dd07eee13a6152111387055ad5b34482ba1dc4688a,2,760,outputs/batches/gpt_5_1_P1_one_shot_javascript_400_v1/state.json
1231,c98c932f5216fde9e9f4b2dd07eee13a6152111387055ad5b34482ba1dc4688a,2,760,outputs/segregated_results/commercial-base/batches/gpt_5_1_P1_one_shot_javascript_400_v1/state.json
1232,ca385030758da292b4c77bad3fc2f37c14091c5bb2eddbcdffdbb80b35012272,2,1087,outputs/evaluations/codegemma_2b_P1_zero_shot_python_300_ZS_v3_eval.json_summary.json
1232,ca385030758da292b4c77bad3fc2f37c14091c5bb2eddbcdffdbb80b35012272,2,1087,outputs/segregated_results/open-source-base/eval/codegemma_2b_P1_zero_shot_python_300_ZS_v3_eval.json_summary.json
1233,ca386bec090dc79c34cf5478fc1e204d98d5752e7a889fbd459a1c07a7320111,2,176462,outputs/evaluations/qwen25_coder_1_5b_instruct_P1_few_shot_python_200_t02_p09_k50_v1_detailed.jsonl
1233,ca386bec090dc79c34cf5478fc1e204d98d5752e7a889fbd459a1c07a7320111,2,176462,outputs/segregated_results/open-source-base/eval/qwen25_coder_1_5b_instruct_P1_few_shot_python_200_t02_p09_k50_v1_detailed.jsonl
1234,ca3c09cae174d66d51323c1d7fb9eeee48b44f366d0822dca95016820600b28b,2,693935,outputs/responses/gpt_5_1_codex_P1_one_shot_javascript_400_v1/raw_responses.jsonl
1234,ca3c09cae174d66d51323c1d7fb9eeee48b44f366d0822dca95016820600b28b,2,693935,outputs/segregated_results/commercial-base/responses/gpt_5_1_codex_P1_one_shot_javascript_400_v1/raw_responses.jsonl
1235,ca5d535384500397a78cfb055f73091d93b00e475227971ba80da36105ac399d,2,353429,outputs/evaluation-and-correctness-may2026/final-results-tables-and-plots/plots/tradeoff_plots/javascript_coverage_vs_omission.png
1235,ca5d535384500397a78cfb055f73091d93b00e475227971ba80da36105ac399d,2,353429,outputs/segregated_results/shared-aggregate/may2026/final-results-tables-and-plots/plots/tradeoff_plots/javascript_coverage_vs_omission.png
1236,cb8ce7ec74237cae83a0a49e233d3b965c0fbcf97c343e15b6816d8c85be18b1,2,2259,outputs/evaluations/deepseek_chat_P1_one_shot_python_400_smoke_eval.json_detailed.jsonl
1236,cb8ce7ec74237cae83a0a49e233d3b965c0fbcf97c343e15b6816d8c85be18b1,2,2259,outputs/segregated_results/commercial-base/eval/deepseek_chat_P1_one_shot_python_400_smoke_eval.json_detailed.jsonl
1237,cb98ea49e59f36bd35f8c496dfe7b4e1f15a2c19571a0d33c7deef5e02852bf0,2,355842,outputs/evaluation-and-correctness-may2026/open-source-fine-tuned/qwen25_1_5b_instruct_lora_multilang/qwen25_1_5b_instruct_lora_multilang_P1_one_shot_java_400_v1_detailed.jsonl
1237,cb98ea49e59f36bd35f8c496dfe7b4e1f15a2c19571a0d33c7deef5e02852bf0,2,355842,outputs/segregated_results/open-source-lora/_long_paths/2825b40ca031_qwen25_1_5b_instruct_lora_multilang_P1_one_shot_java_400_v1_detailed.jsonl
1238,cc51e5bdb28a19844a0df3facec2342cd8aae9cd063b47d4140e5afcb1f7d9ec,2,1123,outputs/evaluation-and-correctness-may2026/open-source/qwen25_coder_1_5b_instruct_P1_zero_shot_python_100_v1_summary.json
1238,cc51e5bdb28a19844a0df3facec2342cd8aae9cd063b47d4140e5afcb1f7d9ec,2,1123,outputs/segregated_results/open-source-base/may2026/open-source/qwen25_coder_1_5b_instruct_P1_zero_shot_python_100_v1_summary.json
1239,cc6bb76e201a622814e9999cd71eef06a2f23d5d1cdb4db9291f6f1013c3cf91,2,295381,outputs/evaluation_And_corrctness_may2026_1/saturation_experiment/qwen25_coder_1_5b_instruct_P1_zero_shot_python_300_ZS_v3_detailed.jsonl
1239,cc6bb76e201a622814e9999cd71eef06a2f23d5d1cdb4db9291f6f1013c3cf91,2,295381,outputs/segregated_results/open-source-base/may2026_legacy/saturation_experiment/qwen25_coder_1_5b_instruct_P1_zero_shot_python_300_ZS_v3_detailed.jsonl
1240,cc99e922fd3deb6ea600d3e3e355edb32c5d6cbc5cff1d016ff63ffaef510061,2,1102,outputs/evaluations/qwen25_coder_1_5b_instruct_P1_zero_shot_20_eval.json_summary.json
1240,cc99e922fd3deb6ea600d3e3e355edb32c5d6cbc5cff1d016ff63ffaef510061,2,1102,outputs/segregated_results/open-source-base/eval/qwen25_coder_1_5b_instruct_P1_zero_shot_20_eval.json_summary.json
1241,ccc1828274a49afede93fadc2babbf446b8fc62938a7871fd55bdfa8b6ce7e21,2,366949,outputs/evaluations/gpt_5_3_codex_P1_zero_shot_python_400_v1_eval.json_detailed.jsonl
1241,ccc1828274a49afede93fadc2babbf446b8fc62938a7871fd55bdfa8b6ce7e21,2,366949,outputs/segregated_results/commercial-base/eval/gpt_5_3_codex_P1_zero_shot_python_400_v1_eval.json_detailed.jsonl
1242,cd3a7a9d6db156c7579139457d7063def25da7541a02c3368d844ef5833e5aca,2,1252,outputs/correctness/gemma_2_2b_it_P1_zero_shot_python_300_ZS_v3_correctness.json_summary.json
1242,cd3a7a9d6db156c7579139457d7063def25da7541a02c3368d844ef5833e5aca,2,1252,outputs/segregated_results/open-source-base/correctness/gemma_2_2b_it_P1_zero_shot_python_300_ZS_v3_correctness.json_summary.json
1243,cd9fb3041a0437f562511fc99b9c70edaddf055ac113ac5dff2c7d9d61505276,2,16369,outputs/responses/gpt_5_3_codex_P1_zero_shot_python_10_smoke_v2/raw_responses.jsonl
1243,cd9fb3041a0437f562511fc99b9c70edaddf055ac113ac5dff2c7d9d61505276,2,16369,outputs/segregated_results/commercial-base/responses/gpt_5_3_codex_P1_zero_shot_python_10_smoke_v2/raw_responses.jsonl
1244,ce8496a41d25bd006e0280bd94c12dbbeaab4171605bb6827783986e190bcb7d,2,295192,outputs/evaluation-and-correctness-may2026/final-results-tables-and-plots/plots/rankings/ranking_hallucination_sample_rate.png
1244,ce8496a41d25bd006e0280bd94c12dbbeaab4171605bb6827783986e190bcb7d,2,295192,outputs/segregated_results/shared-aggregate/may2026/final-results-tables-and-plots/plots/rankings/ranking_hallucination_sample_rate.png
1245,ce8f17b1d8c656f9644b1c206e60643904bcd8b603f6120a578a6d236473ec81,2,1140,outputs/evaluation-and-correctness-may2026/open-source/qwen25_coder_1_5b_instruct_P1_one_shot_python_300_v1_summary.json
1245,ce8f17b1d8c656f9644b1c206e60643904bcd8b603f6120a578a6d236473ec81,2,1140,outputs/segregated_results/open-source-base/may2026/open-source/qwen25_coder_1_5b_instruct_P1_one_shot_python_300_v1_summary.json
1246,ce98d486562c4396229148b1e3412d34a4bf39313ad506a3200ab3ab1c850b3f,2,321050,outputs/evaluation-and-correctness-may2026/open-source-fine-tuned/gemma_2_2b_it_lora_multilang/gemma_2_2b_it_lora_multilang_P1_few_shot_python_400_v1_code_grounded_detailed.jsonl
1246,ce98d486562c4396229148b1e3412d34a4bf39313ad506a3200ab3ab1c850b3f,2,321050,outputs/segregated_results/open-source-lora/_long_paths/2c94041537c6_gemma_2_2b_it_lora_multilang_P1_few_shot_python_400_v1_code_grounded_detailed.jsonl
1247,cea9cff55698874a4409e13e8424c484507b2f12641c91c0bfebd9e36e6063cd,2,391643,outputs/correctness/qwen25_coder_1_5b_instruct_P1_zero_shot_java_400_v1_correctness_detailed.jsonl
1247,cea9cff55698874a4409e13e8424c484507b2f12641c91c0bfebd9e36e6063cd,2,391643,outputs/segregated_results/open-source-base/correctness/qwen25_coder_1_5b_instruct_P1_zero_shot_java_400_v1_correctness_detailed.jsonl
1248,ceb7ac8bc2c464e38dd190b4a4fd096117456df5b54449b64794b6087c6d01a1,2,1090,outputs/evaluations/qwen25_1_5b_instruct_P1_few_shot_java_400_v1_eval.json_summary.json
1248,ceb7ac8bc2c464e38dd190b4a4fd096117456df5b54449b64794b6087c6d01a1,2,1090,outputs/segregated_results/open-source-base/eval/qwen25_1_5b_instruct_P1_few_shot_java_400_v1_eval.json_summary.json
1249,cf4b833c2db66eb77d0d30c5efa44511de3779199489bbd6f643db9e39b02cfa,2,176087,outputs/evaluation_And_corrctness_may2026_1/saturation_experiment/saturation_analysis_plot.png
1249,cf4b833c2db66eb77d0d30c5efa44511de3779199489bbd6f643db9e39b02cfa,2,176087,outputs/segregated_results/shared-aggregate/may2026_legacy/saturation_experiment/saturation_analysis_plot.png
1250,cf4e3396d6700684b6cee597f91f4d5db297deeba603e8a1c8ce98d0e6434018,2,1106,outputs/evaluations/deepseek_chat_P1_one_shot_javascript_400_v1_eval.json_summary.json
1250,cf4e3396d6700684b6cee597f91f4d5db297deeba603e8a1c8ce98d0e6434018,2,1106,outputs/segregated_results/commercial-base/eval/deepseek_chat_P1_one_shot_javascript_400_v1_eval.json_summary.json
1251,cf67df3b83664c381d0a0d0609c11ed6fdadeb06365aaa9ae3f133c5dc6321f3,2,921,outputs/correctness/codegemma_2b_P1_zero_shot_20_correctness.json_summary.json
1251,cf67df3b83664c381d0a0d0609c11ed6fdadeb06365aaa9ae3f133c5dc6321f3,2,921,outputs/segregated_results/open-source-base/correctness/codegemma_2b_P1_zero_shot_20_correctness.json_summary.json
1252,cf9c545ee17ccfe40e04e54f0a74af4f3dc3a8e82774fac6b4933d334f6315f4,2,1157,outputs/evaluations/qwen25_coder_1_5b_instruct_P1_zero_shot_balanced_300_ZS_smoke_eval.json_summary.json
1252,cf9c545ee17ccfe40e04e54f0a74af4f3dc3a8e82774fac6b4933d334f6315f4,2,1157,outputs/segregated_results/open-source-base/eval/qwen25_coder_1_5b_instruct_P1_zero_shot_balanced_300_ZS_smoke_eval.json_summary.json
1253,cff654d06a995e4d7e0ee15ba015c48c8715efec61b8a72987531de1881b88b7,2,1130,outputs/evaluation_And_corrctness_may2026_1/decoding_sensitivity/qwen25_coder_1_5b_instruct_P1_zero_shot_python_400_greedy_v1_summary.json
1253,cff654d06a995e4d7e0ee15ba015c48c8715efec61b8a72987531de1881b88b7,2,1130,outputs/segregated_results/open-source-base/may2026_legacy/decoding_sensitivity/qwen25_coder_1_5b_instruct_P1_zero_shot_python_400_greedy_v1_summary.json
1254,d00ebf759da0066e702a04e7e83deed0b151a6242cd621db3dd360ea0e65825d,2,1007,outputs/evaluations/commercial/codex_cli_P1_zero_shot_python_50_v1_summary.json
1254,d00ebf759da0066e702a04e7e83deed0b151a6242cd621db3dd360ea0e65825d,2,1007,outputs/segregated_results/commercial-base/eval/commercial/codex_cli_P1_zero_shot_python_50_v1_summary.json
1255,d0158d6a0fae9728348d4c9dd04cf2b2ae519e684ed784d42951186e0b97e24a,2,24441,outputs/evaluations/qwen25_coder_1_5b_instruct_P1_zero_shot_balanced_300_ZS_20_detailed.jsonl
1255,d0158d6a0fae9728348d4c9dd04cf2b2ae519e684ed784d42951186e0b97e24a,2,24441,outputs/segregated_results/open-source-base/eval/qwen25_coder_1_5b_instruct_P1_zero_shot_balanced_300_ZS_20_detailed.jsonl
1256,d034da398c59eef5a8f1c6c5197bba42316d8c4e6aa50c9b55d51012a2f3e6d4,2,292765,outputs/evaluation-and-correctness-may2026/final-results-tables-and-plots/plots/rankings/ranking_parameter_coverage.png
1256,d034da398c59eef5a8f1c6c5197bba42316d8c4e6aa50c9b55d51012a2f3e6d4,2,292765,outputs/segregated_results/shared-aggregate/may2026/final-results-tables-and-plots/plots/rankings/ranking_parameter_coverage.png
1257,d03a33d5821500c5806da5f19edeff7cf1d3c0e00b80fab6a4bc315ebeb67d11,2,274100,outputs/evaluations/qwen25_1_5b_instruct_P1_one_shot_python_300_v1_eval.json_detailed.jsonl
1257,d03a33d5821500c5806da5f19edeff7cf1d3c0e00b80fab6a4bc315ebeb67d11,2,274100,outputs/segregated_results/open-source-base/eval/qwen25_1_5b_instruct_P1_one_shot_python_300_v1_eval.json_detailed.jsonl
1258,d116a4811eef08bae753fc7670f2021949956ad49aa9eb5119be16b18a838747,2,201288,outputs/evaluation_And_corrctness_may2026_1/decoding_sensitivity/plots/decoding_sensitivity_hallucination-rate.png
1258,d116a4811eef08bae753fc7670f2021949956ad49aa9eb5119be16b18a838747,2,201288,outputs/segregated_results/shared-aggregate/may2026_legacy/decoding_sensitivity/plots/decoding_sensitivity_hallucination-rate.png
1259,d12026df828ab0bfd5b2513d31cdf9d0178585cf6d5ba316489d289a420521b5,2,1257,outputs/correctness/deepseek_chat_P1_one_shot_python_400_v1_correctness.json_summary.json
1259,d12026df828ab0bfd5b2513d31cdf9d0178585cf6d5ba316489d289a420521b5,2,1257,outputs/segregated_results/commercial-base/correctness/deepseek_chat_P1_one_shot_python_400_v1_correctness.json_summary.json
1260,d120f53bcb8bd7dc4747287fb4e572556cdc2d8e00facfd3085c16bcc6f3c8eb,2,1109,outputs/evaluation-and-correctness-may2026/open-source/gemma_2_2b_it_P1_one_shot_javascript_400_v1_summary.json
1260,d120f53bcb8bd7dc4747287fb4e572556cdc2d8e00facfd3085c16bcc6f3c8eb,2,1109,outputs/segregated_results/open-source-base/may2026/open-source/gemma_2_2b_it_P1_one_shot_javascript_400_v1_summary.json
1261,d172571a4352cff5f8a48cf2f79aec01b633e1402e9385ca534277c976e45d2b,2,1321,outputs/evaluations/qwen25_1_5b_instruct_lora_multilang_P1_zero_shot_javascript_400_v1_eval.json_summary.json
1261,d172571a4352cff5f8a48cf2f79aec01b633e1402e9385ca534277c976e45d2b,2,1321,outputs/segregated_results/open-source-lora/eval/qwen25_1_5b_instruct_lora_multilang_P1_zero_shot_javascript_400_v1_eval.json_summary.json
1262,d1d8799713cc6e575b3140e435ded1fdf971dc35d2df5d456b16643c96740c30,2,1097,outputs/evaluation-and-correctness-may2026/open-source/qwen25_1_5b_instruct_P1_zero_shot_summary.json
1262,d1d8799713cc6e575b3140e435ded1fdf971dc35d2df5d456b16643c96740c30,2,1097,outputs/segregated_results/open-source-base/may2026/open-source/qwen25_1_5b_instruct_P1_zero_shot_summary.json
1263,d23bbc1143aa1d6b2fbae015c84595fcb9d55134547038f07444bf7c2b4b3d59,2,502959,outputs/batches/gpt_5_4_P1_zero_shot_java_400_v1/batch_requests.jsonl
1263,d23bbc1143aa1d6b2fbae015c84595fcb9d55134547038f07444bf7c2b4b3d59,2,502959,outputs/segregated_results/commercial-base/batches/gpt_5_4_P1_zero_shot_java_400_v1/batch_requests.jsonl
1264,d2ca07c1065b4efae929a59420a0d0f726092f2c6080fda665aa8a95765f843e,2,1052,outputs/evaluations/qwen25_coder_1_5b_instruct_P1_zero_shot_python_1200_v1_summary.json
1264,d2ca07c1065b4efae929a59420a0d0f726092f2c6080fda665aa8a95765f843e,2,1052,outputs/segregated_results/open-source-base/eval/qwen25_coder_1_5b_instruct_P1_zero_shot_python_1200_v1_summary.json
1265,d3720863cdcf5f5c408f405f27bb6b6b8403a24dd60d52f88ed4042cb78e3a55,2,343579,outputs/evaluations/gpt_5_4_P1_zero_shot_javascript_400_v1_eval.json_detailed.jsonl
1265,d3720863cdcf5f5c408f405f27bb6b6b8403a24dd60d52f88ed4042cb78e3a55,2,343579,outputs/segregated_results/commercial-base/eval/gpt_5_4_P1_zero_shot_javascript_400_v1_eval.json_detailed.jsonl
1266,d3b4234d20047205dfea3ec8607d1c5cad12a18d866e508571a4bacae129a7f0,2,129932,outputs/evaluation_And_corrctness_may2026_1/decoding_sensitivity/plots/publication_bar_plots/decoding_sensitivity_parameter_coverage_bar.png
1266,d3b4234d20047205dfea3ec8607d1c5cad12a18d866e508571a4bacae129a7f0,2,129932,outputs/segregated_results/shared-aggregate/may2026_legacy/decoding_sensitivity/plots/publication_bar_plots/decoding_sensitivity_parameter_coverage_bar.png
1267,d3ba29d99d7cb2262236425f34eb1669f869ee2c5d7db0efb77041a3169e54e9,2,1136,outputs/evaluation-and-correctness-may2026/open-source/qwen25_1_5b_instruct_P1_zero_shot_python_300_ZS_v3_summary.json
1267,d3ba29d99d7cb2262236425f34eb1669f869ee2c5d7db0efb77041a3169e54e9,2,1136,outputs/segregated_results/open-source-base/may2026/open-source/qwen25_1_5b_instruct_P1_zero_shot_python_300_ZS_v3_summary.json
1268,d3d28573de72356dd7d60f2321acc11fc26da21db9d078f61219eb1a4382894c,2,13213,outputs/batches/gpt_5_3_codex_P1_zero_shot_python_10_smoke_v1/batch_requests.jsonl
1268,d3d28573de72356dd7d60f2321acc11fc26da21db9d078f61219eb1a4382894c,2,13213,outputs/segregated_results/commercial-base/batches/gpt_5_3_codex_P1_zero_shot_python_10_smoke_v1/batch_requests.jsonl
1269,d3daf52dd652129de4055334e36432bd4df49c32c73c4cb4231eeb5be3d17f5c,2,1293,outputs/evaluation-and-correctness-may2026/open-source/qwen25_1_5b_instruct_P1_one_shot_python_400_v1_code_grounded_summary.json
1269,d3daf52dd652129de4055334e36432bd4df49c32c73c4cb4231eeb5be3d17f5c,2,1293,outputs/segregated_results/open-source-base/may2026/open-source/qwen25_1_5b_instruct_P1_one_shot_python_400_v1_code_grounded_summary.json
1270,d41c37ff48ed2fd29e4434f17a9af1bb397bab7a2e6b66aad8296661740d0b26,2,1346,outputs/evaluation-and-correctness-may2026/open-source-fine-tuned/codegemma_2b_lora_multilang/codegemma_2b_lora_multilang_P1_one_shot_java_400_v1_code_grounded_summary.json
1270,d41c37ff48ed2fd29e4434f17a9af1bb397bab7a2e6b66aad8296661740d0b26,2,1346,outputs/segregated_results/open-source-lora/_long_paths/b074b30c28ae_codegemma_2b_lora_multilang_P1_one_shot_java_400_v1_code_grounded_summary.json
1271,d43a682bffefc1952b3ecd874a4dd549324c589e3ca7cb65f69bc41c28e5cd86,2,150574,outputs/evaluation-and-correctness-may2026/open-source/qwen25_1_5b_instruct_P1_zero_shot_100_detailed.jsonl
1271,d43a682bffefc1952b3ecd874a4dd549324c589e3ca7cb65f69bc41c28e5cd86,2,150574,outputs/segregated_results/open-source-base/may2026/open-source/qwen25_1_5b_instruct_P1_zero_shot_100_detailed.jsonl
1272,d4694c89367b8e75d02c7c450e360aab6d6dd019f74aace67eec43b9259bcf85,2,741,outputs/batches/gpt_5_1_codex_probe_python_10_smoke_v1/state.json
1272,d4694c89367b8e75d02c7c450e360aab6d6dd019f74aace67eec43b9259bcf85,2,741,outputs/segregated_results/commercial-base/batches/gpt_5_1_codex_probe_python_10_smoke_v1/state.json
1273,d482c66df753288234799ed40a58459d469c7e00192357d7c149fe3a49f9c9ed,2,337471,outputs/correctness/qwen25_coder_1_5b_instruct_lora_multilang_P1_one_shot_java_400_v1_correctness_detailed.jsonl
1273,d482c66df753288234799ed40a58459d469c7e00192357d7c149fe3a49f9c9ed,2,337471,outputs/segregated_results/open-source-lora/correctness/qwen25_coder_1_5b_instruct_lora_multilang_P1_one_shot_java_400_v1_correctness_detailed.jsonl
1274,d4c6805c641a9d66a4f1d8961baf4d6d06cb0ad4944bddc77dede2acc01c14a0,2,352831,outputs/evaluation-and-correctness-may2026/open-source/qwen25_1_5b_instruct_P1_few_shot_java_400_v1_detailed.jsonl
1274,d4c6805c641a9d66a4f1d8961baf4d6d06cb0ad4944bddc77dede2acc01c14a0,2,352831,outputs/segregated_results/open-source-base/may2026/open-source/qwen25_1_5b_instruct_P1_few_shot_java_400_v1_detailed.jsonl
1275,d5b0e273a897790d822b85fbbe6940d5f815d151708f779bfd927cdd2dc49aa5,2,688293,outputs/responses/gpt_5_1_codex_P1_few_shot_python_400_v1/raw_responses.jsonl
1275,d5b0e273a897790d822b85fbbe6940d5f815d151708f779bfd927cdd2dc49aa5,2,688293,outputs/segregated_results/commercial-base/responses/gpt_5_1_codex_P1_few_shot_python_400_v1/raw_responses.jsonl
1276,d5bdba4fc2d2677033d1acf0b3d12c0b310f26bd9f6109f57984e16c63feb5ae,2,1304,outputs/evaluation-and-correctness-may2026/open-source/codegemma_2b_P1_one_shot_javascript_400_v1_code_grounded_summary.json
1276,d5bdba4fc2d2677033d1acf0b3d12c0b310f26bd9f6109f57984e16c63feb5ae,2,1304,outputs/segregated_results/open-source-base/may2026/open-source/codegemma_2b_P1_one_shot_javascript_400_v1_code_grounded_summary.json
1277,d5cc3e42ef38f28b7ede6a24dce2e84e8455ea698b3acaacb01c9c9f10387b3d,2,2294,outputs/evaluations/commercial/gemini25flash_test3_detailed.jsonl
1277,d5cc3e42ef38f28b7ede6a24dce2e84e8455ea698b3acaacb01c9c9f10387b3d,2,2294,outputs/segregated_results/commercial-base/eval/commercial/gemini25flash_test3_detailed.jsonl
1278,d6340b6ad0761fde0910689556a62d1fe585c4e4094b0a6ec480082804c58b1a,2,640,outputs/responses/gpt_5_1_codex_P1_one_shot_java_400_v1/state.json
1278,d6340b6ad0761fde0910689556a62d1fe585c4e4094b0a6ec480082804c58b1a,2,640,outputs/segregated_results/commercial-base/responses/gpt_5_1_codex_P1_one_shot_java_400_v1/state.json
1279,d638bcfcd9f2d6d5e4806046479aa45af14092c82a400e17d8ae3fb425abd582,2,8427,outputs/correctness/gpt_5_4_P1_zero_shot_python_10_smoke_v1_correctness.json_detailed.jsonl
1279,d638bcfcd9f2d6d5e4806046479aa45af14092c82a400e17d8ae3fb425abd582,2,8427,outputs/segregated_results/commercial-base/correctness/gpt_5_4_P1_zero_shot_python_10_smoke_v1_correctness.json_detailed.jsonl
1280,d701a76b462cc25f4cb2c6e29242ed7682e18eb8d1368fefe64f7a339d98fa66,2,174425,outputs/correctness/qwen25_coder_1_5b_instruct_P1_one_shot_python_200_t02_p09_k50_v1_correctness.json_detailed.jsonl
1280,d701a76b462cc25f4cb2c6e29242ed7682e18eb8d1368fefe64f7a339d98fa66,2,174425,outputs/segregated_results/open-source-base/correctness/qwen25_coder_1_5b_instruct_P1_one_shot_python_200_t02_p09_k50_v1_correctness.json_detailed.jsonl
1281,d719e34800bfb07d6f6984ae0e0ec4908da0922c0b520349c0f6e85d2c19d63a,2,1054,outputs/evaluations/qwen25_coder_1_5b_instruct_P1_zero_shot_python_300_ZS_v3_summary.json
1281,d719e34800bfb07d6f6984ae0e0ec4908da0922c0b520349c0f6e85d2c19d63a,2,1054,outputs/segregated_results/open-source-base/eval/qwen25_coder_1_5b_instruct_P1_zero_shot_python_300_ZS_v3_summary.json
1282,d71a5598ba63386b4a6819fe8b200855130b6c278e6952fd7de83d8e027ba21c,2,333802,outputs/evaluations/qwen25_1_5b_instruct_P1_one_shot_javascript_400_v1_eval.json_detailed.jsonl
1282,d71a5598ba63386b4a6819fe8b200855130b6c278e6952fd7de83d8e027ba21c,2,333802,outputs/segregated_results/open-source-base/eval/qwen25_1_5b_instruct_P1_one_shot_javascript_400_v1_eval.json_detailed.jsonl
1283,d7231d9025c865a6c743e6e9d49e8d8c548742a6015808da40d06760dab218a6,2,1136,outputs/evaluation-and-correctness-may2026/open-source/qwen25_coder_1_5b_instruct_P1_few_shot_python_400_v1_summary.json
1283,d7231d9025c865a6c743e6e9d49e8d8c548742a6015808da40d06760dab218a6,2,1136,outputs/segregated_results/open-source-base/may2026/open-source/qwen25_coder_1_5b_instruct_P1_few_shot_python_400_v1_summary.json
1284,d73661699dd62611de49570a49cdf5cc5579857263a514e062345ff1cc60d5bb,2,649943,outputs/responses/gpt_5_3_codex_P1_zero_shot_javascript_400_v1/raw_responses.jsonl
1284,d73661699dd62611de49570a49cdf5cc5579857263a514e062345ff1cc60d5bb,2,649943,outputs/segregated_results/commercial-base/responses/gpt_5_3_codex_P1_zero_shot_javascript_400_v1/raw_responses.jsonl
1285,d74ab8ffd1a07efab01959ec7e13ab4cf11fa3ed0127180bd9ecbce92c0c964a,2,484,outputs/evaluations/qwen25_1_5b_instruct_P1_zero_shot_balanced_300_summary.json
1285,d74ab8ffd1a07efab01959ec7e13ab4cf11fa3ed0127180bd9ecbce92c0c964a,2,484,outputs/segregated_results/open-source-base/eval/qwen25_1_5b_instruct_P1_zero_shot_balanced_300_summary.json
1286,d7a4328f0fdaf707689a294a66e47459d6479289d6e5d55964f4b63915a3829f,2,324162,outputs/evaluations/qwen25_1_5b_instruct_P1_few_shot_javascript_400_v1_eval.json_detailed.jsonl
1286,d7a4328f0fdaf707689a294a66e47459d6479289d6e5d55964f4b63915a3829f,2,324162,outputs/segregated_results/open-source-base/eval/qwen25_1_5b_instruct_P1_few_shot_javascript_400_v1_eval.json_detailed.jsonl
1287,d7d371ece32714a349d52b46feafaa57be1f21a5f2492e323d308174537b4351,2,333962,outputs/correctness/qwen25_coder_1_5b_instruct_lora_multilang_P1_few_shot_python_400_v1_correctness_detailed.jsonl
1287,d7d371ece32714a349d52b46feafaa57be1f21a5f2492e323d308174537b4351,2,333962,outputs/segregated_results/open-source-lora/correctness/qwen25_coder_1_5b_instruct_lora_multilang_P1_few_shot_python_400_v1_correctness_detailed.jsonl
1288,d7fc117b38a65c0e1516820beac49540c9e9cb1ef0587dbcf154c4f5514dbe6b,2,990429,outputs/evaluation-and-correctness-may2026/open-source/qwen25_coder_1_5b_instruct_P1_zero_shot_python_1000_ZS_v3_detailed.jsonl
1288,d7fc117b38a65c0e1516820beac49540c9e9cb1ef0587dbcf154c4f5514dbe6b,2,990429,outputs/segregated_results/open-source-base/may2026/open-source/qwen25_coder_1_5b_instruct_P1_zero_shot_python_1000_ZS_v3_detailed.jsonl
1289,d80f164164d9f50c927f66da1995558781f36826e803f15da97f97c7f31c7b8f,2,1085,outputs/evaluations/gemma_2_2b_it_P1_one_shot_python_400_v1_eval.json_summary.json
1289,d80f164164d9f50c927f66da1995558781f36826e803f15da97f97c7f31c7b8f,2,1085,outputs/segregated_results/open-source-base/eval/gemma_2_2b_it_P1_one_shot_python_400_v1_eval.json_summary.json
1290,d81d2e6164a2bfeb8898d642044638006996acaf0731c8cb22e50151261a3321,2,24504,outputs/raw_generations/commercial_old/codex_cli_P1_zero_shot_python_50_v1.jsonl
1290,d81d2e6164a2bfeb8898d642044638006996acaf0731c8cb22e50151261a3321,2,24504,outputs/segregated_results/commercial-base/raw/commercial_old/codex_cli_P1_zero_shot_python_50_v1.jsonl
1291,d8353d97ba2aa0ce8cfa2987be26a4c7bc974dd759a4dbee3f6df7e1800c1c15,2,1182,outputs/correctness/qwen25_coder_1_5b_instruct_P1_one_shot_java_10_smoke_v2_correctness.json_summary.json
1291,d8353d97ba2aa0ce8cfa2987be26a4c7bc974dd759a4dbee3f6df7e1800c1c15,2,1182,outputs/segregated_results/open-source-base/correctness/qwen25_coder_1_5b_instruct_P1_one_shot_java_10_smoke_v2_correctness.json_summary.json
1292,d84e708e5d817a936a1d5006ee740e280fb0dc603c7529853a97484425389773,2,5533,outputs/raw_generations/open-source-fine-tuned/gemma_2_2b_it_lora_multilang/gemma_2_2b_it_lora_multilang_SMOKE_python.jsonl
1292,d84e708e5d817a936a1d5006ee740e280fb0dc603c7529853a97484425389773,2,5533,outputs/segregated_results/open-source-lora/raw/open-source-fine-tuned/gemma_2_2b_it_lora_multilang/gemma_2_2b_it_lora_multilang_SMOKE_python.jsonl
1293,d8610300514f3afb6da47ee111ccef781a4fe32c0ed715e7275cb92883030854,2,975,outputs/evaluations/commercial/gpt54_P1_zero_shot_python_10_chat_v1_summary.json
1293,d8610300514f3afb6da47ee111ccef781a4fe32c0ed715e7275cb92883030854,2,975,outputs/segregated_results/commercial-base/eval/commercial/gpt54_P1_zero_shot_python_10_chat_v1_summary.json
1294,d8af0cbca9b4a2682b57661ac5c17c31645977c7f25573cb8e8e477cbd59a747,2,1303,outputs/evaluation-and-correctness-may2026/open-source/gemma_2_2b_it_P1_zero_shot_java_400_v2_code_grounded_summary.json
1294,d8af0cbca9b4a2682b57661ac5c17c31645977c7f25573cb8e8e477cbd59a747,2,1303,outputs/segregated_results/open-source-base/may2026/open-source/gemma_2_2b_it_P1_zero_shot_java_400_v2_code_grounded_summary.json
1295,d8ecb6b1d0abf848acf59634f315fbea7e5b274a7035a6e35c1eb744ae4f352b,2,274098,outputs/evaluation-and-correctness-may2026/open-source/qwen25_1_5b_instruct_P1_one_shot_python_300_v1_detailed.jsonl
1295,d8ecb6b1d0abf848acf59634f315fbea7e5b274a7035a6e35c1eb744ae4f352b,2,274098,outputs/segregated_results/open-source-base/may2026/open-source/qwen25_1_5b_instruct_P1_one_shot_python_300_v1_detailed.jsonl
1296,d912a6d1192e51209f0e184d34fc094bc13cee5f60c2fc9bd6ca31ad5f9a73a9,2,1288,outputs/correctness/gpt_5_3_codex_P1_zero_shot_javascript_400_v1_correctness.json_summary.json
1296,d912a6d1192e51209f0e184d34fc094bc13cee5f60c2fc9bd6ca31ad5f9a73a9,2,1288,outputs/segregated_results/commercial-base/correctness/gpt_5_3_codex_P1_zero_shot_javascript_400_v1_correctness.json_summary.json
1297,d92ba1f0dea6e80403c20015baf69d68aac245ce365d643fef28109663aea613,2,337884,outputs/evaluations/gpt_5_1_P1_zero_shot_java_400_v1_eval.json_detailed.jsonl
1297,d92ba1f0dea6e80403c20015baf69d68aac245ce365d643fef28109663aea613,2,337884,outputs/segregated_results/commercial-base/eval/gpt_5_1_P1_zero_shot_java_400_v1_eval.json_detailed.jsonl
1298,d94b47093535b1dff11c3ce27071299f84eaa2622789dae5466936696382bfa4,2,1239,outputs/correctness/qwen25_coder_1_5b_instruct_P1_few_shot_python_200_part2_v1_correctness.json_summary.json
1298,d94b47093535b1dff11c3ce27071299f84eaa2622789dae5466936696382bfa4,2,1239,outputs/segregated_results/open-source-base/correctness/qwen25_coder_1_5b_instruct_P1_few_shot_python_200_part2_v1_correctness.json_summary.json
1299,d96d131211a5e16546a095cecd4fe8a0e29c3281d6132d9abb12bb895f035757,2,1279,outputs/correctness/qwen25_coder_1_5b_instruct_P1_few_shot_python_200_resumed_v1_correctness.json_summary.json
1299,d96d131211a5e16546a095cecd4fe8a0e29c3281d6132d9abb12bb895f035757,2,1279,outputs/segregated_results/open-source-base/correctness/qwen25_coder_1_5b_instruct_P1_few_shot_python_200_resumed_v1_correctness.json_summary.json
1300,d9ad8a34144d4f4243a71acaaf37d305148fafc3668e6ce778e4f3325bfc5372,2,1613,outputs/correctness/qwen25_1_5b_instruct_lora_multilang_P1_zero_shot_javascript_400_v1_correctness_summary.json
1300,d9ad8a34144d4f4243a71acaaf37d305148fafc3668e6ce778e4f3325bfc5372,2,1613,outputs/segregated_results/open-source-lora/correctness/qwen25_1_5b_instruct_lora_multilang_P1_zero_shot_javascript_400_v1_correctness_summary.json
1301,da0a8d9d15012e83f0e959963073e4471450370ee9d5992cec2be09a764f7ef9,2,1129,outputs/evaluations/qwen25_coder_1_5b_instruct_P1_one_shot_javascript_400_v3_repaired_eval.json_summary.json
1301,da0a8d9d15012e83f0e959963073e4471450370ee9d5992cec2be09a764f7ef9,2,1129,outputs/segregated_results/open-source-base/eval/qwen25_coder_1_5b_instruct_P1_one_shot_javascript_400_v3_repaired_eval.json_summary.json
1302,da29881b053a61a6ebd96359c3f9c2e4a234a9141815ff0711c7275905a923df,2,319044,outputs/evaluation-and-correctness-may2026/final-results-tables-and-plots/plots/per_language_prompt_trends/rougeL/javascript_rougeL_prompt_trend.png
1302,da29881b053a61a6ebd96359c3f9c2e4a234a9141815ff0711c7275905a923df,2,319044,outputs/segregated_results/shared-aggregate/may2026/final-results-tables-and-plots/plots/per_language_prompt_trends/rougeL/javascript_rougeL_prompt_trend.png
1303,da5ea03ed990ce9c17276386b598607c0303bf94b0fef46cadd077837916a9c2,2,129626,outputs/evaluation_And_corrctness_may2026_1/saturation_experiment/saturation_publication_fixed_axis/saturation_rouge2_f1_fixed_axis.png
1303,da5ea03ed990ce9c17276386b598607c0303bf94b0fef46cadd077837916a9c2,2,129626,outputs/segregated_results/shared-aggregate/may2026_legacy/saturation_experiment/saturation_publication_fixed_axis/saturation_rouge2_f1_fixed_axis.png
1304,da7dd0342cde19bfd9d831e68f70c4c1882842855b9e89dff0e20ab41bca4bc2,2,1054,outputs/evaluations/gpt_5_4_P1_zero_shot_python_10_smoke_v1_eval.json_summary.json
1304,da7dd0342cde19bfd9d831e68f70c4c1882842855b9e89dff0e20ab41bca4bc2,2,1054,outputs/segregated_results/commercial-base/eval/gpt_5_4_P1_zero_shot_python_10_smoke_v1_eval.json_summary.json
1305,da815888e45e3d2775c49a7d516558193ac244175056a865e790a171c6cbf40e,2,1080,outputs/evaluation-and-correctness-may2026/open-source/gemma_2_2b_it_P1_zero_shot_5_summary.json
1305,da815888e45e3d2775c49a7d516558193ac244175056a865e790a171c6cbf40e,2,1080,outputs/segregated_results/open-source-base/may2026/open-source/gemma_2_2b_it_P1_zero_shot_5_summary.json
1306,dbc25f10eddd1993107c43ca288ec37ff8c29c5d0a62dbebbd3e5cc9c7ac589a,2,423798,outputs/evaluations/qwen25_coder_1_5b_instruct_P1_zero_shot_balanced_300_eval.json_detailed.jsonl
1306,dbc25f10eddd1993107c43ca288ec37ff8c29c5d0a62dbebbd3e5cc9c7ac589a,2,423798,outputs/segregated_results/open-source-base/eval/qwen25_coder_1_5b_instruct_P1_zero_shot_balanced_300_eval.json_detailed.jsonl
1307,dc0e123fd8e6428c2e8da6a4d718d5bca5ca94647b7f270617472695b7b6cda2,2,1128,outputs/evaluations/qwen25_coder_1_5b_instruct_P1_one_shot_python_300_v1_eval.json_summary.json
1307,dc0e123fd8e6428c2e8da6a4d718d5bca5ca94647b7f270617472695b7b6cda2,2,1128,outputs/segregated_results/open-source-base/eval/qwen25_coder_1_5b_instruct_P1_one_shot_python_300_v1_eval.json_summary.json
1308,dc20a04d14c95a4501242f1d7073f8f604b424e3923a3b5370d02ce83cb571c7,2,100902,outputs/evaluation-and-correctness-may2026/final-results-tables-and-plots/plots/model_language_structural/gpt-5.4_javascript_structural.png
1308,dc20a04d14c95a4501242f1d7073f8f604b424e3923a3b5370d02ce83cb571c7,2,100902,outputs/segregated_results/commercial-base/may2026/final-results-tables-and-plots/plots/model_language_structural/gpt-5.4_javascript_structural.png
1309,dc377fdf98af262709a038c3b9c10c2449c5edfa7af1f2925ed1d7e2c0c0e458,2,1109,outputs/evaluations/qwen25_1_5b_instruct_P1_zero_shot_javascript_400_v1_eval.json_summary.json
1309,dc377fdf98af262709a038c3b9c10c2449c5edfa7af1f2925ed1d7e2c0c0e458,2,1109,outputs/segregated_results/open-source-base/eval/qwen25_1_5b_instruct_P1_zero_shot_javascript_400_v1_eval.json_summary.json
1310,dc6152a6f877e085eb5112f9a83c670983e8f64e9ff64005c6847e5a9e65892a,2,16276,outputs/batches/gpt_5_4_P1_zero_shot_python_10_smoke_v1/batch_output.jsonl
1310,dc6152a6f877e085eb5112f9a83c670983e8f64e9ff64005c6847e5a9e65892a,2,16276,outputs/segregated_results/commercial-base/batches/gpt_5_4_P1_zero_shot_python_10_smoke_v1/batch_output.jsonl
1311,dc620f73d47382202984d9ab8318bacacdab4ae11b25398c8bc94521bc20834a,2,1295,outputs/evaluations/deepseek_chat_P1_few_shot_javascript_400_v1_code_grounded_summary.json
1311,dc620f73d47382202984d9ab8318bacacdab4ae11b25398c8bc94521bc20834a,2,1295,outputs/segregated_results/commercial-base/eval/deepseek_chat_P1_few_shot_javascript_400_v1_code_grounded_summary.json
1312,dc6b5cd9c740da5595edac91d14a395fe0a2c3831a368e71ce95124564b5ca1a,2,363198,outputs/evaluations/qwen25_coder_1_5b_instruct_P1_one_shot_java_400_v2_rerun_eval.json_detailed.jsonl
1312,dc6b5cd9c740da5595edac91d14a395fe0a2c3831a368e71ce95124564b5ca1a,2,363198,outputs/segregated_results/open-source-base/eval/qwen25_coder_1_5b_instruct_P1_one_shot_java_400_v2_rerun_eval.json_detailed.jsonl
1313,dcb2b87a62745156f3355886de925923449f1f787c6297c7d54be11a1de0757b,2,133354,outputs/evaluation_And_corrctness_may2026_1/saturation_experiment/saturation_smoothed_publication/bleu_smoothed.png
1313,dcb2b87a62745156f3355886de925923449f1f787c6297c7d54be11a1de0757b,2,133354,outputs/segregated_results/shared-aggregate/may2026_legacy/saturation_experiment/saturation_smoothed_publication/bleu_smoothed.png
1314,dcf42edce09ea04dbb68c6e29a6e67a1565528f3c6d885c876054a1c070479ef,2,334457,outputs/evaluation-and-correctness-may2026/open-source/gemma_2_2b_it_P1_zero_shot_python_400_v2_code_grounded_detailed.jsonl
1314,dcf42edce09ea04dbb68c6e29a6e67a1565528f3c6d885c876054a1c070479ef,2,334457,outputs/segregated_results/open-source-base/may2026/open-source/gemma_2_2b_it_P1_zero_shot_python_400_v2_code_grounded_detailed.jsonl
1315,dd4f6820184ad896b6106ea887c7ce67858a7a878478d98fe02feeb1a4e61594,2,197172,outputs/evaluation-and-correctness-may2026/final-results-tables-and-plots/plots/model_language_structural/google_codegemma-2b_java_structural.png
1315,dd4f6820184ad896b6106ea887c7ce67858a7a878478d98fe02feeb1a4e61594,2,197172,outputs/segregated_results/open-source-base/may2026/final-results-tables-and-plots/plots/model_language_structural/google_codegemma-2b_java_structural.png
1316,ddba4068f2c3055fbe1e00f03270bf73f5e2a3196793e79529c0ca04d2b4ba48,2,363952,outputs/evaluation-and-correctness-may2026/open-source/qwen25_coder_1_5b_instruct_P1_few_shot_python_400_v1_detailed.jsonl
1316,ddba4068f2c3055fbe1e00f03270bf73f5e2a3196793e79529c0ca04d2b4ba48,2,363952,outputs/segregated_results/open-source-base/may2026/open-source/qwen25_coder_1_5b_instruct_P1_few_shot_python_400_v1_detailed.jsonl
1317,de1fa9990c058dbb7ef9f2319756ba2293984dea3afd46a0bb04fb8c2b2221f9,2,493002,outputs/evaluation_And_corrctness_may2026_1/saturation_experiment/qwen25_coder_1_5b_instruct_P1_zero_shot_python_500_ZS_v3_detailed.jsonl
1317,de1fa9990c058dbb7ef9f2319756ba2293984dea3afd46a0bb04fb8c2b2221f9,2,493002,outputs/segregated_results/open-source-base/may2026_legacy/saturation_experiment/qwen25_coder_1_5b_instruct_P1_zero_shot_python_500_ZS_v3_detailed.jsonl
1318,ded2f2efb0005ad608ba51c168935b20a38e36a42b21cd1308f7337580e575fe,2,331707,outputs/correctness/gemma_2_2b_it_lora_multilang_P1_few_shot_javascript_400_v1_correctness_detailed.jsonl
1318,ded2f2efb0005ad608ba51c168935b20a38e36a42b21cd1308f7337580e575fe,2,331707,outputs/segregated_results/open-source-lora/correctness/gemma_2_2b_it_lora_multilang_P1_few_shot_javascript_400_v1_correctness_detailed.jsonl
1319,df011b1dede6679ce843ebeeaf6e15a5e8d44522a0a950ea29f70a172f1b84e3,2,7055,outputs/evaluations/qwen25_1_5b_instruct_P1_zero_shot_detailed.jsonl
1319,df011b1dede6679ce843ebeeaf6e15a5e8d44522a0a950ea29f70a172f1b84e3,2,7055,outputs/segregated_results/open-source-base/eval/qwen25_1_5b_instruct_P1_zero_shot_detailed.jsonl
1320,df33abbe88467c34400c2d64c13a17b2dc2f7e2fbb2975fc5c39ece8ba2ddc05,2,834806,outputs/batches/gpt_5_1_P1_one_shot_javascript_400_v1/batch_requests.jsonl
1320,df33abbe88467c34400c2d64c13a17b2dc2f7e2fbb2975fc5c39ece8ba2ddc05,2,834806,outputs/segregated_results/commercial-base/batches/gpt_5_1_P1_one_shot_javascript_400_v1/batch_requests.jsonl
1321,dfb46dc6c56c80c2457255d5e4f2e2788b3450243068f16fbe49faef840d5f11,2,793615,outputs/evaluation_And_corrctness_may2026_1/saturation_experiment/qwen25_coder_1_5b_instruct_P1_zero_shot_python_800_v1_detailed.jsonl
1321,dfb46dc6c56c80c2457255d5e4f2e2788b3450243068f16fbe49faef840d5f11,2,793615,outputs/segregated_results/open-source-base/may2026_legacy/saturation_experiment/qwen25_coder_1_5b_instruct_P1_zero_shot_python_800_v1_detailed.jsonl
1322,e0b66a902f70bc0961c25618354f8a65fb014d706bc37f63cdf045debd52fb73,2,13674,outputs/correctness/gemini_3_flash_preview_P1_one_shot_python_400_v1_correctness.json_detailed.jsonl
1322,e0b66a902f70bc0961c25618354f8a65fb014d706bc37f63cdf045debd52fb73,2,13674,outputs/segregated_results/commercial-base/correctness/gemini_3_flash_preview_P1_one_shot_python_400_v1_correctness.json_detailed.jsonl
1323,e0fe2446fa867e119a63dcaafd980589d609f0f843414d231e2368fcbcd8c831,2,644,outputs/responses/gpt_5_3_codex_P1_zero_shot_python_10_smoke_v1/state.json
1323,e0fe2446fa867e119a63dcaafd980589d609f0f843414d231e2368fcbcd8c831,2,644,outputs/segregated_results/commercial-base/responses/gpt_5_3_codex_P1_zero_shot_python_10_smoke_v1/state.json
1324,e1669edd9b5b62d61d7bc9e3e41309e360dd4d06a68f61bd90512f3100e0377e,2,336961,outputs/correctness/qwen25_1_5b_instruct_lora_multilang_P1_one_shot_python_400_v1_correctness_detailed.jsonl
1324,e1669edd9b5b62d61d7bc9e3e41309e360dd4d06a68f61bd90512f3100e0377e,2,336961,outputs/segregated_results/open-source-lora/correctness/qwen25_1_5b_instruct_lora_multilang_P1_one_shot_python_400_v1_correctness_detailed.jsonl
1325,e1aaf2bca6e9da8ad17c982ac09d1992c32642029ef8d94d3d5bb18f2c3788fc,2,1274,outputs/correctness/gemini_3_flash_preview_P1_zero_shot_python_400_v1_correctness.json_summary.json
1325,e1aaf2bca6e9da8ad17c982ac09d1992c32642029ef8d94d3d5bb18f2c3788fc,2,1274,outputs/segregated_results/commercial-base/correctness/gemini_3_flash_preview_P1_zero_shot_python_400_v1_correctness.json_summary.json
1326,e1edac367886adbc29c9ae6c715e6aa077eef18a92197b72dc71e550f46e38e5,2,340513,outputs/correctness/qwen25_1_5b_instruct_lora_multilang_P1_zero_shot_python_400_v1_correctness_detailed.jsonl
1326,e1edac367886adbc29c9ae6c715e6aa077eef18a92197b72dc71e550f46e38e5,2,340513,outputs/segregated_results/open-source-lora/correctness/qwen25_1_5b_instruct_lora_multilang_P1_zero_shot_python_400_v1_correctness_detailed.jsonl
1327,e226f94e1d934952c11473f602619d6b5b5227c294c47f5f4c060597b490035d,2,352825,outputs/evaluations/qwen25_1_5b_instruct_P1_few_shot_java_400_v1_eval.json_detailed.jsonl
1327,e226f94e1d934952c11473f602619d6b5b5227c294c47f5f4c060597b490035d,2,352825,outputs/segregated_results/open-source-base/eval/qwen25_1_5b_instruct_P1_few_shot_java_400_v1_eval.json_detailed.jsonl
1328,e25f2347a2fff695adc8ba6a029165432369e34fcaab4b349f804d6b6e244dd2,2,1157,outputs/correctness/gpt_5_4_P1_zero_shot_python_10_smoke_v1_correctness.json_summary.json
1328,e25f2347a2fff695adc8ba6a029165432369e34fcaab4b349f804d6b6e244dd2,2,1157,outputs/segregated_results/commercial-base/correctness/gpt_5_4_P1_zero_shot_python_10_smoke_v1_correctness.json_summary.json
1329,e29182e8e845c04d0c6cbfc3f41cb368ef952dbd3450d046797e37e77c0b7767,2,22722,outputs/evaluations/gemma_2_2b_it_P1_zero_shot_20_detailed.jsonl
1329,e29182e8e845c04d0c6cbfc3f41cb368ef952dbd3450d046797e37e77c0b7767,2,22722,outputs/segregated_results/open-source-base/eval/gemma_2_2b_it_P1_zero_shot_20_detailed.jsonl
1330,e296705eed7e5773854d08164af68674d5b4b39889b7b81d744916caa5038213,2,1374,outputs/evaluation-and-correctness-may2026/open-source-fine-tuned/codegemma_2b_lora_multilang/codegemma_2b_lora_multilang_P1_few_shot_javascript_400_v1_code_grounded_summary.json
1330,e296705eed7e5773854d08164af68674d5b4b39889b7b81d744916caa5038213,2,1374,outputs/segregated_results/open-source-lora/_long_paths/95cf5347020a_codegemma_2b_lora_multilang_P1_few_shot_javascript_400_v1_code_grounded_summary.json
1331,e3b0c44298fc1c149afbf4c8996fb92427ae41e4649b934ca495991b7852b855,2,0,logs/experiment_log_1.md
1331,e3b0c44298fc1c149afbf4c8996fb92427ae41e4649b934ca495991b7852b855,2,0,prepare_sft_log.txt
1332,e3ca0b8c45583d77aa93afd4775c4ef09541c363e47cb50450f3094ee9d66e38,2,1085,outputs/evaluations/codegemma_2b_P1_one_shot_python_400_v1_eval.json_summary.json
1332,e3ca0b8c45583d77aa93afd4775c4ef09541c363e47cb50450f3094ee9d66e38,2,1085,outputs/segregated_results/open-source-base/eval/codegemma_2b_P1_one_shot_python_400_v1_eval.json_summary.json
1333,e3e66e9a186662ab3a53c7681b0abbc0b69634d76f3220307496d3fa9cf145b5,2,180887,outputs/evaluations/qwen25_coder_1_5b_instruct_P1_one_shot_python_200_t02_p09_k50_v1_eval.json_detailed.jsonl
1333,e3e66e9a186662ab3a53c7681b0abbc0b69634d76f3220307496d3fa9cf145b5,2,180887,outputs/segregated_results/open-source-base/eval/qwen25_coder_1_5b_instruct_P1_one_shot_python_200_t02_p09_k50_v1_eval.json_detailed.jsonl
1334,e3ee5d5541732d96d93dfa87b6065a4640cd905f94670a739bc10226bc1950d9,2,644,outputs/responses/gpt_5_1_codex_P1_zero_shot_python_400_v1/state.json
1334,e3ee5d5541732d96d93dfa87b6065a4640cd905f94670a739bc10226bc1950d9,2,644,outputs/segregated_results/commercial-base/responses/gpt_5_1_codex_P1_zero_shot_python_400_v1/state.json
1335,e43787df97e7bab4b2315c0774336564164c71b815b896979b07b691beac7d78,2,4249,outputs/evaluation-and-correctness-may2026/open-source/gemma_2_2b_it_test5_detailed.jsonl
1335,e43787df97e7bab4b2315c0774336564164c71b815b896979b07b691beac7d78,2,4249,outputs/segregated_results/open-source-base/may2026/open-source/gemma_2_2b_it_test5_detailed.jsonl
1336,e449da0e0d388669bf31374c424e8a48aa40dffb891cbcb23f7941a175eaf31b,2,1622,outputs/correctness/qwen25_coder_1_5b_instruct_lora_multilang_P1_zero_shot_javascript_400_v1_correctness_summary.json
1336,e449da0e0d388669bf31374c424e8a48aa40dffb891cbcb23f7941a175eaf31b,2,1622,outputs/segregated_results/open-source-lora/correctness/qwen25_coder_1_5b_instruct_lora_multilang_P1_zero_shot_javascript_400_v1_correctness_summary.json
1337,e4504a71f4ebaf2bd15b29c487fd1fbc2f1e59c278ed6153ae7122c6c38f3dc0,2,1314,outputs/correctness/qwen25_coder_1_5b_instruct_P1_zero_shot_java_400_v1_correctness_summary.json
1337,e4504a71f4ebaf2bd15b29c487fd1fbc2f1e59c278ed6153ae7122c6c38f3dc0,2,1314,outputs/segregated_results/open-source-base/correctness/qwen25_coder_1_5b_instruct_P1_zero_shot_java_400_v1_correctness_summary.json
1338,e452ebac590faa83a7463cf76b024992cda5ef31e515de563d54a6460d9da7a0,2,273757,outputs/raw_generations/qwen25_1_5b_instruct_P1_zero_shot_python_400_v1.jsonl
1338,e452ebac590faa83a7463cf76b024992cda5ef31e515de563d54a6460d9da7a0,2,273757,outputs/segregated_results/open-source-base/raw/qwen25_1_5b_instruct_P1_zero_shot_python_400_v1.jsonl
1339,e47d204fd5d57dc89b056fa14cf2995a93ff9e322e90a0ebc648731a3aec206b,2,132603,outputs/evaluation-and-correctness-may2026/final-results-tables-and-plots/plots/family_language_prompt/python_omission_rate_by_family_prompt.png
1339,e47d204fd5d57dc89b056fa14cf2995a93ff9e322e90a0ebc648731a3aec206b,2,132603,outputs/segregated_results/shared-aggregate/may2026/final-results-tables-and-plots/plots/family_language_prompt/python_omission_rate_by_family_prompt.png
1340,e561b2d4b652ab6df7c06cb417d45e0ef2ccdedf896ead80fb5d345e18dac880,2,1105,outputs/evaluations/qwen25_1_5b_instruct_P2_structured_eval.json_summary.json
1340,e561b2d4b652ab6df7c06cb417d45e0ef2ccdedf896ead80fb5d345e18dac880,2,1105,outputs/segregated_results/open-source-base/eval/qwen25_1_5b_instruct_P2_structured_eval.json_summary.json
1341,e5cc75b209b6b896f31abc27235e0e09d0f36606660e33bc13aa6c08c560a36b,2,12861,outputs/evaluations/codegemma_2b_P1_zero_shot_20_detailed.jsonl
1341,e5cc75b209b6b896f31abc27235e0e09d0f36606660e33bc13aa6c08c560a36b,2,12861,outputs/segregated_results/open-source-base/eval/codegemma_2b_P1_zero_shot_20_detailed.jsonl
1342,e5e5bf5e22ae8604e45bf7c4e11cc80e7eec00406432bcc11eb660d7a7fc0b8d,2,349262,outputs/evaluation-and-correctness-may2026/open-source/gemma_2_2b_it_P1_few_shot_java_400_v1_code_grounded_detailed.jsonl
1342,e5e5bf5e22ae8604e45bf7c4e11cc80e7eec00406432bcc11eb660d7a7fc0b8d,2,349262,outputs/segregated_results/open-source-base/may2026/open-source/gemma_2_2b_it_P1_few_shot_java_400_v1_code_grounded_detailed.jsonl
1343,e65f03d20b90c386d5b0ced4230d2379167f6278aa73888c32a1b639baacba80,2,1311,outputs/correctness/qwen25_1_5b_instruct_P1_one_shot_javascript_400_v1_correctness.json_summary.json
1343,e65f03d20b90c386d5b0ced4230d2379167f6278aa73888c32a1b639baacba80,2,1311,outputs/segregated_results/open-source-base/correctness/qwen25_1_5b_instruct_P1_one_shot_javascript_400_v1_correctness.json_summary.json
1344,e66e884a109457875b39b9e768579e291030921574a8b1f13564ec999736d0cc,2,452,outputs/evaluations/qwen25_1_5b_instruct_P1_zero_shot_20_summary.json
1344,e66e884a109457875b39b9e768579e291030921574a8b1f13564ec999736d0cc,2,452,outputs/segregated_results/open-source-base/eval/qwen25_1_5b_instruct_P1_zero_shot_20_summary.json
1345,e67a65d62b3f05e7df6e6724e7daaef8744dcff24159644dfb82276e3f168512,2,5631,outputs/raw_generations/open-source-fine-tuned/gemma_2_2b_it_lora_multilang/gemma_2_2b_it_lora_smoke_test.jsonl
1345,e67a65d62b3f05e7df6e6724e7daaef8744dcff24159644dfb82276e3f168512,2,5631,outputs/segregated_results/open-source-lora/raw/open-source-fine-tuned/gemma_2_2b_it_lora_multilang/gemma_2_2b_it_lora_smoke_test.jsonl
1346,e6910e5259c997ff33c8e398111a6ca23886629d0b10627d83a95514a504ba0a,2,1096,outputs/evaluation-and-correctness-may2026/open-source/codegemma_2b_P1_zero_shot_python_400_v1_summary.json
1346,e6910e5259c997ff33c8e398111a6ca23886629d0b10627d83a95514a504ba0a,2,1096,outputs/segregated_results/open-source-base/may2026/open-source/codegemma_2b_P1_zero_shot_python_400_v1_summary.json
1347,e693ca0540c512a21115864147ac0d402c6807b06d16a34b447c73f6b1141eeb,2,1144,outputs/evaluation_And_corrctness_may2026_1/saturation_experiment/qwen25_coder_1_5b_instruct_P1_zero_shot_python_300_ZS_v3_summary.json
1347,e693ca0540c512a21115864147ac0d402c6807b06d16a34b447c73f6b1141eeb,2,1144,outputs/segregated_results/open-source-base/may2026_legacy/saturation_experiment/qwen25_coder_1_5b_instruct_P1_zero_shot_python_300_ZS_v3_summary.json
1348,e6f6b7d597e0b6b767d2a1bf22fcf21e7cef48ca0e165010fc1cee110980d078,2,97658,outputs/evaluations/qwen25_coder_1_5b_instruct_P1_zero_shot_python_100_v1_eval.json_detailed.jsonl
1348,e6f6b7d597e0b6b767d2a1bf22fcf21e7cef48ca0e165010fc1cee110980d078,2,97658,outputs/segregated_results/open-source-base/eval/qwen25_coder_1_5b_instruct_P1_zero_shot_python_100_v1_eval.json_detailed.jsonl
1349,e7a6e40ad3e588c71c7972a70a1718dee2b1d95ccf747662c4f6544a1a074f2a,2,752,outputs/batches/gpt_5_1_P1_few_shot_python_400_v1/state.json
1349,e7a6e40ad3e588c71c7972a70a1718dee2b1d95ccf747662c4f6544a1a074f2a,2,752,outputs/segregated_results/commercial-base/batches/gpt_5_1_P1_few_shot_python_400_v1/state.json
1350,e7aa4cc6adba5f9ef7e7ea3cbc0ea15ad0892328e470838a39647007e021d74b,2,1278,outputs/correctness/qwen25_coder_1_5b_instruct_P1_zero_shot_python_200_v1_correctness.json_summary.json
1350,e7aa4cc6adba5f9ef7e7ea3cbc0ea15ad0892328e470838a39647007e021d74b,2,1278,outputs/segregated_results/open-source-base/correctness/qwen25_coder_1_5b_instruct_P1_zero_shot_python_200_v1_correctness.json_summary.json
1351,e94e09c1332a54a71f9eb1c70b73fecb819d57caad420d7127966e7615c01145,2,981,outputs/correctness/qwen25_coder_1_5b_instruct_P1_zero_shot_python_2000_ZS_v3_correctness.json_detailed.jsonl
1351,e94e09c1332a54a71f9eb1c70b73fecb819d57caad420d7127966e7615c01145,2,981,outputs/segregated_results/open-source-base/correctness/qwen25_coder_1_5b_instruct_P1_zero_shot_python_2000_ZS_v3_correctness.json_detailed.jsonl
1352,e9c2e79cb9e3523542ae8c81c8c29bd23f5c69b554ca279dea8a0fe3cd76aabe,2,9084,outputs/correctness/gpt_5_3_codex_P1_zero_shot_python_10_smoke_v2_correctness.json_detailed.jsonl
1352,e9c2e79cb9e3523542ae8c81c8c29bd23f5c69b554ca279dea8a0fe3cd76aabe,2,9084,outputs/segregated_results/commercial-base/correctness/gpt_5_3_codex_P1_zero_shot_python_10_smoke_v2_correctness.json_detailed.jsonl
1353,e9c89f569dfa8d2ed7bd3133cef4b69383a33eeb994e95102e9aaff97d6241c4,2,180457,outputs/evaluations/qwen25_coder_1_5b_instruct_P1_one_shot_python_200_greedy_v1_eval.json_detailed.jsonl
1353,e9c89f569dfa8d2ed7bd3133cef4b69383a33eeb994e95102e9aaff97d6241c4,2,180457,outputs/segregated_results/open-source-base/eval/qwen25_coder_1_5b_instruct_P1_one_shot_python_200_greedy_v1_eval.json_detailed.jsonl
1354,e9db57b6446f6ea43fa08ea3530c0f40053e4138c723a3e574b28b1748e7717c,2,1346,outputs/evaluation-and-correctness-may2026/open-source-fine-tuned/gemma_2_2b_it_lora_multilang/gemma_2_2b_it_lora_multilang_P1_zero_shot_python_400_v1_code_grounded_summary.json
1354,e9db57b6446f6ea43fa08ea3530c0f40053e4138c723a3e574b28b1748e7717c,2,1346,outputs/segregated_results/open-source-lora/_long_paths/5ab05b514686_gemma_2_2b_it_lora_multilang_P1_zero_shot_python_400_v1_code_grounded_summary.json
1355,ea16fc47348d9994ccd930a4a817a126dcda0113310dd95945ddfca115ce3e77,2,1102,outputs/evaluations/qwen25_1_5b_instruct_P1_one_shot_python_400_v1_eval.json_summary.json
1355,ea16fc47348d9994ccd930a4a817a126dcda0113310dd95945ddfca115ce3e77,2,1102,outputs/segregated_results/open-source-base/eval/qwen25_1_5b_instruct_P1_one_shot_python_400_v1_eval.json_summary.json
1356,eabec7b336befcf9dd7aca4e5df8ea87392797c19f2920c11e18167df63a1b3e,2,356685,outputs/evaluations/qwen25_1_5b_instruct_lora_multilang_P1_one_shot_javascript_400_v1_eval.json_detailed.jsonl
1356,eabec7b336befcf9dd7aca4e5df8ea87392797c19f2920c11e18167df63a1b3e,2,356685,outputs/segregated_results/open-source-lora/eval/qwen25_1_5b_instruct_lora_multilang_P1_one_shot_javascript_400_v1_eval.json_detailed.jsonl
1357,eaeefb6a51c131c0b6cdbf14a974ac8f28ea766d899d8248e78628eda31ca3ea,2,1144,outputs/evaluation-and-correctness-may2026/open-source/qwen25_coder_1_5b_instruct_P1_zero_shot_python_300_ZS_v3_summary.json
1357,eaeefb6a51c131c0b6cdbf14a974ac8f28ea766d899d8248e78628eda31ca3ea,2,1144,outputs/segregated_results/open-source-base/may2026/open-source/qwen25_coder_1_5b_instruct_P1_zero_shot_python_300_ZS_v3_summary.json
1358,eb174680106e4682bcb3311db23ce6aff8fd8d2639180666780ed95dfadce776,2,1127,outputs/evaluation-and-correctness-may2026/open-source/qwen25_coder_1_5b_instruct_P1_one_shot_python_200_greedy_v1_summary.json
1358,eb174680106e4682bcb3311db23ce6aff8fd8d2639180666780ed95dfadce776,2,1127,outputs/segregated_results/open-source-base/may2026/open-source/qwen25_coder_1_5b_instruct_P1_one_shot_python_200_greedy_v1_summary.json
1359,eb2905a88f371e1d94df2f0bc82566a33e4bb40786b0b539c3f00800f8db0a0f,2,1097,outputs/evaluations/gemma_2_2b_it_P1_one_shot_javascript_400_v1_eval.json_summary.json
1359,eb2905a88f371e1d94df2f0bc82566a33e4bb40786b0b539c3f00800f8db0a0f,2,1097,outputs/segregated_results/open-source-base/eval/gemma_2_2b_it_P1_one_shot_javascript_400_v1_eval.json_summary.json
1360,eb5a6d2502ec9a4406a4714a13b1a2fc6e4889340be5c41b56b649d8dc5d5803,2,1093,outputs/evaluation-and-correctness-may2026/open-source/gemma_2_2b_it_P1_few_shot_java_400_v1_summary.json
1360,eb5a6d2502ec9a4406a4714a13b1a2fc6e4889340be5c41b56b649d8dc5d5803,2,1093,outputs/segregated_results/open-source-base/may2026/open-source/gemma_2_2b_it_P1_few_shot_java_400_v1_summary.json
1361,ebb8dd90b80d70e79e51f28b6f1613f216d886376e4cf87e0c2f6956f897c6eb,2,367937,outputs/evaluation-and-correctness-may2026/open-source/gemma_2_2b_it_P1_few_shot_java_400_v1_detailed.jsonl
1361,ebb8dd90b80d70e79e51f28b6f1613f216d886376e4cf87e0c2f6956f897c6eb,2,367937,outputs/segregated_results/open-source-base/may2026/open-source/gemma_2_2b_it_P1_few_shot_java_400_v1_detailed.jsonl
1362,ebfc4898f6bdfaa1c56a30d8b11f8c566dc07972738562a02a44039c258858ff,2,170261,outputs/evaluation_And_corrctness_may2026_1/decoding_sensitivity/plots/publication_highlighted/bertscore_highlighted.png
1362,ebfc4898f6bdfaa1c56a30d8b11f8c566dc07972738562a02a44039c258858ff,2,170261,outputs/segregated_results/shared-aggregate/may2026_legacy/decoding_sensitivity/plots/publication_highlighted/bertscore_highlighted.png
1363,ed1c407758f7856658d0daac41f37d44c730291f16620153ddb1a14f29135976,2,240759,outputs/raw_generations/open-source-fine-tuned/qwen25_coder_1_5b_lora_multilang/qwen25_coder_1_5b_instruct_lora_multilang_P1_one_shot_javascript_400_v1.jsonl
1363,ed1c407758f7856658d0daac41f37d44c730291f16620153ddb1a14f29135976,2,240759,outputs/segregated_results/open-source-lora/_long_paths/d3355fd565f2_qwen25_coder_1_5b_instruct_lora_multilang_P1_one_shot_javascript_400_v1.jsonl
1364,ed5ea8e6bb3cd199af1c6cf96086b82e779a10d242898a124a54f67908283b5b,2,100,requirements_finetune.txt
1364,ed5ea8e6bb3cd199af1c6cf96086b82e779a10d242898a124a54f67908283b5b,2,100,transfer_bundle/requirements_finetune.txt
1365,ed7d1b2a0665aa7f6dd8d51076f87b0c13921f6e166baa8066f3acd89d0fc96d,2,1372,outputs/evaluation-and-correctness-may2026/open-source-fine-tuned/codegemma_2b_lora_multilang/codegemma_2b_lora_multilang_P1_one_shot_javascript_400_v1_code_grounded_summary.json
1365,ed7d1b2a0665aa7f6dd8d51076f87b0c13921f6e166baa8066f3acd89d0fc96d,2,1372,outputs/segregated_results/open-source-lora/_long_paths/539848342fd4_codegemma_2b_lora_multilang_P1_one_shot_javascript_400_v1_code_grounded_summary.json
1366,edb1126408accba48266245a7b6a300998fd55f29fcff8ede0476ca0af6303c0,2,1108,outputs/evaluations/qwen25_coder_1_5b_instruct_P1_few_shot_python_600_v1_eval.json_summary.json
1366,edb1126408accba48266245a7b6a300998fd55f29fcff8ede0476ca0af6303c0,2,1108,outputs/segregated_results/open-source-base/eval/qwen25_coder_1_5b_instruct_P1_few_shot_python_600_v1_eval.json_summary.json
1367,edb2f276d2e4017526b7099eeb5bdf9899809aa8b6556304cbcc6ec4fffd5e43,2,121151,outputs/evaluation-and-correctness-may2026/final-results-tables-and-plots/plots/model_language_structural/gemini-3-flash-preview_python_structural.png
1367,edb2f276d2e4017526b7099eeb5bdf9899809aa8b6556304cbcc6ec4fffd5e43,2,121151,outputs/segregated_results/commercial-base/may2026/final-results-tables-and-plots/plots/model_language_structural/gemini-3-flash-preview_python_structural.png
1368,edeb111a21b42e80085e49bd15cf9e3bb06a0cf29868efebc710b5b99af24116,2,1188174,outputs/evaluations/qwen25_coder_1_5b_instruct_P1_zero_shot_python_1200_v1_eval.json_detailed.jsonl
1368,edeb111a21b42e80085e49bd15cf9e3bb06a0cf29868efebc710b5b99af24116,2,1188174,outputs/segregated_results/open-source-base/eval/qwen25_coder_1_5b_instruct_P1_zero_shot_python_1200_v1_eval.json_detailed.jsonl
1369,ee1e0b0d2f402760f39d71c7b8277a5b115f74e038bfc660d8f8ebaaf9b5da22,2,13979,outputs/evaluations/gemini_3_flash_preview_P1_one_shot_python_400_v1_eval.json_detailed.jsonl
1369,ee1e0b0d2f402760f39d71c7b8277a5b115f74e038bfc660d8f8ebaaf9b5da22,2,13979,outputs/segregated_results/commercial-base/eval/gemini_3_flash_preview_P1_one_shot_python_400_v1_eval.json_detailed.jsonl
1370,ee46d3548c6752008af511e52fb66df75f270e2e14bac2403d89722c2e6f2234,2,1122,outputs/evaluations/qwen25_coder_1_5b_instruct_P1_one_shot_python_200_t02_p09_k50_v1_eval.json_summary.json
1370,ee46d3548c6752008af511e52fb66df75f270e2e14bac2403d89722c2e6f2234,2,1122,outputs/segregated_results/open-source-base/eval/qwen25_coder_1_5b_instruct_P1_one_shot_python_200_t02_p09_k50_v1_eval.json_summary.json
1371,ee46edfcc554b8a75004472cf76cce1720542ef55ba492d514b256aa2508e3fc,2,285817,outputs/evaluation-and-correctness-may2026/final-results-tables-and-plots/plots/rankings/ranking_bertscore.png
1371,ee46edfcc554b8a75004472cf76cce1720542ef55ba492d514b256aa2508e3fc,2,285817,outputs/segregated_results/shared-aggregate/may2026/final-results-tables-and-plots/plots/rankings/ranking_bertscore.png
1372,ee83986512f4c63985737369a58a7b33db87351e69ed48d790d4911a9437f195,2,228,scripts/run_full_finetune.sh
1372,ee83986512f4c63985737369a58a7b33db87351e69ed48d790d4911a9437f195,2,228,transfer_bundle/run_full_finetune.sh
1373,eefbd98b444b9d1fa802ab1c25e3bcf4da90d96b2ea945d91962586b17879364,2,1336,outputs/evaluation-and-correctness-may2026/open-source-fine-tuned/codegemma_2b_lora_multilang/codegemma_2b_lora_multilang_P1_few_shot_python_400_v1_code_grounded_summary.json
1373,eefbd98b444b9d1fa802ab1c25e3bcf4da90d96b2ea945d91962586b17879364,2,1336,outputs/segregated_results/open-source-lora/_long_paths/018cb82dbd08_codegemma_2b_lora_multilang_P1_few_shot_python_400_v1_code_grounded_summary.json
1374,eefce2e1cce047b8e1fc3b09723a07be7ec30b1b6b4c659d3d748e113ee07f24,2,496736,outputs/batches/gpt_5_1_P1_zero_shot_python_400_v2/batch_requests.jsonl
1374,eefce2e1cce047b8e1fc3b09723a07be7ec30b1b6b4c659d3d748e113ee07f24,2,496736,outputs/segregated_results/commercial-base/batches/gpt_5_1_P1_zero_shot_python_400_v2/batch_requests.jsonl
1375,ef22d9da6570d1dd5ce004af043058dc252713f22c03fab124b28c1f3c4dff87,2,457,outputs/evaluations/qwen25_1_5b_instruct_P2_structured_20_summary.json
1375,ef22d9da6570d1dd5ce004af043058dc252713f22c03fab124b28c1f3c4dff87,2,457,outputs/segregated_results/open-source-base/eval/qwen25_1_5b_instruct_P2_structured_20_summary.json
1376,ef3001ce7284cf7814e89173547b6f35cbfc8a101d0d82b6dda08c73cf3d1574,2,315431,outputs/evaluation-and-correctness-may2026/open-source/gemma_2_2b_it_P1_few_shot_javascript_400_v1_code_grounded_detailed.jsonl
1376,ef3001ce7284cf7814e89173547b6f35cbfc8a101d0d82b6dda08c73cf3d1574,2,315431,outputs/segregated_results/open-source-base/may2026/open-source/gemma_2_2b_it_P1_few_shot_javascript_400_v1_code_grounded_detailed.jsonl
1377,ef5885cd9f1741edca418ec8cd9f7b22c47041f176d1d2dbbf31c04d0787f8aa,2,348584,outputs/evaluation-and-correctness-may2026/open-source/codegemma_2b_P1_few_shot_javascript_400_v1_code_grounded_detailed.jsonl
1377,ef5885cd9f1741edca418ec8cd9f7b22c47041f176d1d2dbbf31c04d0787f8aa,2,348584,outputs/segregated_results/open-source-base/may2026/open-source/codegemma_2b_P1_few_shot_javascript_400_v1_code_grounded_detailed.jsonl
1378,ef816a385339af1b7fd186f79652b461b222a4e511795bb80e070c449b145ece,2,1594,outputs/correctness/qwen25_1_5b_instruct_lora_multilang_P1_few_shot_java_400_v1_correctness_summary.json
1378,ef816a385339af1b7fd186f79652b461b222a4e511795bb80e070c449b145ece,2,1594,outputs/segregated_results/open-source-lora/correctness/qwen25_1_5b_instruct_lora_multilang_P1_few_shot_java_400_v1_correctness_summary.json
1379,ef8cbbe6553a835134cfde607bfe4840899d1a1870941e414565f8784cbb3b7f,2,355195,outputs/evaluation-and-correctness-may2026/open-source-fine-tuned/qwen25_coder_1_5b_lora_multilang/qwen25_coder_1_5b_instruct_lora_multilang_P1_few_shot_java_400_v1_detailed.jsonl
1379,ef8cbbe6553a835134cfde607bfe4840899d1a1870941e414565f8784cbb3b7f,2,355195,outputs/segregated_results/open-source-lora/_long_paths/d9c56edcac4e_qwen25_coder_1_5b_instruct_lora_multilang_P1_few_shot_java_400_v1_detailed.jsonl
1380,efb028cebc6da40c184ceb15e976c2b865369fc01040e2d6e6a64c9cb68ef460,2,345256,outputs/evaluations/qwen25_coder_1_5b_instruct_lora_multilang_P1_zero_shot_python_400_v1_eval.json_detailed.jsonl
1380,efb028cebc6da40c184ceb15e976c2b865369fc01040e2d6e6a64c9cb68ef460,2,345256,outputs/segregated_results/open-source-lora/eval/qwen25_coder_1_5b_instruct_lora_multilang_P1_zero_shot_python_400_v1_eval.json_detailed.jsonl
1381,eff1b220fad614e7712543f80dcfc1f3e697f43095af669354352cc4d03c6389,2,338879,outputs/evaluation-and-correctness-may2026/open-source/codegemma_2b_P1_few_shot_python_400_v1_detailed.jsonl
1381,eff1b220fad614e7712543f80dcfc1f3e697f43095af669354352cc4d03c6389,2,338879,outputs/segregated_results/open-source-base/may2026/open-source/codegemma_2b_P1_few_shot_python_400_v1_detailed.jsonl
1382,f04b87305bb1109e292d16dcaa4d68de1cc802bb3bdf897f48a6de928041fa72,2,150213,outputs/evaluation-and-correctness-may2026/final-results-tables-and-plots/plots/model_language_structural/deepseek-chat_python_structural.png
1382,f04b87305bb1109e292d16dcaa4d68de1cc802bb3bdf897f48a6de928041fa72,2,150213,outputs/segregated_results/commercial-base/may2026/final-results-tables-and-plots/plots/model_language_structural/deepseek-chat_python_structural.png
1383,f06bd62062e0d132d8b3cf215fe434ab09119ae26a271b006a9c2f7506e36435,2,1254,outputs/correctness/codegemma_2b_P1_one_shot_python_400_v1_correctness.json_summary.json
1383,f06bd62062e0d132d8b3cf215fe434ab09119ae26a271b006a9c2f7506e36435,2,1254,outputs/segregated_results/open-source-base/correctness/codegemma_2b_P1_one_shot_python_400_v1_correctness.json_summary.json
1384,f14f32fca95444e32d6879bce418d9aab28efea58045dc405e5895ee7030dce6,2,271174,outputs/evaluations/qwen25_coder_1_5b_instruct_P1_one_shot_python_300_v1_eval.json_detailed.jsonl
1384,f14f32fca95444e32d6879bce418d9aab28efea58045dc405e5895ee7030dce6,2,271174,outputs/segregated_results/open-source-base/eval/qwen25_coder_1_5b_instruct_P1_one_shot_python_300_v1_eval.json_detailed.jsonl
1385,f193dd91e848b592519de3ec6a4f6d9ece3f04786d83dc172cdc579442992d38,2,8276,outputs/correctness/gpt_5_1_P1_zero_shot_python_10_smoke_v3_correctness.json_detailed.jsonl
1385,f193dd91e848b592519de3ec6a4f6d9ece3f04786d83dc172cdc579442992d38,2,8276,outputs/segregated_results/commercial-base/correctness/gpt_5_1_P1_zero_shot_python_10_smoke_v3_correctness.json_detailed.jsonl
1386,f1baf20944226a0c62f2db80aad4ee7e777c1ae32738f66f27089fc8b4293899,2,1121,outputs/evaluations/deepseek_chat_P1_one_shot_python_400_smoke_eval.json_summary.json
1386,f1baf20944226a0c62f2db80aad4ee7e777c1ae32738f66f27089fc8b4293899,2,1121,outputs/segregated_results/commercial-base/eval/deepseek_chat_P1_one_shot_python_400_smoke_eval.json_summary.json
1387,f1e1b768044ef960359accfee63a00dd5628f3e248cb4e37fa1097467a0b9215,2,1599,outputs/correctness/qwen25_coder_1_5b_instruct_lora_multilang_P1_few_shot_java_400_v1_correctness_summary.json
1387,f1e1b768044ef960359accfee63a00dd5628f3e248cb4e37fa1097467a0b9215,2,1599,outputs/segregated_results/open-source-lora/correctness/qwen25_coder_1_5b_instruct_lora_multilang_P1_few_shot_java_400_v1_correctness_summary.json
1388,f1ef03aa6b67c137ba30eec5b469be76ed1e1399cd95b04356121aac2f9c115a,2,764959,outputs/batches/gpt_5_1_P1_one_shot_java_400_v1/batch_requests.jsonl
1388,f1ef03aa6b67c137ba30eec5b469be76ed1e1399cd95b04356121aac2f9c115a,2,764959,outputs/segregated_results/commercial-base/batches/gpt_5_1_P1_one_shot_java_400_v1/batch_requests.jsonl
1389,f268aec78ca3577d1720b1463fa222cd8bea3304f1c38f3492121cbdcfb05828,2,246793,outputs/raw_generations/open-source-fine-tuned/gemma_2_2b_it_lora_multilang/gemma_2_2b_it_lora_multilang_P1_one_shot_java_400_v1.jsonl
1389,f268aec78ca3577d1720b1463fa222cd8bea3304f1c38f3492121cbdcfb05828,2,246793,outputs/segregated_results/open-source-lora/raw/open-source-fine-tuned/gemma_2_2b_it_lora_multilang/gemma_2_2b_it_lora_multilang_P1_one_shot_java_400_v1.jsonl
1390,f318fec16648bef786938486ecf7c3a7d35312bce59eb9bf60db89a0d24e45e6,2,1081,outputs/evaluations/codegemma_2b_P1_one_shot_java_400_v1_eval.json_summary.json
1390,f318fec16648bef786938486ecf7c3a7d35312bce59eb9bf60db89a0d24e45e6,2,1081,outputs/segregated_results/open-source-base/eval/codegemma_2b_P1_one_shot_java_400_v1_eval.json_summary.json
1391,f3461320b9db035659bf9c62f8751ef89d6b4fe901a3961f47e4e8773c71f2b9,2,757,outputs/batches/gpt_5_1_P1_zero_shot_python_400_v2/state.json
1391,f3461320b9db035659bf9c62f8751ef89d6b4fe901a3961f47e4e8773c71f2b9,2,757,outputs/segregated_results/commercial-base/batches/gpt_5_1_P1_zero_shot_python_400_v2/state.json
1392,f3649dee43caf67a84fa7a071bb0794a7023ac6110fb7316aa33371d732ba623,2,1062,outputs/evaluations/qwen25_1_5b_instruct_P1_one_shot_python_300_v1_summary.json
1392,f3649dee43caf67a84fa7a071bb0794a7023ac6110fb7316aa33371d732ba623,2,1062,outputs/segregated_results/open-source-base/eval/qwen25_1_5b_instruct_P1_one_shot_python_300_v1_summary.json
1393,f409e174ee68657ee88e17ef8f7d8aabbb4df602574de91975cf796e34f53987,2,332044,outputs/evaluation-and-correctness-may2026/open-source/qwen25_1_5b_instruct_P1_one_shot_python_400_v1_detailed.jsonl
1393,f409e174ee68657ee88e17ef8f7d8aabbb4df602574de91975cf796e34f53987,2,332044,outputs/segregated_results/open-source-base/may2026/open-source/qwen25_1_5b_instruct_P1_one_shot_python_400_v1_detailed.jsonl
1394,f4108880f01e62d91f70d5020bebd1758ba046adf987c1de53324b30811fa15b,2,1262,outputs/correctness/gpt_5_4_P1_zero_shot_java_400_v1_correctness.json_summary.json
1394,f4108880f01e62d91f70d5020bebd1758ba046adf987c1de53324b30811fa15b,2,1262,outputs/segregated_results/commercial-base/correctness/gpt_5_4_P1_zero_shot_java_400_v1_correctness.json_summary.json
1395,f55aa163a37af147e1101c37eed56bb9cd94395a1ee7eaf48173febaf4fafe20,2,752,outputs/batches/gpt_5_1_P1_one_shot_python_400_v1/state.json
1395,f55aa163a37af147e1101c37eed56bb9cd94395a1ee7eaf48173febaf4fafe20,2,752,outputs/segregated_results/commercial-base/batches/gpt_5_1_P1_one_shot_python_400_v1/state.json
1396,f592b4ae8697e3451c2ad347858b6a8a5a66d2743553c86b534ba709b84fd507,2,1117,outputs/evaluation-and-correctness-may2026/open-source/qwen25_1_5b_instruct_P2_structured_summary.json
1396,f592b4ae8697e3451c2ad347858b6a8a5a66d2743553c86b534ba709b84fd507,2,1117,outputs/segregated_results/open-source-base/may2026/open-source/qwen25_1_5b_instruct_P2_structured_summary.json
1397,f59e4883770cb451ef4dfdd984941ddd76f8953623979bf6a690f7f129771cf1,2,1055,outputs/evaluations/qwen25_coder_1_5b_instruct_P1_zero_shot_python_600_v1_summary.json
1397,f59e4883770cb451ef4dfdd984941ddd76f8953623979bf6a690f7f129771cf1,2,1055,outputs/segregated_results/open-source-base/eval/qwen25_coder_1_5b_instruct_P1_zero_shot_python_600_v1_summary.json
1398,f5b09ec85f112f3c17a2c2645561d362e8574f88a9dc8e3200d2bbbb5d55b215,2,163032,outputs/evaluation-and-correctness-may2026/final-results-tables-and-plots/plots/family_language_prompt/javascript_return_coverage_by_family_prompt.png
1398,f5b09ec85f112f3c17a2c2645561d362e8574f88a9dc8e3200d2bbbb5d55b215,2,163032,outputs/segregated_results/shared-aggregate/may2026/final-results-tables-and-plots/plots/family_language_prompt/javascript_return_coverage_by_family_prompt.png
1399,f5d772e70097b2209c30e6b208fb59d7d74adc077efffba63c3696a9e86a8a92,2,1186,outputs/evaluation-and-correctness-may2026/open-source-fine-tuned/qwen25_coder_1_5b_lora_multilang/qwen25_coder_1_5b_instruct_lora_multilang_P1_few_shot_java_400_v1_summary.json
1399,f5d772e70097b2209c30e6b208fb59d7d74adc077efffba63c3696a9e86a8a92,2,1186,outputs/segregated_results/open-source-lora/_long_paths/16723c3d7658_qwen25_coder_1_5b_instruct_lora_multilang_P1_few_shot_java_400_v1_summary.json
1400,f5ed90a3dd3f67709a201771b85884c898e25298e1fa8bc4e000f09ddac0cd19,2,1193,outputs/evaluation-and-correctness-may2026/open-source-fine-tuned/qwen25_1_5b_instruct_lora_multilang/qwen25_1_5b_instruct_lora_multilang_P1_few_shot_python_400_v1_summary.json
1400,f5ed90a3dd3f67709a201771b85884c898e25298e1fa8bc4e000f09ddac0cd19,2,1193,outputs/segregated_results/open-source-lora/_long_paths/4dc9f6a70648_qwen25_1_5b_instruct_lora_multilang_P1_few_shot_python_400_v1_summary.json
1401,f5f4b78f784f2625588f7481f61bb89f69fb0bd037356be8a74ffa1b0065818b,2,228843,outputs/raw_generations/open-source-fine-tuned/codegemma_2b_lora_multilang/codegemma_2b_lora_multilang_P1_one_shot_python_400_v1.jsonl
1401,f5f4b78f784f2625588f7481f61bb89f69fb0bd037356be8a74ffa1b0065818b,2,228843,outputs/segregated_results/open-source-lora/raw/open-source-fine-tuned/codegemma_2b_lora_multilang/codegemma_2b_lora_multilang_P1_one_shot_python_400_v1.jsonl
1402,f623686d557e4dd8cee2eda71b194272195dff1272738c70a2f3e3a418de1023,2,756,outputs/batches/gpt_5_1_codex_max_P1_zero_shot_python_10_smoke_v1/state.json
1402,f623686d557e4dd8cee2eda71b194272195dff1272738c70a2f3e3a418de1023,2,756,outputs/segregated_results/commercial-base/batches/gpt_5_1_codex_max_P1_zero_shot_python_10_smoke_v1/state.json
1403,f635e8357eb92b3976336f5cd207a27d4f810e326c08f18b201f987e65ea5f94,2,1585,outputs/correctness/gemma_2_2b_it_lora_multilang_P1_one_shot_javascript_400_v1_correctness_summary.json
1403,f635e8357eb92b3976336f5cd207a27d4f810e326c08f18b201f987e65ea5f94,2,1585,outputs/segregated_results/open-source-lora/correctness/gemma_2_2b_it_lora_multilang_P1_one_shot_javascript_400_v1_correctness_summary.json
1404,f689c852b8fe492f1c0e90b7ae849021cd81a34b0b84fa3517fa7e0f08d5371a,2,1109,outputs/evaluation-and-correctness-may2026/open-source/qwen25_1_5b_instruct_P1_zero_shot_javascript_400_v1_summary.json
1404,f689c852b8fe492f1c0e90b7ae849021cd81a34b0b84fa3517fa7e0f08d5371a,2,1109,outputs/segregated_results/open-source-base/may2026/open-source/qwen25_1_5b_instruct_P1_zero_shot_javascript_400_v1_summary.json
1405,f6a79b7ae0b7b58af08ff1e4c202ef6795d62f04b5e4187411dcfe50e2163536,2,428989,outputs/raw_generations/open-source/qwen25_coder_1_5b_instruct_P1_zero_shot_python_400_greedy_v1.jsonl
1405,f6a79b7ae0b7b58af08ff1e4c202ef6795d62f04b5e4187411dcfe50e2163536,2,428989,outputs/segregated_results/open-source-base/raw/open-source/qwen25_coder_1_5b_instruct_P1_zero_shot_python_400_greedy_v1.jsonl
1406,f6e8bb4526627706d7897c0bdad20e7700d8c3169ad0e00f1555357250954f80,2,309372,outputs/evaluation-and-correctness-may2026/open-source/codegemma_2b_P1_one_shot_javascript_400_v1_detailed.jsonl
1406,f6e8bb4526627706d7897c0bdad20e7700d8c3169ad0e00f1555357250954f80,2,309372,outputs/segregated_results/open-source-base/may2026/open-source/codegemma_2b_P1_one_shot_javascript_400_v1_detailed.jsonl
1407,f704826a6861e55df9c7e2978f2d7b519c70121fb5ed2c3c78575e1c2e2cdb5e,2,321050,outputs/evaluation-and-correctness-may2026/open-source-fine-tuned/gemma_2_2b_it_lora_multilang/gemma_2_2b_it_lora_multilang_P1_zero_shot_python_400_v1_code_grounded_detailed.jsonl
1407,f704826a6861e55df9c7e2978f2d7b519c70121fb5ed2c3c78575e1c2e2cdb5e,2,321050,outputs/segregated_results/open-source-lora/_long_paths/c7a243b99c39_gemma_2_2b_it_lora_multilang_P1_zero_shot_python_400_v1_code_grounded_detailed.jsonl
1408,f795dc6509910f145d29aba856049ca806cff685e0ec7e4733c06bc2152e6163,2,640,outputs/responses/gpt_5_1_codex_P1_zero_shot_java_400_v1/state.json
1408,f795dc6509910f145d29aba856049ca806cff685e0ec7e4733c06bc2152e6163,2,640,outputs/segregated_results/commercial-base/responses/gpt_5_1_codex_P1_zero_shot_java_400_v1/state.json
1409,f81e300c365b052444f9ca24a94986ad3b731c047d346b4c8501111ea043e788,2,1285,outputs/correctness/qwen25_coder_1_5b_instruct_P1_one_shot_python_200_t02_p09_k50_v1_correctness.json_summary.json
1409,f81e300c365b052444f9ca24a94986ad3b731c047d346b4c8501111ea043e788,2,1285,outputs/segregated_results/open-source-base/correctness/qwen25_coder_1_5b_instruct_P1_one_shot_python_200_t02_p09_k50_v1_correctness.json_summary.json
1410,f87ce8b8b51039c790ddd8d798b0574e5212bd3cf829c7ff290c80109d10a72b,2,640819,outputs/batches/gpt_5_4_P1_zero_shot_java_400_v1/batch_output.jsonl
1410,f87ce8b8b51039c790ddd8d798b0574e5212bd3cf829c7ff290c80109d10a72b,2,640819,outputs/segregated_results/commercial-base/batches/gpt_5_4_P1_zero_shot_java_400_v1/batch_output.jsonl
1411,f8eb02e56ec3a7146d6e747f4ed2a7a30a54e66ff9d7eeee59596c5640c48d45,2,1038,outputs/evaluations/qwen25_coder_1_5b_instruct_P1_one_shot_python_400_v1_summary.json
1411,f8eb02e56ec3a7146d6e747f4ed2a7a30a54e66ff9d7eeee59596c5640c48d45,2,1038,outputs/segregated_results/open-source-base/eval/qwen25_coder_1_5b_instruct_P1_one_shot_python_400_v1_summary.json
1412,f914adf86c14ec97bb01594d5036e63465931a0a524c834dd8dd6c5cb6fb7062,2,172475,outputs/evaluation_And_corrctness_may2026_1/decoding_sensitivity/plots/decoding_sensitivity_bleu.png
1412,f914adf86c14ec97bb01594d5036e63465931a0a524c834dd8dd6c5cb6fb7062,2,172475,outputs/segregated_results/shared-aggregate/may2026_legacy/decoding_sensitivity/plots/decoding_sensitivity_bleu.png
1413,f9b176a54f84c43f6ac397df3c5b6fc7b375e75029cd399383494cf9c0446fa3,2,131072,outputs/evaluation_And_corrctness_may2026_1/saturation_experiment/saturation_publication_fixed_axis/saturation_bertscore_f1_fixed_axis.png
1413,f9b176a54f84c43f6ac397df3c5b6fc7b375e75029cd399383494cf9c0446fa3,2,131072,outputs/segregated_results/shared-aggregate/may2026_legacy/saturation_experiment/saturation_publication_fixed_axis/saturation_bertscore_f1_fixed_axis.png
1414,f9e4bca052dd8bee7f6c0d775a36572fd92cd3e829ff45fa9bee4c7877e7ea52,2,363202,outputs/evaluation-and-correctness-may2026/open-source/qwen25_coder_1_5b_instruct_P1_one_shot_java_400_v2_rerun_detailed.jsonl
1414,f9e4bca052dd8bee7f6c0d775a36572fd92cd3e829ff45fa9bee4c7877e7ea52,2,363202,outputs/segregated_results/open-source-base/may2026/open-source/qwen25_coder_1_5b_instruct_P1_one_shot_java_400_v2_rerun_detailed.jsonl
1415,f9e986240bf7f2979f9f3d07bc1b21c2bb8f9b66542cb8df3fd92573554fbfc0,2,493212,outputs/evaluation_And_corrctness_may2026_1/saturation_experiment/saturation_publication_fixed_axis/combined_saturation_metrics_fixed_axis.png
1415,f9e986240bf7f2979f9f3d07bc1b21c2bb8f9b66542cb8df3fd92573554fbfc0,2,493212,outputs/segregated_results/shared-aggregate/may2026_legacy/saturation_experiment/saturation_publication_fixed_axis/combined_saturation_metrics_fixed_axis.png
1416,f9ff5a1e217c9808f4e1ead0a12a0b47749c3940f6659e8749898aadd1e1f9fa,2,1052,outputs/evaluations/gpt_5_1_P1_zero_shot_python_10_smoke_v3_eval.json_summary.json
1416,f9ff5a1e217c9808f4e1ead0a12a0b47749c3940f6659e8749898aadd1e1f9fa,2,1052,outputs/segregated_results/commercial-base/eval/gpt_5_1_P1_zero_shot_python_10_smoke_v3_eval.json_summary.json
1417,fa4f812aa9b8139c32ac14b3e0ee1af79b83a225f8c3daa11aee26108fb0ba10,2,1188180,outputs/evaluation-and-correctness-may2026/open-source/qwen25_coder_1_5b_instruct_P1_zero_shot_python_1200_v1_detailed.jsonl
1417,fa4f812aa9b8139c32ac14b3e0ee1af79b83a225f8c3daa11aee26108fb0ba10,2,1188180,outputs/segregated_results/open-source-base/may2026/open-source/qwen25_coder_1_5b_instruct_P1_zero_shot_python_1200_v1_detailed.jsonl
1418,fa7a70435f3e5ff0c43740ec29f6f0359bb23f312a6135dd8d1104bf777513f6,2,496736,outputs/batches/gpt_5_4_P1_zero_shot_python_400_v1/batch_requests.jsonl
1418,fa7a70435f3e5ff0c43740ec29f6f0359bb23f312a6135dd8d1104bf777513f6,2,496736,outputs/segregated_results/commercial-base/batches/gpt_5_4_P1_zero_shot_python_400_v1/batch_requests.jsonl
1419,fab874f281d2e0192aee7fa46b49667d70edce287234d3434e66f6d0a36d15f0,2,1308,outputs/evaluation-and-correctness-may2026/open-source/codegemma_2b_P1_few_shot_javascript_400_v1_code_grounded_summary.json
1419,fab874f281d2e0192aee7fa46b49667d70edce287234d3434e66f6d0a36d15f0,2,1308,outputs/segregated_results/open-source-base/may2026/open-source/codegemma_2b_P1_few_shot_javascript_400_v1_code_grounded_summary.json
1420,facf1f24ee3b91d056b6d2025e4300765acea8107bf1c35fbb042e7dcc681d0d,2,343139,outputs/correctness/qwen25_coder_1_5b_instruct_lora_multilang_P1_few_shot_javascript_400_v1_correctness_detailed.jsonl
1420,facf1f24ee3b91d056b6d2025e4300765acea8107bf1c35fbb042e7dcc681d0d,2,343139,outputs/segregated_results/open-source-lora/correctness/qwen25_coder_1_5b_instruct_lora_multilang_P1_few_shot_javascript_400_v1_correctness_detailed.jsonl
1421,fb0d5d38f62da7e743b6a1d6a3d7e72d5ddbc6b2b4eb5ab1a2262ca2bac87b95,2,834806,outputs/batches/gpt_5_4_P1_one_shot_javascript_400_v1/batch_requests.jsonl
1421,fb0d5d38f62da7e743b6a1d6a3d7e72d5ddbc6b2b4eb5ab1a2262ca2bac87b95,2,834806,outputs/segregated_results/commercial-base/batches/gpt_5_4_P1_one_shot_javascript_400_v1/batch_requests.jsonl
1422,fb11e9bb5fa5298c805bfb3f7b0424b7f7dd8dd678c6603249b42038d65c7114,2,319683,outputs/evaluation-and-correctness-may2026/open-source/codegemma_2b_P1_zero_shot_python_400_v1_code_grounded_detailed.jsonl
1422,fb11e9bb5fa5298c805bfb3f7b0424b7f7dd8dd678c6603249b42038d65c7114,2,319683,outputs/segregated_results/open-source-base/may2026/open-source/codegemma_2b_P1_zero_shot_python_400_v1_code_grounded_detailed.jsonl
1423,fb93da3e1707406a8bb40fc7812d2d4a9d3500ae2d9eff88f7fe55d244e257b5,2,1093,outputs/evaluation-and-correctness-may2026/open-source/codegemma_2b_P1_one_shot_java_400_v1_summary.json
1423,fb93da3e1707406a8bb40fc7812d2d4a9d3500ae2d9eff88f7fe55d244e257b5,2,1093,outputs/segregated_results/open-source-base/may2026/open-source/codegemma_2b_P1_one_shot_java_400_v1_summary.json
1424,fb98f3c64676e0f4a0750717532e8b243a5113d32cee21536225459831ccbb4e,2,1116,outputs/evaluations/qwen25_coder_1_5b_instruct_P1_one_shot_python_400_v1_eval.json_summary.json
1424,fb98f3c64676e0f4a0750717532e8b243a5113d32cee21536225459831ccbb4e,2,1116,outputs/segregated_results/open-source-base/eval/qwen25_coder_1_5b_instruct_P1_one_shot_python_400_v1_eval.json_summary.json
1425,fc7b2a7ad7e711500623eed0c07b396acd3778a6f30585de9950718e89af0e81,2,1152,outputs/evaluations/qwen25_coder_1_5b_instruct_P1_one_shot_python_600_v1_eval.json_summary.json
1425,fc7b2a7ad7e711500623eed0c07b396acd3778a6f30585de9950718e89af0e81,2,1152,outputs/segregated_results/open-source-base/eval/qwen25_coder_1_5b_instruct_P1_one_shot_python_600_v1_eval.json_summary.json
1426,fc9497a396439d9213855d367f1ec99dcda267d8bb1c3a813381b2a8aa7f9869,2,1090,outputs/evaluations/qwen25_1_5b_instruct_P1_zero_shot_20_eval.json_summary.json
1426,fc9497a396439d9213855d367f1ec99dcda267d8bb1c3a813381b2a8aa7f9869,2,1090,outputs/segregated_results/open-source-base/eval/qwen25_1_5b_instruct_P1_zero_shot_20_eval.json_summary.json
1427,fc9a0e981afadf12cee6a792c1d9a212ebbfe927799912997713db69dfb386cc,2,331186,outputs/evaluation-and-correctness-may2026/open-source-fine-tuned/gemma_2_2b_it_lora_multilang/gemma_2_2b_it_lora_multilang_P1_few_shot_java_400_v1_code_grounded_detailed.jsonl
1427,fc9a0e981afadf12cee6a792c1d9a212ebbfe927799912997713db69dfb386cc,2,331186,outputs/segregated_results/open-source-lora/_long_paths/70da3716a4c4_gemma_2_2b_it_lora_multilang_P1_few_shot_java_400_v1_code_grounded_detailed.jsonl
1428,fcd1a127ae4af946360e41fe8635ffebcc7364277a84dad37a0baae91957337c,2,639,outputs/responses/gpt_5_1_codex_P1_one_shot_python_400_v1/state.json
1428,fcd1a127ae4af946360e41fe8635ffebcc7364277a84dad37a0baae91957337c,2,639,outputs/segregated_results/commercial-base/responses/gpt_5_1_codex_P1_one_shot_python_400_v1/state.json
1429,fdd4a166ac69046f621a5e73de2891494b06db15dabd362864b23334b0e20717,2,1248,outputs/correctness/gpt_5_4_P1_zero_shot_javascript_400_v1_correctness.json_summary.json
1429,fdd4a166ac69046f621a5e73de2891494b06db15dabd362864b23334b0e20717,2,1248,outputs/segregated_results/commercial-base/correctness/gpt_5_4_P1_zero_shot_javascript_400_v1_correctness.json_summary.json
1430,fdd82dcc040c238df733e6734ee5d9ee7252c868d28e93088195b5e2282a9dd8,2,335665,outputs/evaluation-and-correctness-may2026/open-source/gemma_2_2b_it_P1_few_shot_python_400_v1_detailed.jsonl
1430,fdd82dcc040c238df733e6734ee5d9ee7252c868d28e93088195b5e2282a9dd8,2,335665,outputs/segregated_results/open-source-base/may2026/open-source/gemma_2_2b_it_P1_few_shot_python_400_v1_detailed.jsonl
1431,fe04d9178c2401d132d16777bd15e8009f5e10ca76dcd58a494143e7ba4251aa,2,171421,outputs/evaluation_And_corrctness_may2026_1/decoding_sensitivity/plots/decoding_sensitivity_rougeL.png
1431,fe04d9178c2401d132d16777bd15e8009f5e10ca76dcd58a494143e7ba4251aa,2,171421,outputs/segregated_results/shared-aggregate/may2026_legacy/decoding_sensitivity/plots/decoding_sensitivity_rougeL.png
1432,fe06d31033bf4648e5f34dd10eb9f4df5f72efeab2ead6ae4e8544e00b9bbe0f,2,510736,outputs/batches/gpt_5_1_P1_zero_shot_python_400_v1/batch_requests.jsonl
1432,fe06d31033bf4648e5f34dd10eb9f4df5f72efeab2ead6ae4e8544e00b9bbe0f,2,510736,outputs/segregated_results/commercial-base/batches/gpt_5_1_P1_zero_shot_python_400_v1/batch_requests.jsonl
1433,fe352a7b81d63e3f2fc9e565e0f342082ed643dc119bdfd790dc70ab5a995da3,2,1318,outputs/raw_generations/commercial_old/gemini25flash_test3.jsonl
1433,fe352a7b81d63e3f2fc9e565e0f342082ed643dc119bdfd790dc70ab5a995da3,2,1318,outputs/segregated_results/commercial-base/raw/commercial_old/gemini25flash_test3.jsonl
1434,fe7c9ce73274eb27d53b7e11ad49b39bab3675410dd705175b6fcb1a0988f4f3,2,594494,outputs/evaluation-and-correctness-may2026/open-source/qwen25_coder_1_5b_instruct_P1_zero_shot_python_600_v1_detailed.jsonl
1434,fe7c9ce73274eb27d53b7e11ad49b39bab3675410dd705175b6fcb1a0988f4f3,2,594494,outputs/segregated_results/open-source-base/may2026/open-source/qwen25_coder_1_5b_instruct_P1_zero_shot_python_600_v1_detailed.jsonl
1435,feabf8aea6ffd69887ccdddfb2129c17770131c705a47899e11e1af184053e4b,2,97660,outputs/evaluation-and-correctness-may2026/open-source/qwen25_coder_1_5b_instruct_P1_zero_shot_python_100_v1_detailed.jsonl
1435,feabf8aea6ffd69887ccdddfb2129c17770131c705a47899e11e1af184053e4b,2,97660,outputs/segregated_results/open-source-base/may2026/open-source/qwen25_coder_1_5b_instruct_P1_zero_shot_python_100_v1_detailed.jsonl
1436,fef59011417c76cd18d4e1072ebd8d56b89117c79d41eefe7d9dd6734486e198,2,5929,outputs/raw_generations/commercial_old/gemini3flash_preview_P1_zero_shot_python_50_v1.jsonl
1436,fef59011417c76cd18d4e1072ebd8d56b89117c79d41eefe7d9dd6734486e198,2,5929,outputs/segregated_results/commercial-base/raw/commercial_old/gemini3flash_preview_P1_zero_shot_python_50_v1.jsonl
1437,ffae564536fa2fae75c00f2cf0956bf17a1ee49895569881f49b5befe0e5b1da,2,53607,data/finetune/smoke_24_multilang.jsonl
1437,ffae564536fa2fae75c00f2cf0956bf17a1ee49895569881f49b5befe0e5b1da,2,53607,transfer_bundle/data/finetune/smoke_24_multilang.jsonl
